query_suburb,query_state,query_postcode,sa2_name,sa2_code,financial_year,dwelling_approvals
Orange,NSW,2800,Orange - North,103041078,2019-20,171
Orange,NSW,2800,Orange - North,103041078,2020-21,154
Orange,NSW,2800,Orange - North,103041078,2021-22,174
Orange,NSW,2800,Orange - North,103041078,2022-23,133
Orange,NSW,2800,Orange,103041077,2019-20,42
Orange,NSW,2800,Orange,103041077,2020-21,94
Orange,NSW,2800,Orange,103041077,2021-22,39
Orange,NSW,2800,Orange,103041077,2022-23,37
Orange,NSW,2800,Orange Surrounds,103041079,2019-20,48
Orange,NSW,2800,Orange Surrounds,103041079,2020-21,72
Orange,NSW,2800,Orange Surrounds,103041079,2021-22,64
Orange,NSW,2800,Orange Surrounds,103041079,2022-23,94
Orange,NSW,2800,Maddington - Orange Grove - Martin,506041136,2019-20,85
Orange,NSW,2800,Maddington - Orange Grove - Martin,506041136,2020-21,132
Orange,NSW,2800,Maddington - Orange Grove - Martin,506041136,2021-22,95
Orange,NSW,2800,Maddington - Orange Grove - Martin,506041136,2022-23,46
Box Hill,NSW,2765,Box Hill - Nelson,115041623,2019-20,936
Box Hill,NSW,2765,Box Hill - Nelson,115041623,2020-21,1661
Box Hill,NSW,2765,Box Hill - Nelson,115041623,2021-22,1357
Box Hill,NSW,2765,Box Hill - Nelson,115041623,2022-23,1303
Box Hill,NSW,2765,Box Hill,207031163,2019-20,865
Box Hill,NSW,2765,Box Hill,207031163,2020-21,816
Box Hill,NSW,2765,Box Hill,207031163,2021-22,407
Box Hill,NSW,2765,Box Hill,207031163,2022-23,599
Box Hill,NSW,2765,Box Hill North,207031164,2019-20,77
Box Hill,NSW,2765,Box Hill North,207031164,2020-21,109
Box Hill,NSW,2765,Box Hill North,207031164,2021-22,136
Box Hill,NSW,2765,Box Hill North,207031164,2022-23,116
Port Macquarie,NSW,2444,Port Macquarie Surrounds,108041165,2019-20,16
Port Macquarie,NSW,2444,Port Macquarie Surrounds,108041165,2020-21,15
Port Macquarie,NSW,2444,Port Macquarie Surrounds,108041165,2021-22,10
Port Macquarie,NSW,2444,Port Macquarie Surrounds,108041165,2022-23,18
Port Macquarie,NSW,2444,Port Macquarie - East,108041619,2019-20,6
Port Macquarie,NSW,2444,Port Macquarie - East,108041619,2020-21,55
Port Macquarie,NSW,2444,Port Macquarie - East,108041619,2021-22,26
Port Macquarie,NSW,2444,Port Macquarie - East,108041619,2022-23,47
Port Macquarie,NSW,2444,Port Macquarie - West,108041164,2019-20,223
Port Macquarie,NSW,2444,Port Macquarie - West,108041164,2020-21,301
Port Macquarie,NSW,2444,Port Macquarie - West,108041164,2021-22,291
Port Macquarie,NSW,2444,Port Macquarie - West,108041164,2022-23,394
Port Macquarie,NSW,2444,Port Macquarie - South,108041620,2019-20,47
Port Macquarie,NSW,2444,Port Macquarie - South,108041620,2020-21,58
Port Macquarie,NSW,2444,Port Macquarie - South,108041620,2021-22,53
Port Macquarie,NSW,2444,Port Macquarie - South,108041620,2022-23,39
Schofields,NSW,2762,Schofields - East,116021632,2019-20,1644
Schofields,NSW,2762,Schofields - East,116021632,2020-21,1991
Schofields,NSW,2762,Schofields - East,116021632,2021-22,2356
Schofields,NSW,2762,Schofields - East,116021632,2022-23,1659
Schofields,NSW,2762,Schofields (West) - Colebee,116021631,2019-20,293
Schofields,NSW,2762,Schofields (West) - Colebee,116021631,2020-21,463
Schofields,NSW,2762,Schofields (West) - Colebee,116021631,2021-22,311
Schofields,NSW,2762,Schofields (West) - Colebee,116021631,2022-23,288
Tamworth,NSW,2340,Tamworth - East,110041202,2019-20,91
Tamworth,NSW,2340,Tamworth - East,110041202,2020-21,139
Tamworth,NSW,2340,Tamworth - East,110041202,2021-22,121
Tamworth,NSW,2340,Tamworth - East,110041202,2022-23,47
Tamworth,NSW,2340,Tamworth - North,110041203,2019-20,70
Tamworth,NSW,2340,Tamworth - North,110041203,2020-21,65
Tamworth,NSW,2340,Tamworth - North,110041203,2021-22,116
Tamworth,NSW,2340,Tamworth - North,110041203,2022-23,113
Tamworth,NSW,2340,Tamworth - West,110041204,2019-20,25
Tamworth,NSW,2340,Tamworth - West,110041204,2020-21,32
Tamworth,NSW,2340,Tamworth - West,110041204,2021-22,30
Tamworth,NSW,2340,Tamworth - West,110041204,2022-23,39
Tamworth,NSW,2340,Tamworth Surrounds,110041205,2019-20,65
Tamworth,NSW,2340,Tamworth Surrounds,110041205,2020-21,123
Tamworth,NSW,2340,Tamworth Surrounds,110041205,2021-22,70
Tamworth,NSW,2340,Tamworth Surrounds,110041205,2022-23,118
Dubbo,NSW,2830,Dubbo - South,105031101,2019-20,139
Dubbo,NSW,2830,Dubbo - South,105031101,2020-21,268
Dubbo,NSW,2830,Dubbo - South,105031101,2021-22,129
Dubbo,NSW,2830,Dubbo - South,105031101,2022-23,269
Dubbo,NSW,2830,Dubbo - East,105031100,2019-20,13
Dubbo,NSW,2830,Dubbo - East,105031100,2020-21,52
Dubbo,NSW,2830,Dubbo - East,105031100,2021-22,15
Dubbo,NSW,2830,Dubbo - East,105031100,2022-23,36
Dubbo,NSW,2830,Dubbo - West,105031102,2019-20,74
Dubbo,NSW,2830,Dubbo - West,105031102,2020-21,68
Dubbo,NSW,2830,Dubbo - West,105031102,2021-22,152
Dubbo,NSW,2830,Dubbo - West,105031102,2022-23,52
Dubbo,NSW,2830,Dubbo Surrounds,105031103,2019-20,15
Dubbo,NSW,2830,Dubbo Surrounds,105031103,2020-21,35
Dubbo,NSW,2830,Dubbo Surrounds,105031103,2021-22,24
Dubbo,NSW,2830,Dubbo Surrounds,105031103,2022-23,15
Goulburn,NSW,2580,Goulburn,101051539,2019-20,190
Goulburn,NSW,2580,Goulburn,101051539,2020-21,270
Goulburn,NSW,2580,Goulburn,101051539,2021-22,304
Goulburn,NSW,2580,Goulburn,101051539,2022-23,161
Goulburn,NSW,2580,Goulburn Surrounds,101051540,2019-20,54
Goulburn,NSW,2580,Goulburn Surrounds,101051540,2020-21,74
Goulburn,NSW,2580,Goulburn Surrounds,101051540,2021-22,108
Goulburn,NSW,2580,Goulburn Surrounds,101051540,2022-23,94
Marsden Park,NSW,2765,Marsden Park - Shanes Park,116021629,2019-20,1152
Marsden Park,NSW,2765,Marsden Park - Shanes Park,116021629,2020-21,1696
Marsden Park,NSW,2765,Marsden Park - Shanes Park,116021629,2021-22,1318
Marsden Park,NSW,2765,Marsden Park - Shanes Park,116021629,2022-23,954
Austral,NSW,2179,Austral - Greendale,127011505,2019-20,617
Austral,NSW,2179,Austral - Greendale,127011505,2020-21,834
Austral,NSW,2179,Austral - Greendale,127011505,2021-22,1106
Austral,NSW,2179,Austral - Greendale,127011505,2022-23,789
Austral,NSW,2179,Australind - Leschenault,501021005,2019-20,96
Austral,NSW,2179,Australind - Leschenault,501021005,2020-21,229
Austral,NSW,2179,Australind - Leschenault,501021005,2021-22,115
Austral,NSW,2179,Australind - Leschenault,501021005,2022-23,136
Googong,NSW,2620,Googong,101021610,2019-20,83
Googong,NSW,2620,Googong,101021610,2020-21,160
Googong,NSW,2620,Googong,101021610,2021-22,163
Googong,NSW,2620,Googong,101021610,2022-23,355
Glenmore Park,NSW,2745,Glenmore Park - Regentville,124031460,2019-20,18
Glenmore Park,NSW,2745,Glenmore Park - Regentville,124031460,2020-21,7
Glenmore Park,NSW,2745,Glenmore Park - Regentville,124031460,2021-22,7
Glenmore Park,NSW,2745,Glenmore Park - Regentville,124031460,2022-23,7
Oran Park,NSW,2570,Oran Park,127011729,2019-20,570
Oran Park,NSW,2570,Oran Park,127011729,2020-21,602
Oran Park,NSW,2570,Oran Park,127011729,2021-22,463
Oran Park,NSW,2570,Oran Park,127011729,2022-23,537
Armidale,NSW,2350,Armidale Surrounds - South,110011188,2019-20,29
Armidale,NSW,2350,Armidale Surrounds - South,110011188,2020-21,32
Armidale,NSW,2350,Armidale Surrounds - South,110011188,2021-22,21
Armidale,NSW,2350,Armidale Surrounds - South,110011188,2022-23,19
Armidale,NSW,2350,Armidale,110011186,2019-20,27
Armidale,NSW,2350,Armidale,110011186,2020-21,39
Armidale,NSW,2350,Armidale,110011186,2021-22,58
Armidale,NSW,2350,Armidale,110011186,2022-23,98
Armidale,NSW,2350,Armidale Surrounds - North,110011187,2019-20,2
Armidale,NSW,2350,Armidale Surrounds - North,110011187,2020-21,6
Armidale,NSW,2350,Armidale Surrounds - North,110011187,2021-22,4
Armidale,NSW,2350,Armidale Surrounds - North,110011187,2022-23,11
St Ives,NSW,2075,St Ives,121031410,2019-20,48
St Ives,NSW,2075,St Ives,121031410,2020-21,90
St Ives,NSW,2075,St Ives,121031410,2021-22,124
St Ives,NSW,2075,St Ives,121031410,2022-23,77
Castle Hill,NSW,1765,Castle Hill - Central,115011553,2019-20,104
Castle Hill,NSW,1765,Castle Hill - Central,115011553,2020-21,304
Castle Hill,NSW,1765,Castle Hill - Central,115011553,2021-22,679
Castle Hill,NSW,1765,Castle Hill - Central,115011553,2022-23,740
Castle Hill,NSW,1765,Castle Hill - East,115011554,2019-20,4
Castle Hill,NSW,1765,Castle Hill - East,115011554,2020-21,6
Castle Hill,NSW,1765,Castle Hill - East,115011554,2021-22,3
Castle Hill,NSW,1765,Castle Hill - East,115011554,2022-23,4
Castle Hill,NSW,1765,Castle Hill - North,115011555,2019-20,25
Castle Hill,NSW,1765,Castle Hill - North,115011555,2020-21,27
Castle Hill,NSW,1765,Castle Hill - North,115011555,2021-22,225
Castle Hill,NSW,1765,Castle Hill - North,115011555,2022-23,63
Castle Hill,NSW,1765,Castle Hill - South,115011556,2019-20,16
Castle Hill,NSW,1765,Castle Hill - South,115011556,2020-21,16
Castle Hill,NSW,1765,Castle Hill - South,115011556,2021-22,17
Castle Hill,NSW,1765,Castle Hill - South,115011556,2022-23,42
Castle Hill,NSW,1765,Castle Hill - West,115011557,2019-20,1
Castle Hill,NSW,1765,Castle Hill - West,115011557,2020-21,1
Castle Hill,NSW,1765,Castle Hill - West,115011557,2021-22,2
Castle Hill,NSW,1765,Castle Hill - West,115011557,2022-23,0
Muswellbrook,NSW,2333,Muswellbrook,106041126,2019-20,21
Muswellbrook,NSW,2333,Muswellbrook,106041126,2020-21,18
Muswellbrook,NSW,2333,Muswellbrook,106041126,2021-22,28
Muswellbrook,NSW,2333,Muswellbrook,106041126,2022-23,39
Muswellbrook,NSW,2333,Muswellbrook Surrounds,106041127,2019-20,8
Muswellbrook,NSW,2333,Muswellbrook Surrounds,106041127,2020-21,21
Muswellbrook,NSW,2333,Muswellbrook Surrounds,106041127,2021-22,33
Muswellbrook,NSW,2333,Muswellbrook Surrounds,106041127,2022-23,24
Coffs Harbour,NSW,2450,Coffs Harbour - North,104021084,2019-20,62
Coffs Harbour,NSW,2450,Coffs Harbour - North,104021084,2020-21,81
Coffs Harbour,NSW,2450,Coffs Harbour - North,104021084,2021-22,80
Coffs Harbour,NSW,2450,Coffs Harbour - North,104021084,2022-23,113
Coffs Harbour,NSW,2450,Coffs Harbour - South,104021085,2019-20,40
Coffs Harbour,NSW,2450,Coffs Harbour - South,104021085,2020-21,73
Coffs Harbour,NSW,2450,Coffs Harbour - South,104021085,2021-22,209
Coffs Harbour,NSW,2450,Coffs Harbour - South,104021085,2022-23,22
Jordan Springs,NSW,2747,Jordan Springs - Llandilo,124031708,2019-20,181
Jordan Springs,NSW,2747,Jordan Springs - Llandilo,124031708,2020-21,99
Jordan Springs,NSW,2747,Jordan Springs - Llandilo,124031708,2021-22,220
Jordan Springs,NSW,2747,Jordan Springs - Llandilo,124031708,2022-23,102
Kellyville,NSW,2155,Kellyville - West,115011622,2019-20,135
Kellyville,NSW,2155,Kellyville - West,115011622,2020-21,131
Kellyville,NSW,2155,Kellyville - West,115011622,2021-22,424
Kellyville,NSW,2155,Kellyville - West,115011622,2022-23,60
Kellyville,NSW,2155,Kellyville - East,115011621,2019-20,16
Kellyville,NSW,2155,Kellyville - East,115011621,2020-21,23
Kellyville,NSW,2155,Kellyville - East,115011621,2021-22,19
Kellyville,NSW,2155,Kellyville - East,115011621,2022-23,17
Kellyville,NSW,2155,North Kellyville,115041624,2019-20,451
Kellyville,NSW,2155,North Kellyville,115041624,2020-21,604
Kellyville,NSW,2155,North Kellyville,115041624,2021-22,420
Kellyville,NSW,2155,North Kellyville,115041624,2022-23,211
Kellyville,NSW,2155,Kellyville Ridge - The Ponds,116021628,2019-20,8
Kellyville,NSW,2155,Kellyville Ridge - The Ponds,116021628,2020-21,17
Kellyville,NSW,2155,Kellyville Ridge - The Ponds,116021628,2021-22,62
Kellyville,NSW,2155,Kellyville Ridge - The Ponds,116021628,2022-23,22
Mayfield,NSW,2304,Mayfield - Warabrook,111031227,2019-20,68
Mayfield,NSW,2304,Mayfield - Warabrook,111031227,2020-21,53
Mayfield,NSW,2304,Mayfield - Warabrook,111031227,2021-22,31
Mayfield,NSW,2304,Mayfield - Warabrook,111031227,2022-23,88
Mayfield,NSW,2304,Newnham - Mayfield,602011041,2019-20,13
Mayfield,NSW,2304,Newnham - Mayfield,602011041,2020-21,25
Mayfield,NSW,2304,Newnham - Mayfield,602011041,2021-22,4
Mayfield,NSW,2304,Newnham - Mayfield,602011041,2022-23,43
New Lambton,NSW,2305,Lambton - New Lambton,111031225,2019-20,79
New Lambton,NSW,2305,Lambton - New Lambton,111031225,2020-21,69
New Lambton,NSW,2305,Lambton - New Lambton,111031225,2021-22,61
New Lambton,NSW,2305,Lambton - New Lambton,111031225,2022-23,52
Spring Farm,NSW,2570,Spring Farm,123011702,2019-20,197
Spring Farm,NSW,2570,Spring Farm,123011702,2020-21,195
Spring Farm,NSW,2570,Spring Farm,123011702,2021-22,154
Spring Farm,NSW,2570,Spring Farm,123011702,2022-23,69
Griffith,NSW,2680,Griffith (NSW),113011256,2019-20,82
Griffith,NSW,2680,Griffith (NSW),113011256,2020-21,98
Griffith,NSW,2680,Griffith (NSW),113011256,2021-22,147
Griffith,NSW,2680,Griffith (NSW),113011256,2022-23,97
Griffith,NSW,2680,Griffith Surrounds,113011257,2019-20,15
Griffith,NSW,2680,Griffith Surrounds,113011257,2020-21,15
Griffith,NSW,2680,Griffith Surrounds,113011257,2021-22,21
Griffith,NSW,2680,Griffith Surrounds,113011257,2022-23,18
Griffith,NSW,2680,Griffith (ACT),801061064,2019-20,110
Griffith,NSW,2680,Griffith (ACT),801061064,2020-21,387
Griffith,NSW,2680,Griffith (ACT),801061064,2021-22,19
Griffith,NSW,2680,Griffith (ACT),801061064,2022-23,6
Leppington,NSW,2179,Leppington - Catherine Field,127011728,2019-20,448
Leppington,NSW,2179,Leppington - Catherine Field,127011728,2020-21,885
Leppington,NSW,2179,Leppington - Catherine Field,127011728,2021-22,1310
Leppington,NSW,2179,Leppington - Catherine Field,127011728,2022-23,455
Mudgee,NSW,2850,Mudgee Surrounds - East,103031073,2019-20,3
Mudgee,NSW,2850,Mudgee Surrounds - East,103031073,2020-21,4
Mudgee,NSW,2850,Mudgee Surrounds - East,103031073,2021-22,3
Mudgee,NSW,2850,Mudgee Surrounds - East,103031073,2022-23,9
Mudgee,NSW,2850,Mudgee Surrounds - West,103031074,2019-20,10
Mudgee,NSW,2850,Mudgee Surrounds - West,103031074,2020-21,11
Mudgee,NSW,2850,Mudgee Surrounds - West,103031074,2021-22,29
Mudgee,NSW,2850,Mudgee Surrounds - West,103031074,2022-23,40
Mudgee,NSW,2850,Mudgee,103031072,2019-20,9
Mudgee,NSW,2850,Mudgee,103031072,2020-21,28
Mudgee,NSW,2850,Mudgee,103031072,2021-22,145
Mudgee,NSW,2850,Mudgee,103031072,2022-23,135
Mudgee,NSW,2850,Mudgeeraba - Bonogin,309051244,2019-20,113
Mudgee,NSW,2850,Mudgeeraba - Bonogin,309051244,2020-21,22
Mudgee,NSW,2850,Mudgeeraba - Bonogin,309051244,2021-22,36
Mudgee,NSW,2850,Mudgeeraba - Bonogin,309051244,2022-23,27
Rutherford,NSW,2320,Rutherford (North) - Aberglasslyn,106021615,2019-20,220
Rutherford,NSW,2320,Rutherford (North) - Aberglasslyn,106021615,2020-21,260
Rutherford,NSW,2320,Rutherford (North) - Aberglasslyn,106021615,2021-22,297
Rutherford,NSW,2320,Rutherford (North) - Aberglasslyn,106021615,2022-23,190
Rutherford,NSW,2320,Rutherford (South) - Telarah,106021616,2019-20,178
Rutherford,NSW,2320,Rutherford (South) - Telarah,106021616,2020-21,238
Rutherford,NSW,2320,Rutherford (South) - Telarah,106021616,2021-22,145
Rutherford,NSW,2320,Rutherford (South) - Telarah,106021616,2022-23,112
Cessnock,NSW,2325,Cessnock Surrounds,106011109,2019-20,60
Cessnock,NSW,2325,Cessnock Surrounds,106011109,2020-21,77
Cessnock,NSW,2325,Cessnock Surrounds,106011109,2021-22,72
Cessnock,NSW,2325,Cessnock Surrounds,106011109,2022-23,45
Cessnock,NSW,2325,Cessnock,106011108,2019-20,72
Cessnock,NSW,2325,Cessnock,106011108,2020-21,167
Cessnock,NSW,2325,Cessnock,106011108,2021-22,284
Cessnock,NSW,2325,Cessnock,106011108,2022-23,323
Turramurra,NSW,2074,Turramurra,121031411,2019-20,73
Turramurra,NSW,2074,Turramurra,121031411,2020-21,79
Turramurra,NSW,2074,Turramurra,121031411,2021-22,85
Turramurra,NSW,2074,Turramurra,121031411,2022-23,90
Maroubra,NSW,2035,Maroubra - North,118021566,2019-20,28
Maroubra,NSW,2035,Maroubra - North,118021566,2020-21,25
Maroubra,NSW,2035,Maroubra - North,118021566,2021-22,27
Maroubra,NSW,2035,Maroubra - North,118021566,2022-23,26
Maroubra,NSW,2035,Maroubra - South,118021567,2019-20,58
Maroubra,NSW,2035,Maroubra - South,118021567,2020-21,38
Maroubra,NSW,2035,Maroubra - South,118021567,2021-22,21
Maroubra,NSW,2035,Maroubra - South,118021567,2022-23,28
Maroubra,NSW,2035,Maroubra - West,118021568,2019-20,8
Maroubra,NSW,2035,Maroubra - West,118021568,2020-21,17
Maroubra,NSW,2035,Maroubra - West,118021568,2021-22,12
Maroubra,NSW,2035,Maroubra - West,118021568,2022-23,14
Merrylands,NSW,2160,Guildford West - Merrylands West,125031484,2019-20,120
Merrylands,NSW,2160,Guildford West - Merrylands West,125031484,2020-21,128
Merrylands,NSW,2160,Guildford West - Merrylands West,125031484,2021-22,136
Merrylands,NSW,2160,Guildford West - Merrylands West,125031484,2022-23,193
Merrylands,NSW,2160,Merrylands - Holroyd,125031714,2019-20,361
Merrylands,NSW,2160,Merrylands - Holroyd,125031714,2020-21,906
Merrylands,NSW,2160,Merrylands - Holroyd,125031714,2021-22,461
Merrylands,NSW,2160,Merrylands - Holroyd,125031714,2022-23,297
East Maitland,NSW,2323,East Maitland - Metford,106021614,2019-20,28
East Maitland,NSW,2323,East Maitland - Metford,106021614,2020-21,29
East Maitland,NSW,2323,East Maitland - Metford,106021614,2021-22,49
East Maitland,NSW,2323,East Maitland - Metford,106021614,2022-23,33
East Maitland,NSW,2323,Tenambit - East Maitland,106021617,2019-20,27
East Maitland,NSW,2323,Tenambit - East Maitland,106021617,2020-21,60
East Maitland,NSW,2323,Tenambit - East Maitland,106021617,2021-22,36
East Maitland,NSW,2323,Tenambit - East Maitland,106021617,2022-23,14
Guildford,NSW,1848,Guildford - South Granville,125031483,2019-20,121
Guildford,NSW,1848,Guildford - South Granville,125031483,2020-21,274
Guildford,NSW,1848,Guildford - South Granville,125031483,2021-22,117
Guildford,NSW,1848,Guildford - South Granville,125031483,2022-23,70
Guildford,NSW,1848,Guildford West - Merrylands West,125031484,2019-20,120
Guildford,NSW,1848,Guildford West - Merrylands West,125031484,2020-21,128
Guildford,NSW,1848,Guildford West - Merrylands West,125031484,2021-22,136
Guildford,NSW,1848,Guildford West - Merrylands West,125031484,2022-23,193
Guildford,NSW,1848,Hazelmere - Guildford,504031061,2019-20,140
Guildford,NSW,1848,Hazelmere - Guildford,504031061,2020-21,275
Guildford,NSW,1848,Hazelmere - Guildford,504031061,2021-22,196
Guildford,NSW,1848,Hazelmere - Guildford,504031061,2022-23,133
Guildford,NSW,1848,Midland - Guildford,504031066,2019-20,71
Guildford,NSW,1848,Midland - Guildford,504031066,2020-21,45
Guildford,NSW,1848,Midland - Guildford,504031066,2021-22,105
Guildford,NSW,1848,Midland - Guildford,504031066,2022-23,20
Lithgow,NSW,2790,Lithgow Surrounds,103031071,2019-20,37
Lithgow,NSW,2790,Lithgow Surrounds,103031071,2020-21,52
Lithgow,NSW,2790,Lithgow Surrounds,103031071,2021-22,45
Lithgow,NSW,2790,Lithgow Surrounds,103031071,2022-23,48
Lithgow,NSW,2790,Lithgow,103031070,2019-20,24
Lithgow,NSW,2790,Lithgow,103031070,2020-21,32
Lithgow,NSW,2790,Lithgow,103031070,2021-22,41
Lithgow,NSW,2790,Lithgow,103031070,2022-23,35
Wallsend,NSW,2287,West Wallsend - Barnsley - Killingworth,111021221,2019-20,33
Wallsend,NSW,2287,West Wallsend - Barnsley - Killingworth,111021221,2020-21,21
Wallsend,NSW,2287,West Wallsend - Barnsley - Killingworth,111021221,2021-22,23
Wallsend,NSW,2287,West Wallsend - Barnsley - Killingworth,111021221,2022-23,11
Wallsend,NSW,2287,Wallsend - Elermore Vale,111031233,2019-20,111
Wallsend,NSW,2287,Wallsend - Elermore Vale,111031233,2020-21,124
Wallsend,NSW,2287,Wallsend - Elermore Vale,111031233,2021-22,122
Wallsend,NSW,2287,Wallsend - Elermore Vale,111031233,2022-23,51
Singleton,NSW,2330,Singleton,106011112,2019-20,11
Singleton,NSW,2330,Singleton,106011112,2020-21,25
Singleton,NSW,2330,Singleton,106011112,2021-22,57
Singleton,NSW,2330,Singleton,106011112,2022-23,43
Singleton,NSW,2330,Singleton Surrounds,106011113,2019-20,11
Singleton,NSW,2330,Singleton Surrounds,106011113,2020-21,8
Singleton,NSW,2330,Singleton Surrounds,106011113,2021-22,16
Singleton,NSW,2330,Singleton Surrounds,106011113,2022-23,12
Singleton,NSW,2330,Singleton - Golden Bay - Secret Harbour,507051191,2019-20,168
Singleton,NSW,2330,Singleton - Golden Bay - Secret Harbour,507051191,2020-21,212
Singleton,NSW,2330,Singleton - Golden Bay - Secret Harbour,507051191,2021-22,192
Singleton,NSW,2330,Singleton - Golden Bay - Secret Harbour,507051191,2022-23,127
Gregory Hills,NSW,2557,Gledswood Hills - Gregory Hills,127011727,2019-20,393
Gregory Hills,NSW,2557,Gledswood Hills - Gregory Hills,127011727,2020-21,572
Gregory Hills,NSW,2557,Gledswood Hills - Gregory Hills,127011727,2021-22,383
Gregory Hills,NSW,2557,Gledswood Hills - Gregory Hills,127011727,2022-23,252
Gledswood Hills,NSW,2557,Gledswood Hills - Gregory Hills,127011727,2019-20,393
Gledswood Hills,NSW,2557,Gledswood Hills - Gregory Hills,127011727,2020-21,572
Gledswood Hills,NSW,2557,Gledswood Hills - Gregory Hills,127011727,2021-22,383
Gledswood Hills,NSW,2557,Gledswood Hills - Gregory Hills,127011727,2022-23,252
Merewether,NSW,2291,Merewether - The Junction,111031228,2019-20,43
Merewether,NSW,2291,Merewether - The Junction,111031228,2020-21,68
Merewether,NSW,2291,Merewether - The Junction,111031228,2021-22,44
Merewether,NSW,2291,Merewether - The Junction,111031228,2022-23,38
Riverstone,NSW,2765,Riverstone,116021630,2019-20,403
Riverstone,NSW,2765,Riverstone,116021630,2020-21,816
Riverstone,NSW,2765,Riverstone,116021630,2021-22,523
Riverstone,NSW,2765,Riverstone,116021630,2022-23,332
Denham Court,NSW,2565,Denham Court - Bardia,123021703,2019-20,834
Denham Court,NSW,2565,Denham Court - Bardia,123021703,2020-21,1112
Denham Court,NSW,2565,Denham Court - Bardia,123021703,2021-22,281
Denham Court,NSW,2565,Denham Court - Bardia,123021703,2022-23,210
Marrickville,NSW,1475,Marrickville - North,117021636,2019-20,24
Marrickville,NSW,1475,Marrickville - North,117021636,2020-21,51
Marrickville,NSW,1475,Marrickville - North,117021636,2021-22,278
Marrickville,NSW,1475,Marrickville - North,117021636,2022-23,121
Marrickville,NSW,1475,Marrickville - South,117021637,2019-20,76
Marrickville,NSW,1475,Marrickville - South,117021637,2020-21,19
Marrickville,NSW,1475,Marrickville - South,117021637,2021-22,85
Marrickville,NSW,1475,Marrickville - South,117021637,2022-23,10
The Ponds,NSW,2769,Kellyville Ridge - The Ponds,116021628,2019-20,8
The Ponds,NSW,2769,Kellyville Ridge - The Ponds,116021628,2020-21,17
The Ponds,NSW,2769,Kellyville Ridge - The Ponds,116021628,2021-22,62
The Ponds,NSW,2769,Kellyville Ridge - The Ponds,116021628,2022-23,22
Baulkham Hills,NSW,1755,Baulkham Hills - East,115011290,2019-20,45
Baulkham Hills,NSW,1755,Baulkham Hills - East,115011290,2020-21,72
Baulkham Hills,NSW,1755,Baulkham Hills - East,115011290,2021-22,61
Baulkham Hills,NSW,1755,Baulkham Hills - East,115011290,2022-23,69
Baulkham Hills,NSW,1755,Baulkham Hills (West) - Bella Vista,115011291,2019-20,208
Baulkham Hills,NSW,1755,Baulkham Hills (West) - Bella Vista,115011291,2020-21,98
Baulkham Hills,NSW,1755,Baulkham Hills (West) - Bella Vista,115011291,2021-22,216
Baulkham Hills,NSW,1755,Baulkham Hills (West) - Bella Vista,115011291,2022-23,592
Earlwood,NSW,2206,Earlwood,119021662,2019-20,52
Earlwood,NSW,2206,Earlwood,119021662,2020-21,44
Earlwood,NSW,2206,Earlwood,119021662,2021-22,45
Earlwood,NSW,2206,Earlwood,119021662,2022-23,44
Leichhardt,NSW,2040,Leichhardt,120021675,2019-20,52
Leichhardt,NSW,2040,Leichhardt,120021675,2020-21,281
Leichhardt,NSW,2040,Leichhardt,120021675,2021-22,23
Leichhardt,NSW,2040,Leichhardt,120021675,2022-23,18
Leichhardt,NSW,2040,Leichhardt - One Mile,310031291,2019-20,29
Leichhardt,NSW,2040,Leichhardt - One Mile,310031291,2020-21,11
Leichhardt,NSW,2040,Leichhardt - One Mile,310031291,2021-22,7
Leichhardt,NSW,2040,Leichhardt - One Mile,310031291,2022-23,9
Goonellabah,NSW,2480,Goonellabah,112021246,2019-20,53
Goonellabah,NSW,2480,Goonellabah,112021246,2020-21,119
Goonellabah,NSW,2480,Goonellabah,112021246,2021-22,93
Goonellabah,NSW,2480,Goonellabah,112021246,2022-23,46
Mosman,NSW,2088,Mosman - North,121041688,2019-20,8
Mosman,NSW,2088,Mosman - North,121041688,2020-21,35
Mosman,NSW,2088,Mosman - North,121041688,2021-22,25
Mosman,NSW,2088,Mosman - North,121041688,2022-23,9
Mosman,NSW,2088,Mosman - South,121041689,2019-20,3
Mosman,NSW,2088,Mosman - South,121041689,2020-21,14
Mosman,NSW,2088,Mosman - South,121041689,2021-22,35
Mosman,NSW,2088,Mosman - South,121041689,2022-23,6
Mosman,NSW,2088,Mosman Park - Peppermint Grove,503011034,2019-20,75
Mosman,NSW,2088,Mosman Park - Peppermint Grove,503011034,2020-21,58
Mosman,NSW,2088,Mosman Park - Peppermint Grove,503011034,2021-22,70
Mosman,NSW,2088,Mosman Park - Peppermint Grove,503011034,2022-23,11
Wyoming,NSW,2250,Wyoming,102011043,2019-20,13
Wyoming,NSW,2250,Wyoming,102011043,2020-21,7
Wyoming,NSW,2250,Wyoming,102011043,2021-22,14
Wyoming,NSW,2250,Wyoming,102011043,2022-23,6
Blacktown,NSW,2148,Blacktown (East) - Kings Park,116011303,2019-20,68
Blacktown,NSW,2148,Blacktown (East) - Kings Park,116011303,2020-21,314
Blacktown,NSW,2148,Blacktown (East) - Kings Park,116011303,2021-22,269
Blacktown,NSW,2148,Blacktown (East) - Kings Park,116011303,2022-23,56
Blacktown,NSW,2148,Blacktown (North) - Marayong,116011304,2019-20,95
Blacktown,NSW,2148,Blacktown (North) - Marayong,116011304,2020-21,195
Blacktown,NSW,2148,Blacktown (North) - Marayong,116011304,2021-22,138
Blacktown,NSW,2148,Blacktown (North) - Marayong,116011304,2022-23,83
Blacktown,NSW,2148,Blacktown - West,116011561,2019-20,38
Blacktown,NSW,2148,Blacktown - West,116011561,2020-21,459
Blacktown,NSW,2148,Blacktown - West,116011561,2021-22,51
Blacktown,NSW,2148,Blacktown - West,116011561,2022-23,131
Blacktown,NSW,2148,Blacktown - South,116011560,2019-20,24
Blacktown,NSW,2148,Blacktown - South,116011560,2020-21,34
Blacktown,NSW,2148,Blacktown - South,116011560,2021-22,42
Blacktown,NSW,2148,Blacktown - South,116011560,2022-23,46
Thornton,NSW,2322,Thornton - Millers Forest,106021618,2019-20,513
Thornton,NSW,2322,Thornton - Millers Forest,106021618,2020-21,465
Thornton,NSW,2322,Thornton - Millers Forest,106021618,2021-22,353
Thornton,NSW,2322,Thornton - Millers Forest,106021618,2022-23,306
Kelso,NSW,2795,Kelso,318021480,2019-20,14
Kelso,NSW,2795,Kelso,318021480,2020-21,44
Kelso,NSW,2795,Kelso,318021480,2021-22,36
Kelso,NSW,2795,Kelso,318021480,2022-23,17
Rouse Hill,NSW,2155,Rouse Hill - Beaumont Hills,115041625,2019-20,4
Rouse Hill,NSW,2155,Rouse Hill - Beaumont Hills,115041625,2020-21,489
Rouse Hill,NSW,2155,Rouse Hill - Beaumont Hills,115041625,2021-22,173
Rouse Hill,NSW,2155,Rouse Hill - Beaumont Hills,115041625,2022-23,352
Cameron Park,NSW,2285,Edgeworth - Cameron Park,111021217,2019-20,181
Cameron Park,NSW,2285,Edgeworth - Cameron Park,111021217,2020-21,222
Cameron Park,NSW,2285,Edgeworth - Cameron Park,111021217,2021-22,242
Cameron Park,NSW,2285,Edgeworth - Cameron Park,111021217,2022-23,228
Charlestown,NSW,2290,Charlestown - Dudley,111011208,2019-20,61
Charlestown,NSW,2290,Charlestown - Dudley,111011208,2020-21,132
Charlestown,NSW,2290,Charlestown - Dudley,111011208,2021-22,140
Charlestown,NSW,2290,Charlestown - Dudley,111011208,2022-23,211
Moorebank,NSW,1875,Chipping Norton - Moorebank,127031523,2019-20,78
Moorebank,NSW,1875,Chipping Norton - Moorebank,127031523,2020-21,121
Moorebank,NSW,1875,Chipping Norton - Moorebank,127031523,2021-22,210
Moorebank,NSW,1875,Chipping Norton - Moorebank,127031523,2022-23,362
Taree,NSW,2430,Taree Surrounds,108051170,2019-20,102
Taree,NSW,2430,Taree Surrounds,108051170,2020-21,102
Taree,NSW,2430,Taree Surrounds,108051170,2021-22,84
Taree,NSW,2430,Taree Surrounds,108051170,2022-23,56
Taree,NSW,2430,Taree,108051169,2019-20,58
Taree,NSW,2430,Taree,108051169,2020-21,55
Taree,NSW,2430,Taree,108051169,2021-22,99
Taree,NSW,2430,Taree,108051169,2022-23,52
Moss Vale,NSW,2577,Moss Vale - Berrima,114021287,2019-20,25
Moss Vale,NSW,2577,Moss Vale - Berrima,114021287,2020-21,44
Moss Vale,NSW,2577,Moss Vale - Berrima,114021287,2021-22,107
Moss Vale,NSW,2577,Moss Vale - Berrima,114021287,2022-23,63
Wahroonga,NSW,2076,Wahroonga (West) - Waitara,121021579,2019-20,137
Wahroonga,NSW,2076,Wahroonga (West) - Waitara,121021579,2020-21,14
Wahroonga,NSW,2076,Wahroonga (West) - Waitara,121021579,2021-22,24
Wahroonga,NSW,2076,Wahroonga (West) - Waitara,121021579,2022-23,44
Wahroonga,NSW,2076,Wahroonga (East) - Warrawee,121031412,2019-20,49
Wahroonga,NSW,2076,Wahroonga (East) - Warrawee,121031412,2020-21,47
Wahroonga,NSW,2076,Wahroonga (East) - Warrawee,121031412,2021-22,35
Wahroonga,NSW,2076,Wahroonga (East) - Warrawee,121031412,2022-23,33
Forster,NSW,2428,Forster,108011152,2019-20,27
Forster,NSW,2428,Forster,108011152,2020-21,52
Forster,NSW,2428,Forster,108011152,2021-22,55
Forster,NSW,2428,Forster,108011152,2022-23,146
Forster,NSW,2428,Forster-Tuncurry Surrounds,108011153,2019-20,41
Forster,NSW,2428,Forster-Tuncurry Surrounds,108011153,2020-21,70
Forster,NSW,2428,Forster-Tuncurry Surrounds,108011153,2021-22,61
Forster,NSW,2428,Forster-Tuncurry Surrounds,108011153,2022-23,62
Auburn,NSW,1835,Auburn - South,125011584,2019-20,47
Auburn,NSW,1835,Auburn - South,125011584,2020-21,48
Auburn,NSW,1835,Auburn - South,125011584,2021-22,37
Auburn,NSW,1835,Auburn - South,125011584,2022-23,43
Auburn,NSW,1835,Auburn - Central,125011582,2019-20,129
Auburn,NSW,1835,Auburn - Central,125011582,2020-21,44
Auburn,NSW,1835,Auburn - Central,125011582,2021-22,38
Auburn,NSW,1835,Auburn - Central,125011582,2022-23,65
Auburn,NSW,1835,Auburn - North,125011583,2019-20,24
Auburn,NSW,1835,Auburn - North,125011583,2020-21,534
Auburn,NSW,1835,Auburn - North,125011583,2021-22,116
Auburn,NSW,1835,Auburn - North,125011583,2022-23,50
Bardia,NSW,2565,Denham Court - Bardia,123021703,2019-20,834
Bardia,NSW,2565,Denham Court - Bardia,123021703,2020-21,1112
Bardia,NSW,2565,Denham Court - Bardia,123021703,2021-22,281
Bardia,NSW,2565,Denham Court - Bardia,123021703,2022-23,210
Cobbitty,NSW,2570,Cobbitty - Bringelly,127011726,2019-20,96
Cobbitty,NSW,2570,Cobbitty - Bringelly,127011726,2020-21,44
Cobbitty,NSW,2570,Cobbitty - Bringelly,127011726,2021-22,204
Cobbitty,NSW,2570,Cobbitty - Bringelly,127011726,2022-23,174
Raymond Terrace,NSW,2324,Raymond Terrace,106031122,2019-20,36
Raymond Terrace,NSW,2324,Raymond Terrace,106031122,2020-21,100
Raymond Terrace,NSW,2324,Raymond Terrace,106031122,2021-22,139
Raymond Terrace,NSW,2324,Raymond Terrace,106031122,2022-23,31
Edmondson Park,NSW,2174,Edmondson Park,127031730,2019-20,591
Edmondson Park,NSW,2174,Edmondson Park,127031730,2020-21,213
Edmondson Park,NSW,2174,Edmondson Park,127031730,2021-22,393
Edmondson Park,NSW,2174,Edmondson Park,127031730,2022-23,431
Grafton,NSW,2460,Grafton,104011080,2019-20,33
Grafton,NSW,2460,Grafton,104011080,2020-21,44
Grafton,NSW,2460,Grafton,104011080,2021-22,62
Grafton,NSW,2460,Grafton,104011080,2022-23,69
Grafton,NSW,2460,Grafton Surrounds,104011081,2019-20,42
Grafton,NSW,2460,Grafton Surrounds,104011081,2020-21,71
Grafton,NSW,2460,Grafton Surrounds,104011081,2021-22,77
Grafton,NSW,2460,Grafton Surrounds,104011081,2022-23,87
West Pennant Hills,NSW,2125,West Pennant Hills,115011296,2019-20,21
West Pennant Hills,NSW,2125,West Pennant Hills,115011296,2020-21,22
West Pennant Hills,NSW,2125,West Pennant Hills,115011296,2021-22,13
West Pennant Hills,NSW,2125,West Pennant Hills,115011296,2022-23,12
Epping,NSW,1710,Epping (East) - North Epping,126011720,2019-20,547
Epping,NSW,1710,Epping (East) - North Epping,126011720,2020-21,132
Epping,NSW,1710,Epping (East) - North Epping,126011720,2021-22,40
Epping,NSW,1710,Epping (East) - North Epping,126011720,2022-23,325
Epping,NSW,1710,Epping (NSW) - West,126011721,2019-20,50
Epping,NSW,1710,Epping (NSW) - West,126011721,2020-21,95
Epping,NSW,1710,Epping (NSW) - West,126011721,2021-22,94
Epping,NSW,1710,Epping (NSW) - West,126011721,2022-23,84
Epping,NSW,1710,Epping - East,209041431,2019-20,21
Epping,NSW,1710,Epping - East,209041431,2020-21,64
Epping,NSW,1710,Epping - East,209041431,2021-22,36
Epping,NSW,1710,Epping - East,209041431,2022-23,14
Epping,NSW,1710,Epping - South,209041432,2019-20,16
Epping,NSW,1710,Epping - South,209041432,2020-21,23
Epping,NSW,1710,Epping - South,209041432,2021-22,17
Epping,NSW,1710,Epping - South,209041432,2022-23,12
Epping,NSW,1710,Epping (Vic.) - West,209041433,2019-20,127
Epping,NSW,1710,Epping (Vic.) - West,209041433,2020-21,50
Epping,NSW,1710,Epping (Vic.) - West,209041433,2021-22,28
Epping,NSW,1710,Epping (Vic.) - West,209041433,2022-23,19
Quakers Hill,NSW,2763,Quakers Hill,116021563,2019-20,37
Quakers Hill,NSW,2763,Quakers Hill,116021563,2020-21,144
Quakers Hill,NSW,2763,Quakers Hill,116021563,2021-22,70
Quakers Hill,NSW,2763,Quakers Hill,116021563,2022-23,156
Bowral,NSW,2576,Bowral,114021284,2019-20,78
Bowral,NSW,2576,Bowral,114021284,2020-21,228
Bowral,NSW,2576,Bowral,114021284,2021-22,98
Bowral,NSW,2576,Bowral,114021284,2022-23,74
Ryde,NSW,1680,West Ryde - Meadowbank,126021503,2019-20,147
Ryde,NSW,1680,West Ryde - Meadowbank,126021503,2020-21,98
Ryde,NSW,1680,West Ryde - Meadowbank,126021503,2021-22,270
Ryde,NSW,1680,West Ryde - Meadowbank,126021503,2022-23,79
Ryde,NSW,1680,Ryde - South,126021725,2019-20,15
Ryde,NSW,1680,Ryde - South,126021725,2020-21,25
Ryde,NSW,1680,Ryde - South,126021725,2021-22,32
Ryde,NSW,1680,Ryde - South,126021725,2022-23,82
Ryde,NSW,1680,Ryde - North,126021724,2019-20,131
Ryde,NSW,1680,Ryde - North,126021724,2020-21,128
Ryde,NSW,1680,Ryde - North,126021724,2021-22,256
Ryde,NSW,1680,Ryde - North,126021724,2022-23,127
Ryde,NSW,1680,North Ryde - East Ryde,126021501,2019-20,53
Ryde,NSW,1680,North Ryde - East Ryde,126021501,2020-21,150
Ryde,NSW,1680,North Ryde - East Ryde,126021501,2021-22,145
Ryde,NSW,1680,North Ryde - East Ryde,126021501,2022-23,134
Middleton Grange,NSW,2171,West Hoxton - Middleton Grange,127011597,2019-20,34
Middleton Grange,NSW,2171,West Hoxton - Middleton Grange,127011597,2020-21,91
Middleton Grange,NSW,2171,West Hoxton - Middleton Grange,127011597,2021-22,57
Middleton Grange,NSW,2171,West Hoxton - Middleton Grange,127011597,2022-23,60
Bathurst,NSW,2795,Bathurst - West,103011613,2019-20,78
Bathurst,NSW,2795,Bathurst - West,103011613,2020-21,65
Bathurst,NSW,2795,Bathurst - West,103011613,2021-22,39
Bathurst,NSW,2795,Bathurst - West,103011613,2022-23,14
Bathurst,NSW,2795,Bathurst - East,103011059,2019-20,141
Bathurst,NSW,2795,Bathurst - East,103011059,2020-21,253
Bathurst,NSW,2795,Bathurst - East,103011059,2021-22,128
Bathurst,NSW,2795,Bathurst - East,103011059,2022-23,65
Bathurst,NSW,2795,Bathurst Surrounds,103011060,2019-20,35
Bathurst,NSW,2795,Bathurst Surrounds,103011060,2020-21,29
Bathurst,NSW,2795,Bathurst Surrounds,103011060,2021-22,42
Bathurst,NSW,2795,Bathurst Surrounds,103011060,2022-23,35
Bathurst,NSW,2795,Bathurst - South,103011612,2019-20,51
Bathurst,NSW,2795,Bathurst - South,103011612,2020-21,12
Bathurst,NSW,2795,Bathurst - South,103011612,2021-22,39
Bathurst,NSW,2795,Bathurst - South,103011612,2022-23,50
Harrington Park,NSW,2567,Harrington Park,123011700,2019-20,18
Harrington Park,NSW,2567,Harrington Park,123011700,2020-21,42
Harrington Park,NSW,2567,Harrington Park,123011700,2021-22,21
Harrington Park,NSW,2567,Harrington Park,123011700,2022-23,9
Ballina,NSW,2478,Ballina,112011236,2019-20,78
Ballina,NSW,2478,Ballina,112011236,2020-21,47
Ballina,NSW,2478,Ballina,112011236,2021-22,21
Ballina,NSW,2478,Ballina,112011236,2022-23,28
Ballina,NSW,2478,Ballina Surrounds,112011237,2019-20,181
Ballina,NSW,2478,Ballina Surrounds,112011237,2020-21,122
Ballina,NSW,2478,Ballina Surrounds,112011237,2021-22,113
Ballina,NSW,2478,Ballina Surrounds,112011237,2022-23,171
Carlingford,NSW,2118,Carlingford - East,125021711,2019-20,45
Carlingford,NSW,2118,Carlingford - East,125021711,2020-21,54
Carlingford,NSW,2118,Carlingford - East,125021711,2021-22,47
Carlingford,NSW,2118,Carlingford - East,125021711,2022-23,69
Carlingford,NSW,2118,Carlingford - West,125021712,2019-20,98
Carlingford,NSW,2118,Carlingford - West,125021712,2020-21,261
Carlingford,NSW,2118,Carlingford - West,125021712,2021-22,99
Carlingford,NSW,2118,Carlingford - West,125021712,2022-23,338
Edgeworth,NSW,2285,Edgeworth - Cameron Park,111021217,2019-20,181
Edgeworth,NSW,2285,Edgeworth - Cameron Park,111021217,2020-21,222
Edgeworth,NSW,2285,Edgeworth - Cameron Park,111021217,2021-22,242
Edgeworth,NSW,2285,Edgeworth - Cameron Park,111021217,2022-23,228
Randwick,NSW,2031,Randwick - North,118021569,2019-20,17
Randwick,NSW,2031,Randwick - North,118021569,2020-21,16
Randwick,NSW,2031,Randwick - North,118021569,2021-22,26
Randwick,NSW,2031,Randwick - North,118021569,2022-23,9
Randwick,NSW,2031,Randwick - South,118021570,2019-20,54
Randwick,NSW,2031,Randwick - South,118021570,2020-21,12
Randwick,NSW,2031,Randwick - South,118021570,2021-22,17
Randwick,NSW,2031,Randwick - South,118021570,2022-23,164
Albion Park,NSW,2527,Albion Park - Macquarie Pass,107031136,2019-20,372
Albion Park,NSW,2527,Albion Park - Macquarie Pass,107031136,2020-21,541
Albion Park,NSW,2527,Albion Park - Macquarie Pass,107031136,2021-22,430
Albion Park,NSW,2527,Albion Park - Macquarie Pass,107031136,2022-23,258
Albion Park,NSW,2527,Albion Park Rail,107031137,2019-20,22
Albion Park,NSW,2527,Albion Park Rail,107031137,2020-21,14
Albion Park,NSW,2527,Albion Park Rail,107031137,2021-22,32
Albion Park,NSW,2527,Albion Park Rail,107031137,2022-23,53
Concord,NSW,2137,Concord - Mortlake - Cabarita,120011383,2019-20,51
Concord,NSW,2137,Concord - Mortlake - Cabarita,120011383,2020-21,133
Concord,NSW,2137,Concord - Mortlake - Cabarita,120011383,2021-22,97
Concord,NSW,2137,Concord - Mortlake - Cabarita,120011383,2022-23,91
Concord,NSW,2137,Concord West - North Strathfield,120011672,2019-20,47
Concord,NSW,2137,Concord West - North Strathfield,120011672,2020-21,50
Concord,NSW,2137,Concord West - North Strathfield,120011672,2021-22,56
Concord,NSW,2137,Concord West - North Strathfield,120011672,2022-23,295
Mount Annan,NSW,2567,Mount Annan,123011701,2019-20,198
Mount Annan,NSW,2567,Mount Annan,123011701,2020-21,40
Mount Annan,NSW,2567,Mount Annan,123011701,2021-22,36
Mount Annan,NSW,2567,Mount Annan,123011701,2022-23,25
Wagga Wagga,NSW,2650,Wagga Wagga - North,113031268,2019-20,56
Wagga Wagga,NSW,2650,Wagga Wagga - North,113031268,2020-21,58
Wagga Wagga,NSW,2650,Wagga Wagga - North,113031268,2021-22,16
Wagga Wagga,NSW,2650,Wagga Wagga - North,113031268,2022-23,10
Wagga Wagga,NSW,2650,Wagga Wagga - East,113031267,2019-20,34
Wagga Wagga,NSW,2650,Wagga Wagga - East,113031267,2020-21,47
Wagga Wagga,NSW,2650,Wagga Wagga - East,113031267,2021-22,57
Wagga Wagga,NSW,2650,Wagga Wagga - East,113031267,2022-23,41
Wagga Wagga,NSW,2650,Wagga Wagga - South,113031269,2019-20,75
Wagga Wagga,NSW,2650,Wagga Wagga - South,113031269,2020-21,121
Wagga Wagga,NSW,2650,Wagga Wagga - South,113031269,2021-22,86
Wagga Wagga,NSW,2650,Wagga Wagga - South,113031269,2022-23,107
Wagga Wagga,NSW,2650,Wagga Wagga - West,113031270,2019-20,15
Wagga Wagga,NSW,2650,Wagga Wagga - West,113031270,2020-21,21
Wagga Wagga,NSW,2650,Wagga Wagga - West,113031270,2021-22,77
Wagga Wagga,NSW,2650,Wagga Wagga - West,113031270,2022-23,41
Wagga Wagga,NSW,2650,Wagga Wagga Surrounds,113031271,2019-20,179
Wagga Wagga,NSW,2650,Wagga Wagga Surrounds,113031271,2020-21,245
Wagga Wagga,NSW,2650,Wagga Wagga Surrounds,113031271,2021-22,213
Wagga Wagga,NSW,2650,Wagga Wagga Surrounds,113031271,2022-23,187
Queanbeyan,NSW,2620,Queanbeyan,101021009,2019-20,28
Queanbeyan,NSW,2620,Queanbeyan,101021009,2020-21,13
Queanbeyan,NSW,2620,Queanbeyan,101021009,2021-22,11
Queanbeyan,NSW,2620,Queanbeyan,101021009,2022-23,22
Queanbeyan,NSW,2620,Queanbeyan - East,101021010,2019-20,25
Queanbeyan,NSW,2620,Queanbeyan - East,101021010,2020-21,10
Queanbeyan,NSW,2620,Queanbeyan - East,101021010,2021-22,13
Queanbeyan,NSW,2620,Queanbeyan - East,101021010,2022-23,1
Queanbeyan,NSW,2620,Queanbeyan West - Jerrabomberra,101021012,2019-20,3
Queanbeyan,NSW,2620,Queanbeyan West - Jerrabomberra,101021012,2020-21,2
Queanbeyan,NSW,2620,Queanbeyan West - Jerrabomberra,101021012,2021-22,3
Queanbeyan,NSW,2620,Queanbeyan West - Jerrabomberra,101021012,2022-23,8
Queanbeyan,NSW,2620,Queanbeyan Surrounds,101021611,2019-20,33
Queanbeyan,NSW,2620,Queanbeyan Surrounds,101021611,2020-21,71
Queanbeyan,NSW,2620,Queanbeyan Surrounds,101021611,2021-22,225
Queanbeyan,NSW,2620,Queanbeyan Surrounds,101021611,2022-23,255
Campbelltown,NSW,2560,Campbelltown - Woodbine,123021437,2019-20,205
Campbelltown,NSW,2560,Campbelltown - Woodbine,123021437,2020-21,129
Campbelltown,NSW,2560,Campbelltown - Woodbine,123021437,2021-22,324
Campbelltown,NSW,2560,Campbelltown - Woodbine,123021437,2022-23,108
Nowra,NSW,2541,North Nowra - Bomaderry,114011277,2019-20,33
Nowra,NSW,2541,North Nowra - Bomaderry,114011277,2020-21,27
Nowra,NSW,2541,North Nowra - Bomaderry,114011277,2021-22,49
Nowra,NSW,2541,North Nowra - Bomaderry,114011277,2022-23,88
Nowra,NSW,2541,Nowra,114011278,2019-20,208
Nowra,NSW,2541,Nowra,114011278,2020-21,225
Nowra,NSW,2541,Nowra,114011278,2021-22,200
Nowra,NSW,2541,Nowra,114011278,2022-23,110
Woy Woy,NSW,2256,Woy Woy - Blackwall,102011042,2019-20,43
Woy Woy,NSW,2256,Woy Woy - Blackwall,102011042,2020-21,45
Woy Woy,NSW,2256,Woy Woy - Blackwall,102011042,2021-22,41
Woy Woy,NSW,2256,Woy Woy - Blackwall,102011042,2022-23,54
Kingsford,NSW,2032,Kingsford,118021565,2019-20,14
Kingsford,NSW,2032,Kingsford,118021565,2020-21,11
Kingsford,NSW,2032,Kingsford,118021565,2021-22,71
Kingsford,NSW,2032,Kingsford,118021565,2022-23,8
Tahmoor,NSW,2573,Picton - Tahmoor - Buxton,123031447,2019-20,267
Tahmoor,NSW,2573,Picton - Tahmoor - Buxton,123031447,2020-21,335
Tahmoor,NSW,2573,Picton - Tahmoor - Buxton,123031447,2021-22,337
Tahmoor,NSW,2573,Picton - Tahmoor - Buxton,123031447,2022-23,464
Ashfield,NSW,1800,Ashfield - North,120031676,2019-20,19
Ashfield,NSW,1800,Ashfield - North,120031676,2020-21,22
Ashfield,NSW,1800,Ashfield - North,120031676,2021-22,4
Ashfield,NSW,1800,Ashfield - North,120031676,2022-23,7
Ashfield,NSW,1800,Ashfield - South,120031677,2019-20,42
Ashfield,NSW,1800,Ashfield - South,120031677,2020-21,101
Ashfield,NSW,1800,Ashfield - South,120031677,2021-22,5
Ashfield,NSW,1800,Ashfield - South,120031677,2022-23,173
Ashfield,NSW,1800,Ashfield - Kepnock,319011492,2019-20,11
Ashfield,NSW,1800,Ashfield - Kepnock,319011492,2020-21,27
Ashfield,NSW,1800,Ashfield - Kepnock,319011492,2021-22,19
Ashfield,NSW,1800,Ashfield - Kepnock,319011492,2022-23,24
Ashfield,NSW,1800,Bassendean - Eden Hill - Ashfield,504011044,2019-20,90
Ashfield,NSW,1800,Bassendean - Eden Hill - Ashfield,504011044,2020-21,110
Ashfield,NSW,1800,Bassendean - Eden Hill - Ashfield,504011044,2021-22,72
Ashfield,NSW,1800,Bassendean - Eden Hill - Ashfield,504011044,2022-23,39
Lennox Head,NSW,2478,Lennox Head - Skennars Head,112011242,2019-20,173
Lennox Head,NSW,2478,Lennox Head - Skennars Head,112011242,2020-21,191
Lennox Head,NSW,2478,Lennox Head - Skennars Head,112011242,2021-22,138
Lennox Head,NSW,2478,Lennox Head - Skennars Head,112011242,2022-23,111
Pemulwuy,NSW,2145,Pemulwuy - Greystanes (North),125031715,2019-20,29
Pemulwuy,NSW,2145,Pemulwuy - Greystanes (North),125031715,2020-21,40
Pemulwuy,NSW,2145,Pemulwuy - Greystanes (North),125031715,2021-22,344
Pemulwuy,NSW,2145,Pemulwuy - Greystanes (North),125031715,2022-23,39
Prestons,NSW,2170,Prestons,127031733,2019-20,5
Prestons,NSW,2170,Prestons,127031733,2020-21,140
Prestons,NSW,2170,Prestons,127031733,2021-22,34
Prestons,NSW,2170,Prestons,127031733,2022-23,9
Pymble,NSW,2073,Pymble,121031409,2019-20,63
Pymble,NSW,2073,Pymble,121031409,2020-21,102
Pymble,NSW,2073,Pymble,121031409,2021-22,56
Pymble,NSW,2073,Pymble,121031409,2022-23,61
Elderslie,NSW,2335,Elderslie - Narellan,123011699,2019-20,80
Elderslie,NSW,2335,Elderslie - Narellan,123011699,2020-21,140
Elderslie,NSW,2335,Elderslie - Narellan,123011699,2021-22,69
Elderslie,NSW,2335,Elderslie - Narellan,123011699,2022-23,91
Kurri Kurri,NSW,2327,Kurri Kurri - Abermain,106011111,2019-20,266
Kurri Kurri,NSW,2327,Kurri Kurri - Abermain,106011111,2020-21,323
Kurri Kurri,NSW,2327,Kurri Kurri - Abermain,106011111,2021-22,244
Kurri Kurri,NSW,2327,Kurri Kurri - Abermain,106011111,2022-23,220
Lavington,NSW,2641,Lavington,109011176,2019-20,61
Lavington,NSW,2641,Lavington,109011176,2020-21,71
Lavington,NSW,2641,Lavington,109011176,2021-22,44
Lavington,NSW,2641,Lavington,109011176,2022-23,32
Adamstown,NSW,2289,Adamstown - Kotara,111031222,2019-20,82
Adamstown,NSW,2289,Adamstown - Kotara,111031222,2020-21,166
Adamstown,NSW,2289,Adamstown - Kotara,111031222,2021-22,58
Adamstown,NSW,2289,Adamstown - Kotara,111031222,2022-23,56
Stanmore,NSW,2048,Petersham - Stanmore,117021327,2019-20,378
Stanmore,NSW,2048,Petersham - Stanmore,117021327,2020-21,53
Stanmore,NSW,2048,Petersham - Stanmore,117021327,2021-22,10
Stanmore,NSW,2048,Petersham - Stanmore,117021327,2022-23,59
Aberglasslyn,NSW,2320,Rutherford (North) - Aberglasslyn,106021615,2019-20,220
Aberglasslyn,NSW,2320,Rutherford (North) - Aberglasslyn,106021615,2020-21,260
Aberglasslyn,NSW,2320,Rutherford (North) - Aberglasslyn,106021615,2021-22,297
Aberglasslyn,NSW,2320,Rutherford (North) - Aberglasslyn,106021615,2022-23,190
Bateau Bay,NSW,2261,Bateau Bay - Killarney Vale,102021044,2019-20,31
Bateau Bay,NSW,2261,Bateau Bay - Killarney Vale,102021044,2020-21,34
Bateau Bay,NSW,2261,Bateau Bay - Killarney Vale,102021044,2021-22,44
Bateau Bay,NSW,2261,Bateau Bay - Killarney Vale,102021044,2022-23,55
Ingleburn,NSW,1890,Ingleburn,123021705,2019-20,29
Ingleburn,NSW,1890,Ingleburn,123021705,2020-21,43
Ingleburn,NSW,1890,Ingleburn,123021705,2021-22,34
Ingleburn,NSW,1890,Ingleburn,123021705,2022-23,61
Roselands,NSW,2196,Roselands,119021367,2019-20,57
Roselands,NSW,2196,Roselands,119021367,2020-21,145
Roselands,NSW,2196,Roselands,119021367,2021-22,110
Roselands,NSW,2196,Roselands,119021367,2022-23,41
Bexley,NSW,2207,Bexley - South,119041670,2019-20,30
Bexley,NSW,2207,Bexley - South,119041670,2020-21,17
Bexley,NSW,2207,Bexley - South,119041670,2021-22,26
Bexley,NSW,2207,Bexley - South,119041670,2022-23,23
Bexley,NSW,2207,Bexley - North,119041669,2019-20,25
Bexley,NSW,2207,Bexley - North,119041669,2020-21,109
Bexley,NSW,2207,Bexley - North,119041669,2021-22,52
Bexley,NSW,2207,Bexley - North,119041669,2022-23,55
Colebee,NSW,2761,Schofields (West) - Colebee,116021631,2019-20,293
Colebee,NSW,2761,Schofields (West) - Colebee,116021631,2020-21,463
Colebee,NSW,2761,Schofields (West) - Colebee,116021631,2021-22,311
Colebee,NSW,2761,Schofields (West) - Colebee,116021631,2022-23,288
Drummoyne,NSW,1470,Drummoyne - Rodd Point,120011385,2019-20,33
Drummoyne,NSW,1470,Drummoyne - Rodd Point,120011385,2020-21,89
Drummoyne,NSW,1470,Drummoyne - Rodd Point,120011385,2021-22,42
Drummoyne,NSW,1470,Drummoyne - Rodd Point,120011385,2022-23,43
Dulwich Hill,NSW,2203,Dulwich Hill - Lewisham,120031394,2019-20,99
Dulwich Hill,NSW,2203,Dulwich Hill - Lewisham,120031394,2020-21,60
Dulwich Hill,NSW,2203,Dulwich Hill - Lewisham,120031394,2021-22,30
Dulwich Hill,NSW,2203,Dulwich Hill - Lewisham,120031394,2022-23,75
Terrigal,NSW,2260,Terrigal - North Avoca,102011039,2019-20,33
Terrigal,NSW,2260,Terrigal - North Avoca,102011039,2020-21,50
Terrigal,NSW,2260,Terrigal - North Avoca,102011039,2021-22,55
Terrigal,NSW,2260,Terrigal - North Avoca,102011039,2022-23,35
Wattle Grove,NSW,2173,Holsworthy - Wattle Grove,127031524,2019-20,29
Wattle Grove,NSW,2173,Holsworthy - Wattle Grove,127031524,2020-21,28
Wattle Grove,NSW,2173,Holsworthy - Wattle Grove,127031524,2021-22,51
Wattle Grove,NSW,2173,Holsworthy - Wattle Grove,127031524,2022-23,65
Wattle Grove,NSW,2173,Forrestfield - Wattle Grove,506051138,2019-20,84
Wattle Grove,NSW,2173,Forrestfield - Wattle Grove,506051138,2020-21,254
Wattle Grove,NSW,2173,Forrestfield - Wattle Grove,506051138,2021-22,173
Wattle Grove,NSW,2173,Forrestfield - Wattle Grove,506051138,2022-23,69
Hurstville,NSW,1493,South Hurstville - Blakehurst,119031374,2019-20,133
Hurstville,NSW,1493,South Hurstville - Blakehurst,119031374,2020-21,299
Hurstville,NSW,1493,South Hurstville - Blakehurst,119031374,2021-22,86
Hurstville,NSW,1493,South Hurstville - Blakehurst,119031374,2022-23,147
Hurstville,NSW,1493,Hurstville - Central,119031664,2019-20,568
Hurstville,NSW,1493,Hurstville - Central,119031664,2020-21,10
Hurstville,NSW,1493,Hurstville - Central,119031664,2021-22,45
Hurstville,NSW,1493,Hurstville - Central,119031664,2022-23,9
Hurstville,NSW,1493,Hurstville - North,119031665,2019-20,62
Hurstville,NSW,1493,Hurstville - North,119031665,2020-21,56
Hurstville,NSW,1493,Hurstville - North,119031665,2021-22,71
Hurstville,NSW,1493,Hurstville - North,119031665,2022-23,51
Hurstville,NSW,1493,Oatley - Hurstville Grove,119031371,2019-20,52
Hurstville,NSW,1493,Oatley - Hurstville Grove,119031371,2020-21,42
Hurstville,NSW,1493,Oatley - Hurstville Grove,119031371,2021-22,138
Hurstville,NSW,1493,Oatley - Hurstville Grove,119031371,2022-23,39
Hamilton,NSW,2303,Hamilton - Broadmeadow,111031224,2019-20,397
Hamilton,NSW,2303,Hamilton - Broadmeadow,111031224,2020-21,49
Hamilton,NSW,2303,Hamilton - Broadmeadow,111031224,2021-22,73
Hamilton,NSW,2303,Hamilton - Broadmeadow,111031224,2022-23,28
Hamilton,NSW,2303,Hamilton (Vic.),217011421,2019-20,23
Hamilton,NSW,2303,Hamilton (Vic.),217011421,2020-21,62
Hamilton,NSW,2303,Hamilton (Vic.),217011421,2021-22,32
Hamilton,NSW,2303,Hamilton (Vic.),217011421,2022-23,41
Hamilton,NSW,2303,Hamilton (Qld),305031124,2019-20,8
Hamilton,NSW,2303,Hamilton (Qld),305031124,2020-21,14
Hamilton,NSW,2303,Hamilton (Qld),305031124,2021-22,20
Hamilton,NSW,2303,Hamilton (Qld),305031124,2022-23,11
Hamilton,NSW,2303,Hamilton Hill,507011154,2019-20,78
Hamilton,NSW,2303,Hamilton Hill,507011154,2020-21,120
Hamilton,NSW,2303,Hamilton Hill,507011154,2021-22,73
Hamilton,NSW,2303,Hamilton Hill,507011154,2022-23,60
Kingsgrove,NSW,1480,Kingsgrove - North,119021663,2019-20,16
Kingsgrove,NSW,1480,Kingsgrove - North,119021663,2020-21,29
Kingsgrove,NSW,1480,Kingsgrove - North,119021663,2021-22,34
Kingsgrove,NSW,1480,Kingsgrove - North,119021663,2022-23,42
Kingsgrove,NSW,1480,Kingsgrove (South) - Bardwell Park,119041377,2019-20,67
Kingsgrove,NSW,1480,Kingsgrove (South) - Bardwell Park,119041377,2020-21,57
Kingsgrove,NSW,1480,Kingsgrove (South) - Bardwell Park,119041377,2021-22,56
Kingsgrove,NSW,1480,Kingsgrove (South) - Bardwell Park,119041377,2022-23,34
Young,NSW,2594,Young,101061543,2019-20,10
Young,NSW,2594,Young,101061543,2020-21,18
Young,NSW,2594,Young,101061543,2021-22,30
Young,NSW,2594,Young,101061543,2022-23,36
Young,NSW,2594,Young Surrounds,101061544,2019-20,9
Young,NSW,2594,Young Surrounds,101061544,2020-21,13
Young,NSW,2594,Young Surrounds,101061544,2021-22,15
Young,NSW,2594,Young Surrounds,101061544,2022-23,15
Young,NSW,2594,Youngtown - Relbia,602011052,2019-20,46
Young,NSW,2594,Youngtown - Relbia,602011052,2020-21,89
Young,NSW,2594,Youngtown - Relbia,602011052,2021-22,82
Young,NSW,2594,Youngtown - Relbia,602011052,2022-23,49
Caringbah South,NSW,2229,Caringbah South,128011603,2019-20,105
Caringbah South,NSW,2229,Caringbah South,128011603,2020-21,130
Caringbah South,NSW,2229,Caringbah South,128011603,2021-22,154
Caringbah South,NSW,2229,Caringbah South,128011603,2022-23,87
Lambton,NSW,2299,Lambton - New Lambton,111031225,2019-20,79
Lambton,NSW,2299,Lambton - New Lambton,111031225,2020-21,69
Lambton,NSW,2299,Lambton - New Lambton,111031225,2021-22,61
Lambton,NSW,2299,Lambton - New Lambton,111031225,2022-23,52
Lambton,NSW,2299,Waratah - North Lambton,111031234,2019-20,33
Lambton,NSW,2299,Waratah - North Lambton,111031234,2020-21,82
Lambton,NSW,2299,Waratah - North Lambton,111031234,2021-22,26
Lambton,NSW,2299,Waratah - North Lambton,111031234,2022-23,126
Strathfield,NSW,2135,Concord West - North Strathfield,120011672,2019-20,47
Strathfield,NSW,2135,Concord West - North Strathfield,120011672,2020-21,50
Strathfield,NSW,2135,Concord West - North Strathfield,120011672,2021-22,56
Strathfield,NSW,2135,Concord West - North Strathfield,120011672,2022-23,295
Strathfield,NSW,2135,Strathfield South,120031576,2019-20,3
Strathfield,NSW,2135,Strathfield South,120031576,2020-21,12
Strathfield,NSW,2135,Strathfield South,120031576,2021-22,5
Strathfield,NSW,2135,Strathfield South,120031576,2022-23,13
Strathfield,NSW,2135,Strathfield - East,120031680,2019-20,34
Strathfield,NSW,2135,Strathfield - East,120031680,2020-21,34
Strathfield,NSW,2135,Strathfield - East,120031680,2021-22,24
Strathfield,NSW,2135,Strathfield - East,120031680,2022-23,34
Strathfield,NSW,2135,Strathfield - West,120031681,2019-20,13
Strathfield,NSW,2135,Strathfield - West,120031681,2020-21,30
Strathfield,NSW,2135,Strathfield - West,120031681,2021-22,40
Strathfield,NSW,2135,Strathfield - West,120031681,2022-23,39
Strathfield,NSW,2135,Strathfieldsaye,202011024,2019-20,175
Strathfield,NSW,2135,Strathfieldsaye,202011024,2020-21,183
Strathfield,NSW,2135,Strathfieldsaye,202011024,2021-22,148
Strathfield,NSW,2135,Strathfieldsaye,202011024,2022-23,93
Banora Point,NSW,2486,Banora Point,112031550,2019-20,33
Banora Point,NSW,2486,Banora Point,112031550,2020-21,40
Banora Point,NSW,2486,Banora Point,112031550,2021-22,33
Banora Point,NSW,2486,Banora Point,112031550,2022-23,18
Blue Haven,NSW,2262,Blue Haven - San Remo,102021045,2019-20,11
Blue Haven,NSW,2262,Blue Haven - San Remo,102021045,2020-21,17
Blue Haven,NSW,2262,Blue Haven - San Remo,102021045,2021-22,26
Blue Haven,NSW,2262,Blue Haven - San Remo,102021045,2022-23,24
Cardiff,NSW,2285,Glendale - Cardiff - Hillsborough,111011209,2019-20,222
Cardiff,NSW,2285,Glendale - Cardiff - Hillsborough,111011209,2020-21,47
Cardiff,NSW,2285,Glendale - Cardiff - Hillsborough,111011209,2021-22,42
Cardiff,NSW,2285,Glendale - Cardiff - Hillsborough,111011209,2022-23,64
Engadine,NSW,2233,Engadine,128021607,2019-20,75
Engadine,NSW,2233,Engadine,128021607,2020-21,42
Engadine,NSW,2233,Engadine,128021607,2021-22,106
Engadine,NSW,2233,Engadine,128021607,2022-23,68
Frenchs Forest,NSW,1639,Frenchs Forest - Oxford Falls,122031696,2019-20,22
Frenchs Forest,NSW,1639,Frenchs Forest - Oxford Falls,122031696,2020-21,160
Frenchs Forest,NSW,1639,Frenchs Forest - Oxford Falls,122031696,2021-22,88
Frenchs Forest,NSW,1639,Frenchs Forest - Oxford Falls,122031696,2022-23,46
Nelson Bay,NSW,2315,Nelson Bay Peninsula,106031121,2019-20,49
Nelson Bay,NSW,2315,Nelson Bay Peninsula,106031121,2020-21,53
Nelson Bay,NSW,2315,Nelson Bay Peninsula,106031121,2021-22,83
Nelson Bay,NSW,2315,Nelson Bay Peninsula,106031121,2022-23,221
Byron Bay,NSW,2481,Byron Bay,112011240,2019-20,60
Byron Bay,NSW,2481,Byron Bay,112011240,2020-21,100
Byron Bay,NSW,2481,Byron Bay,112011240,2021-22,59
Byron Bay,NSW,2481,Byron Bay,112011240,2022-23,47
Catherine Field,NSW,2557,Leppington - Catherine Field,127011728,2019-20,448
Catherine Field,NSW,2557,Leppington - Catherine Field,127011728,2020-21,885
Catherine Field,NSW,2557,Leppington - Catherine Field,127011728,2021-22,1310
Catherine Field,NSW,2557,Leppington - Catherine Field,127011728,2022-23,455
Cranebrook,NSW,2749,Cranebrook - Castlereagh,124031707,2019-20,27
Cranebrook,NSW,2749,Cranebrook - Castlereagh,124031707,2020-21,25
Cranebrook,NSW,2749,Cranebrook - Castlereagh,124031707,2021-22,44
Cranebrook,NSW,2749,Cranebrook - Castlereagh,124031707,2022-23,28
Manly,NSW,1655,Manly - Fairlight,122011419,2019-20,16
Manly,NSW,1655,Manly - Fairlight,122011419,2020-21,65
Manly,NSW,1655,Manly - Fairlight,122011419,2021-22,16
Manly,NSW,1655,Manly - Fairlight,122011419,2022-23,31
Manly,NSW,1655,Manly Vale - Allambie Heights,122031430,2019-20,31
Manly,NSW,1655,Manly Vale - Allambie Heights,122031430,2020-21,69
Manly,NSW,1655,Manly Vale - Allambie Heights,122031430,2021-22,50
Manly,NSW,1655,Manly Vale - Allambie Heights,122031430,2022-23,41
Manly,NSW,1655,Manly West,301031016,2019-20,22
Manly,NSW,1655,Manly West,301031016,2020-21,17
Manly,NSW,1655,Manly West,301031016,2021-22,49
Manly,NSW,1655,Manly West,301031016,2022-23,14
Manly,NSW,1655,Manly - Lota,301031015,2019-20,34
Manly,NSW,1655,Manly - Lota,301031015,2020-21,32
Manly,NSW,1655,Manly - Lota,301031015,2021-22,85
Manly,NSW,1655,Manly - Lota,301031015,2022-23,31
Parkes,NSW,2870,Parkes (NSW),103021067,2019-20,30
Parkes,NSW,2870,Parkes (NSW),103021067,2020-21,30
Parkes,NSW,2870,Parkes (NSW),103021067,2021-22,61
Parkes,NSW,2870,Parkes (NSW),103021067,2022-23,46
Parkes,NSW,2870,Parkes Surrounds,103021068,2019-20,4
Parkes,NSW,2870,Parkes Surrounds,103021068,2021-22,3
Parkes,NSW,2870,Parkes Surrounds,103021068,2022-23,5
Parkes,NSW,2870,Parkes (ACT) - North,801051126,2019-20,260
Sans Souci,NSW,2219,Sans Souci - Ramsgate,119041382,2019-20,80
Sans Souci,NSW,2219,Sans Souci - Ramsgate,119041382,2020-21,74
Sans Souci,NSW,2219,Sans Souci - Ramsgate,119041382,2021-22,65
Sans Souci,NSW,2219,Sans Souci - Ramsgate,119041382,2022-23,44
Balmain,NSW,2041,Balmain,120021387,2019-20,18
Balmain,NSW,2041,Balmain,120021387,2020-21,30
Balmain,NSW,2041,Balmain,120021387,2021-22,10
Balmain,NSW,2041,Balmain,120021387,2022-23,6
Cooranbong,NSW,2265,Morisset - Cooranbong,111021218,2019-20,237
Cooranbong,NSW,2265,Morisset - Cooranbong,111021218,2020-21,257
Cooranbong,NSW,2265,Morisset - Cooranbong,111021218,2021-22,404
Cooranbong,NSW,2265,Morisset - Cooranbong,111021218,2022-23,380
Gladesville,NSW,1675,Gladesville - Huntleys Point,126021498,2019-20,85
Gladesville,NSW,1675,Gladesville - Huntleys Point,126021498,2020-21,124
Gladesville,NSW,1675,Gladesville - Huntleys Point,126021498,2021-22,89
Gladesville,NSW,1675,Gladesville - Huntleys Point,126021498,2022-23,63
Gorokan,NSW,2263,Gorokan - Kanwal - Charmhaven,102021048,2019-20,94
Gorokan,NSW,2263,Gorokan - Kanwal - Charmhaven,102021048,2020-21,48
Gorokan,NSW,2263,Gorokan - Kanwal - Charmhaven,102021048,2021-22,109
Gorokan,NSW,2263,Gorokan - Kanwal - Charmhaven,102021048,2022-23,64
Katoomba,NSW,2780,Katoomba - Leura,124011452,2019-20,45
Katoomba,NSW,2780,Katoomba - Leura,124011452,2020-21,79
Katoomba,NSW,2780,Katoomba - Leura,124011452,2021-22,37
Katoomba,NSW,2780,Katoomba - Leura,124011452,2022-23,31
Lilyfield,NSW,2040,Lilyfield - Rozelle,120021389,2019-20,32
Lilyfield,NSW,2040,Lilyfield - Rozelle,120021389,2020-21,37
Lilyfield,NSW,2040,Lilyfield - Rozelle,120021389,2021-22,22
Lilyfield,NSW,2040,Lilyfield - Rozelle,120021389,2022-23,16
Matraville,NSW,2036,Matraville - Chifley,118021653,2019-20,57
Matraville,NSW,2036,Matraville - Chifley,118021653,2020-21,75
Matraville,NSW,2036,Matraville - Chifley,118021653,2021-22,67
Matraville,NSW,2036,Matraville - Chifley,118021653,2022-23,112
Cowra,NSW,2794,Cowra,103021063,2019-20,27
Cowra,NSW,2794,Cowra,103021063,2020-21,22
Cowra,NSW,2794,Cowra,103021063,2021-22,37
Cowra,NSW,2794,Cowra,103021063,2022-23,31
Cowra,NSW,2794,Cowra Surrounds,103021064,2019-20,17
Cowra,NSW,2794,Cowra Surrounds,103021064,2020-21,21
Cowra,NSW,2794,Cowra Surrounds,103021064,2021-22,22
Cowra,NSW,2794,Cowra Surrounds,103021064,2022-23,21
Croydon,NSW,2132,Croydon Hills - Warranwood,211031265,2019-20,41
Croydon,NSW,2132,Croydon Hills - Warranwood,211031265,2020-21,26
Croydon,NSW,2132,Croydon Hills - Warranwood,211031265,2021-22,41
Croydon,NSW,2132,Croydon Hills - Warranwood,211031265,2022-23,34
Croydon,NSW,2132,Croydon Park - Enfield,120031393,2019-20,106
Croydon,NSW,2132,Croydon Park - Enfield,120031393,2020-21,88
Croydon,NSW,2132,Croydon Park - Enfield,120031393,2021-22,37
Croydon,NSW,2132,Croydon Park - Enfield,120031393,2022-23,141
Croydon,NSW,2132,Croydon,120031679,2019-20,37
Croydon,NSW,2132,Croydon,120031679,2020-21,16
Croydon,NSW,2132,Croydon,120031679,2021-22,23
Croydon,NSW,2132,Croydon,120031679,2022-23,13
Croydon,NSW,2132,Croydon - East,211031450,2019-20,78
Croydon,NSW,2132,Croydon - East,211031450,2020-21,165
Croydon,NSW,2132,Croydon - East,211031450,2021-22,292
Croydon,NSW,2132,Croydon - East,211031450,2022-23,68
Croydon,NSW,2132,Croydon South,211031452,2019-20,25
Croydon,NSW,2132,Croydon South,211031452,2020-21,29
Croydon,NSW,2132,Croydon South,211031452,2021-22,19
Croydon,NSW,2132,Croydon South,211031452,2022-23,16
Croydon,NSW,2132,Croydon - West,211031451,2019-20,72
Croydon,NSW,2132,Croydon - West,211031451,2020-21,61
Croydon,NSW,2132,Croydon - West,211031451,2021-22,50
Croydon,NSW,2132,Croydon - West,211031451,2022-23,55
North Nowra,NSW,2541,North Nowra - Bomaderry,114011277,2019-20,33
North Nowra,NSW,2541,North Nowra - Bomaderry,114011277,2020-21,27
North Nowra,NSW,2541,North Nowra - Bomaderry,114011277,2021-22,49
North Nowra,NSW,2541,North Nowra - Bomaderry,114011277,2022-23,88
Chatswood,NSW,2057,Chatswood - East,121011684,2019-20,14
Chatswood,NSW,2057,Chatswood - East,121011684,2020-21,140
Chatswood,NSW,2057,Chatswood - East,121011684,2021-22,51
Chatswood,NSW,2057,Chatswood - East,121011684,2022-23,68
Chatswood,NSW,2057,Chatswood (West) - Lane Cove North,121011399,2019-20,71
Chatswood,NSW,2057,Chatswood (West) - Lane Cove North,121011399,2020-21,346
Chatswood,NSW,2057,Chatswood (West) - Lane Cove North,121011399,2021-22,84
Chatswood,NSW,2057,Chatswood (West) - Lane Cove North,121011399,2022-23,282
Leeton,NSW,2705,Leeton,113011258,2019-20,21
Leeton,NSW,2705,Leeton,113011258,2020-21,24
Leeton,NSW,2705,Leeton,113011258,2021-22,27
Leeton,NSW,2705,Leeton,113011258,2022-23,24
Penrith,NSW,2750,Jamisontown - South Penrith,124031461,2019-20,94
Penrith,NSW,2750,Jamisontown - South Penrith,124031461,2020-21,42
Penrith,NSW,2750,Jamisontown - South Penrith,124031461,2021-22,52
Penrith,NSW,2750,Jamisontown - South Penrith,124031461,2022-23,44
Penrith,NSW,2750,Penrith,124031464,2019-20,249
Penrith,NSW,2750,Penrith,124031464,2020-21,250
Penrith,NSW,2750,Penrith,124031464,2021-22,27
Penrith,NSW,2750,Penrith,124031464,2022-23,322
St Clair,NSW,2330,St Clair,124051470,2019-20,41
St Clair,NSW,2330,St Clair,124051470,2020-21,43
St Clair,NSW,2330,St Clair,124051470,2021-22,56
St Clair,NSW,2330,St Clair,124051470,2022-23,48
Warners Bay,NSW,2282,Warners Bay - Boolaroo,111011214,2019-20,87
Warners Bay,NSW,2282,Warners Bay - Boolaroo,111011214,2020-21,175
Warners Bay,NSW,2282,Warners Bay - Boolaroo,111011214,2021-22,98
Warners Bay,NSW,2282,Warners Bay - Boolaroo,111011214,2022-23,53
Arncliffe,NSW,2205,Arncliffe - Bardwell Valley,119041668,2019-20,22
Arncliffe,NSW,2205,Arncliffe - Bardwell Valley,119041668,2020-21,94
Arncliffe,NSW,2205,Arncliffe - Bardwell Valley,119041668,2021-22,36
Arncliffe,NSW,2205,Arncliffe - Bardwell Valley,119041668,2022-23,69
Cherrybrook,NSW,2126,Cherrybrook,115011558,2019-20,7
Cherrybrook,NSW,2126,Cherrybrook,115011558,2020-21,9
Cherrybrook,NSW,2126,Cherrybrook,115011558,2021-22,18
Cherrybrook,NSW,2126,Cherrybrook,115011558,2022-23,21
Cooma,NSW,2630,Cooma,101031014,2019-20,22
Cooma,NSW,2630,Cooma,101031014,2020-21,38
Cooma,NSW,2630,Cooma,101031014,2021-22,13
Cooma,NSW,2630,Cooma,101031014,2022-23,9
Cooma,NSW,2630,Cooma Surrounds,101031015,2019-20,8
Cooma,NSW,2630,Cooma Surrounds,101031015,2020-21,8
Cooma,NSW,2630,Cooma Surrounds,101031015,2021-22,15
Cooma,NSW,2630,Cooma Surrounds,101031015,2022-23,12
Eastwood,NSW,2122,Eastwood,126021723,2019-20,127
Eastwood,NSW,2122,Eastwood,126021723,2020-21,203
Eastwood,NSW,2122,Eastwood,126021723,2021-22,182
Eastwood,NSW,2122,Eastwood,126021723,2022-23,130
Revesby,NSW,2212,Revesby,119011360,2019-20,135
Revesby,NSW,2212,Revesby,119011360,2020-21,159
Revesby,NSW,2212,Revesby,119011360,2021-22,190
Revesby,NSW,2212,Revesby,119011360,2022-23,118
Yamba,NSW,2464,Maclean - Yamba - Iluka,104011082,2019-20,67
Yamba,NSW,2464,Maclean - Yamba - Iluka,104011082,2020-21,124
Yamba,NSW,2464,Maclean - Yamba - Iluka,104011082,2021-22,222
Yamba,NSW,2464,Maclean - Yamba - Iluka,104011082,2022-23,102
Chisholm,NSW,2322,Chisholm,801071074,2019-20,2
Chisholm,NSW,2322,Chisholm,801071074,2020-21,7
Chisholm,NSW,2322,Chisholm,801071074,2021-22,12
Chisholm,NSW,2322,Chisholm,801071074,2022-23,11
Killarney Vale,NSW,2261,Bateau Bay - Killarney Vale,102021044,2019-20,31
Killarney Vale,NSW,2261,Bateau Bay - Killarney Vale,102021044,2020-21,34
Killarney Vale,NSW,2261,Bateau Bay - Killarney Vale,102021044,2021-22,44
Killarney Vale,NSW,2261,Bateau Bay - Killarney Vale,102021044,2022-23,55
Lidcombe,NSW,1825,Lidcombe,125011586,2019-20,257
Lidcombe,NSW,1825,Lidcombe,125011586,2020-21,502
Lidcombe,NSW,1825,Lidcombe,125011586,2021-22,68
Lidcombe,NSW,1825,Lidcombe,125011586,2022-23,492
Maryland,NSW,2287,Maryland - Fletcher - Minmi,111031226,2019-20,209
Maryland,NSW,2287,Maryland - Fletcher - Minmi,111031226,2020-21,160
Maryland,NSW,2287,Maryland - Fletcher - Minmi,111031226,2021-22,62
Maryland,NSW,2287,Maryland - Fletcher - Minmi,111031226,2022-23,28
Blackheath,NSW,2785,Blackheath - Megalong Valley,124011449,2019-20,22
Blackheath,NSW,2785,Blackheath - Megalong Valley,124011449,2020-21,34
Blackheath,NSW,2785,Blackheath - Megalong Valley,124011449,2021-22,23
Blackheath,NSW,2785,Blackheath - Megalong Valley,124011449,2022-23,16
Burwood,NSW,1805,Burwood (NSW),120031678,2019-20,246
Burwood,NSW,1805,Burwood (NSW),120031678,2020-21,81
Burwood,NSW,1805,Burwood (NSW),120031678,2021-22,50
Burwood,NSW,1805,Burwood (NSW),120031678,2022-23,207
Burwood,NSW,1805,Burwood (Vic.),207031165,2019-20,273
Burwood,NSW,1805,Burwood (Vic.),207031165,2020-21,81
Burwood,NSW,1805,Burwood (Vic.),207031165,2021-22,86
Burwood,NSW,1805,Burwood (Vic.),207031165,2022-23,100
Burwood,NSW,1805,Burwood East,207031166,2019-20,132
Burwood,NSW,1805,Burwood East,207031166,2020-21,154
Burwood,NSW,1805,Burwood East,207031166,2021-22,350
Burwood,NSW,1805,Burwood East,207031166,2022-23,57
Collaroy Plateau,NSW,2097,Collaroy - Collaroy Plateau,122031693,2019-20,28
Collaroy Plateau,NSW,2097,Collaroy - Collaroy Plateau,122031693,2020-21,37
Collaroy Plateau,NSW,2097,Collaroy - Collaroy Plateau,122031693,2021-22,34
Collaroy Plateau,NSW,2097,Collaroy - Collaroy Plateau,122031693,2022-23,42
Mascot,NSW,1460,Mascot,117011635,2019-20,16
Mascot,NSW,1460,Mascot,117011635,2020-21,136
Mascot,NSW,1460,Mascot,117011635,2021-22,18
Mascot,NSW,1460,Mascot,117011635,2022-23,21
Wauchope,NSW,2446,Wauchope,108041166,2019-20,80
Wauchope,NSW,2446,Wauchope,108041166,2020-21,95
Wauchope,NSW,2446,Wauchope,108041166,2021-22,121
Wauchope,NSW,2446,Wauchope,108041166,2022-23,102
Woonona,NSW,2517,Woonona - Bulli - Russell Vale,107041150,2019-20,57
Woonona,NSW,2517,Woonona - Bulli - Russell Vale,107041150,2020-21,104
Woonona,NSW,2517,Woonona - Bulli - Russell Vale,107041150,2021-22,86
Woonona,NSW,2517,Woonona - Bulli - Russell Vale,107041150,2022-23,86
Casula,NSW,2170,Casula,127031522,2019-20,127
Casula,NSW,2170,Casula,127031522,2020-21,53
Casula,NSW,2170,Casula,127031522,2021-22,56
Casula,NSW,2170,Casula,127031522,2022-23,137
Fletcher,NSW,2287,Maryland - Fletcher - Minmi,111031226,2019-20,209
Fletcher,NSW,2287,Maryland - Fletcher - Minmi,111031226,2020-21,160
Fletcher,NSW,2287,Maryland - Fletcher - Minmi,111031226,2021-22,62
Fletcher,NSW,2287,Maryland - Fletcher - Minmi,111031226,2022-23,28
Jerrabomberra,NSW,2619,Queanbeyan West - Jerrabomberra,101021012,2019-20,3
Jerrabomberra,NSW,2619,Queanbeyan West - Jerrabomberra,101021012,2020-21,2
Jerrabomberra,NSW,2619,Queanbeyan West - Jerrabomberra,101021012,2021-22,3
Jerrabomberra,NSW,2619,Queanbeyan West - Jerrabomberra,101021012,2022-23,8
Panania,NSW,2213,Panania (North) - Milperra,119011657,2019-20,73
Panania,NSW,2213,Panania (North) - Milperra,119011657,2020-21,81
Panania,NSW,2213,Panania (North) - Milperra,119011657,2021-22,103
Panania,NSW,2213,Panania (North) - Milperra,119011657,2022-23,70
Panania,NSW,2213,Panania (South) - Picnic Point,119011658,2019-20,67
Panania,NSW,2213,Panania (South) - Picnic Point,119011658,2020-21,145
Panania,NSW,2213,Panania (South) - Picnic Point,119011658,2021-22,138
Panania,NSW,2213,Panania (South) - Picnic Point,119011658,2022-23,111
Riverwood,NSW,2210,Riverwood,119031373,2019-20,37
Riverwood,NSW,2210,Riverwood,119031373,2020-21,16
Riverwood,NSW,2210,Riverwood,119031373,2021-22,85
Riverwood,NSW,2210,Riverwood,119031373,2022-23,21
Roseville,NSW,2069,Lindfield - Roseville,121031408,2019-20,36
Roseville,NSW,2069,Lindfield - Roseville,121031408,2020-21,142
Roseville,NSW,2069,Lindfield - Roseville,121031408,2021-22,124
Roseville,NSW,2069,Lindfield - Roseville,121031408,2022-23,193
Rozelle,NSW,2039,Lilyfield - Rozelle,120021389,2019-20,32
Rozelle,NSW,2039,Lilyfield - Rozelle,120021389,2020-21,37
Rozelle,NSW,2039,Lilyfield - Rozelle,120021389,2021-22,22
Rozelle,NSW,2039,Lilyfield - Rozelle,120021389,2022-23,16
Ulladulla,NSW,2539,Ulladulla,114011282,2019-20,147
Ulladulla,NSW,2539,Ulladulla,114011282,2020-21,260
Ulladulla,NSW,2539,Ulladulla,114011282,2021-22,159
Ulladulla,NSW,2539,Ulladulla,114011282,2022-23,137
Ulladulla,NSW,2539,Ulladulla Surrounds,114011283,2019-20,41
Ulladulla,NSW,2539,Ulladulla Surrounds,114011283,2020-21,84
Ulladulla,NSW,2539,Ulladulla Surrounds,114011283,2021-22,37
Ulladulla,NSW,2539,Ulladulla Surrounds,114011283,2022-23,32
West Hoxton,NSW,2171,West Hoxton - Middleton Grange,127011597,2019-20,34
West Hoxton,NSW,2171,West Hoxton - Middleton Grange,127011597,2020-21,91
West Hoxton,NSW,2171,West Hoxton - Middleton Grange,127011597,2021-22,57
West Hoxton,NSW,2171,West Hoxton - Middleton Grange,127011597,2022-23,60
Bomaderry,NSW,2541,North Nowra - Bomaderry,114011277,2019-20,33
Bomaderry,NSW,2541,North Nowra - Bomaderry,114011277,2020-21,27
Bomaderry,NSW,2541,North Nowra - Bomaderry,114011277,2021-22,49
Bomaderry,NSW,2541,North Nowra - Bomaderry,114011277,2022-23,88
Medowie,NSW,2318,Williamtown - Medowie - Karuah,106031125,2019-20,92
Medowie,NSW,2318,Williamtown - Medowie - Karuah,106031125,2020-21,433
Medowie,NSW,2318,Williamtown - Medowie - Karuah,106031125,2021-22,294
Medowie,NSW,2318,Williamtown - Medowie - Karuah,106031125,2022-23,223
North Lambton,NSW,2299,Waratah - North Lambton,111031234,2019-20,33
North Lambton,NSW,2299,Waratah - North Lambton,111031234,2020-21,82
North Lambton,NSW,2299,Waratah - North Lambton,111031234,2021-22,26
North Lambton,NSW,2299,Waratah - North Lambton,111031234,2022-23,126
Punchbowl,NSW,2196,Punchbowl,119021366,2019-20,103
Punchbowl,NSW,2196,Punchbowl,119021366,2020-21,86
Punchbowl,NSW,2196,Punchbowl,119021366,2021-22,75
Punchbowl,NSW,2196,Punchbowl,119021366,2022-23,88
Punchbowl,NSW,2196,Kings Meadows - Punchbowl,602011037,2019-20,56
Punchbowl,NSW,2196,Kings Meadows - Punchbowl,602011037,2020-21,57
Punchbowl,NSW,2196,Kings Meadows - Punchbowl,602011037,2021-22,13
Punchbowl,NSW,2196,Kings Meadows - Punchbowl,602011037,2022-23,51
St Marys,NSW,1790,St Marys - North St Marys,124051581,2019-20,53
St Marys,NSW,1790,St Marys - North St Marys,124051581,2020-21,171
St Marys,NSW,1790,St Marys - North St Marys,124051581,2021-22,360
St Marys,NSW,1790,St Marys - North St Marys,124051581,2022-23,91
Annandale,NSW,2038,Annandale (NSW),120021674,2019-20,8
Annandale,NSW,2038,Annandale (NSW),120021674,2020-21,16
Annandale,NSW,2038,Annandale (NSW),120021674,2021-22,9
Annandale,NSW,2038,Annandale (NSW),120021674,2022-23,46
Annandale,NSW,2038,Annandale (Qld),318021468,2019-20,2
Annandale,NSW,2038,Annandale (Qld),318021468,2020-21,1
Annandale,NSW,2038,Annandale (Qld),318021468,2021-22,3
Annandale,NSW,2038,Annandale (Qld),318021468,2022-23,2
Bradbury,NSW,2560,Bradbury - Wedderburn,123021436,2019-20,70
Bradbury,NSW,2560,Bradbury - Wedderburn,123021436,2020-21,140
Bradbury,NSW,2560,Bradbury - Wedderburn,123021436,2021-22,111
Bradbury,NSW,2560,Bradbury - Wedderburn,123021436,2022-23,146
Chester Hill,NSW,2162,Chester Hill - Sefton,125031479,2019-20,257
Chester Hill,NSW,2162,Chester Hill - Sefton,125031479,2020-21,109
Chester Hill,NSW,2162,Chester Hill - Sefton,125031479,2021-22,124
Chester Hill,NSW,2162,Chester Hill - Sefton,125031479,2022-23,116
Chipping Norton,NSW,2170,Chipping Norton - Moorebank,127031523,2019-20,78
Chipping Norton,NSW,2170,Chipping Norton - Moorebank,127031523,2020-21,121
Chipping Norton,NSW,2170,Chipping Norton - Moorebank,127031523,2021-22,210
Chipping Norton,NSW,2170,Chipping Norton - Moorebank,127031523,2022-23,362
Cootamundra,NSW,2590,Cootamundra,113031263,2019-20,12
Cootamundra,NSW,2590,Cootamundra,113031263,2020-21,26
Cootamundra,NSW,2590,Cootamundra,113031263,2021-22,44
Cootamundra,NSW,2590,Cootamundra,113031263,2022-23,15
Horsley,NSW,2530,Horsley - Kembla Grange,107011132,2019-20,351
Horsley,NSW,2530,Horsley - Kembla Grange,107011132,2020-21,368
Horsley,NSW,2530,Horsley - Kembla Grange,107011132,2021-22,284
Horsley,NSW,2530,Horsley - Kembla Grange,107011132,2022-23,200
Horsley,NSW,2530,Horsley Park - Kemps Creek,127021518,2019-20,14
Horsley,NSW,2530,Horsley Park - Kemps Creek,127021518,2020-21,28
Horsley,NSW,2530,Horsley Park - Kemps Creek,127021518,2021-22,22
Horsley,NSW,2530,Horsley Park - Kemps Creek,127021518,2022-23,12
Petersham,NSW,2049,Petersham - Stanmore,117021327,2019-20,378
Petersham,NSW,2049,Petersham - Stanmore,117021327,2020-21,53
Petersham,NSW,2049,Petersham - Stanmore,117021327,2021-22,10
Petersham,NSW,2049,Petersham - Stanmore,117021327,2022-23,59
Rooty Hill,NSW,2766,Rooty Hill - Minchinbury,116031319,2019-20,62
Rooty Hill,NSW,2766,Rooty Hill - Minchinbury,116031319,2020-21,68
Rooty Hill,NSW,2766,Rooty Hill - Minchinbury,116031319,2021-22,59
Rooty Hill,NSW,2766,Rooty Hill - Minchinbury,116031319,2022-23,57
Willoughby,NSW,2068,Willoughby,121011687,2019-20,22
Willoughby,NSW,2068,Willoughby,121011687,2020-21,37
Willoughby,NSW,2068,Willoughby,121011687,2021-22,493
Willoughby,NSW,2068,Willoughby,121011687,2022-23,339
Croydon Park,NSW,2133,Croydon Park - Enfield,120031393,2019-20,106
Croydon Park,NSW,2133,Croydon Park - Enfield,120031393,2020-21,88
Croydon Park,NSW,2133,Croydon Park - Enfield,120031393,2021-22,37
Croydon Park,NSW,2133,Croydon Park - Enfield,120031393,2022-23,141
Culburra Beach,NSW,2540,Culburra Beach,114011274,2019-20,16
Culburra Beach,NSW,2540,Culburra Beach,114011274,2020-21,22
Culburra Beach,NSW,2540,Culburra Beach,114011274,2021-22,37
Culburra Beach,NSW,2540,Culburra Beach,114011274,2022-23,38
Currans Hill,NSW,2567,Currans Hill,123011698,2019-20,108
Currans Hill,NSW,2567,Currans Hill,123011698,2020-21,72
Currans Hill,NSW,2567,Currans Hill,123011698,2021-22,31
Currans Hill,NSW,2567,Currans Hill,123011698,2022-23,115
Figtree,NSW,2525,Figtree - Keiraville,107041146,2019-20,47
Figtree,NSW,2525,Figtree - Keiraville,107041146,2020-21,56
Figtree,NSW,2525,Figtree - Keiraville,107041146,2021-22,52
Figtree,NSW,2525,Figtree - Keiraville,107041146,2022-23,81
Greenacre,NSW,2190,Greenacre - North,119011655,2019-20,252
Greenacre,NSW,2190,Greenacre - North,119011655,2020-21,122
Greenacre,NSW,2190,Greenacre - North,119011655,2021-22,66
Greenacre,NSW,2190,Greenacre - North,119011655,2022-23,60
Greenacre,NSW,2190,Greenacre - South,119011656,2019-20,50
Greenacre,NSW,2190,Greenacre - South,119011656,2020-21,81
Greenacre,NSW,2190,Greenacre - South,119011656,2021-22,75
Greenacre,NSW,2190,Greenacre - South,119011656,2022-23,72
Kiama,NSW,2533,Kiama,107031138,2019-20,47
Kiama,NSW,2533,Kiama,107031138,2020-21,157
Kiama,NSW,2533,Kiama,107031138,2021-22,66
Kiama,NSW,2533,Kiama,107031138,2022-23,43
Kiama,NSW,2533,Kiama Downs - Minnamurra,107031139,2019-20,13
Kiama,NSW,2533,Kiama Downs - Minnamurra,107031139,2020-21,10
Kiama,NSW,2533,Kiama Downs - Minnamurra,107031139,2021-22,20
Kiama,NSW,2533,Kiama Downs - Minnamurra,107031139,2022-23,22
Kiama,NSW,2533,Kiama Hinterland - Gerringong,107031140,2019-20,28
Kiama,NSW,2533,Kiama Hinterland - Gerringong,107031140,2020-21,22
Kiama,NSW,2533,Kiama Hinterland - Gerringong,107031140,2021-22,41
Kiama,NSW,2533,Kiama Hinterland - Gerringong,107031140,2022-23,26
Stanhope Gardens,NSW,2768,Stanhope Gardens - Parklea,116021633,2019-20,50
Stanhope Gardens,NSW,2768,Stanhope Gardens - Parklea,116021633,2020-21,24
Stanhope Gardens,NSW,2768,Stanhope Gardens - Parklea,116021633,2021-22,4
Stanhope Gardens,NSW,2768,Stanhope Gardens - Parklea,116021633,2022-23,7
Dapto,NSW,2530,Dapto - Avondale,107011131,2019-20,110
Dapto,NSW,2530,Dapto - Avondale,107011131,2020-21,126
Dapto,NSW,2530,Dapto - Avondale,107011131,2021-22,148
Dapto,NSW,2530,Dapto - Avondale,107011131,2022-23,114
Forbes,NSW,2871,Forbes,103021065,2019-20,14
Forbes,NSW,2871,Forbes,103021065,2020-21,21
Forbes,NSW,2871,Forbes,103021065,2021-22,25
Forbes,NSW,2871,Forbes,103021065,2022-23,38
Greystanes,NSW,2145,Greystanes - South,125031713,2019-20,66
Greystanes,NSW,2145,Greystanes - South,125031713,2020-21,83
Greystanes,NSW,2145,Greystanes - South,125031713,2021-22,96
Greystanes,NSW,2145,Greystanes - South,125031713,2022-23,103
Greystanes,NSW,2145,Pemulwuy - Greystanes (North),125031715,2019-20,29
Greystanes,NSW,2145,Pemulwuy - Greystanes (North),125031715,2020-21,40
Greystanes,NSW,2145,Pemulwuy - Greystanes (North),125031715,2021-22,344
Greystanes,NSW,2145,Pemulwuy - Greystanes (North),125031715,2022-23,39
Hunters Hill,NSW,2110,Hunters Hill - Woolwich,126021499,2019-20,9
Hunters Hill,NSW,2110,Hunters Hill - Woolwich,126021499,2020-21,21
Hunters Hill,NSW,2110,Hunters Hill - Woolwich,126021499,2021-22,27
Hunters Hill,NSW,2110,Hunters Hill - Woolwich,126021499,2022-23,27
Peakhurst,NSW,2210,Peakhurst - Lugarno,119031372,2019-20,216
Peakhurst,NSW,2210,Peakhurst - Lugarno,119031372,2020-21,141
Peakhurst,NSW,2210,Peakhurst - Lugarno,119031372,2021-22,66
Peakhurst,NSW,2210,Peakhurst - Lugarno,119031372,2022-23,116
Seven Hills,NSW,1730,Seven Hills - Prospect,116011626,2019-20,35
Seven Hills,NSW,1730,Seven Hills - Prospect,116011626,2020-21,171
Seven Hills,NSW,1730,Seven Hills - Prospect,116011626,2021-22,57
Seven Hills,NSW,1730,Seven Hills - Prospect,116011626,2022-23,45
Seven Hills,NSW,1730,Morningside - Seven Hills,305021117,2019-20,185
Seven Hills,NSW,1730,Morningside - Seven Hills,305021117,2020-21,69
Seven Hills,NSW,1730,Morningside - Seven Hills,305021117,2021-22,101
Seven Hills,NSW,1730,Morningside - Seven Hills,305021117,2022-23,55
Waratah,NSW,2298,Waratah - North Lambton,111031234,2019-20,33
Waratah,NSW,2298,Waratah - North Lambton,111031234,2020-21,82
Waratah,NSW,2298,Waratah - North Lambton,111031234,2021-22,26
Waratah,NSW,2298,Waratah - North Lambton,111031234,2022-23,126
Waratah,NSW,2298,Waratah,604031096,2019-20,13
Waratah,NSW,2298,Waratah,604031096,2020-21,21
Waratah,NSW,2298,Waratah,604031096,2021-22,27
Waratah,NSW,2298,Waratah,604031096,2022-23,37
West Ryde,NSW,1685,West Ryde - Meadowbank,126021503,2019-20,147
West Ryde,NSW,1685,West Ryde - Meadowbank,126021503,2020-21,98
West Ryde,NSW,1685,West Ryde - Meadowbank,126021503,2021-22,270
West Ryde,NSW,1685,West Ryde - Meadowbank,126021503,2022-23,79
Flinders,NSW,2529,Flinders,214021378,2019-20,48
Flinders,NSW,2529,Flinders,214021378,2020-21,41
Flinders,NSW,2529,Flinders,214021378,2021-22,44
Flinders,NSW,2529,Flinders,214021378,2022-23,43
Flinders,NSW,2529,Shellharbour - Flinders,107031141,2019-20,243
Flinders,NSW,2529,Shellharbour - Flinders,107031141,2020-21,158
Flinders,NSW,2529,Shellharbour - Flinders,107031141,2021-22,350
Flinders,NSW,2529,Shellharbour - Flinders,107031141,2022-23,210
Flinders,NSW,2529,Flinders Park,404011091,2019-20,440
Flinders,NSW,2529,Flinders Park,404011091,2020-21,213
Flinders,NSW,2529,Flinders Park,404011091,2021-22,118
Flinders,NSW,2529,Flinders Park,404011091,2022-23,141
Flinders,NSW,2529,Flinders and Cape Barren Islands,602031099,2019-20,2
Flinders,NSW,2529,Flinders and Cape Barren Islands,602031099,2020-21,22
Flinders,NSW,2529,Flinders and Cape Barren Islands,602031099,2021-22,7
Flinders,NSW,2529,Flinders and Cape Barren Islands,602031099,2022-23,6
Kellyville Ridge,NSW,2155,Kellyville Ridge - The Ponds,116021628,2019-20,8
Kellyville Ridge,NSW,2155,Kellyville Ridge - The Ponds,116021628,2020-21,17
Kellyville Ridge,NSW,2155,Kellyville Ridge - The Ponds,116021628,2021-22,62
Kellyville Ridge,NSW,2155,Kellyville Ridge - The Ponds,116021628,2022-23,22
Lindfield,NSW,2070,Lindfield - Roseville,121031408,2019-20,36
Lindfield,NSW,2070,Lindfield - Roseville,121031408,2020-21,142
Lindfield,NSW,2070,Lindfield - Roseville,121031408,2021-22,124
Lindfield,NSW,2070,Lindfield - Roseville,121031408,2022-23,193
Old Bar,NSW,2430,Old Bar - Manning Point - Red Head,108051168,2019-20,100
Old Bar,NSW,2430,Old Bar - Manning Point - Red Head,108051168,2020-21,161
Old Bar,NSW,2430,Old Bar - Manning Point - Red Head,108051168,2021-22,170
Old Bar,NSW,2430,Old Bar - Manning Point - Red Head,108051168,2022-23,98
Pottsville,NSW,2489,Pottsville,112031253,2019-20,22
Pottsville,NSW,2489,Pottsville,112031253,2020-21,40
Pottsville,NSW,2489,Pottsville,112031253,2021-22,28
Pottsville,NSW,2489,Pottsville,112031253,2022-23,76
Scone,NSW,2337,Scone,106041128,2019-20,8
Scone,NSW,2337,Scone,106041128,2020-21,15
Scone,NSW,2337,Scone,106041128,2021-22,17
Scone,NSW,2337,Scone,106041128,2022-23,10
Scone,NSW,2337,Scone Surrounds,106041129,2019-20,13
Scone,NSW,2337,Scone Surrounds,106041129,2020-21,15
Scone,NSW,2337,Scone Surrounds,106041129,2021-22,24
Scone,NSW,2337,Scone Surrounds,106041129,2022-23,18
Bankstown,NSW,1885,Bankstown - North,119011571,2019-20,564
Bankstown,NSW,1885,Bankstown - North,119011571,2020-21,31
Bankstown,NSW,1885,Bankstown - North,119011571,2021-22,39
Bankstown,NSW,1885,Bankstown - North,119011571,2022-23,23
Bankstown,NSW,1885,Bankstown - South,119011572,2019-20,148
Bankstown,NSW,1885,Bankstown - South,119011572,2020-21,73
Bankstown,NSW,1885,Bankstown - South,119011572,2021-22,89
Bankstown,NSW,1885,Bankstown - South,119011572,2022-23,48
Belmont,NSW,2280,Belmont - Bennetts Green,111011206,2019-20,32
Belmont,NSW,2280,Belmont - Bennetts Green,111011206,2020-21,28
Belmont,NSW,2280,Belmont - Bennetts Green,111011206,2021-22,70
Belmont,NSW,2280,Belmont - Bennetts Green,111011206,2022-23,22
Belmont,NSW,2280,Belmont South - Blacksmiths,111011207,2019-20,15
Belmont,NSW,2280,Belmont South - Blacksmiths,111011207,2020-21,25
Belmont,NSW,2280,Belmont South - Blacksmiths,111011207,2021-22,27
Belmont,NSW,2280,Belmont South - Blacksmiths,111011207,2022-23,18
Belmont,NSW,2280,Belmont,203021037,2019-20,60
Belmont,NSW,2280,Belmont,203021037,2020-21,81
Belmont,NSW,2280,Belmont,203021037,2021-22,89
Belmont,NSW,2280,Belmont,203021037,2022-23,58
Belmont,NSW,2280,Belmont - Gumdale,301011002,2019-20,14
Belmont,NSW,2280,Belmont - Gumdale,301011002,2020-21,20
Belmont,NSW,2280,Belmont - Gumdale,301011002,2021-22,16
Belmont,NSW,2280,Belmont - Gumdale,301011002,2022-23,21
Belmont,NSW,2280,Belmont - Ascot - Redcliffe,506021118,2019-20,45
Belmont,NSW,2280,Belmont - Ascot - Redcliffe,506021118,2020-21,53
Belmont,NSW,2280,Belmont - Ascot - Redcliffe,506021118,2021-22,130
Belmont,NSW,2280,Belmont - Ascot - Redcliffe,506021118,2022-23,21
Beresfield,NSW,2322,Beresfield - Hexham,111031223,2019-20,11
Beresfield,NSW,2322,Beresfield - Hexham,111031223,2020-21,20
Beresfield,NSW,2322,Beresfield - Hexham,111031223,2021-22,12
Beresfield,NSW,2322,Beresfield - Hexham,111031223,2022-23,10
Minto,NSW,2566,Leumeah - Minto Heights,123021441,2019-20,27
Minto,NSW,2566,Leumeah - Minto Heights,123021441,2020-21,24
Minto,NSW,2566,Leumeah - Minto Heights,123021441,2021-22,30
Minto,NSW,2566,Leumeah - Minto Heights,123021441,2022-23,61
Minto,NSW,2566,Minto - St Andrews,123021443,2019-20,409
Minto,NSW,2566,Minto - St Andrews,123021443,2020-21,57
Minto,NSW,2566,Minto - St Andrews,123021443,2021-22,47
Minto,NSW,2566,Minto - St Andrews,123021443,2022-23,46
Miranda,NSW,1490,Miranda - Yowie Bay,128011530,2019-20,212
Miranda,NSW,1490,Miranda - Yowie Bay,128011530,2020-21,166
Miranda,NSW,1490,Miranda - Yowie Bay,128011530,2021-22,227
Miranda,NSW,1490,Miranda - Yowie Bay,128011530,2022-23,108
Mittagong,NSW,2575,Mittagong,114021286,2019-20,75
Mittagong,NSW,2575,Mittagong,114021286,2020-21,76
Mittagong,NSW,2575,Mittagong,114021286,2021-22,98
Mittagong,NSW,2575,Mittagong,114021286,2022-23,60
Nambucca Heads,NSW,2448,Nambucca Heads,108021158,2019-20,10
Nambucca Heads,NSW,2448,Nambucca Heads,108021158,2020-21,27
Nambucca Heads,NSW,2448,Nambucca Heads,108021158,2021-22,54
Nambucca Heads,NSW,2448,Nambucca Heads,108021158,2022-23,27
Nambucca Heads,NSW,2448,Nambucca Heads Surrounds,108021159,2019-20,45
Nambucca Heads,NSW,2448,Nambucca Heads Surrounds,108021159,2020-21,60
Nambucca Heads,NSW,2448,Nambucca Heads Surrounds,108021159,2021-22,51
Nambucca Heads,NSW,2448,Nambucca Heads Surrounds,108021159,2022-23,21
Stockton,NSW,2295,Stockton - Fullerton Cove,111031232,2019-20,82
Stockton,NSW,2295,Stockton - Fullerton Cove,111031232,2020-21,58
Stockton,NSW,2295,Stockton - Fullerton Cove,111031232,2021-22,34
Stockton,NSW,2295,Stockton - Fullerton Cove,111031232,2022-23,24
Toongabbie,NSW,2146,Toongabbie - West,116011627,2019-20,38
Toongabbie,NSW,2146,Toongabbie - West,116011627,2020-21,163
Toongabbie,NSW,2146,Toongabbie - West,116011627,2021-22,60
Toongabbie,NSW,2146,Toongabbie - West,116011627,2022-23,70
Toongabbie,NSW,2146,Toongabbie - Constitution Hill,125041493,2019-20,135
Toongabbie,NSW,2146,Toongabbie - Constitution Hill,125041493,2020-21,111
Toongabbie,NSW,2146,Toongabbie - Constitution Hill,125041493,2021-22,162
Toongabbie,NSW,2146,Toongabbie - Constitution Hill,125041493,2022-23,126
Wadalba,NSW,2259,Warnervale - Wadalba,102021056,2019-20,178
Wadalba,NSW,2259,Warnervale - Wadalba,102021056,2020-21,350
Wadalba,NSW,2259,Warnervale - Wadalba,102021056,2021-22,158
Wadalba,NSW,2259,Warnervale - Wadalba,102021056,2022-23,154
Wamberal,NSW,2260,Wamberal - Forresters Beach,102011041,2019-20,39
Wamberal,NSW,2260,Wamberal - Forresters Beach,102011041,2020-21,31
Wamberal,NSW,2260,Wamberal - Forresters Beach,102011041,2021-22,59
Wamberal,NSW,2260,Wamberal - Forresters Beach,102011041,2022-23,24
Green Point,NSW,2251,Erina - Green Point,102011031,2019-20,21
Green Point,NSW,2251,Erina - Green Point,102011031,2020-21,25
Green Point,NSW,2251,Erina - Green Point,102011031,2021-22,12
Green Point,NSW,2251,Erina - Green Point,102011031,2022-23,16
Mount Colah,NSW,2079,Asquith - Mount Colah,121021403,2019-20,202
Mount Colah,NSW,2079,Asquith - Mount Colah,121021403,2020-21,154
Mount Colah,NSW,2079,Asquith - Mount Colah,121021403,2021-22,87
Mount Colah,NSW,2079,Asquith - Mount Colah,121021403,2022-23,82
Naremburn,NSW,2065,St Leonards - Naremburn,121011401,2019-20,14
Naremburn,NSW,2065,St Leonards - Naremburn,121011401,2020-21,51
Naremburn,NSW,2065,St Leonards - Naremburn,121011401,2021-22,6
Naremburn,NSW,2065,St Leonards - Naremburn,121011401,2022-23,119
Ocean Shores,NSW,2483,Brunswick Heads - Ocean Shores,112011239,2019-20,75
Ocean Shores,NSW,2483,Brunswick Heads - Ocean Shores,112011239,2020-21,43
Ocean Shores,NSW,2483,Brunswick Heads - Ocean Shores,112011239,2021-22,38
Ocean Shores,NSW,2483,Brunswick Heads - Ocean Shores,112011239,2022-23,36
Yagoona,NSW,2199,Yagoona - Birrong,119011361,2019-20,79
Yagoona,NSW,2199,Yagoona - Birrong,119011361,2020-21,116
Yagoona,NSW,2199,Yagoona - Birrong,119011361,2021-22,154
Yagoona,NSW,2199,Yagoona - Birrong,119011361,2022-23,94
Beaumont Hills,NSW,2155,Rouse Hill - Beaumont Hills,115041625,2019-20,4
Beaumont Hills,NSW,2155,Rouse Hill - Beaumont Hills,115041625,2020-21,489
Beaumont Hills,NSW,2155,Rouse Hill - Beaumont Hills,115041625,2021-22,173
Beaumont Hills,NSW,2155,Rouse Hill - Beaumont Hills,115041625,2022-23,352
Bonnells Bay,NSW,2264,Bonnells Bay - Silverwater,111021216,2019-20,24
Bonnells Bay,NSW,2264,Bonnells Bay - Silverwater,111021216,2020-21,35
Bonnells Bay,NSW,2264,Bonnells Bay - Silverwater,111021216,2021-22,67
Bonnells Bay,NSW,2264,Bonnells Bay - Silverwater,111021216,2022-23,53
Botany,NSW,1455,Botany,117011321,2019-20,74
Botany,NSW,1455,Botany,117011321,2020-21,26
Botany,NSW,1455,Botany,117011321,2021-22,24
Botany,NSW,1455,Botany,117011321,2022-23,8
Forestville,NSW,2087,Forestville - Killarney Heights,122031427,2019-20,20
Forestville,NSW,2087,Forestville - Killarney Heights,122031427,2020-21,40
Forestville,NSW,2087,Forestville - Killarney Heights,122031427,2021-22,23
Forestville,NSW,2087,Forestville - Killarney Heights,122031427,2022-23,23
Springwood,NSW,2777,Springwood - Winmalee,124011454,2019-20,24
Springwood,NSW,2777,Springwood - Winmalee,124011454,2020-21,31
Springwood,NSW,2777,Springwood - Winmalee,124011454,2021-22,28
Springwood,NSW,2777,Springwood - Winmalee,124011454,2022-23,37
Springwood,NSW,2777,Springwood,311061334,2019-20,4
Springwood,NSW,2777,Springwood,311061334,2020-21,6
Springwood,NSW,2777,Springwood,311061334,2021-22,8
Springwood,NSW,2777,Springwood,311061334,2022-23,47
Thirroul,NSW,2515,Thirroul - Austinmer - Coalcliff,107041148,2019-20,46
Thirroul,NSW,2515,Thirroul - Austinmer - Coalcliff,107041148,2020-21,63
Thirroul,NSW,2515,Thirroul - Austinmer - Coalcliff,107041148,2021-22,44
Thirroul,NSW,2515,Thirroul - Austinmer - Coalcliff,107041148,2022-23,47
Five Dock,NSW,2046,Five Dock - Abbotsford,120011386,2019-20,83
Five Dock,NSW,2046,Five Dock - Abbotsford,120011386,2020-21,39
Five Dock,NSW,2046,Five Dock - Abbotsford,120011386,2021-22,89
Five Dock,NSW,2046,Five Dock - Abbotsford,120011386,2022-23,48
Hornsby,NSW,1630,Hornsby - East,121021577,2019-20,7
Hornsby,NSW,1630,Hornsby - East,121021577,2020-21,4
Hornsby,NSW,1630,Hornsby - East,121021577,2021-22,84
Hornsby,NSW,1630,Hornsby - East,121021577,2022-23,8
Hornsby,NSW,1630,Hornsby - West,121021578,2019-20,34
Hornsby,NSW,1630,Hornsby - West,121021578,2020-21,28
Hornsby,NSW,1630,Hornsby - West,121021578,2021-22,31
Hornsby,NSW,1630,Hornsby - West,121021578,2022-23,36
Padstow,NSW,2211,Padstow,119011358,2019-20,95
Padstow,NSW,2211,Padstow,119011358,2020-21,130
Padstow,NSW,2211,Padstow,119011358,2021-22,128
Padstow,NSW,2211,Padstow,119011358,2022-23,114
Swansea,NSW,2281,Swansea - Caves Beach,111011212,2019-20,79
Swansea,NSW,2281,Swansea - Caves Beach,111011212,2020-21,90
Swansea,NSW,2281,Swansea - Caves Beach,111011212,2021-22,149
Swansea,NSW,2281,Swansea - Caves Beach,111011212,2022-23,107
Wyong,NSW,2259,Wyong,102021057,2019-20,24
Wyong,NSW,2259,Wyong,102021057,2020-21,52
Wyong,NSW,2259,Wyong,102021057,2021-22,36
Wyong,NSW,2259,Wyong,102021057,2022-23,29
Coogee,NSW,2034,South Coogee,118021654,2019-20,22
Coogee,NSW,2034,South Coogee,118021654,2020-21,7
Coogee,NSW,2034,South Coogee,118021654,2021-22,10
Coogee,NSW,2034,South Coogee,118021654,2022-23,13
Coogee,NSW,2034,Coogee - Clovelly,118021651,2019-20,34
Coogee,NSW,2034,Coogee - Clovelly,118021651,2020-21,46
Coogee,NSW,2034,Coogee - Clovelly,118021651,2021-22,26
Coogee,NSW,2034,Coogee - Clovelly,118021651,2022-23,55
Coogee,NSW,2034,North Coogee,507011158,2019-20,120
Coogee,NSW,2034,North Coogee,507011158,2020-21,114
Coogee,NSW,2034,North Coogee,507011158,2021-22,132
Coogee,NSW,2034,North Coogee,507011158,2022-23,152
Coogee,NSW,2034,Coogee,507011152,2019-20,46
Coogee,NSW,2034,Coogee,507011152,2020-21,103
Coogee,NSW,2034,Coogee,507011152,2021-22,55
Coogee,NSW,2034,Coogee,507011152,2022-23,32
Cremorne,NSW,2090,Cremorne - Cammeray,121041413,2019-20,42
Cremorne,NSW,2090,Cremorne - Cammeray,121041413,2020-21,34
Cremorne,NSW,2090,Cremorne - Cammeray,121041413,2021-22,6
Cremorne,NSW,2090,Cremorne - Cammeray,121041413,2022-23,27
Cremorne,NSW,2090,Richmond (South) - Cremorne,206071517,2019-20,40
Cremorne,NSW,2090,Richmond (South) - Cremorne,206071517,2020-21,222
Cremorne,NSW,2090,Richmond (South) - Cremorne,206071517,2021-22,46
Cremorne,NSW,2090,Richmond (South) - Cremorne,206071517,2022-23,47
Ermington,NSW,1700,Ermington - Rydalmere,125021477,2019-20,167
Ermington,NSW,1700,Ermington - Rydalmere,125021477,2020-21,174
Ermington,NSW,1700,Ermington - Rydalmere,125021477,2021-22,404
Ermington,NSW,1700,Ermington - Rydalmere,125021477,2022-23,580
Killara,NSW,2071,Gordon - Killara,121031407,2019-20,180
Killara,NSW,2071,Gordon - Killara,121031407,2020-21,64
Killara,NSW,2071,Gordon - Killara,121031407,2021-22,37
Killara,NSW,2071,Gordon - Killara,121031407,2022-23,78
Narara,NSW,2250,Narara,102011035,2019-20,31
Narara,NSW,2250,Narara,102011035,2020-21,18
Narara,NSW,2250,Narara,102011035,2021-22,18
Narara,NSW,2250,Narara,102011035,2022-23,14
Oatley,NSW,2223,Oatley - Hurstville Grove,119031371,2019-20,52
Oatley,NSW,2223,Oatley - Hurstville Grove,119031371,2020-21,42
Oatley,NSW,2223,Oatley - Hurstville Grove,119031371,2021-22,138
Oatley,NSW,2223,Oatley - Hurstville Grove,119031371,2022-23,39
Oatley,NSW,2223,Mortdale - Oatley,119031666,2019-20,61
Oatley,NSW,2223,Mortdale - Oatley,119031666,2020-21,61
Oatley,NSW,2223,Mortdale - Oatley,119031666,2021-22,38
Oatley,NSW,2223,Mortdale - Oatley,119031666,2022-23,33
Tumut,NSW,2720,Tumut,113021261,2019-20,14
Tumut,NSW,2720,Tumut,113021261,2020-21,23
Tumut,NSW,2720,Tumut,113021261,2021-22,20
Tumut,NSW,2720,Tumut,113021261,2022-23,23
Tumut,NSW,2720,Tumut Surrounds,113021262,2019-20,17
Tumut,NSW,2720,Tumut Surrounds,113021262,2020-21,17
Tumut,NSW,2720,Tumut Surrounds,113021262,2021-22,9
Tumut,NSW,2720,Tumut Surrounds,113021262,2022-23,12
Wentworth Falls,NSW,2782,Wentworth Falls,124011455,2019-20,13
Wentworth Falls,NSW,2782,Wentworth Falls,124011455,2020-21,13
Wentworth Falls,NSW,2782,Wentworth Falls,124011455,2021-22,13
Wentworth Falls,NSW,2782,Wentworth Falls,124011455,2022-23,8
Woollahra,NSW,1350,Woollahra,118011347,2019-20,11
Woollahra,NSW,1350,Woollahra,118011347,2020-21,0
Woollahra,NSW,1350,Woollahra,118011347,2021-22,12
Woollahra,NSW,1350,Woollahra,118011347,2022-23,5
Yass,NSW,2582,Yass,101061541,2019-20,13
Yass,NSW,2582,Yass,101061541,2020-21,20
Yass,NSW,2582,Yass,101061541,2021-22,41
Yass,NSW,2582,Yass,101061541,2022-23,22
Yass,NSW,2582,Yass Surrounds,101061542,2019-20,27
Yass,NSW,2582,Yass Surrounds,101061542,2020-21,48
Yass,NSW,2582,Yass Surrounds,101061542,2021-22,73
Yass,NSW,2582,Yass Surrounds,101061542,2022-23,93
Berala,NSW,2141,Berala,125011585,2019-20,24
Berala,NSW,2141,Berala,125011585,2020-21,29
Berala,NSW,2141,Berala,125011585,2021-22,21
Berala,NSW,2141,Berala,125011585,2022-23,24
Glenfield,NSW,2167,Glenfield,123021704,2019-20,20
Glenfield,NSW,2167,Glenfield,123021704,2020-21,74
Glenfield,NSW,2167,Glenfield,123021704,2021-22,41
Glenfield,NSW,2167,Glenfield,123021704,2022-23,26
Granville,NSW,1830,Guildford - South Granville,125031483,2019-20,121
Granville,NSW,1830,Guildford - South Granville,125031483,2020-21,274
Granville,NSW,1830,Guildford - South Granville,125031483,2021-22,117
Granville,NSW,1830,Guildford - South Granville,125031483,2022-23,70
Granville,NSW,1830,Granville - Clyde,125031481,2019-20,53
Granville,NSW,1830,Granville - Clyde,125031481,2020-21,53
Granville,NSW,1830,Granville - Clyde,125031481,2021-22,41
Granville,NSW,1830,Granville - Clyde,125031481,2022-23,58
Granville,NSW,1830,Granville,319051523,2019-20,4
Granville,NSW,1830,Granville,319051523,2020-21,7
Granville,NSW,1830,Granville,319051523,2021-22,6
Granville,NSW,1830,Granville,319051523,2022-23,8
Gwandalan,NSW,2259,Summerland Point - Gwandalan,102021052,2019-20,28
Gwandalan,NSW,2259,Summerland Point - Gwandalan,102021052,2020-21,41
Gwandalan,NSW,2259,Summerland Point - Gwandalan,102021052,2021-22,34
Gwandalan,NSW,2259,Summerland Point - Gwandalan,102021052,2022-23,97
Northmead,NSW,2152,Northmead,125041491,2019-20,45
Northmead,NSW,2152,Northmead,125041491,2020-21,422
Northmead,NSW,2152,Northmead,125041491,2021-22,62
Northmead,NSW,2152,Northmead,125041491,2022-23,50
Plumpton,NSW,2761,Hassall Grove - Plumpton,116031315,2019-20,49
Plumpton,NSW,2761,Hassall Grove - Plumpton,116031315,2020-21,40
Plumpton,NSW,2761,Hassall Grove - Plumpton,116031315,2021-22,51
Plumpton,NSW,2761,Hassall Grove - Plumpton,116031315,2022-23,64
Plumpton,NSW,2761,Fraser Rise - Plumpton,213041574,2019-20,374
Plumpton,NSW,2761,Fraser Rise - Plumpton,213041574,2020-21,1727
Plumpton,NSW,2761,Fraser Rise - Plumpton,213041574,2021-22,2045
Plumpton,NSW,2761,Fraser Rise - Plumpton,213041574,2022-23,1899
South Penrith,NSW,2750,Jamisontown - South Penrith,124031461,2019-20,94
South Penrith,NSW,2750,Jamisontown - South Penrith,124031461,2020-21,42
South Penrith,NSW,2750,Jamisontown - South Penrith,124031461,2021-22,52
South Penrith,NSW,2750,Jamisontown - South Penrith,124031461,2022-23,44
Campsie,NSW,2194,Campsie - North,119021659,2019-20,21
Campsie,NSW,2194,Campsie - North,119021659,2020-21,10
Campsie,NSW,2194,Campsie - North,119021659,2021-22,18
Campsie,NSW,2194,Campsie - North,119021659,2022-23,7
Campsie,NSW,2194,Campsie - South,119021660,2019-20,40
Campsie,NSW,2194,Campsie - South,119021660,2020-21,6
Campsie,NSW,2194,Campsie - South,119021660,2021-22,5
Campsie,NSW,2194,Campsie - South,119021660,2022-23,5
Helensburgh,NSW,2508,Helensburgh,107041147,2019-20,25
Helensburgh,NSW,2508,Helensburgh,107041147,2020-21,15
Helensburgh,NSW,2508,Helensburgh,107041147,2021-22,32
Helensburgh,NSW,2508,Helensburgh,107041147,2022-23,39
Newport,NSW,2106,Newport - Bilgola,122021422,2019-20,23
Newport,NSW,2106,Newport - Bilgola,122021422,2020-21,45
Newport,NSW,2106,Newport - Bilgola,122021422,2021-22,20
Newport,NSW,2106,Newport - Bilgola,122021422,2022-23,46
Newport,NSW,2106,Newport,213021344,2019-20,118
Newport,NSW,2106,Newport,213021344,2020-21,465
Newport,NSW,2106,Newport,213021344,2021-22,126
Newport,NSW,2106,Newport,213021344,2022-23,544
Newport,NSW,2106,Scarborough - Newport,313051575,2019-20,343
Newport,NSW,2106,Scarborough - Newport,313051575,2020-21,392
Newport,NSW,2106,Scarborough - Newport,313051575,2021-22,425
Newport,NSW,2106,Scarborough - Newport,313051575,2022-23,300
Smithfield,NSW,2164,Smithfield - Elizabeth North,402021034,2019-20,20
Smithfield,NSW,2164,Smithfield - Elizabeth North,402021034,2020-21,71
Smithfield,NSW,2164,Smithfield - Elizabeth North,402021034,2021-22,67
Smithfield,NSW,2164,Smithfield - Elizabeth North,402021034,2022-23,182
Smithfield,NSW,2164,Smithfield - Wetherill Park,127021519,2019-20,92
Smithfield,NSW,2164,Smithfield - Wetherill Park,127021519,2020-21,92
Smithfield,NSW,2164,Smithfield - Wetherill Park,127021519,2021-22,152
Smithfield,NSW,2164,Smithfield - Wetherill Park,127021519,2022-23,86
Smithfield,NSW,2164,Trinity Beach - Smithfield,306011142,2019-20,130
Smithfield,NSW,2164,Trinity Beach - Smithfield,306011142,2020-21,293
Smithfield,NSW,2164,Trinity Beach - Smithfield,306011142,2021-22,228
Smithfield,NSW,2164,Trinity Beach - Smithfield,306011142,2022-23,323
Thornleigh,NSW,2120,Normanhurst - Thornleigh - Westleigh,121021406,2019-20,133
Thornleigh,NSW,2120,Normanhurst - Thornleigh - Westleigh,121021406,2020-21,81
Thornleigh,NSW,2120,Normanhurst - Thornleigh - Westleigh,121021406,2021-22,42
Thornleigh,NSW,2120,Normanhurst - Thornleigh - Westleigh,121021406,2022-23,45
Belmore,NSW,2192,Belmore - Belfield,119021362,2019-20,78
Belmore,NSW,2192,Belmore - Belfield,119021362,2020-21,61
Belmore,NSW,2192,Belmore - Belfield,119021362,2021-22,71
Belmore,NSW,2192,Belmore - Belfield,119021362,2022-23,58
Beverly Hills,NSW,2209,Narwee - Beverly Hills,119031370,2019-20,40
Beverly Hills,NSW,2209,Narwee - Beverly Hills,119031370,2020-21,44
Beverly Hills,NSW,2209,Narwee - Beverly Hills,119031370,2021-22,50
Beverly Hills,NSW,2209,Narwee - Beverly Hills,119031370,2022-23,63
Cronulla,NSW,2230,Cronulla - Kurnell - Bundeena,128011604,2019-20,107
Cronulla,NSW,2230,Cronulla - Kurnell - Bundeena,128011604,2020-21,155
Cronulla,NSW,2230,Cronulla - Kurnell - Bundeena,128011604,2021-22,153
Cronulla,NSW,2230,Cronulla - Kurnell - Bundeena,128011604,2022-23,112
Eleebana,NSW,2282,Valentine - Eleebana,111011213,2019-20,23
Eleebana,NSW,2282,Valentine - Eleebana,111011213,2020-21,21
Eleebana,NSW,2282,Valentine - Eleebana,111011213,2021-22,21
Eleebana,NSW,2282,Valentine - Eleebana,111011213,2022-23,24
Maitland,NSW,2320,Maitland,106021114,2019-20,197
Maitland,NSW,2320,Maitland,106021114,2020-21,148
Maitland,NSW,2320,Maitland,106021114,2021-22,104
Maitland,NSW,2320,Maitland,106021114,2022-23,76
Maitland,NSW,2320,Maitland - North,106021116,2019-20,75
Maitland,NSW,2320,Maitland - North,106021116,2020-21,71
Maitland,NSW,2320,Maitland - North,106021116,2021-22,36
Maitland,NSW,2320,Maitland - North,106021116,2022-23,18
Maitland,NSW,2320,East Maitland - Metford,106021614,2019-20,28
Maitland,NSW,2320,East Maitland - Metford,106021614,2020-21,29
Maitland,NSW,2320,East Maitland - Metford,106021614,2021-22,49
Maitland,NSW,2320,East Maitland - Metford,106021614,2022-23,33
Maitland,NSW,2320,Tenambit - East Maitland,106021617,2019-20,27
Maitland,NSW,2320,Tenambit - East Maitland,106021617,2020-21,60
Maitland,NSW,2320,Tenambit - East Maitland,106021617,2021-22,36
Maitland,NSW,2320,Tenambit - East Maitland,106021617,2022-23,14
Mona Vale,NSW,1658,Mona Vale - Warriewood (North),122021690,2019-20,75
Mona Vale,NSW,1658,Mona Vale - Warriewood (North),122021690,2020-21,62
Mona Vale,NSW,1658,Mona Vale - Warriewood (North),122021690,2021-22,162
Mona Vale,NSW,1658,Mona Vale - Warriewood (North),122021690,2022-23,70
Pennant Hills,NSW,1715,West Pennant Hills,115011296,2019-20,21
Pennant Hills,NSW,1715,West Pennant Hills,115011296,2020-21,22
Pennant Hills,NSW,1715,West Pennant Hills,115011296,2021-22,13
Pennant Hills,NSW,1715,West Pennant Hills,115011296,2022-23,12
Pennant Hills,NSW,1715,Pennant Hills - Cheltenham,126011496,2019-20,52
Pennant Hills,NSW,1715,Pennant Hills - Cheltenham,126011496,2020-21,38
Pennant Hills,NSW,1715,Pennant Hills - Cheltenham,126011496,2021-22,58
Pennant Hills,NSW,1715,Pennant Hills - Cheltenham,126011496,2022-23,62
Seaforth,NSW,2092,Balgowlah - Clontarf - Seaforth,122011418,2019-20,59
Seaforth,NSW,2092,Balgowlah - Clontarf - Seaforth,122011418,2020-21,46
Seaforth,NSW,2092,Balgowlah - Clontarf - Seaforth,122011418,2021-22,73
Seaforth,NSW,2092,Balgowlah - Clontarf - Seaforth,122011418,2022-23,72
Seaforth,NSW,2092,Seaforth - Calen,312021353,2019-20,19
Seaforth,NSW,2092,Seaforth - Calen,312021353,2020-21,32
Seaforth,NSW,2092,Seaforth - Calen,312021353,2021-22,46
Seaforth,NSW,2092,Seaforth - Calen,312021353,2022-23,36
Winmalee,NSW,2777,Springwood - Winmalee,124011454,2019-20,24
Winmalee,NSW,2777,Springwood - Winmalee,124011454,2020-21,31
Winmalee,NSW,2777,Springwood - Winmalee,124011454,2021-22,28
Winmalee,NSW,2777,Springwood - Winmalee,124011454,2022-23,37
Wollongong,NSW,2500,Wollongong - East,107041548,2019-20,259
Wollongong,NSW,2500,Wollongong - East,107041548,2020-21,213
Wollongong,NSW,2500,Wollongong - East,107041548,2021-22,239
Wollongong,NSW,2500,Wollongong - East,107041548,2022-23,297
Wollongong,NSW,2500,Wollongong - West,107041549,2019-20,83
Wollongong,NSW,2500,Wollongong - West,107041549,2020-21,126
Wollongong,NSW,2500,Wollongong - West,107041549,2021-22,63
Wollongong,NSW,2500,Wollongong - West,107041549,2022-23,116
Balgowlah,NSW,2093,Balgowlah - Clontarf - Seaforth,122011418,2019-20,59
Balgowlah,NSW,2093,Balgowlah - Clontarf - Seaforth,122011418,2020-21,46
Balgowlah,NSW,2093,Balgowlah - Clontarf - Seaforth,122011418,2021-22,73
Balgowlah,NSW,2093,Balgowlah - Clontarf - Seaforth,122011418,2022-23,72
Belrose,NSW,2085,Belrose,122031692,2019-20,5
Belrose,NSW,2085,Belrose,122031692,2020-21,70
Belrose,NSW,2085,Belrose,122031692,2021-22,11
Belrose,NSW,2085,Belrose,122031692,2022-23,69
Bronte,NSW,2024,Bondi - Tamarama - Bronte,118011339,2019-20,42
Bronte,NSW,2024,Bondi - Tamarama - Bronte,118011339,2020-21,36
Bronte,NSW,2024,Bondi - Tamarama - Bronte,118011339,2021-22,38
Bronte,NSW,2024,Bondi - Tamarama - Bronte,118011339,2022-23,23
Cecil Hills,NSW,2171,Cecil Hills,127011593,2019-20,5
Cecil Hills,NSW,2171,Cecil Hills,127011593,2020-21,5
Cecil Hills,NSW,2171,Cecil Hills,127011593,2021-22,3
Cecil Hills,NSW,2171,Cecil Hills,127011593,2022-23,2
Corowa,NSW,2646,Corowa,109031180,2019-20,8
Corowa,NSW,2646,Corowa,109031180,2020-21,17
Corowa,NSW,2646,Corowa,109031180,2021-22,13
Corowa,NSW,2646,Corowa,109031180,2022-23,8
Corowa,NSW,2646,Corowa Surrounds,109031181,2019-20,41
Corowa,NSW,2646,Corowa Surrounds,109031181,2020-21,59
Corowa,NSW,2646,Corowa Surrounds,109031181,2021-22,54
Corowa,NSW,2646,Corowa Surrounds,109031181,2022-23,42
Glebe,NSW,2037,Glebe - Forest Lodge,117031331,2019-20,15
Glebe,NSW,2037,Glebe - Forest Lodge,117031331,2020-21,42
Glebe,NSW,2037,Glebe - Forest Lodge,117031331,2021-22,84
Glebe,NSW,2037,Glebe - Forest Lodge,117031331,2022-23,6
Green Valley,NSW,2168,Green Valley,127011594,2019-20,28
Green Valley,NSW,2168,Green Valley,127011594,2020-21,22
Green Valley,NSW,2168,Green Valley,127011594,2021-22,19
Green Valley,NSW,2168,Green Valley,127011594,2022-23,24
Gunnedah,NSW,2380,Gunnedah,110041199,2019-20,12
Gunnedah,NSW,2380,Gunnedah,110041199,2020-21,60
Gunnedah,NSW,2380,Gunnedah,110041199,2021-22,63
Gunnedah,NSW,2380,Gunnedah,110041199,2022-23,51
Gunnedah,NSW,2380,Gunnedah Surrounds,110041200,2019-20,3
Gunnedah,NSW,2380,Gunnedah Surrounds,110041200,2020-21,7
Gunnedah,NSW,2380,Gunnedah Surrounds,110041200,2021-22,6
Gunnedah,NSW,2380,Gunnedah Surrounds,110041200,2022-23,5
Hinchinbrook,NSW,2168,Hinchinbrook,127011595,2019-20,12
Hinchinbrook,NSW,2168,Hinchinbrook,127011595,2020-21,17
Hinchinbrook,NSW,2168,Hinchinbrook,127011595,2021-22,26
Hinchinbrook,NSW,2168,Hinchinbrook,127011595,2022-23,18
Kincumber,NSW,2251,Kincumber - Picketts Valley,102011034,2019-20,5
Kincumber,NSW,2251,Kincumber - Picketts Valley,102011034,2020-21,8
Kincumber,NSW,2251,Kincumber - Picketts Valley,102011034,2021-22,9
Kincumber,NSW,2251,Kincumber - Picketts Valley,102011034,2022-23,10
Picnic Point,NSW,2213,Panania (South) - Picnic Point,119011658,2019-20,67
Picnic Point,NSW,2213,Panania (South) - Picnic Point,119011658,2020-21,145
Picnic Point,NSW,2213,Panania (South) - Picnic Point,119011658,2021-22,138
Picnic Point,NSW,2213,Panania (South) - Picnic Point,119011658,2022-23,111
Tuncurry,NSW,2428,Forster-Tuncurry Surrounds,108011153,2019-20,41
Tuncurry,NSW,2428,Forster-Tuncurry Surrounds,108011153,2020-21,70
Tuncurry,NSW,2428,Forster-Tuncurry Surrounds,108011153,2021-22,61
Tuncurry,NSW,2428,Forster-Tuncurry Surrounds,108011153,2022-23,62
Tuncurry,NSW,2428,Tuncurry,108011154,2019-20,31
Tuncurry,NSW,2428,Tuncurry,108011154,2020-21,9
Tuncurry,NSW,2428,Tuncurry,108011154,2021-22,6
Tuncurry,NSW,2428,Tuncurry,108011154,2022-23,4
Valentine,NSW,2280,Valentine - Eleebana,111011213,2019-20,23
Valentine,NSW,2280,Valentine - Eleebana,111011213,2020-21,21
Valentine,NSW,2280,Valentine - Eleebana,111011213,2021-22,21
Valentine,NSW,2280,Valentine - Eleebana,111011213,2022-23,24
Allambie Heights,NSW,2100,Manly Vale - Allambie Heights,122031430,2019-20,31
Allambie Heights,NSW,2100,Manly Vale - Allambie Heights,122031430,2020-21,69
Allambie Heights,NSW,2100,Manly Vale - Allambie Heights,122031430,2021-22,50
Allambie Heights,NSW,2100,Manly Vale - Allambie Heights,122031430,2022-23,41
Casino,NSW,2470,Casino,112021244,2019-20,14
Casino,NSW,2470,Casino,112021244,2020-21,20
Casino,NSW,2470,Casino,112021244,2021-22,34
Casino,NSW,2470,Casino,112021244,2022-23,20
Casino,NSW,2470,Casino Surrounds,112021245,2019-20,21
Casino,NSW,2470,Casino Surrounds,112021245,2020-21,33
Casino,NSW,2470,Casino Surrounds,112021245,2021-22,12
Casino,NSW,2470,Casino Surrounds,112021245,2022-23,13
Glenwood,NSW,2768,Glenwood,116021309,2019-20,4
Glenwood,NSW,2768,Glenwood,116021309,2020-21,6
Glenwood,NSW,2768,Glenwood,116021309,2021-22,11
Glenwood,NSW,2768,Glenwood,116021309,2022-23,10
Kariong,NSW,2250,Kariong,102011033,2019-20,3
Kariong,NSW,2250,Kariong,102011033,2020-21,10
Kariong,NSW,2250,Kariong,102011033,2021-22,6
Kariong,NSW,2250,Kariong,102011033,2022-23,7
Murwillumbah,NSW,2484,Murwillumbah Surrounds,112031252,2019-20,24
Murwillumbah,NSW,2484,Murwillumbah Surrounds,112031252,2020-21,17
Murwillumbah,NSW,2484,Murwillumbah Surrounds,112031252,2021-22,23
Murwillumbah,NSW,2484,Murwillumbah Surrounds,112031252,2022-23,11
Murwillumbah,NSW,2484,Murwillumbah,112031251,2019-20,9
Murwillumbah,NSW,2484,Murwillumbah,112031251,2020-21,19
Murwillumbah,NSW,2484,Murwillumbah,112031251,2021-22,6
Murwillumbah,NSW,2484,Murwillumbah,112031251,2022-23,38
Pyrmont,NSW,2009,Pyrmont,117031641,2019-20,0
Pyrmont,NSW,2009,Pyrmont,117031641,2020-21,1
Cambridge Park,NSW,2747,Cambridge Park,124031457,2019-20,45
Cambridge Park,NSW,2747,Cambridge Park,124031457,2020-21,78
Cambridge Park,NSW,2747,Cambridge Park,124031457,2021-22,51
Cambridge Park,NSW,2747,Cambridge Park,124031457,2022-23,46
Junee,NSW,2663,Junee,113031265,2019-20,21
Junee,NSW,2663,Junee,113031265,2020-21,27
Junee,NSW,2663,Junee,113031265,2021-22,55
Junee,NSW,2663,Junee,113031265,2022-23,33
Lane Cove,NSW,1595,Chatswood (West) - Lane Cove North,121011399,2019-20,71
Lane Cove,NSW,1595,Chatswood (West) - Lane Cove North,121011399,2020-21,346
Lane Cove,NSW,1595,Chatswood (West) - Lane Cove North,121011399,2021-22,84
Lane Cove,NSW,1595,Chatswood (West) - Lane Cove North,121011399,2022-23,282
Lane Cove,NSW,1595,Lane Cove,121011686,2019-20,29
Lane Cove,NSW,1595,Lane Cove,121011686,2020-21,32
Lane Cove,NSW,1595,Lane Cove,121011686,2021-22,30
Lane Cove,NSW,1595,Lane Cove,121011686,2022-23,22
Toronto,NSW,2283,Toronto - Awaba,111021219,2019-20,73
Toronto,NSW,2283,Toronto - Awaba,111021219,2020-21,77
Toronto,NSW,2283,Toronto - Awaba,111021219,2021-22,69
Toronto,NSW,2283,Toronto - Awaba,111021219,2022-23,50
Wangi Wangi,NSW,2267,Wangi Wangi - Rathmines,111021220,2019-20,24
Wangi Wangi,NSW,2267,Wangi Wangi - Rathmines,111021220,2020-21,28
Wangi Wangi,NSW,2267,Wangi Wangi - Rathmines,111021220,2021-22,29
Wangi Wangi,NSW,2267,Wangi Wangi - Rathmines,111021220,2022-23,28
Carrington,NSW,2294,Wickham - Carrington - Tighes Hill,111031235,2019-20,14
Carrington,NSW,2294,Wickham - Carrington - Tighes Hill,111031235,2020-21,77
Carrington,NSW,2294,Wickham - Carrington - Tighes Hill,111031235,2021-22,23
Carrington,NSW,2294,Wickham - Carrington - Tighes Hill,111031235,2022-23,108
Freshwater,NSW,2096,Freshwater - Brookvale,122031429,2019-20,30
Freshwater,NSW,2096,Freshwater - Brookvale,122031429,2020-21,47
Freshwater,NSW,2096,Freshwater - Brookvale,122031429,2021-22,62
Freshwater,NSW,2096,Freshwater - Brookvale,122031429,2022-23,92
Freshwater,NSW,2096,Freshwater - Stratford,306011140,2019-20,5
Freshwater,NSW,2096,Freshwater - Stratford,306011140,2020-21,9
Freshwater,NSW,2096,Freshwater - Stratford,306011140,2021-22,7
Freshwater,NSW,2096,Freshwater - Stratford,306011140,2022-23,12
Glendenning,NSW,2761,Glendenning - Dean Park,116031314,2019-20,16
Glendenning,NSW,2761,Glendenning - Dean Park,116031314,2020-21,17
Glendenning,NSW,2761,Glendenning - Dean Park,116031314,2021-22,16
Glendenning,NSW,2761,Glendenning - Dean Park,116031314,2022-23,22
Menai,NSW,2234,Menai - Lucas Heights - Woronora,128021535,2019-20,15
Menai,NSW,2234,Menai - Lucas Heights - Woronora,128021535,2020-21,54
Menai,NSW,2234,Menai - Lucas Heights - Woronora,128021535,2021-22,100
Menai,NSW,2234,Menai - Lucas Heights - Woronora,128021535,2022-23,46
Merimbula,NSW,2548,Merimbula - Tura Beach,101041025,2019-20,45
Merimbula,NSW,2548,Merimbula - Tura Beach,101041025,2020-21,50
Merimbula,NSW,2548,Merimbula - Tura Beach,101041025,2021-22,39
Merimbula,NSW,2548,Merimbula - Tura Beach,101041025,2022-23,39
Metford,NSW,2323,East Maitland - Metford,106021614,2019-20,28
Metford,NSW,2323,East Maitland - Metford,106021614,2020-21,29
Metford,NSW,2323,East Maitland - Metford,106021614,2021-22,49
Metford,NSW,2323,East Maitland - Metford,106021614,2022-23,33
Mount Hutton,NSW,2290,Mount Hutton - Windale,111011210,2019-20,16
Mount Hutton,NSW,2290,Mount Hutton - Windale,111011210,2020-21,56
Mount Hutton,NSW,2290,Mount Hutton - Windale,111011210,2021-22,60
Mount Hutton,NSW,2290,Mount Hutton - Windale,111011210,2022-23,22
North Bondi,NSW,2026,Bondi Beach - North Bondi,118011340,2019-20,82
North Bondi,NSW,2026,Bondi Beach - North Bondi,118011340,2020-21,65
North Bondi,NSW,2026,Bondi Beach - North Bondi,118011340,2021-22,97
North Bondi,NSW,2026,Bondi Beach - North Bondi,118011340,2022-23,50
Temora,NSW,2666,Temora,113031266,2019-20,22
Temora,NSW,2666,Temora,113031266,2020-21,45
Temora,NSW,2666,Temora,113031266,2021-22,39
Temora,NSW,2666,Temora,113031266,2022-23,32
Vincentia,NSW,2540,Huskisson - Vincentia,114011276,2019-20,70
Vincentia,NSW,2540,Huskisson - Vincentia,114011276,2020-21,80
Vincentia,NSW,2540,Huskisson - Vincentia,114011276,2021-22,101
Vincentia,NSW,2540,Huskisson - Vincentia,114011276,2022-23,33
Blaxland,NSW,2774,Blaxland - Warrimoo - Lapstone,124011450,2019-20,21
Blaxland,NSW,2774,Blaxland - Warrimoo - Lapstone,124011450,2020-21,26
Blaxland,NSW,2774,Blaxland - Warrimoo - Lapstone,124011450,2021-22,43
Blaxland,NSW,2774,Blaxland - Warrimoo - Lapstone,124011450,2022-23,35
Bligh Park,NSW,2756,Windsor - Bligh Park,124041467,2019-20,15
Bligh Park,NSW,2756,Windsor - Bligh Park,124041467,2020-21,21
Bligh Park,NSW,2756,Windsor - Bligh Park,124041467,2021-22,17
Bligh Park,NSW,2756,Windsor - Bligh Park,124041467,2022-23,17
Bonny Hills,NSW,2445,Laurieton - Bonny Hills,108041162,2019-20,139
Bonny Hills,NSW,2445,Laurieton - Bonny Hills,108041162,2020-21,151
Bonny Hills,NSW,2445,Laurieton - Bonny Hills,108041162,2021-22,191
Bonny Hills,NSW,2445,Laurieton - Bonny Hills,108041162,2022-23,395
Crows Nest,NSW,1582,Crows Nest - Rosalie,307021179,2019-20,30
Crows Nest,NSW,1582,Crows Nest - Rosalie,307021179,2020-21,51
Crows Nest,NSW,1582,Crows Nest - Rosalie,307021179,2021-22,54
Crows Nest,NSW,1582,Crows Nest - Rosalie,307021179,2022-23,42
Crows Nest,NSW,1582,Crows Nest - Waverton,121041414,2019-20,1
Crows Nest,NSW,1582,Crows Nest - Waverton,121041414,2020-21,47
Crows Nest,NSW,1582,Crows Nest - Waverton,121041414,2021-22,2
Crows Nest,NSW,1582,Crows Nest - Waverton,121041414,2022-23,129
Deniliquin,NSW,2710,Deniliquin Surrounds,109031183,2019-20,19
Deniliquin,NSW,2710,Deniliquin Surrounds,109031183,2020-21,17
Deniliquin,NSW,2710,Deniliquin Surrounds,109031183,2021-22,23
Deniliquin,NSW,2710,Deniliquin Surrounds,109031183,2022-23,36
Deniliquin,NSW,2710,Deniliquin,109031182,2019-20,6
Deniliquin,NSW,2710,Deniliquin,109031182,2020-21,11
Deniliquin,NSW,2710,Deniliquin,109031182,2021-22,9
Deniliquin,NSW,2710,Deniliquin,109031182,2022-23,25
Doonside,NSW,2767,Doonside - Woodcroft,116011306,2019-20,26
Doonside,NSW,2767,Doonside - Woodcroft,116011306,2020-21,80
Doonside,NSW,2767,Doonside - Woodcroft,116011306,2021-22,45
Doonside,NSW,2767,Doonside - Woodcroft,116011306,2022-23,50
Fairlight,NSW,2094,Manly - Fairlight,122011419,2019-20,16
Fairlight,NSW,2094,Manly - Fairlight,122011419,2020-21,65
Fairlight,NSW,2094,Manly - Fairlight,122011419,2021-22,16
Fairlight,NSW,2094,Manly - Fairlight,122011419,2022-23,31
North Ryde,NSW,1671,North Ryde - East Ryde,126021501,2019-20,53
North Ryde,NSW,1671,North Ryde - East Ryde,126021501,2020-21,150
North Ryde,NSW,1671,North Ryde - East Ryde,126021501,2021-22,145
North Ryde,NSW,1671,North Ryde - East Ryde,126021501,2022-23,134
Putney,NSW,2112,Putney,126021590,2019-20,30
Putney,NSW,2112,Putney,126021590,2020-21,23
Putney,NSW,2112,Putney,126021590,2021-22,44
Putney,NSW,2112,Putney,126021590,2022-23,30
Rose Bay,NSW,2029,Rose Bay - Vaucluse - Watsons Bay,118011346,2019-20,31
Rose Bay,NSW,2029,Rose Bay - Vaucluse - Watsons Bay,118011346,2020-21,38
Rose Bay,NSW,2029,Rose Bay - Vaucluse - Watsons Bay,118011346,2021-22,74
Rose Bay,NSW,2029,Rose Bay - Vaucluse - Watsons Bay,118011346,2022-23,65
Rose Bay,NSW,2029,Lindisfarne - Rose Bay,601021008,2019-20,56
Rose Bay,NSW,2029,Lindisfarne - Rose Bay,601021008,2020-21,29
Rose Bay,NSW,2029,Lindisfarne - Rose Bay,601021008,2021-22,12
Rose Bay,NSW,2029,Lindisfarne - Rose Bay,601021008,2022-23,10
Summer Hill,NSW,2130,Haberfield - Summer Hill,120031395,2019-20,16
Summer Hill,NSW,2130,Haberfield - Summer Hill,120031395,2020-21,19
Summer Hill,NSW,2130,Haberfield - Summer Hill,120031395,2021-22,5
Summer Hill,NSW,2130,Haberfield - Summer Hill,120031395,2022-23,35
Warriewood,NSW,2102,Mona Vale - Warriewood (North),122021690,2019-20,75
Warriewood,NSW,2102,Mona Vale - Warriewood (North),122021690,2020-21,62
Warriewood,NSW,2102,Mona Vale - Warriewood (North),122021690,2021-22,162
Warriewood,NSW,2102,Mona Vale - Warriewood (North),122021690,2022-23,70
Warriewood,NSW,2102,North Narrabeen - Warriewood (South),122021691,2019-20,14
Warriewood,NSW,2102,North Narrabeen - Warriewood (South),122021691,2020-21,21
Warriewood,NSW,2102,North Narrabeen - Warriewood (South),122021691,2021-22,30
Warriewood,NSW,2102,North Narrabeen - Warriewood (South),122021691,2022-23,40
Abbotsford,NSW,2046,Five Dock - Abbotsford,120011386,2019-20,83
Abbotsford,NSW,2046,Five Dock - Abbotsford,120011386,2020-21,39
Abbotsford,NSW,2046,Five Dock - Abbotsford,120011386,2021-22,89
Abbotsford,NSW,2046,Five Dock - Abbotsford,120011386,2022-23,48
Abbotsford,NSW,2046,Abbotsford,206071139,2019-20,59
Abbotsford,NSW,2046,Abbotsford,206071139,2020-21,3
Abbotsford,NSW,2046,Abbotsford,206071139,2021-22,94
Abbotsford,NSW,2046,Abbotsford,206071139,2022-23,6
Bega,NSW,2550,Bega - Tathra,101041019,2019-20,44
Bega,NSW,2550,Bega - Tathra,101041019,2020-21,39
Bega,NSW,2550,Bega - Tathra,101041019,2021-22,58
Bega,NSW,2550,Bega - Tathra,101041019,2022-23,89
Bega,NSW,2550,Bega-Eden Hinterland,101041020,2019-20,38
Bega,NSW,2550,Bega-Eden Hinterland,101041020,2020-21,77
Bega,NSW,2550,Bega-Eden Hinterland,101041020,2021-22,41
Bega,NSW,2550,Bega-Eden Hinterland,101041020,2022-23,46
Cammeray,NSW,2062,Cremorne - Cammeray,121041413,2019-20,42
Cammeray,NSW,2062,Cremorne - Cammeray,121041413,2020-21,34
Cammeray,NSW,2062,Cremorne - Cammeray,121041413,2021-22,6
Cammeray,NSW,2062,Cremorne - Cammeray,121041413,2022-23,27
Elermore Vale,NSW,2287,Wallsend - Elermore Vale,111031233,2019-20,111
Elermore Vale,NSW,2287,Wallsend - Elermore Vale,111031233,2020-21,124
Elermore Vale,NSW,2287,Wallsend - Elermore Vale,111031233,2021-22,122
Elermore Vale,NSW,2287,Wallsend - Elermore Vale,111031233,2022-23,51
Glenhaven,NSW,2156,Glenhaven,115011294,2019-20,8
Glenhaven,NSW,2156,Glenhaven,115011294,2020-21,17
Glenhaven,NSW,2156,Glenhaven,115011294,2021-22,11
Glenhaven,NSW,2156,Glenhaven,115011294,2022-23,27
Inverell,NSW,2360,Inverell Surrounds - West,110021193,2019-20,5
Inverell,NSW,2360,Inverell Surrounds - West,110021193,2020-21,7
Inverell,NSW,2360,Inverell Surrounds - West,110021193,2021-22,8
Inverell,NSW,2360,Inverell Surrounds - West,110021193,2022-23,25
Inverell,NSW,2360,Inverell,110021191,2019-20,20
Inverell,NSW,2360,Inverell,110021191,2020-21,45
Inverell,NSW,2360,Inverell,110021191,2021-22,52
Inverell,NSW,2360,Inverell,110021191,2022-23,60
Inverell,NSW,2360,Inverell Surrounds - East,110021192,2019-20,4
Inverell,NSW,2360,Inverell Surrounds - East,110021192,2020-21,4
Inverell,NSW,2360,Inverell Surrounds - East,110021192,2021-22,8
Inverell,NSW,2360,Inverell Surrounds - East,110021192,2022-23,8
Kings Langley,NSW,2147,Lalor Park - Kings Langley,116011307,2019-20,122
Kings Langley,NSW,2147,Lalor Park - Kings Langley,116011307,2020-21,65
Kings Langley,NSW,2147,Lalor Park - Kings Langley,116011307,2021-22,125
Kings Langley,NSW,2147,Lalor Park - Kings Langley,116011307,2022-23,123
Kingscliff,NSW,2487,Kingscliff - Fingal Head,112031250,2019-20,90
Kingscliff,NSW,2487,Kingscliff - Fingal Head,112031250,2020-21,69
Kingscliff,NSW,2487,Kingscliff - Fingal Head,112031250,2021-22,98
Kingscliff,NSW,2487,Kingscliff - Fingal Head,112031250,2022-23,94
Leura,NSW,2780,Katoomba - Leura,124011452,2019-20,45
Leura,NSW,2780,Katoomba - Leura,124011452,2020-21,79
Leura,NSW,2780,Katoomba - Leura,124011452,2021-22,37
Leura,NSW,2780,Katoomba - Leura,124011452,2022-23,31
Marsfield,NSW,2122,Macquarie Park - Marsfield,126021500,2019-20,571
Marsfield,NSW,2122,Macquarie Park - Marsfield,126021500,2020-21,1457
Marsfield,NSW,2122,Macquarie Park - Marsfield,126021500,2021-22,89
Marsfield,NSW,2122,Macquarie Park - Marsfield,126021500,2022-23,1099
Mortdale,NSW,2223,Mortdale - Oatley,119031666,2019-20,61
Mortdale,NSW,2223,Mortdale - Oatley,119031666,2020-21,61
Mortdale,NSW,2223,Mortdale - Oatley,119031666,2021-22,38
Mortdale,NSW,2223,Mortdale - Oatley,119031666,2022-23,33
Mullumbimby,NSW,2482,Mullumbimby,112011243,2019-20,80
Mullumbimby,NSW,2482,Mullumbimby,112011243,2020-21,51
Mullumbimby,NSW,2482,Mullumbimby,112011243,2021-22,64
Mullumbimby,NSW,2482,Mullumbimby,112011243,2022-23,59
North Narrabeen,NSW,2101,North Narrabeen - Warriewood (South),122021691,2019-20,14
North Narrabeen,NSW,2101,North Narrabeen - Warriewood (South),122021691,2020-21,21
North Narrabeen,NSW,2101,North Narrabeen - Warriewood (South),122021691,2021-22,30
North Narrabeen,NSW,2101,North Narrabeen - Warriewood (South),122021691,2022-23,40
Sawtell,NSW,2452,Sawtell - Boambee,104021089,2019-20,47
Sawtell,NSW,2452,Sawtell - Boambee,104021089,2020-21,54
Sawtell,NSW,2452,Sawtell - Boambee,104021089,2021-22,59
Sawtell,NSW,2452,Sawtell - Boambee,104021089,2022-23,34
Sylvania,NSW,2224,Sylvania - Taren Point,128011531,2019-20,235
Sylvania,NSW,2224,Sylvania - Taren Point,128011531,2020-21,69
Sylvania,NSW,2224,Sylvania - Taren Point,128011531,2021-22,67
Sylvania,NSW,2224,Sylvania - Taren Point,128011531,2022-23,88
Telarah,NSW,2320,Rutherford (South) - Telarah,106021616,2019-20,178
Telarah,NSW,2320,Rutherford (South) - Telarah,106021616,2020-21,238
Telarah,NSW,2320,Rutherford (South) - Telarah,106021616,2021-22,145
Telarah,NSW,2320,Rutherford (South) - Telarah,106021616,2022-23,112
Berry,NSW,2535,Berry - Kangaroo Valley,114011272,2019-20,87
Berry,NSW,2535,Berry - Kangaroo Valley,114011272,2020-21,71
Berry,NSW,2535,Berry - Kangaroo Valley,114011272,2021-22,86
Berry,NSW,2535,Berry - Kangaroo Valley,114011272,2022-23,76
Bossley Park,NSW,2176,Bossley Park - Abbotsbury,127021510,2019-20,39
Bossley Park,NSW,2176,Bossley Park - Abbotsbury,127021510,2020-21,83
Bossley Park,NSW,2176,Bossley Park - Abbotsbury,127021510,2021-22,182
Bossley Park,NSW,2176,Bossley Park - Abbotsbury,127021510,2022-23,62
Canterbury,NSW,2193,Canterbury - South,119021661,2019-20,19
Canterbury,NSW,2193,Canterbury - South,119021661,2020-21,68
Canterbury,NSW,2193,Canterbury - South,119021661,2021-22,106
Canterbury,NSW,2193,Canterbury - South,119021661,2022-23,25
Canterbury,NSW,2193,Canterbury (North) - Ashbury,120031392,2019-20,7
Canterbury,NSW,2193,Canterbury (North) - Ashbury,120031392,2020-21,11
Canterbury,NSW,2193,Canterbury (North) - Ashbury,120031392,2021-22,5
Canterbury,NSW,2193,Canterbury (North) - Ashbury,120031392,2022-23,142
Canterbury,NSW,2193,Surrey Hills (West) - Canterbury,207011155,2019-20,77
Canterbury,NSW,2193,Surrey Hills (West) - Canterbury,207011155,2020-21,29
Canterbury,NSW,2193,Surrey Hills (West) - Canterbury,207011155,2021-22,79
Canterbury,NSW,2193,Surrey Hills (West) - Canterbury,207011155,2022-23,42
Colyton,NSW,2760,Colyton - Oxley Park,124051580,2019-20,86
Colyton,NSW,2760,Colyton - Oxley Park,124051580,2020-21,42
Colyton,NSW,2760,Colyton - Oxley Park,124051580,2021-22,53
Colyton,NSW,2760,Colyton - Oxley Park,124051580,2022-23,81
Gloucester,NSW,2422,Gloucester,108051167,2019-20,20
Gloucester,NSW,2422,Gloucester,108051167,2020-21,20
Gloucester,NSW,2422,Gloucester,108051167,2021-22,24
Gloucester,NSW,2422,Gloucester,108051167,2022-23,24
Kirrawee,NSW,2232,Sutherland - Kirrawee,128021538,2019-20,120
Kirrawee,NSW,2232,Sutherland - Kirrawee,128021538,2020-21,194
Kirrawee,NSW,2232,Sutherland - Kirrawee,128021538,2021-22,126
Kirrawee,NSW,2232,Sutherland - Kirrawee,128021538,2022-23,209
Kotara,NSW,2289,Adamstown - Kotara,111031222,2019-20,82
Kotara,NSW,2289,Adamstown - Kotara,111031222,2020-21,166
Kotara,NSW,2289,Adamstown - Kotara,111031222,2021-22,58
Kotara,NSW,2289,Adamstown - Kotara,111031222,2022-23,56
Lisarow,NSW,2250,Niagara Park - Lisarow,102011036,2019-20,16
Lisarow,NSW,2250,Niagara Park - Lisarow,102011036,2020-21,19
Lisarow,NSW,2250,Niagara Park - Lisarow,102011036,2021-22,22
Lisarow,NSW,2250,Niagara Park - Lisarow,102011036,2022-23,13
Rockdale,NSW,2216,Rockdale - Banksia,119041381,2019-20,13
Rockdale,NSW,2216,Rockdale - Banksia,119041381,2020-21,118
Rockdale,NSW,2216,Rockdale - Banksia,119041381,2021-22,17
Rockdale,NSW,2216,Rockdale - Banksia,119041381,2022-23,62
Sussex Inlet,NSW,2540,Sussex Inlet - Berrara,114011280,2019-20,37
Sussex Inlet,NSW,2540,Sussex Inlet - Berrara,114011280,2020-21,23
Sussex Inlet,NSW,2540,Sussex Inlet - Berrara,114011280,2021-22,74
Sussex Inlet,NSW,2540,Sussex Inlet - Berrara,114011280,2022-23,48
Tighes Hill,NSW,2297,Wickham - Carrington - Tighes Hill,111031235,2019-20,14
Tighes Hill,NSW,2297,Wickham - Carrington - Tighes Hill,111031235,2020-21,77
Tighes Hill,NSW,2297,Wickham - Carrington - Tighes Hill,111031235,2021-22,23
Tighes Hill,NSW,2297,Wickham - Carrington - Tighes Hill,111031235,2022-23,108
Ashbury,NSW,2193,Canterbury (North) - Ashbury,120031392,2019-20,7
Ashbury,NSW,2193,Canterbury (North) - Ashbury,120031392,2020-21,11
Ashbury,NSW,2193,Canterbury (North) - Ashbury,120031392,2021-22,5
Ashbury,NSW,2193,Canterbury (North) - Ashbury,120031392,2022-23,142
Blakehurst,NSW,2221,South Hurstville - Blakehurst,119031374,2019-20,133
Blakehurst,NSW,2221,South Hurstville - Blakehurst,119031374,2020-21,299
Blakehurst,NSW,2221,South Hurstville - Blakehurst,119031374,2021-22,86
Blakehurst,NSW,2221,South Hurstville - Blakehurst,119031374,2022-23,147
Bulli,NSW,2516,Woonona - Bulli - Russell Vale,107041150,2019-20,57
Bulli,NSW,2516,Woonona - Bulli - Russell Vale,107041150,2020-21,104
Bulli,NSW,2516,Woonona - Bulli - Russell Vale,107041150,2021-22,86
Bulli,NSW,2516,Woonona - Bulli - Russell Vale,107041150,2022-23,86
Carlton,NSW,2218,Carlton,206041117,2019-20,64
Carlton,NSW,2218,Carlton,206041117,2020-21,3
Carlton,NSW,2218,Carlton,206041117,2021-22,194
Carlton,NSW,2218,Carlton,206041117,2022-23,28
Carlton,NSW,2218,Kogarah Bay - Carlton - Allawah,119041379,2019-20,199
Carlton,NSW,2218,Kogarah Bay - Carlton - Allawah,119041379,2020-21,129
Carlton,NSW,2218,Kogarah Bay - Carlton - Allawah,119041379,2021-22,52
Carlton,NSW,2218,Kogarah Bay - Carlton - Allawah,119041379,2022-23,231
Carlton,NSW,2218,Carlton North - Princes Hill,206071140,2019-20,2
Carlton,NSW,2218,Carlton North - Princes Hill,206071140,2020-21,3
Carlton,NSW,2218,Carlton North - Princes Hill,206071140,2021-22,1
Carlton,NSW,2218,Carlton North - Princes Hill,206071140,2022-23,3
Corrimal,NSW,2518,Corrimal - Tarrawanna - Bellambi,107041145,2019-20,70
Corrimal,NSW,2518,Corrimal - Tarrawanna - Bellambi,107041145,2020-21,133
Corrimal,NSW,2518,Corrimal - Tarrawanna - Bellambi,107041145,2021-22,49
Corrimal,NSW,2518,Corrimal - Tarrawanna - Bellambi,107041145,2022-23,88
Lismore,NSW,2480,Lismore,112021248,2019-20,37
Lismore,NSW,2480,Lismore,112021248,2020-21,15
Lismore,NSW,2480,Lismore,112021248,2021-22,14
Lismore,NSW,2480,Lismore,112021248,2022-23,3
Lismore,NSW,2480,Lismore Surrounds,112021249,2019-20,65
Lismore,NSW,2480,Lismore Surrounds,112021249,2020-21,73
Lismore,NSW,2480,Lismore Surrounds,112021249,2021-22,72
Lismore,NSW,2480,Lismore Surrounds,112021249,2022-23,51
Macquarie Fields,NSW,2564,Macquarie Fields,123021706,2019-20,20
Macquarie Fields,NSW,2564,Macquarie Fields,123021706,2020-21,24
Macquarie Fields,NSW,2564,Macquarie Fields,123021706,2021-22,54
Macquarie Fields,NSW,2564,Macquarie Fields,123021706,2022-23,42
Mount Druitt,NSW,2770,Mount Druitt - Whalan,116031317,2019-20,204
Mount Druitt,NSW,2770,Mount Druitt - Whalan,116031317,2020-21,45
Mount Druitt,NSW,2770,Mount Druitt - Whalan,116031317,2021-22,65
Mount Druitt,NSW,2770,Mount Druitt - Whalan,116031317,2022-23,48
Newington,NSW,2127,Silverwater - Newington,125011709,2019-20,9
Newington,NSW,2127,Silverwater - Newington,125011709,2020-21,12
Newington,NSW,2127,Silverwater - Newington,125011709,2021-22,3
Newington,NSW,2127,Silverwater - Newington,125011709,2022-23,1
Normanhurst,NSW,2076,Normanhurst - Thornleigh - Westleigh,121021406,2019-20,133
Normanhurst,NSW,2076,Normanhurst - Thornleigh - Westleigh,121021406,2020-21,81
Normanhurst,NSW,2076,Normanhurst - Thornleigh - Westleigh,121021406,2021-22,42
Normanhurst,NSW,2076,Normanhurst - Thornleigh - Westleigh,121021406,2022-23,45
Northbridge,NSW,1560,Castle Cove - Northbridge,121011683,2019-20,27
Northbridge,NSW,1560,Castle Cove - Northbridge,121011683,2020-21,33
Northbridge,NSW,1560,Castle Cove - Northbridge,121011683,2021-22,51
Northbridge,NSW,1560,Castle Cove - Northbridge,121011683,2022-23,39
Northbridge,NSW,1560,Perth (West) - Northbridge,503021297,2019-20,492
Northbridge,NSW,1560,Perth (West) - Northbridge,503021297,2020-21,435
Northbridge,NSW,1560,Perth (West) - Northbridge,503021297,2021-22,40
Northbridge,NSW,1560,Perth (West) - Northbridge,503021297,2022-23,1
Paddington,NSW,2021,Paddington - Moore Park,118011345,2019-20,1
Paddington,NSW,2021,Paddington - Moore Park,118011345,2020-21,2
Paddington,NSW,2021,Paddington - Moore Park,118011345,2021-22,4
Paddington,NSW,2021,Paddington - Moore Park,118011345,2022-23,4
Paddington,NSW,2021,Paddington - Milton,305041135,2019-20,18
Paddington,NSW,2021,Paddington - Milton,305041135,2020-21,310
Paddington,NSW,2021,Paddington - Milton,305041135,2021-22,5
Paddington,NSW,2021,Paddington - Milton,305041135,2022-23,119
Toukley,NSW,2263,Toukley - Norah Head,102021054,2019-20,46
Toukley,NSW,2263,Toukley - Norah Head,102021054,2020-21,31
Toukley,NSW,2263,Toukley - Norah Head,102021054,2021-22,50
Toukley,NSW,2263,Toukley - Norah Head,102021054,2022-23,50
Tura Beach,NSW,2548,Merimbula - Tura Beach,101041025,2019-20,45
Tura Beach,NSW,2548,Merimbula - Tura Beach,101041025,2020-21,50
Tura Beach,NSW,2548,Merimbula - Tura Beach,101041025,2021-22,39
Tura Beach,NSW,2548,Merimbula - Tura Beach,101041025,2022-23,39
Acacia Gardens,NSW,2763,Acacia Gardens,116021562,2019-20,0
Acacia Gardens,NSW,2763,Acacia Gardens,116021562,2020-21,16
Acacia Gardens,NSW,2763,Acacia Gardens,116021562,2021-22,5
Acacia Gardens,NSW,2763,Acacia Gardens,116021562,2022-23,2
Boolaroo,NSW,2284,Warners Bay - Boolaroo,111011214,2019-20,87
Boolaroo,NSW,2284,Warners Bay - Boolaroo,111011214,2020-21,175
Boolaroo,NSW,2284,Warners Bay - Boolaroo,111011214,2021-22,98
Boolaroo,NSW,2284,Warners Bay - Boolaroo,111011214,2022-23,53
Concord West,NSW,2138,Concord West - North Strathfield,120011672,2019-20,47
Concord West,NSW,2138,Concord West - North Strathfield,120011672,2020-21,50
Concord West,NSW,2138,Concord West - North Strathfield,120011672,2021-22,56
Concord West,NSW,2138,Concord West - North Strathfield,120011672,2022-23,295
Condell Park,NSW,2200,Condell Park,119011356,2019-20,80
Condell Park,NSW,2200,Condell Park,119011356,2020-21,84
Condell Park,NSW,2200,Condell Park,119011356,2021-22,99
Condell Park,NSW,2200,Condell Park,119011356,2022-23,71
Eagle Vale,NSW,2558,Claymore - Eagle Vale - Raby,123021438,2019-20,36
Eagle Vale,NSW,2558,Claymore - Eagle Vale - Raby,123021438,2020-21,31
Eagle Vale,NSW,2558,Claymore - Eagle Vale - Raby,123021438,2021-22,93
Eagle Vale,NSW,2558,Claymore - Eagle Vale - Raby,123021438,2022-23,92
Glendale,NSW,2285,Glendale - Cardiff - Hillsborough,111011209,2019-20,222
Glendale,NSW,2285,Glendale - Cardiff - Hillsborough,111011209,2020-21,47
Glendale,NSW,2285,Glendale - Cardiff - Hillsborough,111011209,2021-22,42
Glendale,NSW,2285,Glendale - Cardiff - Hillsborough,111011209,2022-23,64
Mannering Park,NSW,2259,Lake Munmorah - Mannering Park,102021050,2019-20,17
Mannering Park,NSW,2259,Lake Munmorah - Mannering Park,102021050,2020-21,12
Mannering Park,NSW,2259,Lake Munmorah - Mannering Park,102021050,2021-22,25
Mannering Park,NSW,2259,Lake Munmorah - Mannering Park,102021050,2022-23,17
Oatlands,NSW,2117,Oatlands - Dundas Valley,125021478,2019-20,124
Oatlands,NSW,2117,Oatlands - Dundas Valley,125021478,2020-21,142
Oatlands,NSW,2117,Oatlands - Dundas Valley,125021478,2021-22,155
Oatlands,NSW,2117,Oatlands - Dundas Valley,125021478,2022-23,108
Penshurst,NSW,2222,Penshurst,119031667,2019-20,22
Penshurst,NSW,2222,Penshurst,119031667,2020-21,20
Penshurst,NSW,2222,Penshurst,119031667,2021-22,9
Penshurst,NSW,2222,Penshurst,119031667,2022-23,7
Point Clare,NSW,2250,Point Clare - Koolewong,102011037,2019-20,12
Point Clare,NSW,2250,Point Clare - Koolewong,102011037,2020-21,6
Point Clare,NSW,2250,Point Clare - Koolewong,102011037,2021-22,6
Point Clare,NSW,2250,Point Clare - Koolewong,102011037,2022-23,10
Tempe,NSW,2044,Sydenham - Tempe - St Peters,117021328,2019-20,110
Tempe,NSW,2044,Sydenham - Tempe - St Peters,117021328,2020-21,21
Tempe,NSW,2044,Sydenham - Tempe - St Peters,117021328,2021-22,17
Tempe,NSW,2044,Sydenham - Tempe - St Peters,117021328,2022-23,16
Tweed Heads South,NSW,2486,Tweed Heads South,112031552,2019-20,16
Tweed Heads South,NSW,2486,Tweed Heads South,112031552,2020-21,7
Tweed Heads South,NSW,2486,Tweed Heads South,112031552,2021-22,138
Tweed Heads South,NSW,2486,Tweed Heads South,112031552,2022-23,10
Blayney,NSW,2799,Blayney,103041076,2019-20,13
Blayney,NSW,2799,Blayney,103041076,2020-21,22
Blayney,NSW,2799,Blayney,103041076,2021-22,32
Blayney,NSW,2799,Blayney,103041076,2022-23,33
Caves Beach,NSW,2281,Swansea - Caves Beach,111011212,2019-20,79
Caves Beach,NSW,2281,Swansea - Caves Beach,111011212,2020-21,90
Caves Beach,NSW,2281,Swansea - Caves Beach,111011212,2021-22,149
Caves Beach,NSW,2281,Swansea - Caves Beach,111011212,2022-23,107
Chittaway Bay,NSW,2261,Chittaway Bay - Tumbi Umbi,102021047,2019-20,35
Chittaway Bay,NSW,2261,Chittaway Bay - Tumbi Umbi,102021047,2020-21,130
Chittaway Bay,NSW,2261,Chittaway Bay - Tumbi Umbi,102021047,2021-22,49
Chittaway Bay,NSW,2261,Chittaway Bay - Tumbi Umbi,102021047,2022-23,48
Harrington,NSW,2427,Harrington Park,123011700,2019-20,18
Harrington,NSW,2427,Harrington Park,123011700,2020-21,42
Harrington,NSW,2427,Harrington Park,123011700,2021-22,21
Harrington,NSW,2427,Harrington Park,123011700,2022-23,9
Illawong,NSW,2234,Illawong - Alfords Point,128021534,2019-20,15
Illawong,NSW,2234,Illawong - Alfords Point,128021534,2020-21,8
Illawong,NSW,2234,Illawong - Alfords Point,128021534,2021-22,12
Illawong,NSW,2234,Illawong - Alfords Point,128021534,2022-23,6
Kogarah,NSW,1485,Kogarah,119041378,2019-20,477
Kogarah,NSW,1485,Kogarah,119041378,2020-21,318
Kogarah,NSW,1485,Kogarah,119041378,2021-22,279
Kogarah,NSW,1485,Kogarah,119041378,2022-23,60
Kogarah,NSW,1485,Kogarah Bay - Carlton - Allawah,119041379,2019-20,199
Kogarah,NSW,1485,Kogarah Bay - Carlton - Allawah,119041379,2020-21,129
Kogarah,NSW,1485,Kogarah Bay - Carlton - Allawah,119041379,2021-22,52
Kogarah,NSW,1485,Kogarah Bay - Carlton - Allawah,119041379,2022-23,231
Lalor Park,NSW,2147,Lalor Park - Kings Langley,116011307,2019-20,122
Lalor Park,NSW,2147,Lalor Park - Kings Langley,116011307,2020-21,65
Lalor Park,NSW,2147,Lalor Park - Kings Langley,116011307,2021-22,125
Lalor Park,NSW,2147,Lalor Park - Kings Langley,116011307,2022-23,123
Lilli Pilli,NSW,2229,Lilli Pilli - Port Hacking - Dolans Bay,128011605,2019-20,8
Lilli Pilli,NSW,2229,Lilli Pilli - Port Hacking - Dolans Bay,128011605,2020-21,4
Lilli Pilli,NSW,2229,Lilli Pilli - Port Hacking - Dolans Bay,128011605,2021-22,7
Lilli Pilli,NSW,2229,Lilli Pilli - Port Hacking - Dolans Bay,128011605,2022-23,6
North Epping,NSW,2121,Epping (East) - North Epping,126011720,2019-20,547
North Epping,NSW,2121,Epping (East) - North Epping,126011720,2020-21,132
North Epping,NSW,2121,Epping (East) - North Epping,126011720,2021-22,40
North Epping,NSW,2121,Epping (East) - North Epping,126011720,2022-23,325
Oak Flats,NSW,2529,Shellharbour - Oak Flats,107031142,2019-20,74
Oak Flats,NSW,2529,Shellharbour - Oak Flats,107031142,2020-21,137
Oak Flats,NSW,2529,Shellharbour - Oak Flats,107031142,2021-22,74
Oak Flats,NSW,2529,Shellharbour - Oak Flats,107031142,2022-23,102
Parramatta,NSW,1740,North Parramatta,125041489,2019-20,138
Parramatta,NSW,1740,North Parramatta,125041489,2020-21,15
Parramatta,NSW,1740,North Parramatta,125041489,2021-22,62
Parramatta,NSW,1740,North Parramatta,125041489,2022-23,22
Parramatta,NSW,1740,Parramatta - North,125041717,2019-20,771
Parramatta,NSW,1740,Parramatta - North,125041717,2020-21,708
Parramatta,NSW,1740,Parramatta - North,125041717,2021-22,433
Parramatta,NSW,1740,Parramatta - North,125041717,2022-23,64
Parramatta,NSW,1740,Parramatta - South,125041718,2019-20,186
Parramatta,NSW,1740,Parramatta - South,125041718,2020-21,12
Parramatta,NSW,1740,Parramatta - South,125041718,2021-22,9
Parramatta,NSW,1740,Parramatta - South,125041718,2022-23,6
Rathmines,NSW,2283,Wangi Wangi - Rathmines,111021220,2019-20,24
Rathmines,NSW,2283,Wangi Wangi - Rathmines,111021220,2020-21,28
Rathmines,NSW,2283,Wangi Wangi - Rathmines,111021220,2021-22,29
Rathmines,NSW,2283,Wangi Wangi - Rathmines,111021220,2022-23,28
Shortland,NSW,2307,Shortland - Jesmond,111031231,2019-20,79
Shortland,NSW,2307,Shortland - Jesmond,111031231,2020-21,89
Shortland,NSW,2307,Shortland - Jesmond,111031231,2021-22,87
Shortland,NSW,2307,Shortland - Jesmond,111031231,2022-23,44
Tanilba Bay,NSW,2319,Lemon Tree Passage - Tanilba Bay,106031120,2019-20,8
Tanilba Bay,NSW,2319,Lemon Tree Passage - Tanilba Bay,106031120,2020-21,20
Tanilba Bay,NSW,2319,Lemon Tree Passage - Tanilba Bay,106031120,2021-22,32
Tanilba Bay,NSW,2319,Lemon Tree Passage - Tanilba Bay,106031120,2022-23,25
Vaucluse,NSW,2030,Rose Bay - Vaucluse - Watsons Bay,118011346,2019-20,31
Vaucluse,NSW,2030,Rose Bay - Vaucluse - Watsons Bay,118011346,2020-21,38
Vaucluse,NSW,2030,Rose Bay - Vaucluse - Watsons Bay,118011346,2021-22,74
Vaucluse,NSW,2030,Rose Bay - Vaucluse - Watsons Bay,118011346,2022-23,65
Bella Vista,NSW,2153,Baulkham Hills (West) - Bella Vista,115011291,2019-20,208
Bella Vista,NSW,2153,Baulkham Hills (West) - Bella Vista,115011291,2020-21,98
Bella Vista,NSW,2153,Baulkham Hills (West) - Bella Vista,115011291,2021-22,216
Bella Vista,NSW,2153,Baulkham Hills (West) - Bella Vista,115011291,2022-23,592
Cooks Hill,NSW,2300,Newcastle - Cooks Hill,111031229,2019-20,421
Cooks Hill,NSW,2300,Newcastle - Cooks Hill,111031229,2020-21,169
Cooks Hill,NSW,2300,Newcastle - Cooks Hill,111031229,2021-22,11
Cooks Hill,NSW,2300,Newcastle - Cooks Hill,111031229,2022-23,47
Dee Why,NSW,2099,Dee Why (South) - North Curl Curl,122031694,2019-20,33
Dee Why,NSW,2099,Dee Why (South) - North Curl Curl,122031694,2020-21,90
Dee Why,NSW,2099,Dee Why (South) - North Curl Curl,122031694,2021-22,20
Dee Why,NSW,2099,Dee Why (South) - North Curl Curl,122031694,2022-23,18
Dee Why,NSW,2099,Dee Why - North,122031695,2019-20,90
Dee Why,NSW,2099,Dee Why - North,122031695,2020-21,13
Dee Why,NSW,2099,Dee Why - North,122031695,2021-22,8
Dee Why,NSW,2099,Dee Why - North,122031695,2022-23,160
Elanora Heights,NSW,2101,Bayview - Elanora Heights,122021421,2019-20,16
Elanora Heights,NSW,2101,Bayview - Elanora Heights,122021421,2020-21,46
Elanora Heights,NSW,2101,Bayview - Elanora Heights,122021421,2021-22,34
Elanora Heights,NSW,2101,Bayview - Elanora Heights,122021421,2022-23,20
Fairfield,NSW,1860,Fairfield - East,125031480,2019-20,45
Fairfield,NSW,1860,Fairfield - East,125031480,2020-21,94
Fairfield,NSW,1860,Fairfield - East,125031480,2021-22,63
Fairfield,NSW,1860,Fairfield - East,125031480,2022-23,46
Fairfield,NSW,1860,Fairfield,127021515,2019-20,87
Fairfield,NSW,1860,Fairfield,127021515,2020-21,99
Fairfield,NSW,1860,Fairfield,127021515,2021-22,48
Fairfield,NSW,1860,Fairfield,127021515,2022-23,503
Fairfield,NSW,1860,Fairfield - West,127021516,2019-20,102
Fairfield,NSW,1860,Fairfield - West,127021516,2020-21,152
Fairfield,NSW,1860,Fairfield - West,127021516,2021-22,186
Fairfield,NSW,1860,Fairfield - West,127021516,2022-23,113
Fairfield,NSW,1860,Alphington - Fairfield,206021110,2019-20,62
Fairfield,NSW,1860,Alphington - Fairfield,206021110,2020-21,50
Fairfield,NSW,1860,Alphington - Fairfield,206021110,2021-22,62
Fairfield,NSW,1860,Alphington - Fairfield,206021110,2022-23,29
Fairfield,NSW,1860,Fairfield - Dutton Park,303021054,2019-20,12
Fairfield,NSW,1860,Fairfield - Dutton Park,303021054,2020-21,329
Fairfield,NSW,1860,Fairfield - Dutton Park,303021054,2021-22,77
Fairfield,NSW,1860,Fairfield - Dutton Park,303021054,2022-23,5
Hill Top,NSW,2575,Hill Top - Colo Vale,114021285,2019-20,19
Hill Top,NSW,2575,Hill Top - Colo Vale,114021285,2020-21,21
Hill Top,NSW,2575,Hill Top - Colo Vale,114021285,2021-22,24
Hill Top,NSW,2575,Hill Top - Colo Vale,114021285,2022-23,21
Redhead,NSW,2290,Redhead,111011211,2019-20,12
Redhead,NSW,2290,Redhead,111011211,2020-21,15
Redhead,NSW,2290,Redhead,111011211,2021-22,12
Redhead,NSW,2290,Redhead,111011211,2022-23,48
Rosemeadow,NSW,2560,Rosemeadow - Glen Alpine,123021444,2019-20,28
Rosemeadow,NSW,2560,Rosemeadow - Glen Alpine,123021444,2020-21,50
Rosemeadow,NSW,2560,Rosemeadow - Glen Alpine,123021444,2021-22,225
Rosemeadow,NSW,2560,Rosemeadow - Glen Alpine,123021444,2022-23,248
South Coogee,NSW,2034,South Coogee,118021654,2019-20,22
South Coogee,NSW,2034,South Coogee,118021654,2020-21,7
South Coogee,NSW,2034,South Coogee,118021654,2021-22,10
South Coogee,NSW,2034,South Coogee,118021654,2022-23,13
South West Rocks,NSW,2431,South West Rocks,108021160,2019-20,28
South West Rocks,NSW,2431,South West Rocks,108021160,2020-21,23
South West Rocks,NSW,2431,South West Rocks,108021160,2021-22,125
South West Rocks,NSW,2431,South West Rocks,108021160,2022-23,91
Tumbi Umbi,NSW,2261,Chittaway Bay - Tumbi Umbi,102021047,2019-20,35
Tumbi Umbi,NSW,2261,Chittaway Bay - Tumbi Umbi,102021047,2020-21,130
Tumbi Umbi,NSW,2261,Chittaway Bay - Tumbi Umbi,102021047,2021-22,49
Tumbi Umbi,NSW,2261,Chittaway Bay - Tumbi Umbi,102021047,2022-23,48
Tweed Heads,NSW,2485,Tweed Heads,112031254,2019-20,11
Tweed Heads,NSW,2485,Tweed Heads,112031254,2020-21,142
Tweed Heads,NSW,2485,Tweed Heads,112031254,2021-22,34
Tweed Heads,NSW,2485,Tweed Heads,112031254,2022-23,30
Tweed Heads,NSW,2485,Tweed Heads South,112031552,2019-20,16
Tweed Heads,NSW,2485,Tweed Heads South,112031552,2020-21,7
Tweed Heads,NSW,2485,Tweed Heads South,112031552,2021-22,138
Tweed Heads,NSW,2485,Tweed Heads South,112031552,2022-23,10
Urunga,NSW,2455,Urunga,104021090,2019-20,18
Urunga,NSW,2455,Urunga,104021090,2020-21,6
Urunga,NSW,2455,Urunga,104021090,2021-22,7
Urunga,NSW,2455,Urunga,104021090,2022-23,10
Westleigh,NSW,2120,Normanhurst - Thornleigh - Westleigh,121021406,2019-20,133
Westleigh,NSW,2120,Normanhurst - Thornleigh - Westleigh,121021406,2020-21,81
Westleigh,NSW,2120,Normanhurst - Thornleigh - Westleigh,121021406,2021-22,42
Westleigh,NSW,2120,Normanhurst - Thornleigh - Westleigh,121021406,2022-23,45
Albury,NSW,2640,Albury - East,109011172,2019-20,238
Albury,NSW,2640,Albury - East,109011172,2020-21,374
Albury,NSW,2640,Albury - East,109011172,2021-22,267
Albury,NSW,2640,Albury - East,109011172,2022-23,277
Albury,NSW,2640,Albury - North,109011173,2019-20,27
Albury,NSW,2640,Albury - North,109011173,2020-21,57
Albury,NSW,2640,Albury - North,109011173,2021-22,40
Albury,NSW,2640,Albury - North,109011173,2022-23,32
Albury,NSW,2640,Albury - South,109011174,2019-20,53
Albury,NSW,2640,Albury - South,109011174,2020-21,17
Albury,NSW,2640,Albury - South,109011174,2021-22,31
Albury,NSW,2640,Albury - South,109011174,2022-23,54
Albury,NSW,2640,Albury Surrounds,109011175,2019-20,79
Albury,NSW,2640,Albury Surrounds,109011175,2020-21,137
Albury,NSW,2640,Albury Surrounds,109011175,2021-22,108
Albury,NSW,2640,Albury Surrounds,109011175,2022-23,102
Avoca Beach,NSW,2251,Avoca Beach - Copacabana,102011028,2019-20,20
Avoca Beach,NSW,2251,Avoca Beach - Copacabana,102011028,2020-21,23
Avoca Beach,NSW,2251,Avoca Beach - Copacabana,102011028,2021-22,39
Avoca Beach,NSW,2251,Avoca Beach - Copacabana,102011028,2022-23,39
Banksia,NSW,2216,Rockdale - Banksia,119041381,2019-20,13
Banksia,NSW,2216,Rockdale - Banksia,119041381,2020-21,118
Banksia,NSW,2216,Rockdale - Banksia,119041381,2021-22,17
Banksia,NSW,2216,Rockdale - Banksia,119041381,2022-23,62
Bellevue Hill,NSW,2023,Bellevue Hill,118011649,2019-20,48
Bellevue Hill,NSW,2023,Bellevue Hill,118011649,2020-21,35
Bellevue Hill,NSW,2023,Bellevue Hill,118011649,2021-22,53
Bellevue Hill,NSW,2023,Bellevue Hill,118011649,2022-23,90
Berkeley,NSW,2506,Berkeley - Lake Heights - Cringila,107011545,2019-20,37
Berkeley,NSW,2506,Berkeley - Lake Heights - Cringila,107011545,2020-21,35
Berkeley,NSW,2506,Berkeley - Lake Heights - Cringila,107011545,2021-22,47
Berkeley,NSW,2506,Berkeley - Lake Heights - Cringila,107011545,2022-23,56
Jesmond,NSW,2299,Shortland - Jesmond,111031231,2019-20,79
Jesmond,NSW,2299,Shortland - Jesmond,111031231,2020-21,89
Jesmond,NSW,2299,Shortland - Jesmond,111031231,2021-22,87
Jesmond,NSW,2299,Shortland - Jesmond,111031231,2022-23,44
Springfield,NSW,2250,Gosford - Springfield,102011032,2019-20,172
Springfield,NSW,2250,Gosford - Springfield,102011032,2020-21,121
Springfield,NSW,2250,Gosford - Springfield,102011032,2021-22,234
Springfield,NSW,2250,Gosford - Springfield,102011032,2022-23,774
Springfield,NSW,2250,Springfield,310041303,2019-20,81
Springfield,NSW,2250,Springfield,310041303,2020-21,114
Springfield,NSW,2250,Springfield,310041303,2021-22,63
Springfield,NSW,2250,Springfield,310041303,2022-23,119
Springfield,NSW,2250,Springfield Lakes,310041304,2019-20,449
Springfield,NSW,2250,Springfield Lakes,310041304,2020-21,512
Springfield,NSW,2250,Springfield Lakes,310041304,2021-22,241
Springfield,NSW,2250,Springfield Lakes,310041304,2022-23,208
Sutherland,NSW,1499,Sutherland - Kirrawee,128021538,2019-20,120
Sutherland,NSW,1499,Sutherland - Kirrawee,128021538,2020-21,194
Sutherland,NSW,1499,Sutherland - Kirrawee,128021538,2021-22,126
Sutherland,NSW,1499,Sutherland - Kirrawee,128021538,2022-23,209
Caringbah,NSW,1495,Caringbah,128011602,2019-20,53
Caringbah,NSW,1495,Caringbah,128011602,2020-21,178
Caringbah,NSW,1495,Caringbah,128011602,2021-22,64
Caringbah,NSW,1495,Caringbah,128011602,2022-23,78
Caringbah,NSW,1495,Caringbah South,128011603,2019-20,105
Caringbah,NSW,1495,Caringbah South,128011603,2020-21,130
Caringbah,NSW,1495,Caringbah South,128011603,2021-22,154
Caringbah,NSW,1495,Caringbah South,128011603,2022-23,87
Haberfield,NSW,2045,Haberfield - Summer Hill,120031395,2019-20,16
Haberfield,NSW,2045,Haberfield - Summer Hill,120031395,2020-21,19
Haberfield,NSW,2045,Haberfield - Summer Hill,120031395,2021-22,5
Haberfield,NSW,2045,Haberfield - Summer Hill,120031395,2022-23,35
Karabar,NSW,2620,Karabar,101021008,2019-20,5
Karabar,NSW,2620,Karabar,101021008,2020-21,4
Karabar,NSW,2620,Karabar,101021008,2021-22,3
Karabar,NSW,2620,Karabar,101021008,2022-23,5
Kensington,NSW,1465,Kensington (Vic.),206041121,2019-20,82
Kensington,NSW,1465,Kensington (Vic.),206041121,2020-21,61
Kensington,NSW,1465,Kensington (Vic.),206041121,2021-22,77
Kensington,NSW,1465,Kensington (Vic.),206041121,2022-23,668
Kensington,NSW,1465,Kensington (NSW),118021564,2019-20,15
Kensington,NSW,1465,Kensington (NSW),118021564,2020-21,6
Kensington,NSW,1465,Kensington (NSW),118021564,2021-22,6
Kensington,NSW,1465,Kensington (NSW),118021564,2022-23,6
Kensington,NSW,1465,Branyan - Kensington,319011494,2019-20,33
Kensington,NSW,1465,Branyan - Kensington,319011494,2020-21,77
Kensington,NSW,1465,Branyan - Kensington,319011494,2021-22,50
Kensington,NSW,1465,Branyan - Kensington,319011494,2022-23,30
Kensington,NSW,1465,South Perth - Kensington,506071147,2019-20,71
Kensington,NSW,1465,South Perth - Kensington,506071147,2020-21,79
Kensington,NSW,1465,South Perth - Kensington,506071147,2021-22,350
Kensington,NSW,1465,South Perth - Kensington,506071147,2022-23,106
Manly Vale,NSW,2093,Manly Vale - Allambie Heights,122031430,2019-20,31
Manly Vale,NSW,2093,Manly Vale - Allambie Heights,122031430,2020-21,69
Manly Vale,NSW,2093,Manly Vale - Allambie Heights,122031430,2021-22,50
Manly Vale,NSW,2093,Manly Vale - Allambie Heights,122031430,2022-23,41
Narwee,NSW,2209,Narwee - Beverly Hills,119031370,2019-20,40
Narwee,NSW,2209,Narwee - Beverly Hills,119031370,2020-21,44
Narwee,NSW,2209,Narwee - Beverly Hills,119031370,2021-22,50
Narwee,NSW,2209,Narwee - Beverly Hills,119031370,2022-23,63
Rosebery,NSW,1445,Rosebery - Beaconsfield,117031643,2019-20,126
Rosebery,NSW,1445,Rosebery - Beaconsfield,117031643,2020-21,8
Rosebery,NSW,1445,Rosebery - Beaconsfield,117031643,2021-22,7
Rosebery,NSW,1445,Rosebery - Beaconsfield,117031643,2022-23,183
Rosebery,NSW,1445,Rosebery - Bellamack,701041043,2019-20,2
Rosebery,NSW,1445,Rosebery - Bellamack,701041043,2020-21,5
Rosebery,NSW,1445,Rosebery - Bellamack,701041043,2021-22,4
Rosebery,NSW,1445,Rosebery - Bellamack,701041043,2022-23,1
St Georges Basin,NSW,2540,St Georges Basin - Erowal Bay,114011279,2019-20,99
St Georges Basin,NSW,2540,St Georges Basin - Erowal Bay,114011279,2020-21,56
St Georges Basin,NSW,2540,St Georges Basin - Erowal Bay,114011279,2021-22,108
St Georges Basin,NSW,2540,St Georges Basin - Erowal Bay,114011279,2022-23,66
Teralba,NSW,2284,Bolton Point - Teralba,111021215,2019-20,133
Teralba,NSW,2284,Bolton Point - Teralba,111021215,2020-21,97
Teralba,NSW,2284,Bolton Point - Teralba,111021215,2021-22,46
Teralba,NSW,2284,Bolton Point - Teralba,111021215,2022-23,47
Wellington,NSW,2820,Wellington,105031106,2019-20,16
Wellington,NSW,2820,Wellington,105031106,2020-21,29
Wellington,NSW,2820,Wellington,105031106,2021-22,21
Wellington,NSW,2820,Wellington,105031106,2022-23,22
Wellington,NSW,2820,Wellington Point,301011006,2019-20,23
Wellington,NSW,2820,Wellington Point,301011006,2020-21,47
Wellington,NSW,2820,Wellington Point,301011006,2021-22,64
Wellington,NSW,2820,Wellington Point,301011006,2022-23,65
West Wallsend,NSW,2286,West Wallsend - Barnsley - Killingworth,111021221,2019-20,33
West Wallsend,NSW,2286,West Wallsend - Barnsley - Killingworth,111021221,2020-21,21
West Wallsend,NSW,2286,West Wallsend - Barnsley - Killingworth,111021221,2021-22,23
West Wallsend,NSW,2286,West Wallsend - Barnsley - Killingworth,111021221,2022-23,11
Anna Bay,NSW,2316,Anna Bay,106031119,2019-20,12
Anna Bay,NSW,2316,Anna Bay,106031119,2020-21,30
Anna Bay,NSW,2316,Anna Bay,106031119,2021-22,33
Anna Bay,NSW,2316,Anna Bay,106031119,2022-23,12
Bangalow,NSW,2479,Bangalow,112011238,2019-20,87
Bangalow,NSW,2479,Bangalow,112011238,2020-21,83
Bangalow,NSW,2479,Bangalow,112011238,2021-22,46
Bangalow,NSW,2479,Bangalow,112011238,2022-23,42
Bardwell Park,NSW,2207,Kingsgrove (South) - Bardwell Park,119041377,2019-20,67
Bardwell Park,NSW,2207,Kingsgrove (South) - Bardwell Park,119041377,2020-21,57
Bardwell Park,NSW,2207,Kingsgrove (South) - Bardwell Park,119041377,2021-22,56
Bardwell Park,NSW,2207,Kingsgrove (South) - Bardwell Park,119041377,2022-23,34
Bass Hill,NSW,2197,Bass Hill - Georges Hall,119011354,2019-20,85
Bass Hill,NSW,2197,Bass Hill - Georges Hall,119011354,2020-21,134
Bass Hill,NSW,2197,Bass Hill - Georges Hall,119011354,2021-22,223
Bass Hill,NSW,2197,Bass Hill - Georges Hall,119011354,2022-23,107
Bondi Junction,NSW,1355,Bondi Junction - Waverly,118011341,2019-20,36
Bondi Junction,NSW,1355,Bondi Junction - Waverly,118011341,2020-21,65
Bondi Junction,NSW,1355,Bondi Junction - Waverly,118011341,2021-22,183
Bondi Junction,NSW,1355,Bondi Junction - Waverly,118011341,2022-23,7
Collaroy,NSW,2097,Collaroy - Collaroy Plateau,122031693,2019-20,28
Collaroy,NSW,2097,Collaroy - Collaroy Plateau,122031693,2020-21,37
Collaroy,NSW,2097,Collaroy - Collaroy Plateau,122031693,2021-22,34
Collaroy,NSW,2097,Collaroy - Collaroy Plateau,122031693,2022-23,42
Eglinton,NSW,2795,Alkimos - Eglinton,505031255,2019-20,375
Eglinton,NSW,2795,Alkimos - Eglinton,505031255,2020-21,911
Eglinton,NSW,2795,Alkimos - Eglinton,505031255,2021-22,714
Eglinton,NSW,2795,Alkimos - Eglinton,505031255,2022-23,701
Fairy Meadow,NSW,2519,Balgownie - Fairy Meadow,107041144,2019-20,77
Fairy Meadow,NSW,2519,Balgownie - Fairy Meadow,107041144,2020-21,68
Fairy Meadow,NSW,2519,Balgownie - Fairy Meadow,107041144,2021-22,93
Fairy Meadow,NSW,2519,Balgownie - Fairy Meadow,107041144,2022-23,117
Georges Hall,NSW,2198,Bass Hill - Georges Hall,119011354,2019-20,85
Georges Hall,NSW,2198,Bass Hill - Georges Hall,119011354,2020-21,134
Georges Hall,NSW,2198,Bass Hill - Georges Hall,119011354,2021-22,223
Georges Hall,NSW,2198,Bass Hill - Georges Hall,119011354,2022-23,107
Lake Heights,NSW,2502,Berkeley - Lake Heights - Cringila,107011545,2019-20,37
Lake Heights,NSW,2502,Berkeley - Lake Heights - Cringila,107011545,2020-21,35
Lake Heights,NSW,2502,Berkeley - Lake Heights - Cringila,107011545,2021-22,47
Lake Heights,NSW,2502,Berkeley - Lake Heights - Cringila,107011545,2022-23,56
Lurnea,NSW,2170,Lurnea - Cartwright,127031599,2019-20,42
Lurnea,NSW,2170,Lurnea - Cartwright,127031599,2020-21,84
Lurnea,NSW,2170,Lurnea - Cartwright,127031599,2021-22,65
Lurnea,NSW,2170,Lurnea - Cartwright,127031599,2022-23,57
Malabar,NSW,2036,Malabar - La Perouse,118021652,2019-20,31
Malabar,NSW,2036,Malabar - La Perouse,118021652,2020-21,36
Malabar,NSW,2036,Malabar - La Perouse,118021652,2021-22,35
Malabar,NSW,2036,Malabar - La Perouse,118021652,2022-23,47
North Avoca,NSW,2260,Terrigal - North Avoca,102011039,2019-20,33
North Avoca,NSW,2260,Terrigal - North Avoca,102011039,2020-21,50
North Avoca,NSW,2260,Terrigal - North Avoca,102011039,2021-22,55
North Avoca,NSW,2260,Terrigal - North Avoca,102011039,2022-23,35
St Peters,NSW,2044,Sydenham - Tempe - St Peters,117021328,2019-20,110
St Peters,NSW,2044,Sydenham - Tempe - St Peters,117021328,2020-21,21
St Peters,NSW,2044,Sydenham - Tempe - St Peters,117021328,2021-22,17
St Peters,NSW,2044,Sydenham - Tempe - St Peters,117021328,2022-23,16
St Peters,NSW,2044,St Peters - Marden,401051019,2019-20,41
St Peters,NSW,2044,St Peters - Marden,401051019,2020-21,47
St Peters,NSW,2044,St Peters - Marden,401051019,2021-22,40
St Peters,NSW,2044,St Peters - Marden,401051019,2022-23,104
Sydney,NSW,1001,Sydney Airport,117011325,2020-21,0
Sydney,NSW,1001,Sydney (South) - Haymarket,117031645,2020-21,234
Sydney,NSW,1001,Sydney (South) - Haymarket,117031645,2021-22,0
Sydney,NSW,1001,Sydney (South) - Haymarket,117031645,2022-23,0
Sydney,NSW,1001,Sydney (North) - Millers Point,117031644,2019-20,66
Sydney,NSW,1001,Sydney (North) - Millers Point,117031644,2020-21,286
Sydney,NSW,1001,Sydney (North) - Millers Point,117031644,2021-22,76
Sydney,NSW,1001,Sydney (North) - Millers Point,117031644,2022-23,241
Sydney,NSW,1001,North Sydney - Lavender Bay,121041417,2019-20,1
Sydney,NSW,1001,North Sydney - Lavender Bay,121041417,2020-21,1
Sydney,NSW,1001,North Sydney - Lavender Bay,121041417,2021-22,32
Sydney,NSW,1001,North Sydney - Lavender Bay,121041417,2022-23,3
Sydney,NSW,1001,Wentworth Point - Sydney Olympic Park,125011710,2019-20,794
Sydney,NSW,1001,Wentworth Point - Sydney Olympic Park,125011710,2020-21,207
Sydney,NSW,1001,Wentworth Point - Sydney Olympic Park,125011710,2021-22,1143
Sydney,NSW,1001,Wentworth Point - Sydney Olympic Park,125011710,2022-23,464
Wingham,NSW,2429,Wingham,108051171,2019-20,7
Wingham,NSW,2429,Wingham,108051171,2020-21,18
Wingham,NSW,2429,Wingham,108051171,2021-22,16
Wingham,NSW,2429,Wingham,108051171,2022-23,11
Woodcroft,NSW,2767,Doonside - Woodcroft,116011306,2019-20,26
Woodcroft,NSW,2767,Doonside - Woodcroft,116011306,2020-21,80
Woodcroft,NSW,2767,Doonside - Woodcroft,116011306,2021-22,45
Woodcroft,NSW,2767,Doonside - Woodcroft,116011306,2022-23,50
Woodcroft,NSW,2767,Woodcroft,403041089,2019-20,10
Woodcroft,NSW,2767,Woodcroft,403041089,2020-21,14
Woodcroft,NSW,2767,Woodcroft,403041089,2021-22,15
Woodcroft,NSW,2767,Woodcroft,403041089,2022-23,3
Alexandria,NSW,1435,Erskineville - Alexandria,117031330,2019-20,76
Alexandria,NSW,1435,Erskineville - Alexandria,117031330,2020-21,8
Alexandria,NSW,1435,Erskineville - Alexandria,117031330,2021-22,267
Alexandria,NSW,1435,Erskineville - Alexandria,117031330,2022-23,309
Canley Vale,NSW,2166,Canley Vale - Canley Heights,127021513,2019-20,109
Canley Vale,NSW,2166,Canley Vale - Canley Heights,127021513,2020-21,104
Canley Vale,NSW,2166,Canley Vale - Canley Heights,127021513,2021-22,147
Canley Vale,NSW,2166,Canley Vale - Canley Heights,127021513,2022-23,169
Chifley,NSW,2036,Matraville - Chifley,118021653,2019-20,57
Chifley,NSW,2036,Matraville - Chifley,118021653,2020-21,75
Chifley,NSW,2036,Matraville - Chifley,118021653,2021-22,67
Chifley,NSW,2036,Matraville - Chifley,118021653,2022-23,112
Chifley,NSW,2036,Chifley,801091099,2019-20,17
Chifley,NSW,2036,Chifley,801091099,2020-21,19
Chifley,NSW,2036,Chifley,801091099,2021-22,13
Chifley,NSW,2036,Chifley,801091099,2022-23,20
Cobar,NSW,2835,Cobar,105011093,2019-20,3
Cobar,NSW,2835,Cobar,105011093,2020-21,2
Cobar,NSW,2835,Cobar,105011093,2021-22,0
Cobar,NSW,2835,Cobar,105011093,2022-23,0
East Ryde,NSW,2113,North Ryde - East Ryde,126021501,2019-20,53
East Ryde,NSW,2113,North Ryde - East Ryde,126021501,2020-21,150
East Ryde,NSW,2113,North Ryde - East Ryde,126021501,2021-22,145
East Ryde,NSW,2113,North Ryde - East Ryde,126021501,2022-23,134
Gerringong,NSW,2534,Kiama Hinterland - Gerringong,107031140,2019-20,28
Gerringong,NSW,2534,Kiama Hinterland - Gerringong,107031140,2020-21,22
Gerringong,NSW,2534,Kiama Hinterland - Gerringong,107031140,2021-22,41
Gerringong,NSW,2534,Kiama Hinterland - Gerringong,107031140,2022-23,26
Glen Alpine,NSW,2560,Rosemeadow - Glen Alpine,123021444,2019-20,28
Glen Alpine,NSW,2560,Rosemeadow - Glen Alpine,123021444,2020-21,50
Glen Alpine,NSW,2560,Rosemeadow - Glen Alpine,123021444,2021-22,225
Glen Alpine,NSW,2560,Rosemeadow - Glen Alpine,123021444,2022-23,248
Hazelbrook,NSW,2779,Lawson - Hazelbrook - Linden,124011453,2019-20,20
Hazelbrook,NSW,2779,Lawson - Hazelbrook - Linden,124011453,2020-21,32
Hazelbrook,NSW,2779,Lawson - Hazelbrook - Linden,124011453,2021-22,19
Hazelbrook,NSW,2779,Lawson - Hazelbrook - Linden,124011453,2022-23,19
Jannali,NSW,2226,Oyster Bay - Como - Jannali,128021536,2019-20,40
Jannali,NSW,2226,Oyster Bay - Como - Jannali,128021536,2020-21,59
Jannali,NSW,2226,Oyster Bay - Como - Jannali,128021536,2021-22,72
Jannali,NSW,2226,Oyster Bay - Como - Jannali,128021536,2022-23,43
Kanwal,NSW,2259,Gorokan - Kanwal - Charmhaven,102021048,2019-20,94
Kanwal,NSW,2259,Gorokan - Kanwal - Charmhaven,102021048,2020-21,48
Kanwal,NSW,2259,Gorokan - Kanwal - Charmhaven,102021048,2021-22,109
Kanwal,NSW,2259,Gorokan - Kanwal - Charmhaven,102021048,2022-23,64
Leumeah,NSW,2560,Leumeah - Minto Heights,123021441,2019-20,27
Leumeah,NSW,2560,Leumeah - Minto Heights,123021441,2020-21,24
Leumeah,NSW,2560,Leumeah - Minto Heights,123021441,2021-22,30
Leumeah,NSW,2560,Leumeah - Minto Heights,123021441,2022-23,61
Neutral Bay,NSW,2089,Neutral Bay - Kirribilli,121041416,2019-20,122
Neutral Bay,NSW,2089,Neutral Bay - Kirribilli,121041416,2020-21,9
Neutral Bay,NSW,2089,Neutral Bay - Kirribilli,121041416,2021-22,52
Neutral Bay,NSW,2089,Neutral Bay - Kirribilli,121041416,2022-23,14
North Curl Curl,NSW,2099,Dee Why (South) - North Curl Curl,122031694,2019-20,33
North Curl Curl,NSW,2099,Dee Why (South) - North Curl Curl,122031694,2020-21,90
North Curl Curl,NSW,2099,Dee Why (South) - North Curl Curl,122031694,2021-22,20
North Curl Curl,NSW,2099,Dee Why (South) - North Curl Curl,122031694,2022-23,18
North Rocks,NSW,2151,North Rocks,125041490,2019-20,17
North Rocks,NSW,2151,North Rocks,125041490,2020-21,17
North Rocks,NSW,2151,North Rocks,125041490,2021-22,30
North Rocks,NSW,2151,North Rocks,125041490,2022-23,20
Port Kembla,NSW,2505,Port Kembla - Warrawong,107011546,2019-20,26
Port Kembla,NSW,2505,Port Kembla - Warrawong,107011546,2020-21,36
Port Kembla,NSW,2505,Port Kembla - Warrawong,107011546,2021-22,33
Port Kembla,NSW,2505,Port Kembla - Warrawong,107011546,2022-23,39
Queens Park,NSW,2022,Cannington - Queens Park,506031127,2019-20,300
Queens Park,NSW,2022,Cannington - Queens Park,506031127,2020-21,289
Queens Park,NSW,2022,Cannington - Queens Park,506031127,2021-22,160
Queens Park,NSW,2022,Cannington - Queens Park,506031127,2022-23,54
Richmond,NSW,2753,Richmond - Clarendon,124041466,2019-20,162
Richmond,NSW,2753,Richmond - Clarendon,124041466,2020-21,216
Richmond,NSW,2753,Richmond - Clarendon,124041466,2021-22,123
Richmond,NSW,2753,Richmond - Clarendon,124041466,2022-23,167
Richmond,NSW,2753,Richmond (South) - Cremorne,206071517,2019-20,40
Richmond,NSW,2753,Richmond (South) - Cremorne,206071517,2020-21,222
Richmond,NSW,2753,Richmond (South) - Cremorne,206071517,2021-22,46
Richmond,NSW,2753,Richmond (South) - Cremorne,206071517,2022-23,47
Richmond,NSW,2753,Richmond - North,206071518,2019-20,566
Richmond,NSW,2753,Richmond - North,206071518,2020-21,17
Richmond,NSW,2753,Richmond - North,206071518,2021-22,23
Richmond,NSW,2753,Richmond - North,206071518,2022-23,171
Richmond,NSW,2753,Richmond (SA),404031108,2019-20,108
Richmond,NSW,2753,Richmond (SA),404031108,2020-21,102
Richmond,NSW,2753,Richmond (SA),404031108,2021-22,66
Richmond,NSW,2753,Richmond (SA),404031108,2022-23,75
Richmond,NSW,2753,Sorell - Richmond,601061035,2019-20,148
Richmond,NSW,2753,Sorell - Richmond,601061035,2020-21,191
Richmond,NSW,2753,Sorell - Richmond,601061035,2021-22,113
Richmond,NSW,2753,Sorell - Richmond,601061035,2022-23,103
Saratoga,NSW,2251,Saratoga - Davistown,102011038,2019-20,14
Saratoga,NSW,2251,Saratoga - Davistown,102011038,2020-21,27
Saratoga,NSW,2251,Saratoga - Davistown,102011038,2021-22,13
Saratoga,NSW,2251,Saratoga - Davistown,102011038,2022-23,24
Warilla,NSW,2528,Warilla,107031143,2019-20,40
Warilla,NSW,2528,Warilla,107031143,2020-21,60
Warilla,NSW,2528,Warilla,107031143,2021-22,90
Warilla,NSW,2528,Warilla,107031143,2022-23,68
Wentworthville,NSW,2145,Wentworthville - Westmead,125041589,2019-20,363
Wentworthville,NSW,2145,Wentworthville - Westmead,125041589,2020-21,181
Wentworthville,NSW,2145,Wentworthville - Westmead,125041589,2021-22,93
Wentworthville,NSW,2145,Wentworthville - Westmead,125041589,2022-23,209
Wentworthville,NSW,2145,South Wentworthville,125031716,2019-20,54
Wentworthville,NSW,2145,South Wentworthville,125031716,2020-21,40
Wentworthville,NSW,2145,South Wentworthville,125031716,2021-22,67
Wentworthville,NSW,2145,South Wentworthville,125031716,2022-23,28
Albion Park Rail,NSW,2527,Albion Park Rail,107031137,2019-20,22
Albion Park Rail,NSW,2527,Albion Park Rail,107031137,2020-21,14
Albion Park Rail,NSW,2527,Albion Park Rail,107031137,2021-22,32
Albion Park Rail,NSW,2527,Albion Park Rail,107031137,2022-23,53
Bardwell Valley,NSW,2207,Arncliffe - Bardwell Valley,119041668,2019-20,22
Bardwell Valley,NSW,2207,Arncliffe - Bardwell Valley,119041668,2020-21,94
Bardwell Valley,NSW,2207,Arncliffe - Bardwell Valley,119041668,2021-22,36
Bardwell Valley,NSW,2207,Arncliffe - Bardwell Valley,119041668,2022-23,69
Bellbird,NSW,2325,Bellbird Park,310041566,2019-20,99
Bellbird,NSW,2325,Bellbird Park,310041566,2020-21,142
Bellbird,NSW,2325,Bellbird Park,310041566,2021-22,137
Bellbird,NSW,2325,Bellbird Park,310041566,2022-23,107
Bellingen,NSW,2454,Bellingen,104021083,2019-20,12
Bellingen,NSW,2454,Bellingen,104021083,2020-21,20
Bellingen,NSW,2454,Bellingen,104021083,2021-22,17
Bellingen,NSW,2454,Bellingen,104021083,2022-23,18
Berowra,NSW,2081,Berowra - Brooklyn - Cowan,121021404,2019-20,23
Berowra,NSW,2081,Berowra - Brooklyn - Cowan,121021404,2020-21,23
Berowra,NSW,2081,Berowra - Brooklyn - Cowan,121021404,2021-22,19
Berowra,NSW,2081,Berowra - Brooklyn - Cowan,121021404,2022-23,28
Brunswick Heads,NSW,2483,Brunswick Heads - Ocean Shores,112011239,2019-20,75
Brunswick Heads,NSW,2483,Brunswick Heads - Ocean Shores,112011239,2020-21,43
Brunswick Heads,NSW,2483,Brunswick Heads - Ocean Shores,112011239,2021-22,38
Brunswick Heads,NSW,2483,Brunswick Heads - Ocean Shores,112011239,2022-23,36
Castle Cove,NSW,2069,Castle Cove - Northbridge,121011683,2019-20,27
Castle Cove,NSW,2069,Castle Cove - Northbridge,121011683,2020-21,33
Castle Cove,NSW,2069,Castle Cove - Northbridge,121011683,2021-22,51
Castle Cove,NSW,2069,Castle Cove - Northbridge,121011683,2022-23,39
Casuarina,NSW,2487,Casuarina - Wandi,507031261,2019-20,131
Casuarina,NSW,2487,Casuarina - Wandi,507031261,2020-21,502
Casuarina,NSW,2487,Casuarina - Wandi,507031261,2021-22,248
Casuarina,NSW,2487,Casuarina - Wandi,507031261,2022-23,237
Cromer,NSW,2099,Cromer,122031425,2019-20,6
Cromer,NSW,2099,Cromer,122031425,2020-21,16
Cromer,NSW,2099,Cromer,122031425,2021-22,15
Cromer,NSW,2099,Cromer,122031425,2022-23,22
Gordon,NSW,2072,Gordon - Killara,121031407,2019-20,180
Gordon,NSW,2072,Gordon - Killara,121031407,2020-21,64
Gordon,NSW,2072,Gordon - Killara,121031407,2021-22,37
Gordon,NSW,2072,Gordon - Killara,121031407,2022-23,78
Gordon,NSW,2072,Gordonvale - Trinity,306021148,2019-20,87
Gordon,NSW,2072,Gordonvale - Trinity,306021148,2020-21,177
Gordon,NSW,2072,Gordonvale - Trinity,306021148,2021-22,107
Gordon,NSW,2072,Gordonvale - Trinity,306021148,2022-23,150
Gordon,NSW,2072,Gordon (Vic.),201021012,2019-20,24
Gordon,NSW,2072,Gordon (Vic.),201021012,2020-21,42
Gordon,NSW,2072,Gordon (Vic.),201021012,2021-22,35
Gordon,NSW,2072,Gordon (Vic.),201021012,2022-23,40
Gordon,NSW,2072,Kedron - Gordon Park,302021031,2019-20,54
Gordon,NSW,2072,Kedron - Gordon Park,302021031,2020-21,62
Gordon,NSW,2072,Kedron - Gordon Park,302021031,2021-22,53
Gordon,NSW,2072,Kedron - Gordon Park,302021031,2022-23,50
Gordon,NSW,2072,Gordon (ACT),801071078,2019-20,0
Gordon,NSW,2072,Gordon (ACT),801071078,2020-21,1
Gordon,NSW,2072,Gordon (ACT),801071078,2021-22,0
Gordon,NSW,2072,Gordon (ACT),801071078,2022-23,2
Heathcote,NSW,2233,Heathcote - Waterfall,128021533,2019-20,10
Heathcote,NSW,2233,Heathcote - Waterfall,128021533,2020-21,23
Heathcote,NSW,2233,Heathcote - Waterfall,128021533,2021-22,64
Heathcote,NSW,2233,Heathcote - Waterfall,128021533,2022-23,16
Heathcote,NSW,2233,Heathcote,202021029,2019-20,41
Heathcote,NSW,2233,Heathcote,202021029,2020-21,51
Heathcote,NSW,2233,Heathcote,202021029,2021-22,63
Heathcote,NSW,2233,Heathcote,202021029,2022-23,43
Horningsea Park,NSW,2171,Hoxton Park - Carnes Hill - Horningsea Park,127011596,2019-20,58
Horningsea Park,NSW,2171,Hoxton Park - Carnes Hill - Horningsea Park,127011596,2020-21,79
Horningsea Park,NSW,2171,Hoxton Park - Carnes Hill - Horningsea Park,127011596,2021-22,47
Horningsea Park,NSW,2171,Hoxton Park - Carnes Hill - Horningsea Park,127011596,2022-23,16
Monterey,NSW,2217,Monterey - Brighton-le-Sands - Kyeemagh,119041380,2019-20,22
Monterey,NSW,2217,Monterey - Brighton-le-Sands - Kyeemagh,119041380,2020-21,30
Monterey,NSW,2217,Monterey - Brighton-le-Sands - Kyeemagh,119041380,2021-22,27
Monterey,NSW,2217,Monterey - Brighton-le-Sands - Kyeemagh,119041380,2022-23,64
Moruya,NSW,2537,Moruya - Tuross Head,101041026,2019-20,34
Moruya,NSW,2537,Moruya - Tuross Head,101041026,2020-21,43
Moruya,NSW,2537,Moruya - Tuross Head,101041026,2021-22,63
Moruya,NSW,2537,Moruya - Tuross Head,101041026,2022-23,42
Oyster Bay,NSW,2225,Oyster Bay - Como - Jannali,128021536,2019-20,40
Oyster Bay,NSW,2225,Oyster Bay - Como - Jannali,128021536,2020-21,59
Oyster Bay,NSW,2225,Oyster Bay - Como - Jannali,128021536,2021-22,72
Oyster Bay,NSW,2225,Oyster Bay - Como - Jannali,128021536,2022-23,43
San Remo,NSW,2262,Blue Haven - San Remo,102021045,2019-20,11
San Remo,NSW,2262,Blue Haven - San Remo,102021045,2020-21,17
San Remo,NSW,2262,Blue Haven - San Remo,102021045,2021-22,26
San Remo,NSW,2262,Blue Haven - San Remo,102021045,2022-23,24
Dudley,NSW,2290,Charlestown - Dudley,111011208,2019-20,61
Dudley,NSW,2290,Charlestown - Dudley,111011208,2020-21,132
Dudley,NSW,2290,Charlestown - Dudley,111011208,2021-22,140
Dudley,NSW,2290,Charlestown - Dudley,111011208,2022-23,211
Eastlakes,NSW,2018,Eastlakes,117011634,2019-20,11
Eastlakes,NSW,2018,Eastlakes,117011634,2020-21,6
Eastlakes,NSW,2018,Eastlakes,117011634,2021-22,13
Eastlakes,NSW,2018,Eastlakes,117011634,2022-23,7
Eden,NSW,2551,Edens Landing - Holmview,311021308,2019-20,83
Eden,NSW,2551,Edens Landing - Holmview,311021308,2020-21,141
Eden,NSW,2551,Edens Landing - Holmview,311021308,2021-22,184
Eden,NSW,2551,Edens Landing - Holmview,311021308,2022-23,55
Eden,NSW,2551,Bega-Eden Hinterland,101041020,2019-20,38
Eden,NSW,2551,Bega-Eden Hinterland,101041020,2020-21,77
Eden,NSW,2551,Bega-Eden Hinterland,101041020,2021-22,41
Eden,NSW,2551,Bega-Eden Hinterland,101041020,2022-23,46
Eden,NSW,2551,Eden,101041023,2019-20,5
Eden,NSW,2551,Eden,101041023,2020-21,3
Eden,NSW,2551,Eden,101041023,2021-22,12
Eden,NSW,2551,Eden,101041023,2022-23,8
Eden,NSW,2551,Edensor Park,127021514,2019-20,23
Eden,NSW,2551,Edensor Park,127021514,2020-21,26
Eden,NSW,2551,Edensor Park,127021514,2021-22,25
Eden,NSW,2551,Edensor Park,127021514,2022-23,31
Eden,NSW,2551,Bassendean - Eden Hill - Ashfield,504011044,2019-20,90
Eden,NSW,2551,Bassendean - Eden Hill - Ashfield,504011044,2020-21,110
Eden,NSW,2551,Bassendean - Eden Hill - Ashfield,504011044,2021-22,72
Eden,NSW,2551,Bassendean - Eden Hill - Ashfield,504011044,2022-23,39
Forest Hill,NSW,2651,Forest Hill,211041269,2019-20,41
Forest Hill,NSW,2651,Forest Hill,211041269,2020-21,37
Forest Hill,NSW,2651,Forest Hill,211041269,2021-22,45
Forest Hill,NSW,2651,Forest Hill,211041269,2022-23,39
Glen Innes,NSW,2370,Glen Innes,110021190,2019-20,15
Glen Innes,NSW,2370,Glen Innes,110021190,2020-21,14
Glen Innes,NSW,2370,Glen Innes,110021190,2021-22,15
Glen Innes,NSW,2370,Glen Innes,110021190,2022-23,18
Glenroy,NSW,2640,Glenroy - East,210031535,2019-20,164
Glenroy,NSW,2640,Glenroy - East,210031535,2020-21,122
Glenroy,NSW,2640,Glenroy - East,210031535,2021-22,208
Glenroy,NSW,2640,Glenroy - East,210031535,2022-23,88
Glenroy,NSW,2640,Glenroy - West,210031536,2019-20,56
Glenroy,NSW,2640,Glenroy - West,210031536,2020-21,70
Glenroy,NSW,2640,Glenroy - West,210031536,2021-22,50
Glenroy,NSW,2640,Glenroy - West,210031536,2022-23,42
Gundagai,NSW,2722,Gundagai,113031264,2019-20,6
Gundagai,NSW,2722,Gundagai,113031264,2020-21,16
Gundagai,NSW,2722,Gundagai,113031264,2021-22,28
Gundagai,NSW,2722,Gundagai,113031264,2022-23,16
Homebush,NSW,2140,Homebush,120031396,2019-20,3
Homebush,NSW,2140,Homebush,120031396,2020-21,492
Homebush,NSW,2140,Homebush,120031396,2021-22,33
Homebush,NSW,2140,Homebush,120031396,2022-23,10
Hoxton Park,NSW,2171,Hoxton Park - Carnes Hill - Horningsea Park,127011596,2019-20,58
Hoxton Park,NSW,2171,Hoxton Park - Carnes Hill - Horningsea Park,127011596,2020-21,79
Hoxton Park,NSW,2171,Hoxton Park - Carnes Hill - Horningsea Park,127011596,2021-22,47
Hoxton Park,NSW,2171,Hoxton Park - Carnes Hill - Horningsea Park,127011596,2022-23,16
Kiama Downs,NSW,2533,Kiama Downs - Minnamurra,107031139,2019-20,13
Kiama Downs,NSW,2533,Kiama Downs - Minnamurra,107031139,2020-21,10
Kiama Downs,NSW,2533,Kiama Downs - Minnamurra,107031139,2021-22,20
Kiama Downs,NSW,2533,Kiama Downs - Minnamurra,107031139,2022-23,22
Laurieton,NSW,2443,Laurieton - Bonny Hills,108041162,2019-20,139
Laurieton,NSW,2443,Laurieton - Bonny Hills,108041162,2020-21,151
Laurieton,NSW,2443,Laurieton - Bonny Hills,108041162,2021-22,191
Laurieton,NSW,2443,Laurieton - Bonny Hills,108041162,2022-23,395
Lemon Tree Passage,NSW,2319,Lemon Tree Passage - Tanilba Bay,106031120,2019-20,8
Lemon Tree Passage,NSW,2319,Lemon Tree Passage - Tanilba Bay,106031120,2020-21,20
Lemon Tree Passage,NSW,2319,Lemon Tree Passage - Tanilba Bay,106031120,2021-22,32
Lemon Tree Passage,NSW,2319,Lemon Tree Passage - Tanilba Bay,106031120,2022-23,25
Lewisham,NSW,2049,Dulwich Hill - Lewisham,120031394,2019-20,99
Lewisham,NSW,2049,Dulwich Hill - Lewisham,120031394,2020-21,60
Lewisham,NSW,2049,Dulwich Hill - Lewisham,120031394,2021-22,30
Lewisham,NSW,2049,Dulwich Hill - Lewisham,120031394,2022-23,75
Lewisham,NSW,2049,Dodges Ferry - Lewisham,601061034,2019-20,57
Lewisham,NSW,2049,Dodges Ferry - Lewisham,601061034,2020-21,85
Lewisham,NSW,2049,Dodges Ferry - Lewisham,601061034,2021-22,61
Lewisham,NSW,2049,Dodges Ferry - Lewisham,601061034,2022-23,61
Mount Pritchard,NSW,2170,Cabramatta West - Mount Pritchard,127021512,2019-20,60
Mount Pritchard,NSW,2170,Cabramatta West - Mount Pritchard,127021512,2020-21,89
Mount Pritchard,NSW,2170,Cabramatta West - Mount Pritchard,127021512,2021-22,121
Mount Pritchard,NSW,2170,Cabramatta West - Mount Pritchard,127021512,2022-23,84
North Parramatta,NSW,1750,North Parramatta,125041489,2019-20,138
North Parramatta,NSW,1750,North Parramatta,125041489,2020-21,15
North Parramatta,NSW,1750,North Parramatta,125041489,2021-22,62
North Parramatta,NSW,1750,North Parramatta,125041489,2022-23,22
Regents Park,NSW,2143,Regents Park,125011587,2019-20,17
Regents Park,NSW,2143,Regents Park,125011587,2020-21,15
Regents Park,NSW,2143,Regents Park,125011587,2021-22,43
Regents Park,NSW,2143,Regents Park,125011587,2022-23,35
Regents Park,NSW,2143,Regents Park - Heritage Park,311031319,2019-20,9
Regents Park,NSW,2143,Regents Park - Heritage Park,311031319,2020-21,32
Regents Park,NSW,2143,Regents Park - Heritage Park,311031319,2021-22,22
Regents Park,NSW,2143,Regents Park - Heritage Park,311031319,2022-23,20
Shellharbour,NSW,2529,Shellharbour - Flinders,107031141,2019-20,243
Shellharbour,NSW,2529,Shellharbour - Flinders,107031141,2020-21,158
Shellharbour,NSW,2529,Shellharbour - Flinders,107031141,2021-22,350
Shellharbour,NSW,2529,Shellharbour - Flinders,107031141,2022-23,210
Shellharbour,NSW,2529,Shellharbour - Oak Flats,107031142,2019-20,74
Shellharbour,NSW,2529,Shellharbour - Oak Flats,107031142,2020-21,137
Shellharbour,NSW,2529,Shellharbour - Oak Flats,107031142,2021-22,74
Shellharbour,NSW,2529,Shellharbour - Oak Flats,107031142,2022-23,102
Skennars Head,NSW,2478,Lennox Head - Skennars Head,112011242,2019-20,173
Skennars Head,NSW,2478,Lennox Head - Skennars Head,112011242,2020-21,191
Skennars Head,NSW,2478,Lennox Head - Skennars Head,112011242,2021-22,138
Skennars Head,NSW,2478,Lennox Head - Skennars Head,112011242,2022-23,111
Warrawee,NSW,2074,Wahroonga (East) - Warrawee,121031412,2019-20,49
Warrawee,NSW,2074,Wahroonga (East) - Warrawee,121031412,2020-21,47
Warrawee,NSW,2074,Wahroonga (East) - Warrawee,121031412,2021-22,35
Warrawee,NSW,2074,Wahroonga (East) - Warrawee,121031412,2022-23,33
Werrington,NSW,2747,Kingswood - Werrington,124031462,2019-20,310
Werrington,NSW,2747,Kingswood - Werrington,124031462,2020-21,230
Werrington,NSW,2747,Kingswood - Werrington,124031462,2021-22,110
Werrington,NSW,2747,Kingswood - Werrington,124031462,2022-23,351
Weston,NSW,2326,Weston,801081098,2019-20,7
Weston,NSW,2326,Weston,801081098,2020-21,5
Weston,NSW,2326,Weston,801081098,2021-22,6
Weston,NSW,2326,Weston,801081098,2022-23,3
Beacon Hill,NSW,2100,Beacon Hill - Narraweena,122031424,2019-20,36
Beacon Hill,NSW,2100,Beacon Hill - Narraweena,122031424,2020-21,19
Beacon Hill,NSW,2100,Beacon Hill - Narraweena,122031424,2021-22,32
Beacon Hill,NSW,2100,Beacon Hill - Narraweena,122031424,2022-23,38
Bondi,NSW,2026,Bondi - Tamarama - Bronte,118011339,2019-20,42
Bondi,NSW,2026,Bondi - Tamarama - Bronte,118011339,2020-21,36
Bondi,NSW,2026,Bondi - Tamarama - Bronte,118011339,2021-22,38
Bondi,NSW,2026,Bondi - Tamarama - Bronte,118011339,2022-23,23
Bondi,NSW,2026,Bondi Beach - North Bondi,118011340,2019-20,82
Bondi,NSW,2026,Bondi Beach - North Bondi,118011340,2020-21,65
Bondi,NSW,2026,Bondi Beach - North Bondi,118011340,2021-22,97
Bondi,NSW,2026,Bondi Beach - North Bondi,118011340,2022-23,50
Bondi,NSW,2026,Bondi Junction - Waverly,118011341,2019-20,36
Bondi,NSW,2026,Bondi Junction - Waverly,118011341,2020-21,65
Bondi,NSW,2026,Bondi Junction - Waverly,118011341,2021-22,183
Bondi,NSW,2026,Bondi Junction - Waverly,118011341,2022-23,7
Bonnyrigg,NSW,2177,Bonnyrigg Heights - Bonnyrigg,127021509,2019-20,201
Bonnyrigg,NSW,2177,Bonnyrigg Heights - Bonnyrigg,127021509,2020-21,65
Bonnyrigg,NSW,2177,Bonnyrigg Heights - Bonnyrigg,127021509,2021-22,45
Bonnyrigg,NSW,2177,Bonnyrigg Heights - Bonnyrigg,127021509,2022-23,39
Broadmeadow,NSW,2292,Hamilton - Broadmeadow,111031224,2019-20,397
Broadmeadow,NSW,2292,Hamilton - Broadmeadow,111031224,2020-21,49
Broadmeadow,NSW,2292,Hamilton - Broadmeadow,111031224,2021-22,73
Broadmeadow,NSW,2292,Hamilton - Broadmeadow,111031224,2022-23,28
Broadmeadow,NSW,2292,Broadmeadows,210051242,2019-20,146
Broadmeadow,NSW,2292,Broadmeadows,210051242,2020-21,118
Broadmeadow,NSW,2292,Broadmeadows,210051242,2021-22,188
Broadmeadow,NSW,2292,Broadmeadows,210051242,2022-23,151
Carnes Hill,NSW,2171,Hoxton Park - Carnes Hill - Horningsea Park,127011596,2019-20,58
Carnes Hill,NSW,2171,Hoxton Park - Carnes Hill - Horningsea Park,127011596,2020-21,79
Carnes Hill,NSW,2171,Hoxton Park - Carnes Hill - Horningsea Park,127011596,2021-22,47
Carnes Hill,NSW,2171,Hoxton Park - Carnes Hill - Horningsea Park,127011596,2022-23,16
Clovelly,NSW,2031,Coogee - Clovelly,118021651,2019-20,34
Clovelly,NSW,2031,Coogee - Clovelly,118021651,2020-21,46
Clovelly,NSW,2031,Coogee - Clovelly,118021651,2021-22,26
Clovelly,NSW,2031,Coogee - Clovelly,118021651,2022-23,55
Greta,NSW,2334,Branxton - Greta - Pokolbin,106011107,2019-20,211
Greta,NSW,2334,Branxton - Greta - Pokolbin,106011107,2020-21,384
Greta,NSW,2334,Branxton - Greta - Pokolbin,106011107,2021-22,384
Greta,NSW,2334,Branxton - Greta - Pokolbin,106011107,2022-23,565
Killarney Heights,NSW,2087,Forestville - Killarney Heights,122031427,2019-20,20
Killarney Heights,NSW,2087,Forestville - Killarney Heights,122031427,2020-21,40
Killarney Heights,NSW,2087,Forestville - Killarney Heights,122031427,2021-22,23
Killarney Heights,NSW,2087,Forestville - Killarney Heights,122031427,2022-23,23
Liverpool,NSW,1871,Liverpool - East,127031731,2019-20,228
Liverpool,NSW,1871,Liverpool - East,127031731,2020-21,2
Liverpool,NSW,1871,Liverpool - East,127031731,2021-22,6
Liverpool,NSW,1871,Liverpool - East,127031731,2022-23,318
Liverpool,NSW,1871,Liverpool - West,127031732,2019-20,26
Liverpool,NSW,1871,Liverpool - West,127031732,2020-21,413
Liverpool,NSW,1871,Liverpool - West,127031732,2021-22,45
Liverpool,NSW,1871,Liverpool - West,127031732,2022-23,111
Newtown,NSW,2042,Newtown (NSW),117031640,2019-20,37
Newtown,NSW,2042,Newtown (NSW),117031640,2020-21,10
Newtown,NSW,2042,Newtown (NSW),117031640,2021-22,18
Newtown,NSW,2042,Newtown (NSW),117031640,2022-23,9
Newtown,NSW,2042,Newtown (Vic.),203021046,2019-20,34
Newtown,NSW,2042,Newtown (Vic.),203021046,2020-21,33
Newtown,NSW,2042,Newtown (Vic.),203021046,2021-22,39
Newtown,NSW,2042,Newtown (Vic.),203021046,2022-23,42
Newtown,NSW,2042,Newtown (Qld),317011453,2019-20,6
Newtown,NSW,2042,Newtown (Qld),317011453,2020-21,40
Newtown,NSW,2042,Newtown (Qld),317011453,2021-22,15
Newtown,NSW,2042,Newtown (Qld),317011453,2022-23,27
Niagara Park,NSW,2250,Niagara Park - Lisarow,102011036,2019-20,16
Niagara Park,NSW,2250,Niagara Park - Lisarow,102011036,2020-21,19
Niagara Park,NSW,2250,Niagara Park - Lisarow,102011036,2021-22,22
Niagara Park,NSW,2250,Niagara Park - Lisarow,102011036,2022-23,13
North Sydney,NSW,2055,North Sydney - Lavender Bay,121041417,2019-20,1
North Sydney,NSW,2055,North Sydney - Lavender Bay,121041417,2020-21,1
North Sydney,NSW,2055,North Sydney - Lavender Bay,121041417,2021-22,32
North Sydney,NSW,2055,North Sydney - Lavender Bay,121041417,2022-23,3
Portland,NSW,2847,Portland,217011422,2019-20,42
Portland,NSW,2847,Portland,217011422,2020-21,86
Portland,NSW,2847,Portland,217011422,2021-22,39
Portland,NSW,2847,Portland,217011422,2022-23,40
Rodd Point,NSW,2046,Drummoyne - Rodd Point,120011385,2019-20,33
Rodd Point,NSW,2046,Drummoyne - Rodd Point,120011385,2020-21,89
Rodd Point,NSW,2046,Drummoyne - Rodd Point,120011385,2021-22,42
Rodd Point,NSW,2046,Drummoyne - Rodd Point,120011385,2022-23,43
The Entrance,NSW,2261,The Entrance,102021053,2019-20,49
The Entrance,NSW,2261,The Entrance,102021053,2020-21,78
The Entrance,NSW,2261,The Entrance,102021053,2021-22,94
The Entrance,NSW,2261,The Entrance,102021053,2022-23,118
The Hill,NSW,2300,The Hills District,314011386,2019-20,91
The Hill,NSW,2300,The Hills District,314011386,2020-21,111
The Hill,NSW,2300,The Hills District,314011386,2021-22,121
The Hill,NSW,2300,The Hills District,314011386,2022-23,42
Unanderra,NSW,2526,Unanderra - Mount Kembla,107011134,2019-20,22
Unanderra,NSW,2526,Unanderra - Mount Kembla,107011134,2020-21,27
Unanderra,NSW,2526,Unanderra - Mount Kembla,107011134,2021-22,42
Unanderra,NSW,2526,Unanderra - Mount Kembla,107011134,2022-23,66
Waverley,NSW,2024,Glen Waverley - East,212051321,2019-20,101
Waverley,NSW,2024,Glen Waverley - East,212051321,2020-21,108
Waverley,NSW,2024,Glen Waverley - East,212051321,2021-22,123
Waverley,NSW,2024,Glen Waverley - East,212051321,2022-23,104
Waverley,NSW,2024,Glen Waverley - West,212051322,2019-20,112
Waverley,NSW,2024,Glen Waverley - West,212051322,2020-21,106
Waverley,NSW,2024,Glen Waverley - West,212051322,2021-22,126
Waverley,NSW,2024,Glen Waverley - West,212051322,2022-23,124
Waverley,NSW,2024,Mount Waverley - North,212051323,2019-20,126
Waverley,NSW,2024,Mount Waverley - North,212051323,2020-21,95
Waverley,NSW,2024,Mount Waverley - North,212051323,2021-22,101
Waverley,NSW,2024,Mount Waverley - North,212051323,2022-23,222
Waverley,NSW,2024,Mount Waverley - South,212051324,2019-20,153
Waverley,NSW,2024,Mount Waverley - South,212051324,2020-21,77
Waverley,NSW,2024,Mount Waverley - South,212051324,2021-22,124
Waverley,NSW,2024,Mount Waverley - South,212051324,2022-23,95
Waverley,NSW,2024,Waverley - St Leonards,602011050,2019-20,36
Waverley,NSW,2024,Waverley - St Leonards,602011050,2020-21,20
Waverley,NSW,2024,Waverley - St Leonards,602011050,2021-22,21
Waverley,NSW,2024,Waverley - St Leonards,602011050,2022-23,20
Whalan,NSW,2770,Mount Druitt - Whalan,116031317,2019-20,204
Whalan,NSW,2770,Mount Druitt - Whalan,116031317,2020-21,45
Whalan,NSW,2770,Mount Druitt - Whalan,116031317,2021-22,65
Whalan,NSW,2770,Mount Druitt - Whalan,116031317,2022-23,48
Appin,NSW,2560,Douglas Park - Appin,123031446,2019-20,24
Appin,NSW,2560,Douglas Park - Appin,123031446,2020-21,178
Appin,NSW,2560,Douglas Park - Appin,123031446,2021-22,104
Appin,NSW,2560,Douglas Park - Appin,123031446,2022-23,326
Copacabana,NSW,2251,Avoca Beach - Copacabana,102011028,2019-20,20
Copacabana,NSW,2251,Avoca Beach - Copacabana,102011028,2020-21,23
Copacabana,NSW,2251,Avoca Beach - Copacabana,102011028,2021-22,39
Copacabana,NSW,2251,Avoca Beach - Copacabana,102011028,2022-23,39
Denistone,NSW,2114,Denistone,126021722,2019-20,41
Denistone,NSW,2114,Denistone,126021722,2020-21,71
Denistone,NSW,2114,Denistone,126021722,2021-22,55
Denistone,NSW,2114,Denistone,126021722,2022-23,66
Erina,NSW,2250,Erina - Green Point,102011031,2019-20,21
Erina,NSW,2250,Erina - Green Point,102011031,2020-21,25
Erina,NSW,2250,Erina - Green Point,102011031,2021-22,12
Erina,NSW,2250,Erina - Green Point,102011031,2022-23,16
Erskine Park,NSW,2759,Erskine Park,124051469,2019-20,10
Erskine Park,NSW,2759,Erskine Park,124051469,2020-21,7
Erskine Park,NSW,2759,Erskine Park,124051469,2021-22,15
Erskine Park,NSW,2759,Erskine Park,124051469,2022-23,9
Korora,NSW,2450,Korora - Emerald Beach,104021088,2019-20,52
Korora,NSW,2450,Korora - Emerald Beach,104021088,2020-21,79
Korora,NSW,2450,Korora - Emerald Beach,104021088,2021-22,48
Korora,NSW,2450,Korora - Emerald Beach,104021088,2022-23,56
Lethbridge Park,NSW,2770,Lethbridge Park - Tregear,116031316,2019-20,47
Lethbridge Park,NSW,2770,Lethbridge Park - Tregear,116031316,2020-21,33
Lethbridge Park,NSW,2770,Lethbridge Park - Tregear,116031316,2021-22,36
Lethbridge Park,NSW,2770,Lethbridge Park - Tregear,116031316,2022-23,37
McGraths Hill,NSW,2756,Pitt Town - McGraths Hill,115041301,2019-20,48
McGraths Hill,NSW,2756,Pitt Town - McGraths Hill,115041301,2020-21,51
McGraths Hill,NSW,2756,Pitt Town - McGraths Hill,115041301,2021-22,34
McGraths Hill,NSW,2756,Pitt Town - McGraths Hill,115041301,2022-23,90
Strathfield South,NSW,2136,Strathfield South,120031576,2019-20,3
Strathfield South,NSW,2136,Strathfield South,120031576,2020-21,12
Strathfield South,NSW,2136,Strathfield South,120031576,2021-22,5
Strathfield South,NSW,2136,Strathfield South,120031576,2022-23,13
Tuross Head,NSW,2537,Moruya - Tuross Head,101041026,2019-20,34
Tuross Head,NSW,2537,Moruya - Tuross Head,101041026,2020-21,43
Tuross Head,NSW,2537,Moruya - Tuross Head,101041026,2021-22,63
Tuross Head,NSW,2537,Moruya - Tuross Head,101041026,2022-23,42
Artarmon,NSW,1570,Artarmon,121011682,2019-20,30
Artarmon,NSW,1570,Artarmon,121011682,2020-21,1
Artarmon,NSW,1570,Artarmon,121011682,2021-22,2
Artarmon,NSW,1570,Artarmon,121011682,2022-23,5
Broulee,NSW,2537,Broulee - Tomakin,101041021,2019-20,40
Broulee,NSW,2537,Broulee - Tomakin,101041021,2020-21,43
Broulee,NSW,2537,Broulee - Tomakin,101041021,2021-22,37
Broulee,NSW,2537,Broulee - Tomakin,101041021,2022-23,25
Clontarf,NSW,2093,Balgowlah - Clontarf - Seaforth,122011418,2019-20,59
Clontarf,NSW,2093,Balgowlah - Clontarf - Seaforth,122011418,2020-21,46
Clontarf,NSW,2093,Balgowlah - Clontarf - Seaforth,122011418,2021-22,73
Clontarf,NSW,2093,Balgowlah - Clontarf - Seaforth,122011418,2022-23,72
Clontarf,NSW,2093,Clontarf,313051377,2019-20,28
Clontarf,NSW,2093,Clontarf,313051377,2020-21,21
Clontarf,NSW,2093,Clontarf,313051377,2021-22,18
Clontarf,NSW,2093,Clontarf,313051377,2022-23,22
Forest Lodge,NSW,2037,Glebe - Forest Lodge,117031331,2019-20,15
Forest Lodge,NSW,2037,Glebe - Forest Lodge,117031331,2020-21,42
Forest Lodge,NSW,2037,Glebe - Forest Lodge,117031331,2021-22,84
Forest Lodge,NSW,2037,Glebe - Forest Lodge,117031331,2022-23,6
Hurstville Grove,NSW,2220,Oatley - Hurstville Grove,119031371,2019-20,52
Hurstville Grove,NSW,2220,Oatley - Hurstville Grove,119031371,2020-21,42
Hurstville Grove,NSW,2220,Oatley - Hurstville Grove,119031371,2021-22,138
Hurstville Grove,NSW,2220,Oatley - Hurstville Grove,119031371,2022-23,39
Keiraville,NSW,2500,Figtree - Keiraville,107041146,2019-20,47
Keiraville,NSW,2500,Figtree - Keiraville,107041146,2020-21,56
Keiraville,NSW,2500,Figtree - Keiraville,107041146,2021-22,52
Keiraville,NSW,2500,Figtree - Keiraville,107041146,2022-23,81
Kings Park,NSW,2148,Blacktown (East) - Kings Park,116011303,2019-20,68
Kings Park,NSW,2148,Blacktown (East) - Kings Park,116011303,2020-21,314
Kings Park,NSW,2148,Blacktown (East) - Kings Park,116011303,2021-22,269
Kings Park,NSW,2148,Blacktown (East) - Kings Park,116011303,2022-23,56
Kings Park,NSW,2148,Kings Park (Vic.),213011333,2019-20,12
Kings Park,NSW,2148,Kings Park (Vic.),213011333,2020-21,19
Kings Park,NSW,2148,Kings Park (Vic.),213011333,2021-22,11
Kings Park,NSW,2148,Kings Park (Vic.),213011333,2022-23,6
Kingswood,NSW,2340,Kingswood - Werrington,124031462,2019-20,310
Kingswood,NSW,2340,Kingswood - Werrington,124031462,2020-21,230
Kingswood,NSW,2340,Kingswood - Werrington,124031462,2021-22,110
Kingswood,NSW,2340,Kingswood - Werrington,124031462,2022-23,351
Lugarno,NSW,2210,Peakhurst - Lugarno,119031372,2019-20,216
Lugarno,NSW,2210,Peakhurst - Lugarno,119031372,2020-21,141
Lugarno,NSW,2210,Peakhurst - Lugarno,119031372,2021-22,66
Lugarno,NSW,2210,Peakhurst - Lugarno,119031372,2022-23,116
Macksville,NSW,2447,Macksville - Scotts Head,108021157,2019-20,24
Macksville,NSW,2447,Macksville - Scotts Head,108021157,2020-21,46
Macksville,NSW,2447,Macksville - Scotts Head,108021157,2021-22,89
Macksville,NSW,2447,Macksville - Scotts Head,108021157,2022-23,60
Tea Gardens,NSW,2324,Tea Gardens - Hawks Nest,106031124,2019-20,11
Tea Gardens,NSW,2324,Tea Gardens - Hawks Nest,106031124,2020-21,23
Tea Gardens,NSW,2324,Tea Gardens - Hawks Nest,106031124,2021-22,37
Tea Gardens,NSW,2324,Tea Gardens - Hawks Nest,106031124,2022-23,53
Warabrook,NSW,2304,Mayfield - Warabrook,111031227,2019-20,68
Warabrook,NSW,2304,Mayfield - Warabrook,111031227,2020-21,53
Warabrook,NSW,2304,Mayfield - Warabrook,111031227,2021-22,31
Warabrook,NSW,2304,Mayfield - Warabrook,111031227,2022-23,88
Winston Hills,NSW,2153,Winston Hills,125041494,2019-20,16
Winston Hills,NSW,2153,Winston Hills,125041494,2020-21,16
Winston Hills,NSW,2153,Winston Hills,125041494,2021-22,45
Winston Hills,NSW,2153,Winston Hills,125041494,2022-23,41
Avondale,NSW,2530,Dapto - Avondale,107011131,2019-20,110
Avondale,NSW,2530,Dapto - Avondale,107011131,2020-21,126
Avondale,NSW,2530,Dapto - Avondale,107011131,2021-22,148
Avondale,NSW,2530,Dapto - Avondale,107011131,2022-23,114
Avondale,NSW,2530,Avondale Heights,210011533,2019-20,48
Avondale,NSW,2530,Avondale Heights,210011533,2020-21,73
Avondale,NSW,2530,Avondale Heights,210011533,2021-22,101
Avondale,NSW,2530,Avondale Heights,210011533,2022-23,105
Barnsley,NSW,2278,West Wallsend - Barnsley - Killingworth,111021221,2019-20,33
Barnsley,NSW,2278,West Wallsend - Barnsley - Killingworth,111021221,2020-21,21
Barnsley,NSW,2278,West Wallsend - Barnsley - Killingworth,111021221,2021-22,23
Barnsley,NSW,2278,West Wallsend - Barnsley - Killingworth,111021221,2022-23,11
Belfield,NSW,2191,Belmore - Belfield,119021362,2019-20,78
Belfield,NSW,2191,Belmore - Belfield,119021362,2020-21,61
Belfield,NSW,2191,Belmore - Belfield,119021362,2021-22,71
Belfield,NSW,2191,Belmore - Belfield,119021362,2022-23,58
Bolton Point,NSW,2283,Bolton Point - Teralba,111021215,2019-20,133
Bolton Point,NSW,2283,Bolton Point - Teralba,111021215,2020-21,97
Bolton Point,NSW,2283,Bolton Point - Teralba,111021215,2021-22,46
Bolton Point,NSW,2283,Bolton Point - Teralba,111021215,2022-23,47
Buff Point,NSW,2262,Budgewoi - Buff Point - Halekulani,102021046,2019-20,14
Buff Point,NSW,2262,Budgewoi - Buff Point - Halekulani,102021046,2020-21,22
Buff Point,NSW,2262,Budgewoi - Buff Point - Halekulani,102021046,2021-22,32
Buff Point,NSW,2262,Budgewoi - Buff Point - Halekulani,102021046,2022-23,31
Cabarita,NSW,2137,Concord - Mortlake - Cabarita,120011383,2019-20,51
Cabarita,NSW,2137,Concord - Mortlake - Cabarita,120011383,2020-21,133
Cabarita,NSW,2137,Concord - Mortlake - Cabarita,120011383,2021-22,97
Cabarita,NSW,2137,Concord - Mortlake - Cabarita,120011383,2022-23,91
Cabramatta West,NSW,2166,Cabramatta West - Mount Pritchard,127021512,2019-20,60
Cabramatta West,NSW,2166,Cabramatta West - Mount Pritchard,127021512,2020-21,89
Cabramatta West,NSW,2166,Cabramatta West - Mount Pritchard,127021512,2021-22,121
Cabramatta West,NSW,2166,Cabramatta West - Mount Pritchard,127021512,2022-23,84
Callala Bay,NSW,2540,Callala Bay - Currarong,114011273,2019-20,21
Callala Bay,NSW,2540,Callala Bay - Currarong,114011273,2020-21,22
Callala Bay,NSW,2540,Callala Bay - Currarong,114011273,2021-22,40
Callala Bay,NSW,2540,Callala Bay - Currarong,114011273,2022-23,40
Denman,NSW,2328,Denman Prospect,801101136,2019-20,267
Denman,NSW,2328,Denman Prospect,801101136,2020-21,665
Denman,NSW,2328,Denman Prospect,801101136,2021-22,238
Denman,NSW,2328,Denman Prospect,801101136,2022-23,97
Dover Heights,NSW,2030,Dover Heights,118011344,2019-20,71
Dover Heights,NSW,2030,Dover Heights,118011344,2020-21,42
Dover Heights,NSW,2030,Dover Heights,118011344,2021-22,98
Dover Heights,NSW,2030,Dover Heights,118011344,2022-23,35
Dundas Valley,NSW,2117,Oatlands - Dundas Valley,125021478,2019-20,124
Dundas Valley,NSW,2117,Oatlands - Dundas Valley,125021478,2020-21,142
Dundas Valley,NSW,2117,Oatlands - Dundas Valley,125021478,2021-22,155
Dundas Valley,NSW,2117,Oatlands - Dundas Valley,125021478,2022-23,108
Evans Head,NSW,2473,Evans Head,112011241,2019-20,27
Evans Head,NSW,2473,Evans Head,112011241,2020-21,21
Evans Head,NSW,2473,Evans Head,112011241,2021-22,20
Evans Head,NSW,2473,Evans Head,112011241,2022-23,15
Lawson,NSW,2783,Lawson - Hazelbrook - Linden,124011453,2019-20,20
Lawson,NSW,2783,Lawson - Hazelbrook - Linden,124011453,2020-21,32
Lawson,NSW,2783,Lawson - Hazelbrook - Linden,124011453,2021-22,19
Lawson,NSW,2783,Lawson - Hazelbrook - Linden,124011453,2022-23,19
Lawson,NSW,2783,Lawson,801011018,2019-20,4
Lawson,NSW,2783,Lawson,801011018,2020-21,5
Lawson,NSW,2783,Lawson,801011018,2021-22,1
Loftus,NSW,2232,Loftus - Yarrawarrah,128021608,2019-20,9
Loftus,NSW,2232,Loftus - Yarrawarrah,128021608,2020-21,21
Loftus,NSW,2232,Loftus - Yarrawarrah,128021608,2021-22,12
Loftus,NSW,2232,Loftus - Yarrawarrah,128021608,2022-23,15
Marayong,NSW,2148,Blacktown (North) - Marayong,116011304,2019-20,95
Marayong,NSW,2148,Blacktown (North) - Marayong,116011304,2020-21,195
Marayong,NSW,2148,Blacktown (North) - Marayong,116011304,2021-22,138
Marayong,NSW,2148,Blacktown (North) - Marayong,116011304,2022-23,83
Narrandera,NSW,2700,Narrandera,113011259,2019-20,6
Narrandera,NSW,2700,Narrandera,113011259,2020-21,13
Narrandera,NSW,2700,Narrandera,113011259,2021-22,15
Narrandera,NSW,2700,Narrandera,113011259,2022-23,15
Narraweena,NSW,2099,Beacon Hill - Narraweena,122031424,2019-20,36
Narraweena,NSW,2099,Beacon Hill - Narraweena,122031424,2020-21,19
Narraweena,NSW,2099,Beacon Hill - Narraweena,122031424,2021-22,32
Narraweena,NSW,2099,Beacon Hill - Narraweena,122031424,2022-23,38
Pagewood,NSW,2035,Pagewood - Hillsdale - Daceyville,117011323,2019-20,15
Pagewood,NSW,2035,Pagewood - Hillsdale - Daceyville,117011323,2020-21,429
Pagewood,NSW,2035,Pagewood - Hillsdale - Daceyville,117011323,2021-22,400
Pagewood,NSW,2035,Pagewood - Hillsdale - Daceyville,117011323,2022-23,435
Quirindi,NSW,2343,Quirindi,110041201,2019-20,10
Quirindi,NSW,2343,Quirindi,110041201,2020-21,14
Quirindi,NSW,2343,Quirindi,110041201,2021-22,10
Quirindi,NSW,2343,Quirindi,110041201,2022-23,20
Wiley Park,NSW,2195,Wiley Park,119021574,2019-20,82
Wiley Park,NSW,2195,Wiley Park,119021574,2020-21,28
Wiley Park,NSW,2195,Wiley Park,119021574,2021-22,8
Wiley Park,NSW,2195,Wiley Park,119021574,2022-23,9
Abermain,NSW,2326,Kurri Kurri - Abermain,106011111,2019-20,266
Abermain,NSW,2326,Kurri Kurri - Abermain,106011111,2020-21,323
Abermain,NSW,2326,Kurri Kurri - Abermain,106011111,2021-22,244
Abermain,NSW,2326,Kurri Kurri - Abermain,106011111,2022-23,220
Burraneer,NSW,2230,Woolooware - Burraneer,128011606,2019-20,65
Burraneer,NSW,2230,Woolooware - Burraneer,128011606,2020-21,314
Burraneer,NSW,2230,Woolooware - Burraneer,128011606,2021-22,67
Burraneer,NSW,2230,Woolooware - Burraneer,128011606,2022-23,48
Camperdown,NSW,1450,Camperdown - Darlington,117031638,2019-20,14
Camperdown,NSW,1450,Camperdown - Darlington,117031638,2020-21,7
Camperdown,NSW,1450,Camperdown - Darlington,117031638,2021-22,3
Camperdown,NSW,1450,Camperdown - Darlington,117031638,2022-23,16
Camperdown,NSW,1450,Camperdown,217031471,2019-20,13
Camperdown,NSW,1450,Camperdown,217031471,2020-21,22
Camperdown,NSW,1450,Camperdown,217031471,2021-22,11
Camperdown,NSW,1450,Camperdown,217031471,2022-23,12
Como,NSW,2226,Oyster Bay - Como - Jannali,128021536,2019-20,40
Como,NSW,2226,Oyster Bay - Como - Jannali,128021536,2020-21,59
Como,NSW,2226,Oyster Bay - Como - Jannali,128021536,2021-22,72
Como,NSW,2226,Oyster Bay - Como - Jannali,128021536,2022-23,43
Como,NSW,2226,Como,506071145,2019-20,159
Como,NSW,2226,Como,506071145,2020-21,213
Como,NSW,2226,Como,506071145,2021-22,47
Como,NSW,2226,Como,506071145,2022-23,40
Darlinghurst,NSW,1300,Darlinghurst,117031329,2019-20,6
Darlinghurst,NSW,1300,Darlinghurst,117031329,2020-21,28
Darlinghurst,NSW,1300,Darlinghurst,117031329,2021-22,4
Darlinghurst,NSW,1300,Darlinghurst,117031329,2022-23,2
Davistown,NSW,2251,Saratoga - Davistown,102011038,2019-20,14
Davistown,NSW,2251,Saratoga - Davistown,102011038,2020-21,27
Davistown,NSW,2251,Saratoga - Davistown,102011038,2021-22,13
Davistown,NSW,2251,Saratoga - Davistown,102011038,2022-23,24
Dungog,NSW,2420,Dungog,106011110,2019-20,48
Dungog,NSW,2420,Dungog,106011110,2020-21,62
Dungog,NSW,2420,Dungog,106011110,2021-22,31
Dungog,NSW,2420,Dungog,106011110,2022-23,51
Dural,NSW,2158,Dural - Kenthurst - Wisemans Ferry,115021297,2019-20,119
Dural,NSW,2158,Dural - Kenthurst - Wisemans Ferry,115021297,2020-21,107
Dural,NSW,2158,Dural - Kenthurst - Wisemans Ferry,115021297,2021-22,112
Dural,NSW,2158,Dural - Kenthurst - Wisemans Ferry,115021297,2022-23,85
Gymea,NSW,2227,Gymea - Grays Point,128011529,2019-20,45
Gymea,NSW,2227,Gymea - Grays Point,128011529,2020-21,69
Gymea,NSW,2227,Gymea - Grays Point,128011529,2021-22,85
Gymea,NSW,2227,Gymea - Grays Point,128011529,2022-23,65
Huntley,NSW,2530,Gladesville - Huntleys Point,126021498,2019-20,85
Huntley,NSW,2530,Gladesville - Huntleys Point,126021498,2020-21,124
Huntley,NSW,2530,Gladesville - Huntleys Point,126021498,2021-22,89
Huntley,NSW,2530,Gladesville - Huntleys Point,126021498,2022-23,63
Jindabyne,NSW,2627,Jindabyne - Berridale,101031016,2019-20,82
Jindabyne,NSW,2627,Jindabyne - Berridale,101031016,2020-21,58
Jindabyne,NSW,2627,Jindabyne - Berridale,101031016,2021-22,91
Jindabyne,NSW,2627,Jindabyne - Berridale,101031016,2022-23,79
Karuah,NSW,2324,Williamtown - Medowie - Karuah,106031125,2019-20,92
Karuah,NSW,2324,Williamtown - Medowie - Karuah,106031125,2020-21,433
Karuah,NSW,2324,Williamtown - Medowie - Karuah,106031125,2021-22,294
Karuah,NSW,2324,Williamtown - Medowie - Karuah,106031125,2022-23,223
Lake Munmorah,NSW,2259,Lake Munmorah - Mannering Park,102021050,2019-20,17
Lake Munmorah,NSW,2259,Lake Munmorah - Mannering Park,102021050,2020-21,12
Lake Munmorah,NSW,2259,Lake Munmorah - Mannering Park,102021050,2021-22,25
Lake Munmorah,NSW,2259,Lake Munmorah - Mannering Park,102021050,2022-23,17
Lakemba,NSW,2195,Lakemba,119021573,2019-20,20
Lakemba,NSW,2195,Lakemba,119021573,2020-21,84
Lakemba,NSW,2195,Lakemba,119021573,2021-22,19
Lakemba,NSW,2195,Lakemba,119021573,2022-23,18
Largs,NSW,2320,Largs Bay - Semaphore,404021099,2019-20,55
Largs,NSW,2320,Largs Bay - Semaphore,404021099,2020-21,57
Largs,NSW,2320,Largs Bay - Semaphore,404021099,2021-22,162
Largs,NSW,2320,Largs Bay - Semaphore,404021099,2022-23,89
Lorn,NSW,2320,Lorne - Anglesea,203031049,2019-20,47
Lorn,NSW,2320,Lorne - Anglesea,203031049,2020-21,46
Lorn,NSW,2320,Lorne - Anglesea,203031049,2021-22,62
Lorn,NSW,2320,Lorne - Anglesea,203031049,2022-23,67
Milperra,NSW,1891,Panania (North) - Milperra,119011657,2019-20,73
Milperra,NSW,1891,Panania (North) - Milperra,119011657,2020-21,81
Milperra,NSW,1891,Panania (North) - Milperra,119011657,2021-22,103
Milperra,NSW,1891,Panania (North) - Milperra,119011657,2022-23,70
Morisset,NSW,2264,Morisset - Cooranbong,111021218,2019-20,237
Morisset,NSW,2264,Morisset - Cooranbong,111021218,2020-21,257
Morisset,NSW,2264,Morisset - Cooranbong,111021218,2021-22,404
Morisset,NSW,2264,Morisset - Cooranbong,111021218,2022-23,380
Narellan,NSW,2567,Elderslie - Narellan,123011699,2019-20,80
Narellan,NSW,2567,Elderslie - Narellan,123011699,2020-21,140
Narellan,NSW,2567,Elderslie - Narellan,123011699,2021-22,69
Narellan,NSW,2567,Elderslie - Narellan,123011699,2022-23,91
Newcastle,NSW,2300,Newcastle - Cooks Hill,111031229,2019-20,421
Newcastle,NSW,2300,Newcastle - Cooks Hill,111031229,2020-21,169
Newcastle,NSW,2300,Newcastle - Cooks Hill,111031229,2021-22,11
Newcastle,NSW,2300,Newcastle - Cooks Hill,111031229,2022-23,47
Oakdale,NSW,2570,The Oaks - Oakdale,123031448,2019-20,52
Oakdale,NSW,2570,The Oaks - Oakdale,123031448,2020-21,88
Oakdale,NSW,2570,The Oaks - Oakdale,123031448,2021-22,56
Oakdale,NSW,2570,The Oaks - Oakdale,123031448,2022-23,63
Oxley Park,NSW,2760,Colyton - Oxley Park,124051580,2019-20,86
Oxley Park,NSW,2760,Colyton - Oxley Park,124051580,2020-21,42
Oxley Park,NSW,2760,Colyton - Oxley Park,124051580,2021-22,53
Oxley Park,NSW,2760,Colyton - Oxley Park,124051580,2022-23,81
Pokolbin,NSW,2320,Branxton - Greta - Pokolbin,106011107,2019-20,211
Pokolbin,NSW,2320,Branxton - Greta - Pokolbin,106011107,2020-21,384
Pokolbin,NSW,2320,Branxton - Greta - Pokolbin,106011107,2021-22,384
Pokolbin,NSW,2320,Branxton - Greta - Pokolbin,106011107,2022-23,565
Prospect,NSW,2148,Seven Hills - Prospect,116011626,2019-20,35
Prospect,NSW,2148,Seven Hills - Prospect,116011626,2020-21,171
Prospect,NSW,2148,Seven Hills - Prospect,116011626,2021-22,57
Prospect,NSW,2148,Seven Hills - Prospect,116011626,2022-23,45
Prospect,NSW,2148,Prospect Reservoir,116031318,2021-22,0
Prospect,NSW,2148,Prospect,401061021,2019-20,73
Prospect,NSW,2148,Prospect,401061021,2020-21,115
Prospect,NSW,2148,Prospect,401061021,2021-22,71
Prospect,NSW,2148,Prospect,401061021,2022-23,163
Prospect,NSW,2148,Summerhill - Prospect,602011048,2019-20,16
Prospect,NSW,2148,Summerhill - Prospect,602011048,2020-21,32
Prospect,NSW,2148,Summerhill - Prospect,602011048,2021-22,18
Prospect,NSW,2148,Summerhill - Prospect,602011048,2022-23,6
Prospect,NSW,2148,Prospect Vale - Blackstone,602011044,2019-20,43
Prospect,NSW,2148,Prospect Vale - Blackstone,602011044,2020-21,33
Prospect,NSW,2148,Prospect Vale - Blackstone,602011044,2021-22,95
Prospect,NSW,2148,Prospect Vale - Blackstone,602011044,2022-23,16
Prospect,NSW,2148,Denman Prospect,801101136,2019-20,267
Prospect,NSW,2148,Denman Prospect,801101136,2020-21,665
Prospect,NSW,2148,Denman Prospect,801101136,2021-22,238
Prospect,NSW,2148,Denman Prospect,801101136,2022-23,97
Rydalmere,NSW,2116,Ermington - Rydalmere,125021477,2019-20,167
Rydalmere,NSW,2116,Ermington - Rydalmere,125021477,2020-21,174
Rydalmere,NSW,2116,Ermington - Rydalmere,125021477,2021-22,404
Rydalmere,NSW,2116,Ermington - Rydalmere,125021477,2022-23,580
Tenambit,NSW,2323,Tenambit - East Maitland,106021617,2019-20,27
Tenambit,NSW,2323,Tenambit - East Maitland,106021617,2020-21,60
Tenambit,NSW,2323,Tenambit - East Maitland,106021617,2021-22,36
Tenambit,NSW,2323,Tenambit - East Maitland,106021617,2022-23,14
Wentworth Point,NSW,2127,Wentworth Point - Sydney Olympic Park,125011710,2019-20,794
Wentworth Point,NSW,2127,Wentworth Point - Sydney Olympic Park,125011710,2020-21,207
Wentworth Point,NSW,2127,Wentworth Point - Sydney Olympic Park,125011710,2021-22,1143
Wentworth Point,NSW,2127,Wentworth Point - Sydney Olympic Park,125011710,2022-23,464
West Wyalong,NSW,2671,West Wyalong,103021069,2019-20,14
West Wyalong,NSW,2671,West Wyalong,103021069,2020-21,19
West Wyalong,NSW,2671,West Wyalong,103021069,2021-22,21
West Wyalong,NSW,2671,West Wyalong,103021069,2022-23,10
Yarrawarrah,NSW,2233,Loftus - Yarrawarrah,128021608,2019-20,9
Yarrawarrah,NSW,2233,Loftus - Yarrawarrah,128021608,2020-21,21
Yarrawarrah,NSW,2233,Loftus - Yarrawarrah,128021608,2021-22,12
Yarrawarrah,NSW,2233,Loftus - Yarrawarrah,128021608,2022-23,15
Yowie Bay,NSW,2228,Miranda - Yowie Bay,128011530,2019-20,212
Yowie Bay,NSW,2228,Miranda - Yowie Bay,128011530,2020-21,166
Yowie Bay,NSW,2228,Miranda - Yowie Bay,128011530,2021-22,227
Yowie Bay,NSW,2228,Miranda - Yowie Bay,128011530,2022-23,108
Balgownie,NSW,2519,Balgownie - Fairy Meadow,107041144,2019-20,77
Balgownie,NSW,2519,Balgownie - Fairy Meadow,107041144,2020-21,68
Balgownie,NSW,2519,Balgownie - Fairy Meadow,107041144,2021-22,93
Balgownie,NSW,2519,Balgownie - Fairy Meadow,107041144,2022-23,117
Bayview,NSW,2104,Bayview - Elanora Heights,122021421,2019-20,16
Bayview,NSW,2104,Bayview - Elanora Heights,122021421,2020-21,46
Bayview,NSW,2104,Bayview - Elanora Heights,122021421,2021-22,34
Bayview,NSW,2104,Bayview - Elanora Heights,122021421,2022-23,20
Bayview,NSW,2104,Earlville - Bayview Heights,306021146,2019-20,9
Bayview,NSW,2104,Earlville - Bayview Heights,306021146,2020-21,58
Bayview,NSW,2104,Earlville - Bayview Heights,306021146,2021-22,7
Bayview,NSW,2104,Earlville - Bayview Heights,306021146,2022-23,10
Bayview,NSW,2104,Woolner - Bayview - Winnellie,701011009,2019-20,2
Bayview,NSW,2104,Woolner - Bayview - Winnellie,701011009,2020-21,2
Bayview,NSW,2104,Woolner - Bayview - Winnellie,701011009,2021-22,0
Bayview,NSW,2104,Woolner - Bayview - Winnellie,701011009,2022-23,2
Birrong,NSW,2143,Yagoona - Birrong,119011361,2019-20,79
Birrong,NSW,2143,Yagoona - Birrong,119011361,2020-21,116
Birrong,NSW,2143,Yagoona - Birrong,119011361,2021-22,154
Birrong,NSW,2143,Yagoona - Birrong,119011361,2022-23,94
Blackwall,NSW,2256,Woy Woy - Blackwall,102011042,2019-20,43
Blackwall,NSW,2256,Woy Woy - Blackwall,102011042,2020-21,45
Blackwall,NSW,2256,Woy Woy - Blackwall,102011042,2021-22,41
Blackwall,NSW,2256,Woy Woy - Blackwall,102011042,2022-23,54
Bonnyrigg Heights,NSW,2177,Bonnyrigg Heights - Bonnyrigg,127021509,2019-20,201
Bonnyrigg Heights,NSW,2177,Bonnyrigg Heights - Bonnyrigg,127021509,2020-21,65
Bonnyrigg Heights,NSW,2177,Bonnyrigg Heights - Bonnyrigg,127021509,2021-22,45
Bonnyrigg Heights,NSW,2177,Bonnyrigg Heights - Bonnyrigg,127021509,2022-23,39
Budgewoi,NSW,2262,Budgewoi - Buff Point - Halekulani,102021046,2019-20,14
Budgewoi,NSW,2262,Budgewoi - Buff Point - Halekulani,102021046,2020-21,22
Budgewoi,NSW,2262,Budgewoi - Buff Point - Halekulani,102021046,2021-22,32
Budgewoi,NSW,2262,Budgewoi - Buff Point - Halekulani,102021046,2022-23,31
Coonabarabran,NSW,2357,Coonabarabran,105031099,2019-20,1
Coonabarabran,NSW,2357,Coonabarabran,105031099,2020-21,5
Coonabarabran,NSW,2357,Coonabarabran,105031099,2021-22,4
Coonabarabran,NSW,2357,Coonabarabran,105031099,2022-23,8
Dean Park,NSW,2761,Glendenning - Dean Park,116031314,2019-20,16
Dean Park,NSW,2761,Glendenning - Dean Park,116031314,2020-21,17
Dean Park,NSW,2761,Glendenning - Dean Park,116031314,2021-22,16
Dean Park,NSW,2761,Glendenning - Dean Park,116031314,2022-23,22
Edensor Park,NSW,2176,Edensor Park,127021514,2019-20,23
Edensor Park,NSW,2176,Edensor Park,127021514,2020-21,26
Edensor Park,NSW,2176,Edensor Park,127021514,2021-22,25
Edensor Park,NSW,2176,Edensor Park,127021514,2022-23,31
Emerald Beach,NSW,2456,Korora - Emerald Beach,104021088,2019-20,52
Emerald Beach,NSW,2456,Korora - Emerald Beach,104021088,2020-21,79
Emerald Beach,NSW,2456,Korora - Emerald Beach,104021088,2021-22,48
Emerald Beach,NSW,2456,Korora - Emerald Beach,104021088,2022-23,56
Girraween,NSW,2145,Pendle Hill - Girraween,125041588,2019-20,107
Girraween,NSW,2145,Pendle Hill - Girraween,125041588,2020-21,97
Girraween,NSW,2145,Pendle Hill - Girraween,125041588,2021-22,127
Girraween,NSW,2145,Pendle Hill - Girraween,125041588,2022-23,82
Molong,NSW,2866,Molonglo,801101137,2019-20,37
Molong,NSW,2866,Molonglo Corridor,801011111,2020-21,5
Molong,NSW,2866,Molonglo - East,801101145,2020-21,1
Narromine,NSW,2821,Narromine,105031105,2019-20,5
Narromine,NSW,2821,Narromine,105031105,2020-21,15
Narromine,NSW,2821,Narromine,105031105,2021-22,19
Narromine,NSW,2821,Narromine,105031105,2022-23,6
Ourimbah,NSW,2258,Ourimbah - Fountaindale,102021051,2019-20,6
Ourimbah,NSW,2258,Ourimbah - Fountaindale,102021051,2020-21,7
Ourimbah,NSW,2258,Ourimbah - Fountaindale,102021051,2021-22,3
Ourimbah,NSW,2258,Ourimbah - Fountaindale,102021051,2022-23,4
Queanbeyan West,NSW,2620,Queanbeyan West - Jerrabomberra,101021012,2019-20,3
Queanbeyan West,NSW,2620,Queanbeyan West - Jerrabomberra,101021012,2020-21,2
Queanbeyan West,NSW,2620,Queanbeyan West - Jerrabomberra,101021012,2021-22,3
Queanbeyan West,NSW,2620,Queanbeyan West - Jerrabomberra,101021012,2022-23,8
Raby,NSW,2566,Claymore - Eagle Vale - Raby,123021438,2019-20,36
Raby,NSW,2566,Claymore - Eagle Vale - Raby,123021438,2020-21,31
Raby,NSW,2566,Claymore - Eagle Vale - Raby,123021438,2021-22,93
Raby,NSW,2566,Claymore - Eagle Vale - Raby,123021438,2022-23,92
Summerland Point,NSW,2259,Summerland Point - Gwandalan,102021052,2019-20,28
Summerland Point,NSW,2259,Summerland Point - Gwandalan,102021052,2020-21,41
Summerland Point,NSW,2259,Summerland Point - Gwandalan,102021052,2021-22,34
Summerland Point,NSW,2259,Summerland Point - Gwandalan,102021052,2022-23,97
Wakeley,NSW,2176,St Johns Park - Wakeley,127021520,2019-20,20
Wakeley,NSW,2176,St Johns Park - Wakeley,127021520,2020-21,37
Wakeley,NSW,2176,St Johns Park - Wakeley,127021520,2021-22,34
Wakeley,NSW,2176,St Johns Park - Wakeley,127021520,2022-23,19
Warrimoo,NSW,2774,Blaxland - Warrimoo - Lapstone,124011450,2019-20,21
Warrimoo,NSW,2774,Blaxland - Warrimoo - Lapstone,124011450,2020-21,26
Warrimoo,NSW,2774,Blaxland - Warrimoo - Lapstone,124011450,2021-22,43
Warrimoo,NSW,2774,Blaxland - Warrimoo - Lapstone,124011450,2022-23,35
Westmead,NSW,2145,Wentworthville - Westmead,125041589,2019-20,363
Westmead,NSW,2145,Wentworthville - Westmead,125041589,2020-21,181
Westmead,NSW,2145,Wentworthville - Westmead,125041589,2021-22,93
Westmead,NSW,2145,Wentworthville - Westmead,125041589,2022-23,209
Westmead,NSW,2145,Gladstone Park - Westmeadows,210051245,2019-20,63
Westmead,NSW,2145,Gladstone Park - Westmeadows,210051245,2020-21,60
Westmead,NSW,2145,Gladstone Park - Westmeadows,210051245,2021-22,39
Westmead,NSW,2145,Gladstone Park - Westmeadows,210051245,2022-23,39
Abbotsbury,NSW,2176,Bossley Park - Abbotsbury,127021510,2019-20,39
Abbotsbury,NSW,2176,Bossley Park - Abbotsbury,127021510,2020-21,83
Abbotsbury,NSW,2176,Bossley Park - Abbotsbury,127021510,2021-22,182
Abbotsbury,NSW,2176,Bossley Park - Abbotsbury,127021510,2022-23,62
Ashcroft,NSW,2168,Ashcroft - Busby - Miller,127011504,2019-20,72
Ashcroft,NSW,2168,Ashcroft - Busby - Miller,127011504,2020-21,68
Ashcroft,NSW,2168,Ashcroft - Busby - Miller,127011504,2021-22,95
Ashcroft,NSW,2168,Ashcroft - Busby - Miller,127011504,2022-23,100
Bermagui,NSW,2546,Narooma - Bermagui,101041027,2019-20,27
Bermagui,NSW,2546,Narooma - Bermagui,101041027,2020-21,39
Bermagui,NSW,2546,Narooma - Bermagui,101041027,2021-22,48
Bermagui,NSW,2546,Narooma - Bermagui,101041027,2022-23,72
Berridale,NSW,2628,Jindabyne - Berridale,101031016,2019-20,82
Berridale,NSW,2628,Jindabyne - Berridale,101031016,2020-21,58
Berridale,NSW,2628,Jindabyne - Berridale,101031016,2021-22,91
Berridale,NSW,2628,Jindabyne - Berridale,101031016,2022-23,79
Cabramatta,NSW,2166,Cabramatta - Lansvale,127021511,2019-20,53
Cabramatta,NSW,2166,Cabramatta - Lansvale,127021511,2020-21,70
Cabramatta,NSW,2166,Cabramatta - Lansvale,127021511,2021-22,93
Cabramatta,NSW,2166,Cabramatta - Lansvale,127021511,2022-23,82
Cabramatta,NSW,2166,Cabramatta West - Mount Pritchard,127021512,2019-20,60
Cabramatta,NSW,2166,Cabramatta West - Mount Pritchard,127021512,2020-21,89
Cabramatta,NSW,2166,Cabramatta West - Mount Pritchard,127021512,2021-22,121
Cabramatta,NSW,2166,Cabramatta West - Mount Pritchard,127021512,2022-23,84
Dorrigo,NSW,2453,Dorrigo,104021087,2019-20,4
Dorrigo,NSW,2453,Dorrigo,104021087,2020-21,7
Dorrigo,NSW,2453,Dorrigo,104021087,2021-22,8
Dorrigo,NSW,2453,Dorrigo,104021087,2022-23,8
Emu Plains,NSW,2750,Emu Plains - Leonay,124031459,2019-20,20
Emu Plains,NSW,2750,Emu Plains - Leonay,124031459,2020-21,23
Emu Plains,NSW,2750,Emu Plains - Leonay,124031459,2021-22,64
Emu Plains,NSW,2750,Emu Plains - Leonay,124031459,2022-23,31
Forresters Beach,NSW,2260,Wamberal - Forresters Beach,102011041,2019-20,39
Forresters Beach,NSW,2260,Wamberal - Forresters Beach,102011041,2020-21,31
Forresters Beach,NSW,2260,Wamberal - Forresters Beach,102011041,2021-22,59
Forresters Beach,NSW,2260,Wamberal - Forresters Beach,102011041,2022-23,24
Kogarah Bay,NSW,2217,Kogarah Bay - Carlton - Allawah,119041379,2019-20,199
Kogarah Bay,NSW,2217,Kogarah Bay - Carlton - Allawah,119041379,2020-21,129
Kogarah Bay,NSW,2217,Kogarah Bay - Carlton - Allawah,119041379,2021-22,52
Kogarah Bay,NSW,2217,Kogarah Bay - Carlton - Allawah,119041379,2022-23,231
North Haven,NSW,2443,North Haven,404021100,2019-20,74
North Haven,NSW,2443,North Haven,404021100,2020-21,99
North Haven,NSW,2443,North Haven,404021100,2021-22,80
North Haven,NSW,2443,North Haven,404021100,2022-23,70
North Strathfield,NSW,2137,Concord West - North Strathfield,120011672,2019-20,47
North Strathfield,NSW,2137,Concord West - North Strathfield,120011672,2020-21,50
North Strathfield,NSW,2137,Concord West - North Strathfield,120011672,2021-22,56
North Strathfield,NSW,2137,Concord West - North Strathfield,120011672,2022-23,295
Palm Beach,NSW,2108,Avalon - Palm Beach,122021420,2019-20,39
Palm Beach,NSW,2108,Avalon - Palm Beach,122021420,2020-21,34
Palm Beach,NSW,2108,Avalon - Palm Beach,122021420,2021-22,40
Palm Beach,NSW,2108,Avalon - Palm Beach,122021420,2022-23,38
Palm Beach,NSW,2108,Palm Beach,309021234,2019-20,148
Palm Beach,NSW,2108,Palm Beach,309021234,2020-21,169
Palm Beach,NSW,2108,Palm Beach,309021234,2021-22,433
Palm Beach,NSW,2108,Palm Beach,309021234,2022-23,198
Redfern,NSW,2016,Redfern,117031642,2019-20,161
Redfern,NSW,2016,Redfern,117031642,2020-21,156
Redfern,NSW,2016,Redfern,117031642,2021-22,1
Redfern,NSW,2016,Redfern,117031642,2022-23,1
South Wentworthville,NSW,2145,South Wentworthville,125031716,2019-20,54
South Wentworthville,NSW,2145,South Wentworthville,125031716,2020-21,40
South Wentworthville,NSW,2145,South Wentworthville,125031716,2021-22,67
South Wentworthville,NSW,2145,South Wentworthville,125031716,2022-23,28
Sydenham,NSW,2044,Sydenham,213011339,2019-20,31
Sydenham,NSW,2044,Sydenham,213011339,2020-21,41
Sydenham,NSW,2044,Sydenham,213011339,2021-22,57
Sydenham,NSW,2044,Sydenham,213011339,2022-23,46
Sydenham,NSW,2044,Sydenham - Tempe - St Peters,117021328,2019-20,110
Sydenham,NSW,2044,Sydenham - Tempe - St Peters,117021328,2020-21,21
Sydenham,NSW,2044,Sydenham - Tempe - St Peters,117021328,2021-22,17
Sydenham,NSW,2044,Sydenham - Tempe - St Peters,117021328,2022-23,16
Tocumwal,NSW,2714,Tocumwal - Finley - Jerilderie,109031185,2019-20,29
Tocumwal,NSW,2714,Tocumwal - Finley - Jerilderie,109031185,2020-21,36
Tocumwal,NSW,2714,Tocumwal - Finley - Jerilderie,109031185,2021-22,57
Tocumwal,NSW,2714,Tocumwal - Finley - Jerilderie,109031185,2022-23,51
Wheeler Heights,NSW,2097,Narrabeen - Wheeler Heights,122031697,2019-20,38
Wheeler Heights,NSW,2097,Narrabeen - Wheeler Heights,122031697,2020-21,32
Wheeler Heights,NSW,2097,Narrabeen - Wheeler Heights,122031697,2021-22,10
Wheeler Heights,NSW,2097,Narrabeen - Wheeler Heights,122031697,2022-23,39
Austinmer,NSW,2515,Thirroul - Austinmer - Coalcliff,107041148,2019-20,46
Austinmer,NSW,2515,Thirroul - Austinmer - Coalcliff,107041148,2020-21,63
Austinmer,NSW,2515,Thirroul - Austinmer - Coalcliff,107041148,2021-22,44
Austinmer,NSW,2515,Thirroul - Austinmer - Coalcliff,107041148,2022-23,47
Blair Athol,NSW,2560,Enfield - Blair Athol,402031036,2019-20,309
Blair Athol,NSW,2560,Enfield - Blair Athol,402031036,2020-21,338
Blair Athol,NSW,2560,Enfield - Blair Athol,402031036,2021-22,247
Blair Athol,NSW,2560,Enfield - Blair Athol,402031036,2022-23,277
Bondi Beach,NSW,2026,Bondi Beach - North Bondi,118011340,2019-20,82
Bondi Beach,NSW,2026,Bondi Beach - North Bondi,118011340,2020-21,65
Bondi Beach,NSW,2026,Bondi Beach - North Bondi,118011340,2021-22,97
Bondi Beach,NSW,2026,Bondi Beach - North Bondi,118011340,2022-23,50
Braidwood,NSW,2622,Braidwood,101021007,2019-20,18
Braidwood,NSW,2622,Braidwood,101021007,2020-21,21
Braidwood,NSW,2622,Braidwood,101021007,2021-22,47
Braidwood,NSW,2622,Braidwood,101021007,2022-23,27
Busby,NSW,2168,Ashcroft - Busby - Miller,127011504,2019-20,72
Busby,NSW,2168,Ashcroft - Busby - Miller,127011504,2020-21,68
Busby,NSW,2168,Ashcroft - Busby - Miller,127011504,2021-22,95
Busby,NSW,2168,Ashcroft - Busby - Miller,127011504,2022-23,100
Canley Heights,NSW,2166,Canley Vale - Canley Heights,127021513,2019-20,109
Canley Heights,NSW,2166,Canley Vale - Canley Heights,127021513,2020-21,104
Canley Heights,NSW,2166,Canley Vale - Canley Heights,127021513,2021-22,147
Canley Heights,NSW,2166,Canley Vale - Canley Heights,127021513,2022-23,169
Enfield,NSW,2136,Croydon Park - Enfield,120031393,2019-20,106
Enfield,NSW,2136,Croydon Park - Enfield,120031393,2020-21,88
Enfield,NSW,2136,Croydon Park - Enfield,120031393,2021-22,37
Enfield,NSW,2136,Croydon Park - Enfield,120031393,2022-23,141
Enfield,NSW,2136,Enfield - Blair Athol,402031036,2019-20,309
Enfield,NSW,2136,Enfield - Blair Athol,402031036,2020-21,338
Enfield,NSW,2136,Enfield - Blair Athol,402031036,2021-22,247
Enfield,NSW,2136,Enfield - Blair Athol,402031036,2022-23,277
Grays Point,NSW,2232,Gymea - Grays Point,128011529,2019-20,45
Grays Point,NSW,2232,Gymea - Grays Point,128011529,2020-21,69
Grays Point,NSW,2232,Gymea - Grays Point,128011529,2021-22,85
Grays Point,NSW,2232,Gymea - Grays Point,128011529,2022-23,65
Halekulani,NSW,2262,Budgewoi - Buff Point - Halekulani,102021046,2019-20,14
Halekulani,NSW,2262,Budgewoi - Buff Point - Halekulani,102021046,2020-21,22
Halekulani,NSW,2262,Budgewoi - Buff Point - Halekulani,102021046,2021-22,32
Halekulani,NSW,2262,Budgewoi - Buff Point - Halekulani,102021046,2022-23,31
Highfields,NSW,2289,Highfields,317011450,2019-20,117
Highfields,NSW,2289,Highfields,317011450,2020-21,248
Highfields,NSW,2289,Highfields,317011450,2021-22,284
Highfields,NSW,2289,Highfields,317011450,2022-23,192
Holsworthy,NSW,2173,Holsworthy - Wattle Grove,127031524,2019-20,29
Holsworthy,NSW,2173,Holsworthy - Wattle Grove,127031524,2020-21,28
Holsworthy,NSW,2173,Holsworthy - Wattle Grove,127031524,2021-22,51
Holsworthy,NSW,2173,Holsworthy - Wattle Grove,127031524,2022-23,65
Huskisson,NSW,2540,Huskisson - Vincentia,114011276,2019-20,70
Huskisson,NSW,2540,Huskisson - Vincentia,114011276,2020-21,80
Huskisson,NSW,2540,Huskisson - Vincentia,114011276,2021-22,101
Huskisson,NSW,2540,Huskisson - Vincentia,114011276,2022-23,33
Maclean,NSW,2463,Maclean - Yamba - Iluka,104011082,2019-20,67
Maclean,NSW,2463,Maclean - Yamba - Iluka,104011082,2020-21,124
Maclean,NSW,2463,Maclean - Yamba - Iluka,104011082,2021-22,222
Maclean,NSW,2463,Maclean - Yamba - Iluka,104011082,2022-23,102
Maclean,NSW,2463,Greenbank - North Maclean,311041569,2019-20,194
Maclean,NSW,2463,Greenbank - North Maclean,311041569,2020-21,389
Maclean,NSW,2463,Greenbank - North Maclean,311041569,2021-22,544
Maclean,NSW,2463,Greenbank - North Maclean,311041569,2022-23,456
Narooma,NSW,2546,Narooma - Bermagui,101041027,2019-20,27
Narooma,NSW,2546,Narooma - Bermagui,101041027,2020-21,39
Narooma,NSW,2546,Narooma - Bermagui,101041027,2021-22,48
Narooma,NSW,2546,Narooma - Bermagui,101041027,2022-23,72
Narrabri,NSW,2390,Narrabri,110031197,2019-20,4
Narrabri,NSW,2390,Narrabri,110031197,2020-21,9
Narrabri,NSW,2390,Narrabri,110031197,2021-22,9
Narrabri,NSW,2390,Narrabri,110031197,2022-23,17
Narrabri,NSW,2390,Narrabri Surrounds,110031198,2019-20,1
Narrabri,NSW,2390,Narrabri Surrounds,110031198,2020-21,0
Narrabri,NSW,2390,Narrabri Surrounds,110031198,2021-22,3
Narrabri,NSW,2390,Narrabri Surrounds,110031198,2022-23,2
Norah Head,NSW,2263,Toukley - Norah Head,102021054,2019-20,46
Norah Head,NSW,2263,Toukley - Norah Head,102021054,2020-21,31
Norah Head,NSW,2263,Toukley - Norah Head,102021054,2021-22,50
Norah Head,NSW,2263,Toukley - Norah Head,102021054,2022-23,50
Oberon,NSW,2787,Oberon,103011061,2019-20,18
Oberon,NSW,2787,Oberon,103011061,2020-21,8
Oberon,NSW,2787,Oberon,103011061,2021-22,24
Oberon,NSW,2787,Oberon,103011061,2022-23,30
Picton,NSW,2571,Picton - Tahmoor - Buxton,123031447,2019-20,267
Picton,NSW,2571,Picton - Tahmoor - Buxton,123031447,2020-21,335
Picton,NSW,2571,Picton - Tahmoor - Buxton,123031447,2021-22,337
Picton,NSW,2571,Picton - Tahmoor - Buxton,123031447,2022-23,464
Sefton,NSW,2162,Chester Hill - Sefton,125031479,2019-20,257
Sefton,NSW,2162,Chester Hill - Sefton,125031479,2020-21,109
Sefton,NSW,2162,Chester Hill - Sefton,125031479,2021-22,124
Sefton,NSW,2162,Chester Hill - Sefton,125031479,2022-23,116
South Granville,NSW,2142,Guildford - South Granville,125031483,2019-20,121
South Granville,NSW,2142,Guildford - South Granville,125031483,2020-21,274
South Granville,NSW,2142,Guildford - South Granville,125031483,2021-22,117
South Granville,NSW,2142,Guildford - South Granville,125031483,2022-23,70
South Hurstville,NSW,2221,South Hurstville - Blakehurst,119031374,2019-20,133
South Hurstville,NSW,2221,South Hurstville - Blakehurst,119031374,2020-21,299
South Hurstville,NSW,2221,South Hurstville - Blakehurst,119031374,2021-22,86
South Hurstville,NSW,2221,South Hurstville - Blakehurst,119031374,2022-23,147
Taren Point,NSW,2229,Sylvania - Taren Point,128011531,2019-20,235
Taren Point,NSW,2229,Sylvania - Taren Point,128011531,2020-21,69
Taren Point,NSW,2229,Sylvania - Taren Point,128011531,2021-22,67
Taren Point,NSW,2229,Sylvania - Taren Point,128011531,2022-23,88
The Junction,NSW,2291,Merewether - The Junction,111031228,2019-20,43
The Junction,NSW,2291,Merewether - The Junction,111031228,2020-21,68
The Junction,NSW,2291,Merewether - The Junction,111031228,2021-22,44
The Junction,NSW,2291,Merewether - The Junction,111031228,2022-23,38
Tumbulgum,NSW,2490,Terranora - North Tumbulgum,112031551,2019-20,6
Tumbulgum,NSW,2490,Terranora - North Tumbulgum,112031551,2020-21,5
Tumbulgum,NSW,2490,Terranora - North Tumbulgum,112031551,2021-22,21
Tumbulgum,NSW,2490,Terranora - North Tumbulgum,112031551,2022-23,4
Alfords Point,NSW,2234,Illawong - Alfords Point,128021534,2019-20,15
Alfords Point,NSW,2234,Illawong - Alfords Point,128021534,2020-21,8
Alfords Point,NSW,2234,Illawong - Alfords Point,128021534,2021-22,12
Alfords Point,NSW,2234,Illawong - Alfords Point,128021534,2022-23,6
Balmoral,NSW,2283,Balmoral,305021113,2019-20,30
Balmoral,NSW,2283,Balmoral,305021113,2020-21,10
Balmoral,NSW,2283,Balmoral,305021113,2021-22,19
Balmoral,NSW,2283,Balmoral,305021113,2022-23,7
Bargo,NSW,2574,Bargo,123031445,2019-20,13
Bargo,NSW,2574,Bargo,123031445,2020-21,22
Bargo,NSW,2574,Bargo,123031445,2021-22,24
Bargo,NSW,2574,Bargo,123031445,2022-23,64
Batemans Bay,NSW,2536,Batemans Bay - South,101041018,2019-20,76
Batemans Bay,NSW,2536,Batemans Bay - South,101041018,2020-21,115
Batemans Bay,NSW,2536,Batemans Bay - South,101041018,2021-22,106
Batemans Bay,NSW,2536,Batemans Bay - South,101041018,2022-23,98
Batemans Bay,NSW,2536,Batemans Bay,101041017,2019-20,44
Batemans Bay,NSW,2536,Batemans Bay,101041017,2020-21,92
Batemans Bay,NSW,2536,Batemans Bay,101041017,2021-22,40
Batemans Bay,NSW,2536,Batemans Bay,101041017,2022-23,41
Blacksmiths,NSW,2281,Belmont South - Blacksmiths,111011207,2019-20,15
Blacksmiths,NSW,2281,Belmont South - Blacksmiths,111011207,2020-21,25
Blacksmiths,NSW,2281,Belmont South - Blacksmiths,111011207,2021-22,27
Blacksmiths,NSW,2281,Belmont South - Blacksmiths,111011207,2022-23,18
Condobolin,NSW,2877,Condobolin,103021062,2019-20,6
Condobolin,NSW,2877,Condobolin,103021062,2020-21,8
Condobolin,NSW,2877,Condobolin,103021062,2021-22,11
Condobolin,NSW,2877,Condobolin,103021062,2022-23,15
Emerton,NSW,2770,Bidwill - Hebersham - Emerton,116031313,2019-20,50
Emerton,NSW,2770,Bidwill - Hebersham - Emerton,116031313,2020-21,40
Emerton,NSW,2770,Bidwill - Hebersham - Emerton,116031313,2021-22,59
Emerton,NSW,2770,Bidwill - Hebersham - Emerton,116031313,2022-23,67
Fullerton Cove,NSW,2318,Stockton - Fullerton Cove,111031232,2019-20,82
Fullerton Cove,NSW,2318,Stockton - Fullerton Cove,111031232,2020-21,58
Fullerton Cove,NSW,2318,Stockton - Fullerton Cove,111031232,2021-22,34
Fullerton Cove,NSW,2318,Stockton - Fullerton Cove,111031232,2022-23,24
Greenwich,NSW,2065,Greenwich - Riverview,121011685,2019-20,58
Greenwich,NSW,2065,Greenwich - Riverview,121011685,2020-21,31
Greenwich,NSW,2065,Greenwich - Riverview,121011685,2021-22,396
Greenwich,NSW,2065,Greenwich - Riverview,121011685,2022-23,106
Hebersham,NSW,2770,Bidwill - Hebersham - Emerton,116031313,2019-20,50
Hebersham,NSW,2770,Bidwill - Hebersham - Emerton,116031313,2020-21,40
Hebersham,NSW,2770,Bidwill - Hebersham - Emerton,116031313,2021-22,59
Hebersham,NSW,2770,Bidwill - Hebersham - Emerton,116031313,2022-23,67
Kembla Grange,NSW,2526,Horsley - Kembla Grange,107011132,2019-20,351
Kembla Grange,NSW,2526,Horsley - Kembla Grange,107011132,2020-21,368
Kembla Grange,NSW,2526,Horsley - Kembla Grange,107011132,2021-22,284
Kembla Grange,NSW,2526,Horsley - Kembla Grange,107011132,2022-23,200
Kyeemagh,NSW,2216,Monterey - Brighton-le-Sands - Kyeemagh,119041380,2019-20,22
Kyeemagh,NSW,2216,Monterey - Brighton-le-Sands - Kyeemagh,119041380,2020-21,30
Kyeemagh,NSW,2216,Monterey - Brighton-le-Sands - Kyeemagh,119041380,2021-22,27
Kyeemagh,NSW,2216,Monterey - Brighton-le-Sands - Kyeemagh,119041380,2022-23,64
Mount Pleasant,NSW,2519,Mount Pleasant - Glenella,312021348,2019-20,51
Mount Pleasant,NSW,2519,Mount Pleasant - Glenella,312021348,2020-21,73
Mount Pleasant,NSW,2519,Mount Pleasant - Glenella,312021348,2021-22,54
Mount Pleasant,NSW,2519,Mount Pleasant - Glenella,312021348,2022-23,30
Parklea,NSW,2768,Stanhope Gardens - Parklea,116021633,2019-20,50
Parklea,NSW,2768,Stanhope Gardens - Parklea,116021633,2020-21,24
Parklea,NSW,2768,Stanhope Gardens - Parklea,116021633,2021-22,4
Parklea,NSW,2768,Stanhope Gardens - Parklea,116021633,2022-23,7
Primbee,NSW,2502,Windang - Primbee,107011547,2019-20,7
Primbee,NSW,2502,Windang - Primbee,107011547,2020-21,16
Primbee,NSW,2502,Windang - Primbee,107011547,2021-22,16
Primbee,NSW,2502,Windang - Primbee,107011547,2022-23,18
Queenscliff,NSW,2096,Point Lonsdale - Queenscliff,203031052,2019-20,139
Queenscliff,NSW,2096,Point Lonsdale - Queenscliff,203031052,2020-21,156
Queenscliff,NSW,2096,Point Lonsdale - Queenscliff,203031052,2021-22,122
Queenscliff,NSW,2096,Point Lonsdale - Queenscliff,203031052,2022-23,117
Riverview,NSW,2066,Greenwich - Riverview,121011685,2019-20,58
Riverview,NSW,2066,Greenwich - Riverview,121011685,2020-21,31
Riverview,NSW,2066,Greenwich - Riverview,121011685,2021-22,396
Riverview,NSW,2066,Greenwich - Riverview,121011685,2022-23,106
Riverview,NSW,2066,Riverview,310031295,2019-20,4
Riverview,NSW,2066,Riverview,310031295,2020-21,3
Riverview,NSW,2066,Riverview,310031295,2021-22,4
Riverview,NSW,2066,Riverview,310031295,2022-23,2
Russell Vale,NSW,2517,Woonona - Bulli - Russell Vale,107041150,2019-20,57
Russell Vale,NSW,2517,Woonona - Bulli - Russell Vale,107041150,2020-21,104
Russell Vale,NSW,2517,Woonona - Bulli - Russell Vale,107041150,2021-22,86
Russell Vale,NSW,2517,Woonona - Bulli - Russell Vale,107041150,2022-23,86
St Andrews,NSW,2566,Panton Hill - St Andrews,209031212,2019-20,17
St Andrews,NSW,2566,Panton Hill - St Andrews,209031212,2020-21,7
St Andrews,NSW,2566,Panton Hill - St Andrews,209031212,2021-22,11
St Andrews,NSW,2566,Panton Hill - St Andrews,209031212,2022-23,8
St Andrews,NSW,2566,Minto - St Andrews,123021443,2019-20,409
St Andrews,NSW,2566,Minto - St Andrews,123021443,2020-21,57
St Andrews,NSW,2566,Minto - St Andrews,123021443,2021-22,47
St Andrews,NSW,2566,Minto - St Andrews,123021443,2022-23,46
Tarrawanna,NSW,2518,Corrimal - Tarrawanna - Bellambi,107041145,2019-20,70
Tarrawanna,NSW,2518,Corrimal - Tarrawanna - Bellambi,107041145,2020-21,133
Tarrawanna,NSW,2518,Corrimal - Tarrawanna - Bellambi,107041145,2021-22,49
Tarrawanna,NSW,2518,Corrimal - Tarrawanna - Bellambi,107041145,2022-23,88
Terranora,NSW,2486,Terranora - North Tumbulgum,112031551,2019-20,6
Terranora,NSW,2486,Terranora - North Tumbulgum,112031551,2020-21,5
Terranora,NSW,2486,Terranora - North Tumbulgum,112031551,2021-22,21
Terranora,NSW,2486,Terranora - North Tumbulgum,112031551,2022-23,4
Warrawong,NSW,2502,Port Kembla - Warrawong,107011546,2019-20,26
Warrawong,NSW,2502,Port Kembla - Warrawong,107011546,2020-21,36
Warrawong,NSW,2502,Port Kembla - Warrawong,107011546,2021-22,33
Warrawong,NSW,2502,Port Kembla - Warrawong,107011546,2022-23,39
Waterloo,NSW,1440,Waterloo,117031647,2019-20,37
Waterloo,NSW,1440,Waterloo,117031647,2020-21,220
Waterloo,NSW,1440,Waterloo,117031647,2021-22,345
Waterloo,NSW,1440,Waterloo,117031647,2022-23,132
Waterloo,NSW,1440,Virginia - Waterloo Corner,402021035,2019-20,166
Waterloo,NSW,1440,Virginia - Waterloo Corner,402021035,2020-21,235
Waterloo,NSW,1440,Virginia - Waterloo Corner,402021035,2021-22,340
Waterloo,NSW,1440,Virginia - Waterloo Corner,402021035,2022-23,435
Wetherill Park,NSW,2164,Smithfield - Wetherill Park,127021519,2019-20,92
Wetherill Park,NSW,2164,Smithfield - Wetherill Park,127021519,2020-21,92
Wetherill Park,NSW,2164,Smithfield - Wetherill Park,127021519,2021-22,152
Wetherill Park,NSW,2164,Smithfield - Wetherill Park,127021519,2022-23,86
Woodbine,NSW,2560,Campbelltown - Woodbine,123021437,2019-20,205
Woodbine,NSW,2560,Campbelltown - Woodbine,123021437,2020-21,129
Woodbine,NSW,2560,Campbelltown - Woodbine,123021437,2021-22,324
Woodbine,NSW,2560,Campbelltown - Woodbine,123021437,2022-23,108
Woolgoolga,NSW,2456,Woolgoolga - Arrawarra,104021091,2019-20,113
Woolgoolga,NSW,2456,Woolgoolga - Arrawarra,104021091,2020-21,198
Woolgoolga,NSW,2456,Woolgoolga - Arrawarra,104021091,2021-22,58
Woolgoolga,NSW,2456,Woolgoolga - Arrawarra,104021091,2022-23,29
Woolooware,NSW,2230,Woolooware - Burraneer,128011606,2019-20,65
Woolooware,NSW,2230,Woolooware - Burraneer,128011606,2020-21,314
Woolooware,NSW,2230,Woolooware - Burraneer,128011606,2021-22,67
Woolooware,NSW,2230,Woolooware - Burraneer,128011606,2022-23,48
Zetland,NSW,2017,Zetland,117031648,2019-20,251
Zetland,NSW,2017,Zetland,117031648,2020-21,1140
Zetland,NSW,2017,Zetland,117031648,2021-22,381
Zetland,NSW,2017,Zetland,117031648,2022-23,5
Brooklyn,NSW,2083,Berowra - Brooklyn - Cowan,121021404,2019-20,23
Brooklyn,NSW,2083,Berowra - Brooklyn - Cowan,121021404,2020-21,23
Brooklyn,NSW,2083,Berowra - Brooklyn - Cowan,121021404,2021-22,19
Brooklyn,NSW,2083,Berowra - Brooklyn - Cowan,121021404,2022-23,28
Camden,NSW,2570,Camden - Ellis Lane,123011433,2019-20,25
Camden,NSW,2570,Camden - Ellis Lane,123011433,2020-21,58
Camden,NSW,2570,Camden - Ellis Lane,123011433,2021-22,53
Camden,NSW,2570,Camden - Ellis Lane,123011433,2022-23,38
Cheltenham,NSW,2119,Woodville - Cheltenham,404011097,2019-20,142
Cheltenham,NSW,2119,Woodville - Cheltenham,404011097,2020-21,186
Cheltenham,NSW,2119,Woodville - Cheltenham,404011097,2021-22,148
Cheltenham,NSW,2119,Woodville - Cheltenham,404011097,2022-23,81
Cheltenham,NSW,2119,Pennant Hills - Cheltenham,126011496,2019-20,52
Cheltenham,NSW,2119,Pennant Hills - Cheltenham,126011496,2020-21,38
Cheltenham,NSW,2119,Pennant Hills - Cheltenham,126011496,2021-22,58
Cheltenham,NSW,2119,Pennant Hills - Cheltenham,126011496,2022-23,62
Cheltenham,NSW,2119,Highett (West) - Cheltenham,208011171,2019-20,94
Cheltenham,NSW,2119,Highett (West) - Cheltenham,208011171,2020-21,54
Cheltenham,NSW,2119,Highett (West) - Cheltenham,208011171,2021-22,166
Cheltenham,NSW,2119,Highett (West) - Cheltenham,208011171,2022-23,50
Cheltenham,NSW,2119,Highett (East) - Cheltenham ,208031188,2019-20,153
Cheltenham,NSW,2119,Highett (East) - Cheltenham ,208031188,2020-21,343
Cheltenham,NSW,2119,Highett (East) - Cheltenham ,208031188,2021-22,175
Cheltenham,NSW,2119,Highett (East) - Cheltenham ,208031188,2022-23,167
Claymore,NSW,2559,Claymore - Eagle Vale - Raby,123021438,2019-20,36
Claymore,NSW,2559,Claymore - Eagle Vale - Raby,123021438,2020-21,31
Claymore,NSW,2559,Claymore - Eagle Vale - Raby,123021438,2021-22,93
Claymore,NSW,2559,Claymore - Eagle Vale - Raby,123021438,2022-23,92
Colo Vale,NSW,2575,Hill Top - Colo Vale,114021285,2019-20,19
Colo Vale,NSW,2575,Hill Top - Colo Vale,114021285,2020-21,21
Colo Vale,NSW,2575,Hill Top - Colo Vale,114021285,2021-22,24
Colo Vale,NSW,2575,Hill Top - Colo Vale,114021285,2022-23,21
Constitution Hill,NSW,2145,Toongabbie - Constitution Hill,125041493,2019-20,135
Constitution Hill,NSW,2145,Toongabbie - Constitution Hill,125041493,2020-21,111
Constitution Hill,NSW,2145,Toongabbie - Constitution Hill,125041493,2021-22,162
Constitution Hill,NSW,2145,Toongabbie - Constitution Hill,125041493,2022-23,126
Coonamble,NSW,2829,Coonamble,105011094,2019-20,3
Coonamble,NSW,2829,Coonamble,105011094,2020-21,9
Coonamble,NSW,2829,Coonamble,105011094,2021-22,5
Coonamble,NSW,2829,Coonamble,105011094,2022-23,4
Curl Curl,NSW,2096,Dee Why (South) - North Curl Curl,122031694,2019-20,33
Curl Curl,NSW,2096,Dee Why (South) - North Curl Curl,122031694,2020-21,90
Curl Curl,NSW,2096,Dee Why (South) - North Curl Curl,122031694,2021-22,20
Curl Curl,NSW,2096,Dee Why (South) - North Curl Curl,122031694,2022-23,18
Currarong,NSW,2540,Callala Bay - Currarong,114011273,2019-20,21
Currarong,NSW,2540,Callala Bay - Currarong,114011273,2020-21,22
Currarong,NSW,2540,Callala Bay - Currarong,114011273,2021-22,40
Currarong,NSW,2540,Callala Bay - Currarong,114011273,2022-23,40
Double Bay,NSW,1360,Double Bay - Darling Point,118011650,2019-20,17
Double Bay,NSW,1360,Double Bay - Darling Point,118011650,2020-21,16
Double Bay,NSW,1360,Double Bay - Darling Point,118011650,2021-22,5
Double Bay,NSW,1360,Double Bay - Darling Point,118011650,2022-23,45
Dundas,NSW,2117,Oatlands - Dundas Valley,125021478,2019-20,124
Dundas,NSW,2117,Oatlands - Dundas Valley,125021478,2020-21,142
Dundas,NSW,2117,Oatlands - Dundas Valley,125021478,2021-22,155
Dundas,NSW,2117,Oatlands - Dundas Valley,125021478,2022-23,108
Erskineville,NSW,2043,Erskineville - Alexandria,117031330,2019-20,76
Erskineville,NSW,2043,Erskineville - Alexandria,117031330,2020-21,8
Erskineville,NSW,2043,Erskineville - Alexandria,117031330,2021-22,267
Erskineville,NSW,2043,Erskineville - Alexandria,117031330,2022-23,309
Harris Park,NSW,2150,Rosehill - Harris Park,125041719,2019-20,22
Harris Park,NSW,2150,Rosehill - Harris Park,125041719,2020-21,11
Harris Park,NSW,2150,Rosehill - Harris Park,125041719,2021-22,4
Harris Park,NSW,2150,Rosehill - Harris Park,125041719,2022-23,1
Hay,NSW,2711,Hay,109021177,2019-20,3
Hay,NSW,2711,Hay,109021177,2020-21,8
Hay,NSW,2711,Hay,109021177,2021-22,2
Hay,NSW,2711,Hay,109021177,2022-23,1
Hay,NSW,2711,Sydney (South) - Haymarket,117031645,2020-21,234
Hay,NSW,2711,Sydney (South) - Haymarket,117031645,2021-22,0
Hay,NSW,2711,Sydney (South) - Haymarket,117031645,2022-23,0
Kurnell,NSW,2231,Cronulla - Kurnell - Bundeena,128011604,2019-20,107
Kurnell,NSW,2231,Cronulla - Kurnell - Bundeena,128011604,2020-21,155
Kurnell,NSW,2231,Cronulla - Kurnell - Bundeena,128011604,2021-22,153
Kurnell,NSW,2231,Cronulla - Kurnell - Bundeena,128011604,2022-23,112
Kurrajong Heights,NSW,2758,Kurrajong Heights - Ebenezer,115031300,2019-20,34
Kurrajong Heights,NSW,2758,Kurrajong Heights - Ebenezer,115031300,2020-21,36
Kurrajong Heights,NSW,2758,Kurrajong Heights - Ebenezer,115031300,2021-22,49
Kurrajong Heights,NSW,2758,Kurrajong Heights - Ebenezer,115031300,2022-23,62
Lansvale,NSW,2166,Cabramatta - Lansvale,127021511,2019-20,53
Lansvale,NSW,2166,Cabramatta - Lansvale,127021511,2020-21,70
Lansvale,NSW,2166,Cabramatta - Lansvale,127021511,2021-22,93
Lansvale,NSW,2166,Cabramatta - Lansvale,127021511,2022-23,82
Merrylands West,NSW,2160,Guildford West - Merrylands West,125031484,2019-20,120
Merrylands West,NSW,2160,Guildford West - Merrylands West,125031484,2020-21,128
Merrylands West,NSW,2160,Guildford West - Merrylands West,125031484,2021-22,136
Merrylands West,NSW,2160,Guildford West - Merrylands West,125031484,2022-23,193
Milton,NSW,2538,Paddington - Milton,305041135,2019-20,18
Milton,NSW,2538,Paddington - Milton,305041135,2020-21,310
Milton,NSW,2538,Paddington - Milton,305041135,2021-22,5
Milton,NSW,2538,Paddington - Milton,305041135,2022-23,119
Pendle Hill,NSW,2145,Pendle Hill - Girraween,125041588,2019-20,107
Pendle Hill,NSW,2145,Pendle Hill - Girraween,125041588,2020-21,97
Pendle Hill,NSW,2145,Pendle Hill - Girraween,125041588,2021-22,127
Pendle Hill,NSW,2145,Pendle Hill - Girraween,125041588,2022-23,82
Rhodes,NSW,2138,Rhodes,120011673,2019-20,404
Rhodes,NSW,2138,Rhodes,120011673,2020-21,1
Rhodes,NSW,2138,Rhodes,120011673,2021-22,4
Rhodes,NSW,2138,Rhodes,120011673,2022-23,281
Silverdale,NSW,2752,Warragamba - Silverdale,124031465,2019-20,52
Silverdale,NSW,2752,Warragamba - Silverdale,124031465,2020-21,157
Silverdale,NSW,2752,Warragamba - Silverdale,124031465,2021-22,244
Silverdale,NSW,2752,Warragamba - Silverdale,124031465,2022-23,111
St Leonards,NSW,1590,St Leonards - Naremburn,121011401,2019-20,14
St Leonards,NSW,1590,St Leonards - Naremburn,121011401,2020-21,51
St Leonards,NSW,1590,St Leonards - Naremburn,121011401,2021-22,6
St Leonards,NSW,1590,St Leonards - Naremburn,121011401,2022-23,119
St Leonards,NSW,1590,Waverley - St Leonards,602011050,2019-20,36
St Leonards,NSW,1590,Waverley - St Leonards,602011050,2020-21,20
St Leonards,NSW,1590,Waverley - St Leonards,602011050,2021-22,21
St Leonards,NSW,1590,Waverley - St Leonards,602011050,2022-23,20
Surry Hills,NSW,2010,Surry Hills,117031336,2019-20,0
Surry Hills,NSW,2010,Surry Hills,117031336,2020-21,34
Surry Hills,NSW,2010,Surry Hills,117031336,2021-22,4
Surry Hills,NSW,2010,Surry Hills,117031336,2022-23,4
Tamarama,NSW,2026,Bondi - Tamarama - Bronte,118011339,2019-20,42
Tamarama,NSW,2026,Bondi - Tamarama - Bronte,118011339,2020-21,36
Tamarama,NSW,2026,Bondi - Tamarama - Bronte,118011339,2021-22,38
Tamarama,NSW,2026,Bondi - Tamarama - Bronte,118011339,2022-23,23
Tathra,NSW,2550,Bega - Tathra,101041019,2019-20,44
Tathra,NSW,2550,Bega - Tathra,101041019,2020-21,39
Tathra,NSW,2550,Bega - Tathra,101041019,2021-22,58
Tathra,NSW,2550,Bega - Tathra,101041019,2022-23,89
The Oaks,NSW,2570,The Oaks - Oakdale,123031448,2019-20,52
The Oaks,NSW,2570,The Oaks - Oakdale,123031448,2020-21,88
The Oaks,NSW,2570,The Oaks - Oakdale,123031448,2021-22,56
The Oaks,NSW,2570,The Oaks - Oakdale,123031448,2022-23,63
Wickham,NSW,2293,Wickham - Carrington - Tighes Hill,111031235,2019-20,14
Wickham,NSW,2293,Wickham - Carrington - Tighes Hill,111031235,2020-21,77
Wickham,NSW,2293,Wickham - Carrington - Tighes Hill,111031235,2021-22,23
Wickham,NSW,2293,Wickham - Carrington - Tighes Hill,111031235,2022-23,108
Windang,NSW,2528,Windang - Primbee,107011547,2019-20,7
Windang,NSW,2528,Windang - Primbee,107011547,2020-21,16
Windang,NSW,2528,Windang - Primbee,107011547,2021-22,16
Windang,NSW,2528,Windang - Primbee,107011547,2022-23,18
Asquith,NSW,2077,Asquith - Mount Colah,121021403,2019-20,202
Asquith,NSW,2077,Asquith - Mount Colah,121021403,2020-21,154
Asquith,NSW,2077,Asquith - Mount Colah,121021403,2021-22,87
Asquith,NSW,2077,Asquith - Mount Colah,121021403,2022-23,82
Belmont South,NSW,2280,Belmont South - Blacksmiths,111011207,2019-20,15
Belmont South,NSW,2280,Belmont South - Blacksmiths,111011207,2020-21,25
Belmont South,NSW,2280,Belmont South - Blacksmiths,111011207,2021-22,27
Belmont South,NSW,2280,Belmont South - Blacksmiths,111011207,2022-23,18
Bourke,NSW,2840,Bourke - Brewarrina,105011092,2019-20,3
Bourke,NSW,2840,Bourke - Brewarrina,105011092,2020-21,2
Bourke,NSW,2840,Bourke - Brewarrina,105011092,2021-22,3
Bourke,NSW,2840,Bourke - Brewarrina,105011092,2022-23,9
Branxton,NSW,2335,Branxton - Greta - Pokolbin,106011107,2019-20,211
Branxton,NSW,2335,Branxton - Greta - Pokolbin,106011107,2020-21,384
Branxton,NSW,2335,Branxton - Greta - Pokolbin,106011107,2021-22,384
Branxton,NSW,2335,Branxton - Greta - Pokolbin,106011107,2022-23,565
Greenfield Park,NSW,2176,Greenfield Park - Prairiewood,127021517,2019-20,22
Greenfield Park,NSW,2176,Greenfield Park - Prairiewood,127021517,2020-21,29
Greenfield Park,NSW,2176,Greenfield Park - Prairiewood,127021517,2021-22,21
Greenfield Park,NSW,2176,Greenfield Park - Prairiewood,127021517,2022-23,17
Grenfell,NSW,2810,Grenfell,103021066,2019-20,13
Grenfell,NSW,2810,Grenfell,103021066,2020-21,12
Grenfell,NSW,2810,Grenfell,103021066,2021-22,3
Grenfell,NSW,2810,Grenfell,103021066,2022-23,10
Haymarket,NSW,1208,Sydney (South) - Haymarket,117031645,2020-21,234
Haymarket,NSW,1208,Sydney (South) - Haymarket,117031645,2021-22,0
Haymarket,NSW,1208,Sydney (South) - Haymarket,117031645,2022-23,0
Mount Kembla,NSW,2526,Unanderra - Mount Kembla,107011134,2019-20,22
Mount Kembla,NSW,2526,Unanderra - Mount Kembla,107011134,2020-21,27
Mount Kembla,NSW,2526,Unanderra - Mount Kembla,107011134,2021-22,42
Mount Kembla,NSW,2526,Unanderra - Mount Kembla,107011134,2022-23,66
Narrabeen,NSW,2101,Narrabeen - Wheeler Heights,122031697,2019-20,38
Narrabeen,NSW,2101,Narrabeen - Wheeler Heights,122031697,2020-21,32
Narrabeen,NSW,2101,Narrabeen - Wheeler Heights,122031697,2021-22,10
Narrabeen,NSW,2101,Narrabeen - Wheeler Heights,122031697,2022-23,39
Narrabeen,NSW,2101,North Narrabeen - Warriewood (South),122021691,2019-20,14
Narrabeen,NSW,2101,North Narrabeen - Warriewood (South),122021691,2020-21,21
Narrabeen,NSW,2101,North Narrabeen - Warriewood (South),122021691,2021-22,30
Narrabeen,NSW,2101,North Narrabeen - Warriewood (South),122021691,2022-23,40
Prairiewood,NSW,2176,Greenfield Park - Prairiewood,127021517,2019-20,22
Prairiewood,NSW,2176,Greenfield Park - Prairiewood,127021517,2020-21,29
Prairiewood,NSW,2176,Greenfield Park - Prairiewood,127021517,2021-22,21
Prairiewood,NSW,2176,Greenfield Park - Prairiewood,127021517,2022-23,17
Sandringham,NSW,2219,Sandringham - Black Rock,208011173,2019-20,96
Sandringham,NSW,2219,Sandringham - Black Rock,208011173,2020-21,57
Sandringham,NSW,2219,Sandringham - Black Rock,208011173,2021-22,87
Sandringham,NSW,2219,Sandringham - Black Rock,208011173,2022-23,56
St Johns Park,NSW,2176,St Johns Park - Wakeley,127021520,2019-20,20
St Johns Park,NSW,2176,St Johns Park - Wakeley,127021520,2020-21,37
St Johns Park,NSW,2176,St Johns Park - Wakeley,127021520,2021-22,34
St Johns Park,NSW,2176,St Johns Park - Wakeley,127021520,2022-23,19
Tenterfield,NSW,2372,Tenterfield,110021194,2019-20,23
Tenterfield,NSW,2372,Tenterfield,110021194,2020-21,53
Tenterfield,NSW,2372,Tenterfield,110021194,2021-22,46
Tenterfield,NSW,2372,Tenterfield,110021194,2022-23,24
Tuggerah,NSW,2259,Tuggerah - Kangy Angy,102021055,2019-20,0
Tuggerah,NSW,2259,Tuggerah - Kangy Angy,102021055,2020-21,1
Tuggerah,NSW,2259,Tuggerah - Kangy Angy,102021055,2021-22,6
Tuggerah,NSW,2259,Tuggerah - Kangy Angy,102021055,2022-23,2
Waitara,NSW,2077,Wahroonga (West) - Waitara,121021579,2019-20,137
Waitara,NSW,2077,Wahroonga (West) - Waitara,121021579,2020-21,14
Waitara,NSW,2077,Wahroonga (West) - Waitara,121021579,2021-22,24
Waitara,NSW,2077,Wahroonga (West) - Waitara,121021579,2022-23,44
Warwick Farm,NSW,2170,Warwick Farm,127031601,2019-20,48
Warwick Farm,NSW,2170,Warwick Farm,127031601,2020-21,5
Warwick Farm,NSW,2170,Warwick Farm,127031601,2021-22,2
Warwick Farm,NSW,2170,Warwick Farm,127031601,2022-23,4
Waverton,NSW,2060,Crows Nest - Waverton,121041414,2019-20,1
Waverton,NSW,2060,Crows Nest - Waverton,121041414,2020-21,47
Waverton,NSW,2060,Crows Nest - Waverton,121041414,2021-22,2
Waverton,NSW,2060,Crows Nest - Waverton,121041414,2022-23,129
Wolli Creek,NSW,2205,Wolli Creek,119041671,2019-20,106
Wolli Creek,NSW,2205,Wolli Creek,119041671,2020-21,26
Wolli Creek,NSW,2205,Wolli Creek,119041671,2021-22,20
Woodford,NSW,2463,Woodford - D'Aguilar,313031371,2019-20,59
Woodford,NSW,2463,Woodford - D'Aguilar,313031371,2020-21,148
Woodford,NSW,2463,Woodford - D'Aguilar,313031371,2021-22,134
Woodford,NSW,2463,Woodford - D'Aguilar,313031371,2022-23,147
Woronora,NSW,2232,Menai - Lucas Heights - Woronora,128021535,2019-20,15
Woronora,NSW,2232,Menai - Lucas Heights - Woronora,128021535,2020-21,54
Woronora,NSW,2232,Menai - Lucas Heights - Woronora,128021535,2021-22,100
Woronora,NSW,2232,Menai - Lucas Heights - Woronora,128021535,2022-23,46
Woronora,NSW,2232,Woronora Heights,128021609,2020-21,2
Woronora,NSW,2232,Woronora Heights,128021609,2021-22,3
Woronora,NSW,2232,Woronora Heights,128021609,2022-23,1
Bellambi,NSW,2518,Corrimal - Tarrawanna - Bellambi,107041145,2019-20,70
Bellambi,NSW,2518,Corrimal - Tarrawanna - Bellambi,107041145,2020-21,133
Bellambi,NSW,2518,Corrimal - Tarrawanna - Bellambi,107041145,2021-22,49
Bellambi,NSW,2518,Corrimal - Tarrawanna - Bellambi,107041145,2022-23,88
Booker Bay,NSW,2257,Umina - Booker Bay - Patonga,102011040,2019-20,140
Booker Bay,NSW,2257,Umina - Booker Bay - Patonga,102011040,2020-21,107
Booker Bay,NSW,2257,Umina - Booker Bay - Patonga,102011040,2021-22,167
Booker Bay,NSW,2257,Umina - Booker Bay - Patonga,102011040,2022-23,136
Bundeena,NSW,2230,Cronulla - Kurnell - Bundeena,128011604,2019-20,107
Bundeena,NSW,2230,Cronulla - Kurnell - Bundeena,128011604,2020-21,155
Bundeena,NSW,2230,Cronulla - Kurnell - Bundeena,128011604,2021-22,153
Bundeena,NSW,2230,Cronulla - Kurnell - Bundeena,128011604,2022-23,112
Buxton,NSW,2571,Picton - Tahmoor - Buxton,123031447,2019-20,267
Buxton,NSW,2571,Picton - Tahmoor - Buxton,123031447,2020-21,335
Buxton,NSW,2571,Picton - Tahmoor - Buxton,123031447,2021-22,337
Buxton,NSW,2571,Picton - Tahmoor - Buxton,123031447,2022-23,464
Carramar,NSW,2163,Carramar,505031100,2019-20,132
Carramar,NSW,2163,Carramar,505031100,2020-21,265
Carramar,NSW,2163,Carramar,505031100,2021-22,198
Carramar,NSW,2163,Carramar,505031100,2022-23,124
Clunes,NSW,2480,Creswick - Clunes,201021010,2019-20,42
Clunes,NSW,2480,Creswick - Clunes,201021010,2020-21,56
Clunes,NSW,2480,Creswick - Clunes,201021010,2021-22,49
Clunes,NSW,2480,Creswick - Clunes,201021010,2022-23,32
Guildford West,NSW,2161,Guildford West - Merrylands West,125031484,2019-20,120
Guildford West,NSW,2161,Guildford West - Merrylands West,125031484,2020-21,128
Guildford West,NSW,2161,Guildford West - Merrylands West,125031484,2021-22,136
Guildford West,NSW,2161,Guildford West - Merrylands West,125031484,2022-23,193
Hassall Grove,NSW,2761,Hassall Grove - Plumpton,116031315,2019-20,49
Hassall Grove,NSW,2761,Hassall Grove - Plumpton,116031315,2020-21,40
Hassall Grove,NSW,2761,Hassall Grove - Plumpton,116031315,2021-22,51
Hassall Grove,NSW,2761,Hassall Grove - Plumpton,116031315,2022-23,64
Jamisontown,NSW,2750,Jamisontown - South Penrith,124031461,2019-20,94
Jamisontown,NSW,2750,Jamisontown - South Penrith,124031461,2020-21,42
Jamisontown,NSW,2750,Jamisontown - South Penrith,124031461,2021-22,52
Jamisontown,NSW,2750,Jamisontown - South Penrith,124031461,2022-23,44
Kirribilli,NSW,2061,Neutral Bay - Kirribilli,121041416,2019-20,122
Kirribilli,NSW,2061,Neutral Bay - Kirribilli,121041416,2020-21,9
Kirribilli,NSW,2061,Neutral Bay - Kirribilli,121041416,2021-22,52
Kirribilli,NSW,2061,Neutral Bay - Kirribilli,121041416,2022-23,14
Kurrajong,NSW,2758,Kurrajong Heights - Ebenezer,115031300,2019-20,34
Kurrajong,NSW,2758,Kurrajong Heights - Ebenezer,115031300,2020-21,36
Kurrajong,NSW,2758,Kurrajong Heights - Ebenezer,115031300,2021-22,49
Kurrajong,NSW,2758,Kurrajong Heights - Ebenezer,115031300,2022-23,62
Lapstone,NSW,2773,Blaxland - Warrimoo - Lapstone,124011450,2019-20,21
Lapstone,NSW,2773,Blaxland - Warrimoo - Lapstone,124011450,2020-21,26
Lapstone,NSW,2773,Blaxland - Warrimoo - Lapstone,124011450,2021-22,43
Lapstone,NSW,2773,Blaxland - Warrimoo - Lapstone,124011450,2022-23,35
Minchinbury,NSW,2770,Rooty Hill - Minchinbury,116031319,2019-20,62
Minchinbury,NSW,2770,Rooty Hill - Minchinbury,116031319,2020-21,68
Minchinbury,NSW,2770,Rooty Hill - Minchinbury,116031319,2021-22,59
Minchinbury,NSW,2770,Rooty Hill - Minchinbury,116031319,2022-23,57
North St Marys,NSW,2760,St Marys - North St Marys,124051581,2019-20,53
North St Marys,NSW,2760,St Marys - North St Marys,124051581,2020-21,171
North St Marys,NSW,2760,St Marys - North St Marys,124051581,2021-22,360
North St Marys,NSW,2760,St Marys - North St Marys,124051581,2022-23,91
Robertson,NSW,2577,Robertson - Fitzroy Falls,114021288,2019-20,13
Robertson,NSW,2577,Robertson - Fitzroy Falls,114021288,2020-21,9
Robertson,NSW,2577,Robertson - Fitzroy Falls,114021288,2021-22,24
Robertson,NSW,2577,Robertson - Fitzroy Falls,114021288,2022-23,13
Robertson,NSW,2577,Robertson,303041069,2019-20,5
Robertson,NSW,2577,Robertson,303041069,2020-21,106
Robertson,NSW,2577,Robertson,303041069,2021-22,18
Robertson,NSW,2577,Robertson,303041069,2022-23,14
Rosedale,NSW,2536,Rosedale,205051102,2019-20,12
Rosedale,NSW,2536,Rosedale,205051102,2020-21,28
Rosedale,NSW,2536,Rosedale,205051102,2021-22,23
Rosedale,NSW,2536,Rosedale,205051102,2022-23,19
Terrey Hills,NSW,2084,Terrey Hills - Duffys Forest,122031432,2019-20,4
Terrey Hills,NSW,2084,Terrey Hills - Duffys Forest,122031432,2020-21,5
Terrey Hills,NSW,2084,Terrey Hills - Duffys Forest,122031432,2021-22,5
Terrey Hills,NSW,2084,Terrey Hills - Duffys Forest,122031432,2022-23,9
Windale,NSW,2306,Mount Hutton - Windale,111011210,2019-20,16
Windale,NSW,2306,Mount Hutton - Windale,111011210,2020-21,56
Windale,NSW,2306,Mount Hutton - Windale,111011210,2021-22,60
Windale,NSW,2306,Mount Hutton - Windale,111011210,2022-23,22
Windsor,NSW,2756,Windsor - Bligh Park,124041467,2019-20,15
Windsor,NSW,2756,Windsor - Bligh Park,124041467,2020-21,21
Windsor,NSW,2756,Windsor - Bligh Park,124041467,2021-22,17
Windsor,NSW,2756,Windsor - Bligh Park,124041467,2022-23,17
Windsor,NSW,2756,Prahran - Windsor,206061136,2019-20,100
Windsor,NSW,2756,Prahran - Windsor,206061136,2020-21,89
Windsor,NSW,2756,Prahran - Windsor,206061136,2021-22,498
Windsor,NSW,2756,Prahran - Windsor,206061136,2022-23,71
Windsor,NSW,2756,Windsor,305031130,2019-20,82
Windsor,NSW,2756,Windsor,305031130,2020-21,38
Windsor,NSW,2756,Windsor,305031130,2021-22,64
Windsor,NSW,2756,Windsor,305031130,2022-23,7
Windsor,NSW,2756,Windsor Gardens,402031038,2019-20,208
Windsor,NSW,2756,Windsor Gardens,402031038,2020-21,195
Windsor,NSW,2756,Windsor Gardens,402031038,2021-22,213
Windsor,NSW,2756,Windsor Gardens,402031038,2022-23,133
Allawah,NSW,2218,Kogarah Bay - Carlton - Allawah,119041379,2019-20,199
Allawah,NSW,2218,Kogarah Bay - Carlton - Allawah,119041379,2020-21,129
Allawah,NSW,2218,Kogarah Bay - Carlton - Allawah,119041379,2021-22,52
Allawah,NSW,2218,Kogarah Bay - Carlton - Allawah,119041379,2022-23,231
Balranald,NSW,2715,Wentworth-Balranald Region,109021179,2019-20,6
Balranald,NSW,2715,Wentworth-Balranald Region,109021179,2020-21,18
Balranald,NSW,2715,Wentworth-Balranald Region,109021179,2021-22,7
Balranald,NSW,2715,Wentworth-Balranald Region,109021179,2022-23,6
Berrara,NSW,2540,Sussex Inlet - Berrara,114011280,2019-20,37
Berrara,NSW,2540,Sussex Inlet - Berrara,114011280,2020-21,23
Berrara,NSW,2540,Sussex Inlet - Berrara,114011280,2021-22,74
Berrara,NSW,2540,Sussex Inlet - Berrara,114011280,2022-23,48
Brookvale,NSW,2100,Freshwater - Brookvale,122031429,2019-20,30
Brookvale,NSW,2100,Freshwater - Brookvale,122031429,2020-21,47
Brookvale,NSW,2100,Freshwater - Brookvale,122031429,2021-22,62
Brookvale,NSW,2100,Freshwater - Brookvale,122031429,2022-23,92
Buronga,NSW,2739,Wentworth - Buronga,109021178,2019-20,46
Buronga,NSW,2739,Wentworth - Buronga,109021178,2020-21,85
Buronga,NSW,2739,Wentworth - Buronga,109021178,2021-22,40
Buronga,NSW,2739,Wentworth - Buronga,109021178,2022-23,12
Gosford,NSW,2250,Gosford - Springfield,102011032,2019-20,172
Gosford,NSW,2250,Gosford - Springfield,102011032,2020-21,121
Gosford,NSW,2250,Gosford - Springfield,102011032,2021-22,234
Gosford,NSW,2250,Gosford - Springfield,102011032,2022-23,774
Hillsborough,NSW,2290,Glendale - Cardiff - Hillsborough,111011209,2019-20,222
Hillsborough,NSW,2290,Glendale - Cardiff - Hillsborough,111011209,2020-21,47
Hillsborough,NSW,2290,Glendale - Cardiff - Hillsborough,111011209,2021-22,42
Hillsborough,NSW,2290,Glendale - Cardiff - Hillsborough,111011209,2022-23,64
Hillsdale,NSW,2036,Pagewood - Hillsdale - Daceyville,117011323,2019-20,15
Hillsdale,NSW,2036,Pagewood - Hillsdale - Daceyville,117011323,2020-21,429
Hillsdale,NSW,2036,Pagewood - Hillsdale - Daceyville,117011323,2021-22,400
Hillsdale,NSW,2036,Pagewood - Hillsdale - Daceyville,117011323,2022-23,435
Kew,NSW,2439,Kew - South,207011521,2019-20,111
Kew,NSW,2439,Kew - South,207011521,2020-21,72
Kew,NSW,2439,Kew - South,207011521,2021-22,23
Kew,NSW,2439,Kew - South,207011521,2022-23,26
Kew,NSW,2439,Kew East,207011154,2019-20,18
Kew,NSW,2439,Kew East,207011154,2020-21,22
Kew,NSW,2439,Kew East,207011154,2021-22,24
Kew,NSW,2439,Kew East,207011154,2022-23,31
Kew,NSW,2439,Kew - West,207011522,2019-20,68
Kew,NSW,2439,Kew - West,207011522,2020-21,73
Kew,NSW,2439,Kew - West,207011522,2021-22,111
Kew,NSW,2439,Kew - West,207011522,2022-23,81
Kew,NSW,2439,Kewdale,506021310,2019-20,42
Kew,NSW,2439,Kewdale,506021310,2020-21,72
Kew,NSW,2439,Kewdale,506021310,2021-22,34
Kew,NSW,2439,Kewdale,506021310,2022-23,21
Kew,NSW,2439,Clifton Beach - Kewarra Beach,306011139,2019-20,84
Kew,NSW,2439,Clifton Beach - Kewarra Beach,306011139,2020-21,92
Kew,NSW,2439,Clifton Beach - Kewarra Beach,306011139,2021-22,55
Kew,NSW,2439,Clifton Beach - Kewarra Beach,306011139,2022-23,29
Koolewong,NSW,2256,Point Clare - Koolewong,102011037,2019-20,12
Koolewong,NSW,2256,Point Clare - Koolewong,102011037,2020-21,6
Koolewong,NSW,2256,Point Clare - Koolewong,102011037,2021-22,6
Koolewong,NSW,2256,Point Clare - Koolewong,102011037,2022-23,10
Kyogle,NSW,2474,Kyogle,112021247,2019-20,21
Kyogle,NSW,2474,Kyogle,112021247,2020-21,17
Kyogle,NSW,2474,Kyogle,112021247,2021-22,11
Kyogle,NSW,2474,Kyogle,112021247,2022-23,18
Manning Point,NSW,2430,Old Bar - Manning Point - Red Head,108051168,2019-20,100
Manning Point,NSW,2430,Old Bar - Manning Point - Red Head,108051168,2020-21,161
Manning Point,NSW,2430,Old Bar - Manning Point - Red Head,108051168,2021-22,170
Manning Point,NSW,2430,Old Bar - Manning Point - Red Head,108051168,2022-23,98
Minmi,NSW,2287,Maryland - Fletcher - Minmi,111031226,2019-20,209
Minmi,NSW,2287,Maryland - Fletcher - Minmi,111031226,2020-21,160
Minmi,NSW,2287,Maryland - Fletcher - Minmi,111031226,2021-22,62
Minmi,NSW,2287,Maryland - Fletcher - Minmi,111031226,2022-23,28
Patonga,NSW,2256,Umina - Booker Bay - Patonga,102011040,2019-20,140
Patonga,NSW,2256,Umina - Booker Bay - Patonga,102011040,2020-21,107
Patonga,NSW,2256,Umina - Booker Bay - Patonga,102011040,2021-22,167
Patonga,NSW,2256,Umina - Booker Bay - Patonga,102011040,2022-23,136
Rosehill,NSW,2142,Rosehill - Harris Park,125041719,2019-20,22
Rosehill,NSW,2142,Rosehill - Harris Park,125041719,2020-21,11
Rosehill,NSW,2142,Rosehill - Harris Park,125041719,2021-22,4
Rosehill,NSW,2142,Rosehill - Harris Park,125041719,2022-23,1
Sunshine,NSW,2264,Sunshine,213011336,2019-20,144
Sunshine,NSW,2264,Sunshine,213011336,2020-21,58
Sunshine,NSW,2264,Sunshine,213011336,2021-22,73
Sunshine,NSW,2264,Sunshine,213011336,2022-23,33
Sunshine,NSW,2264,Sunshine North,213011337,2019-20,126
Sunshine,NSW,2264,Sunshine North,213011337,2020-21,53
Sunshine,NSW,2264,Sunshine North,213011337,2021-22,59
Sunshine,NSW,2264,Sunshine North,213011337,2022-23,77
Sunshine,NSW,2264,Sunshine West,213011338,2019-20,42
Sunshine,NSW,2264,Sunshine West,213011338,2020-21,62
Sunshine,NSW,2264,Sunshine West,213011338,2021-22,67
Sunshine,NSW,2264,Sunshine West,213011338,2022-23,38
Sunshine,NSW,2264,Sunshine Beach,316051437,2019-20,15
Sunshine,NSW,2264,Sunshine Beach,316051437,2020-21,15
Sunshine,NSW,2264,Sunshine Beach,316051437,2021-22,17
Sunshine,NSW,2264,Sunshine Beach,316051437,2022-23,26
Tomakin,NSW,2537,Broulee - Tomakin,101041021,2019-20,40
Tomakin,NSW,2537,Broulee - Tomakin,101041021,2020-21,43
Tomakin,NSW,2537,Broulee - Tomakin,101041021,2021-22,37
Tomakin,NSW,2537,Broulee - Tomakin,101041021,2022-23,25
Tumbarumba,NSW,2653,Tumbarumba,113021260,2019-20,10
Tumbarumba,NSW,2653,Tumbarumba,113021260,2020-21,20
Tumbarumba,NSW,2653,Tumbarumba,113021260,2021-22,21
Tumbarumba,NSW,2653,Tumbarumba,113021260,2022-23,13
Warnervale,NSW,2259,Warnervale - Wadalba,102021056,2019-20,178
Warnervale,NSW,2259,Warnervale - Wadalba,102021056,2020-21,350
Warnervale,NSW,2259,Warnervale - Wadalba,102021056,2021-22,158
Warnervale,NSW,2259,Warnervale - Wadalba,102021056,2022-23,154
Woollamia,NSW,2540,Tomerong - Wandandian - Woollamia,114011281,2019-20,21
Woollamia,NSW,2540,Tomerong - Wandandian - Woollamia,114011281,2020-21,5
Woollamia,NSW,2540,Tomerong - Wandandian - Woollamia,114011281,2021-22,20
Woollamia,NSW,2540,Tomerong - Wandandian - Woollamia,114011281,2022-23,18
Woronora Heights,NSW,2233,Woronora Heights,128021609,2020-21,2
Woronora Heights,NSW,2233,Woronora Heights,128021609,2021-22,3
Woronora Heights,NSW,2233,Woronora Heights,128021609,2022-23,1
Bidwill,NSW,2770,Bidwill - Hebersham - Emerton,116031313,2019-20,50
Bidwill,NSW,2770,Bidwill - Hebersham - Emerton,116031313,2020-21,40
Bidwill,NSW,2770,Bidwill - Hebersham - Emerton,116031313,2021-22,59
Bidwill,NSW,2770,Bidwill - Hebersham - Emerton,116031313,2022-23,67
Cartwright,NSW,2168,Lurnea - Cartwright,127031599,2019-20,42
Cartwright,NSW,2168,Lurnea - Cartwright,127031599,2020-21,84
Cartwright,NSW,2168,Lurnea - Cartwright,127031599,2021-22,65
Cartwright,NSW,2168,Lurnea - Cartwright,127031599,2022-23,57
Charmhaven,NSW,2263,Gorokan - Kanwal - Charmhaven,102021048,2019-20,94
Charmhaven,NSW,2263,Gorokan - Kanwal - Charmhaven,102021048,2020-21,48
Charmhaven,NSW,2263,Gorokan - Kanwal - Charmhaven,102021048,2021-22,109
Charmhaven,NSW,2263,Gorokan - Kanwal - Charmhaven,102021048,2022-23,64
Erowal Bay,NSW,2540,St Georges Basin - Erowal Bay,114011279,2019-20,99
Erowal Bay,NSW,2540,St Georges Basin - Erowal Bay,114011279,2020-21,56
Erowal Bay,NSW,2540,St Georges Basin - Erowal Bay,114011279,2021-22,108
Erowal Bay,NSW,2540,St Georges Basin - Erowal Bay,114011279,2022-23,66
Fingal Head,NSW,2487,Kingscliff - Fingal Head,112031250,2019-20,90
Fingal Head,NSW,2487,Kingscliff - Fingal Head,112031250,2020-21,69
Fingal Head,NSW,2487,Kingscliff - Fingal Head,112031250,2021-22,98
Fingal Head,NSW,2487,Kingscliff - Fingal Head,112031250,2022-23,94
Finley,NSW,2713,Tocumwal - Finley - Jerilderie,109031185,2019-20,29
Finley,NSW,2713,Tocumwal - Finley - Jerilderie,109031185,2020-21,36
Finley,NSW,2713,Tocumwal - Finley - Jerilderie,109031185,2021-22,57
Finley,NSW,2713,Tocumwal - Finley - Jerilderie,109031185,2022-23,51
Gilgandra,NSW,2827,Gilgandra,105031104,2019-20,1
Gilgandra,NSW,2827,Gilgandra,105031104,2020-21,5
Gilgandra,NSW,2827,Gilgandra,105031104,2021-22,7
Gilgandra,NSW,2827,Gilgandra,105031104,2022-23,8
Hawks Nest,NSW,2324,Tea Gardens - Hawks Nest,106031124,2019-20,11
Hawks Nest,NSW,2324,Tea Gardens - Hawks Nest,106031124,2020-21,23
Hawks Nest,NSW,2324,Tea Gardens - Hawks Nest,106031124,2021-22,37
Hawks Nest,NSW,2324,Tea Gardens - Hawks Nest,106031124,2022-23,53
Huntleys Point,NSW,2111,Gladesville - Huntleys Point,126021498,2019-20,85
Huntleys Point,NSW,2111,Gladesville - Huntleys Point,126021498,2020-21,124
Huntleys Point,NSW,2111,Gladesville - Huntleys Point,126021498,2021-22,89
Huntleys Point,NSW,2111,Gladesville - Huntleys Point,126021498,2022-23,63
Kangaroo Point,NSW,2224,Kangaroo Point,305011108,2019-20,57
Kangaroo Point,NSW,2224,Kangaroo Point,305011108,2020-21,318
Kangaroo Point,NSW,2224,Kangaroo Point,305011108,2021-22,17
Kangaroo Point,NSW,2224,Kangaroo Point,305011108,2022-23,255
La Perouse,NSW,2036,Malabar - La Perouse,118021652,2019-20,31
La Perouse,NSW,2036,Malabar - La Perouse,118021652,2020-21,36
La Perouse,NSW,2036,Malabar - La Perouse,118021652,2021-22,35
La Perouse,NSW,2036,Malabar - La Perouse,118021652,2022-23,47
Merriwa,NSW,2329,Butler - Merriwa - Ridgewood,505031099,2019-20,5
Merriwa,NSW,2329,Butler - Merriwa - Ridgewood,505031099,2020-21,16
Merriwa,NSW,2329,Butler - Merriwa - Ridgewood,505031099,2021-22,17
Merriwa,NSW,2329,Butler - Merriwa - Ridgewood,505031099,2022-23,30
Mortlake,NSW,2137,Concord - Mortlake - Cabarita,120011383,2019-20,51
Mortlake,NSW,2137,Concord - Mortlake - Cabarita,120011383,2020-21,133
Mortlake,NSW,2137,Concord - Mortlake - Cabarita,120011383,2021-22,97
Mortlake,NSW,2137,Concord - Mortlake - Cabarita,120011383,2022-23,91
Pelican,NSW,2281,Golden Beach - Pelican Waters,316021421,2019-20,109
Pelican,NSW,2281,Golden Beach - Pelican Waters,316021421,2020-21,92
Pelican,NSW,2281,Golden Beach - Pelican Waters,316021421,2021-22,181
Pelican,NSW,2281,Golden Beach - Pelican Waters,316021421,2022-23,126
Pelican,NSW,2281,Eaton - Pelican Point,501021012,2019-20,53
Pelican,NSW,2281,Eaton - Pelican Point,501021012,2020-21,109
Pelican,NSW,2281,Eaton - Pelican Point,501021012,2021-22,46
Pelican,NSW,2281,Eaton - Pelican Point,501021012,2022-23,34
Pitt Town,NSW,2756,Pitt Town - McGraths Hill,115041301,2019-20,48
Pitt Town,NSW,2756,Pitt Town - McGraths Hill,115041301,2020-21,51
Pitt Town,NSW,2756,Pitt Town - McGraths Hill,115041301,2021-22,34
Pitt Town,NSW,2756,Pitt Town - McGraths Hill,115041301,2022-23,90
Ramsgate,NSW,2217,Sans Souci - Ramsgate,119041382,2019-20,80
Ramsgate,NSW,2217,Sans Souci - Ramsgate,119041382,2020-21,74
Ramsgate,NSW,2217,Sans Souci - Ramsgate,119041382,2021-22,65
Ramsgate,NSW,2217,Sans Souci - Ramsgate,119041382,2022-23,44
Richmond,VIC,3121,Richmond - Clarendon,124041466,2019-20,162
Richmond,VIC,3121,Richmond - Clarendon,124041466,2020-21,216
Richmond,VIC,3121,Richmond - Clarendon,124041466,2021-22,123
Richmond,VIC,3121,Richmond - Clarendon,124041466,2022-23,167
Richmond,VIC,3121,Richmond (South) - Cremorne,206071517,2019-20,40
Richmond,VIC,3121,Richmond (South) - Cremorne,206071517,2020-21,222
Richmond,VIC,3121,Richmond (South) - Cremorne,206071517,2021-22,46
Richmond,VIC,3121,Richmond (South) - Cremorne,206071517,2022-23,47
Richmond,VIC,3121,Richmond - North,206071518,2019-20,566
Richmond,VIC,3121,Richmond - North,206071518,2020-21,17
Richmond,VIC,3121,Richmond - North,206071518,2021-22,23
Richmond,VIC,3121,Richmond - North,206071518,2022-23,171
Richmond,VIC,3121,Richmond (SA),404031108,2019-20,108
Richmond,VIC,3121,Richmond (SA),404031108,2020-21,102
Richmond,VIC,3121,Richmond (SA),404031108,2021-22,66
Richmond,VIC,3121,Richmond (SA),404031108,2022-23,75
Richmond,VIC,3121,Sorell - Richmond,601061035,2019-20,148
Richmond,VIC,3121,Sorell - Richmond,601061035,2020-21,191
Richmond,VIC,3121,Sorell - Richmond,601061035,2021-22,113
Richmond,VIC,3121,Sorell - Richmond,601061035,2022-23,103
Silverwater,NSW,1811,Bonnells Bay - Silverwater,111021216,2019-20,24
Silverwater,NSW,1811,Bonnells Bay - Silverwater,111021216,2020-21,35
Silverwater,NSW,1811,Bonnells Bay - Silverwater,111021216,2021-22,67
Silverwater,NSW,1811,Bonnells Bay - Silverwater,111021216,2022-23,53
Silverwater,NSW,1811,Silverwater - Newington,125011709,2019-20,9
Silverwater,NSW,1811,Silverwater - Newington,125011709,2020-21,12
Silverwater,NSW,1811,Silverwater - Newington,125011709,2021-22,3
Silverwater,NSW,1811,Silverwater - Newington,125011709,2022-23,1
Stroud,NSW,2425,Bulahdelah - Stroud,108011151,2019-20,17
Stroud,NSW,2425,Bulahdelah - Stroud,108011151,2020-21,17
Stroud,NSW,2425,Bulahdelah - Stroud,108011151,2021-22,30
Stroud,NSW,2425,Bulahdelah - Stroud,108011151,2022-23,34
Willow Vale,NSW,2534,Willow Vale - Pimpama (West),309071558,2019-20,119
Willow Vale,NSW,2534,Willow Vale - Pimpama (West),309071558,2020-21,70
Willow Vale,NSW,2534,Willow Vale - Pimpama (West),309071558,2021-22,22
Willow Vale,NSW,2534,Willow Vale - Pimpama (West),309071558,2022-23,250
Yarramalong,NSW,2259,Jilliby - Yarramalong,102021049,2019-20,11
Yarramalong,NSW,2259,Jilliby - Yarramalong,102021049,2020-21,14
Yarramalong,NSW,2259,Jilliby - Yarramalong,102021049,2021-22,4
Yarramalong,NSW,2259,Jilliby - Yarramalong,102021049,2022-23,9
Beaconsfield,NSW,2015,Rosebery - Beaconsfield,117031643,2019-20,126
Beaconsfield,NSW,2015,Rosebery - Beaconsfield,117031643,2020-21,8
Beaconsfield,NSW,2015,Rosebery - Beaconsfield,117031643,2021-22,7
Beaconsfield,NSW,2015,Rosebery - Beaconsfield,117031643,2022-23,183
Beaconsfield,NSW,2015,Beaconsfield - Officer,212011546,2019-20,417
Beaconsfield,NSW,2015,Beaconsfield - Officer,212011546,2020-21,642
Beaconsfield,NSW,2015,Beaconsfield - Officer,212011546,2021-22,502
Beaconsfield,NSW,2015,Beaconsfield - Officer,212011546,2022-23,509
Beaconsfield,NSW,2015,Andergrove - Beaconsfield,312021342,2019-20,79
Beaconsfield,NSW,2015,Andergrove - Beaconsfield,312021342,2020-21,136
Beaconsfield,NSW,2015,Andergrove - Beaconsfield,312021342,2021-22,102
Beaconsfield,NSW,2015,Andergrove - Beaconsfield,312021342,2022-23,65
Beaconsfield,NSW,2015,Beauty Point - Beaconsfield,602021053,2019-20,19
Beaconsfield,NSW,2015,Beauty Point - Beaconsfield,602021053,2020-21,43
Beaconsfield,NSW,2015,Beauty Point - Beaconsfield,602021053,2021-22,25
Beaconsfield,NSW,2015,Beauty Point - Beaconsfield,602021053,2022-23,29
Bombala,NSW,2632,Bombala,101031013,2019-20,0
Bombala,NSW,2632,Bombala,101031013,2020-21,4
Bombala,NSW,2632,Bombala,101031013,2021-22,4
Bombala,NSW,2632,Bombala,101031013,2022-23,9
Broken Hill,NSW,2880,Broken Hill,105021097,2019-20,7
Broken Hill,NSW,2880,Broken Hill,105021097,2020-21,6
Broken Hill,NSW,2880,Broken Hill,105021097,2021-22,10
Broken Hill,NSW,2880,Broken Hill,105021097,2022-23,4
Bulahdelah,NSW,2423,Bulahdelah - Stroud,108011151,2019-20,17
Bulahdelah,NSW,2423,Bulahdelah - Stroud,108011151,2020-21,17
Bulahdelah,NSW,2423,Bulahdelah - Stroud,108011151,2021-22,30
Bulahdelah,NSW,2423,Bulahdelah - Stroud,108011151,2022-23,34
Coalcliff,NSW,2508,Thirroul - Austinmer - Coalcliff,107041148,2019-20,46
Coalcliff,NSW,2508,Thirroul - Austinmer - Coalcliff,107041148,2020-21,63
Coalcliff,NSW,2508,Thirroul - Austinmer - Coalcliff,107041148,2021-22,44
Coalcliff,NSW,2508,Thirroul - Austinmer - Coalcliff,107041148,2022-23,47
Cringila,NSW,2502,Berkeley - Lake Heights - Cringila,107011545,2019-20,37
Cringila,NSW,2502,Berkeley - Lake Heights - Cringila,107011545,2020-21,35
Cringila,NSW,2502,Berkeley - Lake Heights - Cringila,107011545,2021-22,47
Cringila,NSW,2502,Berkeley - Lake Heights - Cringila,107011545,2022-23,56
Daceyville,NSW,2032,Pagewood - Hillsdale - Daceyville,117011323,2019-20,15
Daceyville,NSW,2032,Pagewood - Hillsdale - Daceyville,117011323,2020-21,429
Daceyville,NSW,2032,Pagewood - Hillsdale - Daceyville,117011323,2021-22,400
Daceyville,NSW,2032,Pagewood - Hillsdale - Daceyville,117011323,2022-23,435
Dolans Bay,NSW,2229,Lilli Pilli - Port Hacking - Dolans Bay,128011605,2019-20,8
Dolans Bay,NSW,2229,Lilli Pilli - Port Hacking - Dolans Bay,128011605,2020-21,4
Dolans Bay,NSW,2229,Lilli Pilli - Port Hacking - Dolans Bay,128011605,2021-22,7
Dolans Bay,NSW,2229,Lilli Pilli - Port Hacking - Dolans Bay,128011605,2022-23,6
Lavender Bay,NSW,2060,North Sydney - Lavender Bay,121041417,2019-20,1
Lavender Bay,NSW,2060,North Sydney - Lavender Bay,121041417,2020-21,1
Lavender Bay,NSW,2060,North Sydney - Lavender Bay,121041417,2021-22,32
Lavender Bay,NSW,2060,North Sydney - Lavender Bay,121041417,2022-23,3
Luddenham,NSW,2745,Mulgoa - Luddenham - Orchard Hills,124031463,2019-20,99
Luddenham,NSW,2745,Mulgoa - Luddenham - Orchard Hills,124031463,2020-21,100
Luddenham,NSW,2745,Mulgoa - Luddenham - Orchard Hills,124031463,2021-22,142
Luddenham,NSW,2745,Mulgoa - Luddenham - Orchard Hills,124031463,2022-23,215
Macquarie Park,NSW,2113,Macquarie Park - Marsfield,126021500,2019-20,571
Macquarie Park,NSW,2113,Macquarie Park - Marsfield,126021500,2020-21,1457
Macquarie Park,NSW,2113,Macquarie Park - Marsfield,126021500,2021-22,89
Macquarie Park,NSW,2113,Macquarie Park - Marsfield,126021500,2022-23,1099
Meadowbank,NSW,2114,West Ryde - Meadowbank,126021503,2019-20,147
Meadowbank,NSW,2114,West Ryde - Meadowbank,126021503,2020-21,98
Meadowbank,NSW,2114,West Ryde - Meadowbank,126021503,2021-22,270
Meadowbank,NSW,2114,West Ryde - Meadowbank,126021503,2022-23,79
Mirrabooka,NSW,2264,Balga - Mirrabooka,505021085,2019-20,57
Mirrabooka,NSW,2264,Balga - Mirrabooka,505021085,2020-21,132
Mirrabooka,NSW,2264,Balga - Mirrabooka,505021085,2021-22,88
Mirrabooka,NSW,2264,Balga - Mirrabooka,505021085,2022-23,47
Moree,NSW,2400,Moree Surrounds,110031196,2019-20,2
Moree,NSW,2400,Moree Surrounds,110031196,2020-21,0
Moree,NSW,2400,Moree Surrounds,110031196,2021-22,6
Moree,NSW,2400,Moree Surrounds,110031196,2022-23,2
Moree,NSW,2400,Moree,110031195,2019-20,10
Moree,NSW,2400,Moree,110031195,2020-21,3
Moree,NSW,2400,Moree,110031195,2021-22,3
Moree,NSW,2400,Moree,110031195,2022-23,5
Mulgoa,NSW,2745,Mulgoa - Luddenham - Orchard Hills,124031463,2019-20,99
Mulgoa,NSW,2745,Mulgoa - Luddenham - Orchard Hills,124031463,2020-21,100
Mulgoa,NSW,2745,Mulgoa - Luddenham - Orchard Hills,124031463,2021-22,142
Mulgoa,NSW,2745,Mulgoa - Luddenham - Orchard Hills,124031463,2022-23,215
Port Hacking,NSW,2229,Lilli Pilli - Port Hacking - Dolans Bay,128011605,2019-20,8
Port Hacking,NSW,2229,Lilli Pilli - Port Hacking - Dolans Bay,128011605,2020-21,4
Port Hacking,NSW,2229,Lilli Pilli - Port Hacking - Dolans Bay,128011605,2021-22,7
Port Hacking,NSW,2229,Lilli Pilli - Port Hacking - Dolans Bay,128011605,2022-23,6
Potts Point,NSW,1335,Potts Point - Woolloomooloo,117031333,2019-20,2
Potts Point,NSW,1335,Potts Point - Woolloomooloo,117031333,2020-21,5
Potts Point,NSW,1335,Potts Point - Woolloomooloo,117031333,2021-22,2
Potts Point,NSW,1335,Potts Point - Woolloomooloo,117031333,2022-23,220
Red Head,NSW,2430,Old Bar - Manning Point - Red Head,108051168,2019-20,100
Red Head,NSW,2430,Old Bar - Manning Point - Red Head,108051168,2020-21,161
Red Head,NSW,2430,Old Bar - Manning Point - Red Head,108051168,2021-22,170
Red Head,NSW,2430,Old Bar - Manning Point - Red Head,108051168,2022-23,98
Tottenham,NSW,2873,West Footscray - Tottenham,213031351,2019-20,117
Tottenham,NSW,2873,West Footscray - Tottenham,213031351,2020-21,79
Tottenham,NSW,2873,West Footscray - Tottenham,213031351,2021-22,51
Tottenham,NSW,2873,West Footscray - Tottenham,213031351,2022-23,36
Tregear,NSW,2770,Lethbridge Park - Tregear,116031316,2019-20,47
Tregear,NSW,2770,Lethbridge Park - Tregear,116031316,2020-21,33
Tregear,NSW,2770,Lethbridge Park - Tregear,116031316,2021-22,36
Tregear,NSW,2770,Lethbridge Park - Tregear,116031316,2022-23,37
Ultimo,NSW,2007,Ultimo,117031646,2019-20,2
Ultimo,NSW,2007,Ultimo,117031646,2021-22,2
Walcha,NSW,2354,Walcha,110011189,2019-20,3
Walcha,NSW,2354,Walcha,110011189,2020-21,2
Walcha,NSW,2354,Walcha,110011189,2021-22,17
Walcha,NSW,2354,Walcha,110011189,2022-23,8
Warragamba,NSW,2752,Warragamba - Silverdale,124031465,2019-20,52
Warragamba,NSW,2752,Warragamba - Silverdale,124031465,2020-21,157
Warragamba,NSW,2752,Warragamba - Silverdale,124031465,2021-22,244
Warragamba,NSW,2752,Warragamba - Silverdale,124031465,2022-23,111
Arrawarra,NSW,2456,Woolgoolga - Arrawarra,104021091,2019-20,113
Arrawarra,NSW,2456,Woolgoolga - Arrawarra,104021091,2020-21,198
Arrawarra,NSW,2456,Woolgoolga - Arrawarra,104021091,2021-22,58
Arrawarra,NSW,2456,Woolgoolga - Arrawarra,104021091,2022-23,29
Bray Park,NSW,2484,Bray Park,314031391,2019-20,27
Bray Park,NSW,2484,Bray Park,314031391,2020-21,53
Bray Park,NSW,2484,Bray Park,314031391,2021-22,74
Bray Park,NSW,2484,Bray Park,314031391,2022-23,7
Brewarrina,NSW,2839,Bourke - Brewarrina,105011092,2019-20,3
Brewarrina,NSW,2839,Bourke - Brewarrina,105011092,2020-21,2
Brewarrina,NSW,2839,Bourke - Brewarrina,105011092,2021-22,3
Brewarrina,NSW,2839,Bourke - Brewarrina,105011092,2022-23,9
Darling Point,NSW,2027,Double Bay - Darling Point,118011650,2019-20,17
Darling Point,NSW,2027,Double Bay - Darling Point,118011650,2020-21,16
Darling Point,NSW,2027,Double Bay - Darling Point,118011650,2021-22,5
Darling Point,NSW,2027,Double Bay - Darling Point,118011650,2022-23,45
Ebenezer,NSW,2756,Kurrajong Heights - Ebenezer,115031300,2019-20,34
Ebenezer,NSW,2756,Kurrajong Heights - Ebenezer,115031300,2020-21,36
Ebenezer,NSW,2756,Kurrajong Heights - Ebenezer,115031300,2021-22,49
Ebenezer,NSW,2756,Kurrajong Heights - Ebenezer,115031300,2022-23,62
Fitzroy Falls,NSW,2577,Robertson - Fitzroy Falls,114021288,2019-20,13
Fitzroy Falls,NSW,2577,Robertson - Fitzroy Falls,114021288,2020-21,9
Fitzroy Falls,NSW,2577,Robertson - Fitzroy Falls,114021288,2021-22,24
Fitzroy Falls,NSW,2577,Robertson - Fitzroy Falls,114021288,2022-23,13
Galston,NSW,2159,Galston - Laughtondale,115021298,2019-20,9
Galston,NSW,2159,Galston - Laughtondale,115021298,2020-21,14
Galston,NSW,2159,Galston - Laughtondale,115021298,2021-22,12
Galston,NSW,2159,Galston - Laughtondale,115021298,2022-23,22
Gladstone,NSW,2440,Gladstone Hinterland,308051535,2019-20,20
Gladstone,NSW,2440,Gladstone Hinterland,308051535,2020-21,45
Gladstone,NSW,2440,Gladstone Hinterland,308051535,2021-22,27
Gladstone,NSW,2440,Gladstone Hinterland,308051535,2022-23,17
Gladstone,NSW,2440,West Gladstone,308051539,2019-20,2
Gladstone,NSW,2440,West Gladstone,308051539,2020-21,2
Gladstone,NSW,2440,West Gladstone,308051539,2021-22,1
Gladstone,NSW,2440,West Gladstone,308051539,2022-23,15
Gladstone,NSW,2440,Gladstone Park - Westmeadows,210051245,2019-20,63
Gladstone,NSW,2440,Gladstone Park - Westmeadows,210051245,2020-21,60
Gladstone,NSW,2440,Gladstone Park - Westmeadows,210051245,2021-22,39
Gladstone,NSW,2440,Gladstone Park - Westmeadows,210051245,2022-23,39
Gladstone,NSW,2440,Gladstone,308051534,2019-20,0
Gladstone,NSW,2440,Gladstone,308051534,2020-21,3
Gladstone,NSW,2440,Gladstone,308051534,2021-22,6
Gladstone,NSW,2440,Gladstone,308051534,2022-23,0
Henley,NSW,2111,Henley Beach,404011092,2019-20,106
Henley,NSW,2111,Henley Beach,404011092,2020-21,98
Henley,NSW,2111,Henley Beach,404011092,2021-22,147
Henley,NSW,2111,Henley Beach,404011092,2022-23,105
Henley,NSW,2111,Brabham - Henley Brook,504031299,2019-20,297
Henley,NSW,2111,Brabham - Henley Brook,504031299,2020-21,724
Henley,NSW,2111,Brabham - Henley Brook,504031299,2021-22,522
Henley,NSW,2111,Brabham - Henley Brook,504031299,2022-23,354
Hexham,NSW,2322,Beresfield - Hexham,111031223,2019-20,11
Hexham,NSW,2322,Beresfield - Hexham,111031223,2020-21,20
Hexham,NSW,2322,Beresfield - Hexham,111031223,2021-22,12
Hexham,NSW,2322,Beresfield - Hexham,111031223,2022-23,10
Iluka,NSW,2466,Maclean - Yamba - Iluka,104011082,2019-20,67
Iluka,NSW,2466,Maclean - Yamba - Iluka,104011082,2020-21,124
Iluka,NSW,2466,Maclean - Yamba - Iluka,104011082,2021-22,222
Iluka,NSW,2466,Maclean - Yamba - Iluka,104011082,2022-23,102
Iluka,NSW,2466,Iluka - Burns Beach,505011076,2019-20,59
Iluka,NSW,2466,Iluka - Burns Beach,505011076,2020-21,66
Iluka,NSW,2466,Iluka - Burns Beach,505011076,2021-22,62
Iluka,NSW,2466,Iluka - Burns Beach,505011076,2022-23,58
Jerilderie,NSW,2716,Tocumwal - Finley - Jerilderie,109031185,2019-20,29
Jerilderie,NSW,2716,Tocumwal - Finley - Jerilderie,109031185,2020-21,36
Jerilderie,NSW,2716,Tocumwal - Finley - Jerilderie,109031185,2021-22,57
Jerilderie,NSW,2716,Tocumwal - Finley - Jerilderie,109031185,2022-23,51
Kempsey,NSW,2440,Kempsey Surrounds,108021156,2019-20,27
Kempsey,NSW,2440,Kempsey Surrounds,108021156,2020-21,33
Kempsey,NSW,2440,Kempsey Surrounds,108021156,2021-22,15
Kempsey,NSW,2440,Kempsey Surrounds,108021156,2022-23,23
Kempsey,NSW,2440,Kempsey,108021155,2019-20,38
Kempsey,NSW,2440,Kempsey,108021155,2020-21,66
Kempsey,NSW,2440,Kempsey,108021155,2021-22,39
Kempsey,NSW,2440,Kempsey,108021155,2022-23,43
Kenthurst,NSW,2156,Dural - Kenthurst - Wisemans Ferry,115021297,2019-20,119
Kenthurst,NSW,2156,Dural - Kenthurst - Wisemans Ferry,115021297,2020-21,107
Kenthurst,NSW,2156,Dural - Kenthurst - Wisemans Ferry,115021297,2021-22,112
Kenthurst,NSW,2156,Dural - Kenthurst - Wisemans Ferry,115021297,2022-23,85
Lane Cove North,NSW,2066,Chatswood (West) - Lane Cove North,121011399,2019-20,71
Lane Cove North,NSW,2066,Chatswood (West) - Lane Cove North,121011399,2020-21,346
Lane Cove North,NSW,2066,Chatswood (West) - Lane Cove North,121011399,2021-22,84
Lane Cove North,NSW,2066,Chatswood (West) - Lane Cove North,121011399,2022-23,282
Leonay,NSW,2750,Emu Plains - Leonay,124031459,2019-20,20
Leonay,NSW,2750,Emu Plains - Leonay,124031459,2020-21,23
Leonay,NSW,2750,Emu Plains - Leonay,124031459,2021-22,64
Leonay,NSW,2750,Emu Plains - Leonay,124031459,2022-23,31
Linden,NSW,2778,Lawson - Hazelbrook - Linden,124011453,2019-20,20
Linden,NSW,2778,Lawson - Hazelbrook - Linden,124011453,2020-21,32
Linden,NSW,2778,Lawson - Hazelbrook - Linden,124011453,2021-22,19
Linden,NSW,2778,Lawson - Hazelbrook - Linden,124011453,2022-23,19
Londonderry,NSW,2753,Yarramundi - Londonderry,124041468,2019-20,16
Londonderry,NSW,2753,Yarramundi - Londonderry,124041468,2020-21,7
Londonderry,NSW,2753,Yarramundi - Londonderry,124041468,2021-22,15
Londonderry,NSW,2753,Yarramundi - Londonderry,124041468,2022-23,10
Miller,NSW,2168,Thornton - Millers Forest,106021618,2019-20,513
Miller,NSW,2168,Thornton - Millers Forest,106021618,2020-21,465
Miller,NSW,2168,Thornton - Millers Forest,106021618,2021-22,353
Miller,NSW,2168,Thornton - Millers Forest,106021618,2022-23,306
Miller,NSW,2168,Sydney (North) - Millers Point,117031644,2019-20,66
Miller,NSW,2168,Sydney (North) - Millers Point,117031644,2020-21,286
Miller,NSW,2168,Sydney (North) - Millers Point,117031644,2021-22,76
Miller,NSW,2168,Sydney (North) - Millers Point,117031644,2022-23,241
Miller,NSW,2168,Ashcroft - Busby - Miller,127011504,2019-20,72
Miller,NSW,2168,Ashcroft - Busby - Miller,127011504,2020-21,68
Miller,NSW,2168,Ashcroft - Busby - Miller,127011504,2021-22,95
Miller,NSW,2168,Ashcroft - Busby - Miller,127011504,2022-23,100
Minnamurra,NSW,2533,Kiama Downs - Minnamurra,107031139,2019-20,13
Minnamurra,NSW,2533,Kiama Downs - Minnamurra,107031139,2020-21,10
Minnamurra,NSW,2533,Kiama Downs - Minnamurra,107031139,2021-22,20
Minnamurra,NSW,2533,Kiama Downs - Minnamurra,107031139,2022-23,22
Nyngan,NSW,2825,Nyngan - Warren,105011095,2019-20,4
Nyngan,NSW,2825,Nyngan - Warren,105011095,2020-21,14
Nyngan,NSW,2825,Nyngan - Warren,105011095,2021-22,15
Nyngan,NSW,2825,Nyngan - Warren,105011095,2022-23,13
Rand,NSW,2642,Randwick - North,118021569,2019-20,17
Rand,NSW,2642,Randwick - North,118021569,2020-21,16
Rand,NSW,2642,Randwick - North,118021569,2021-22,26
Rand,NSW,2642,Randwick - North,118021569,2022-23,9
Rand,NSW,2642,Randwick - South,118021570,2019-20,54
Rand,NSW,2642,Randwick - South,118021570,2020-21,12
Rand,NSW,2642,Randwick - South,118021570,2021-22,17
Rand,NSW,2642,Randwick - South,118021570,2022-23,164
Scarborough,NSW,2515,Scarborough - Newport,313051575,2019-20,343
Scarborough,NSW,2515,Scarborough - Newport,313051575,2020-21,392
Scarborough,NSW,2515,Scarborough - Newport,313051575,2021-22,425
Scarborough,NSW,2515,Scarborough - Newport,313051575,2022-23,300
Scarborough,NSW,2515,Scarborough,505021092,2019-20,102
Scarborough,NSW,2515,Scarborough,505021092,2020-21,57
Scarborough,NSW,2515,Scarborough,505021092,2021-22,138
Scarborough,NSW,2515,Scarborough,505021092,2022-23,23
Scotts Head,NSW,2447,Macksville - Scotts Head,108021157,2019-20,24
Scotts Head,NSW,2447,Macksville - Scotts Head,108021157,2020-21,46
Scotts Head,NSW,2447,Macksville - Scotts Head,108021157,2021-22,89
Scotts Head,NSW,2447,Macksville - Scotts Head,108021157,2022-23,60
Seaham,NSW,2324,Seaham - Woodville,106031123,2019-20,23
Seaham,NSW,2324,Seaham - Woodville,106031123,2020-21,19
Seaham,NSW,2324,Seaham - Woodville,106031123,2021-22,16
Seaham,NSW,2324,Seaham - Woodville,106031123,2022-23,20
Sydney Olympic Park,NSW,2127,Wentworth Point - Sydney Olympic Park,125011710,2019-20,794
Sydney Olympic Park,NSW,2127,Wentworth Point - Sydney Olympic Park,125011710,2020-21,207
Sydney Olympic Park,NSW,2127,Wentworth Point - Sydney Olympic Park,125011710,2021-22,1143
Sydney Olympic Park,NSW,2127,Wentworth Point - Sydney Olympic Park,125011710,2022-23,464
Warren,NSW,2824,Narre Warren South - East,212031457,2019-20,5
Warren,NSW,2824,Narre Warren South - East,212031457,2020-21,9
Warren,NSW,2824,Narre Warren South - East,212031457,2021-22,2
Warren,NSW,2824,Narre Warren South - East,212031457,2022-23,4
Warren,NSW,2824,Nyngan - Warren,105011095,2019-20,4
Warren,NSW,2824,Nyngan - Warren,105011095,2020-21,14
Warren,NSW,2824,Nyngan - Warren,105011095,2021-22,15
Warren,NSW,2824,Nyngan - Warren,105011095,2022-23,13
Warren,NSW,2824,Narre Warren North,212021299,2019-20,26
Warren,NSW,2824,Narre Warren North,212021299,2020-21,19
Warren,NSW,2824,Narre Warren North,212021299,2021-22,23
Warren,NSW,2824,Narre Warren North,212021299,2022-23,15
Warren,NSW,2824,Ballarat East - Warrenheip,201011481,2019-20,45
Warren,NSW,2824,Ballarat East - Warrenheip,201011481,2020-21,27
Warren,NSW,2824,Ballarat East - Warrenheip,201011481,2021-22,80
Warren,NSW,2824,Ballarat East - Warrenheip,201011481,2022-23,39
Warren,NSW,2824,Narre Warren South - West,212031458,2019-20,33
Warren,NSW,2824,Narre Warren South - West,212031458,2020-21,15
Warren,NSW,2824,Narre Warren South - West,212031458,2021-22,5
Warren,NSW,2824,Narre Warren South - West,212031458,2022-23,15
Warren,NSW,2824,Narre Warren - North East,212021455,2019-20,11
Warren,NSW,2824,Narre Warren - North East,212021455,2020-21,8
Warren,NSW,2824,Narre Warren - North East,212021455,2021-22,10
Warren,NSW,2824,Narre Warren - North East,212021455,2022-23,15
Warren,NSW,2824,Narre Warren - South West,212021456,2019-20,75
Warren,NSW,2824,Narre Warren - South West,212021456,2020-21,99
Warren,NSW,2824,Narre Warren - South West,212021456,2021-22,61
Warren,NSW,2824,Narre Warren - South West,212021456,2022-23,91
Warren,NSW,2824,Mount Warren Park,311021309,2019-20,7
Warren,NSW,2824,Mount Warren Park,311021309,2020-21,30
Warren,NSW,2824,Mount Warren Park,311021309,2021-22,12
Warren,NSW,2824,Mount Warren Park,311021309,2022-23,11
Waterfall,NSW,2233,Heathcote - Waterfall,128021533,2019-20,10
Waterfall,NSW,2233,Heathcote - Waterfall,128021533,2020-21,23
Waterfall,NSW,2233,Heathcote - Waterfall,128021533,2021-22,64
Waterfall,NSW,2233,Heathcote - Waterfall,128021533,2022-23,16
