query_suburb,query_state,query_postcode,sa2_name,sa2_code,year,estimated_resident_population
Orange,NSW,2800,Orange Surrounds,103041079,2019,11823
Orange,NSW,2800,Orange Surrounds,103041079,2020,11830
Orange,NSW,2800,Orange Surrounds,103041079,2021,11810
Orange,NSW,2800,Orange Surrounds,103041079,2022,11868
Orange,NSW,2800,Orange Surrounds,103041079,2023,11966
Orange,NSW,2800,Orange,103041077,2019,19211
Orange,NSW,2800,Orange,103041077,2020,19126
Orange,NSW,2800,Orange,103041077,2021,19110
Orange,NSW,2800,Orange,103041077,2022,19135
Orange,NSW,2800,Orange,103041077,2023,19118
Orange,NSW,2800,Orange - North,103041078,2019,22313
Orange,NSW,2800,Orange - North,103041078,2020,22682
Orange,NSW,2800,Orange - North,103041078,2021,23055
Orange,NSW,2800,Orange - North,103041078,2022,23246
Orange,NSW,2800,Orange - North,103041078,2023,23524
Orange,NSW,2800,Maddington - Orange Grove - Martin,506041136,2019,14947
Orange,NSW,2800,Maddington - Orange Grove - Martin,506041136,2020,15320
Orange,NSW,2800,Maddington - Orange Grove - Martin,506041136,2021,15568
Orange,NSW,2800,Maddington - Orange Grove - Martin,506041136,2022,15849
Orange,NSW,2800,Maddington - Orange Grove - Martin,506041136,2023,16505
Box Hill,NSW,2765,Box Hill - Nelson,115041623,2019,4247
Box Hill,NSW,2765,Box Hill - Nelson,115041623,2020,6910
Box Hill,NSW,2765,Box Hill - Nelson,115041623,2021,10349
Box Hill,NSW,2765,Box Hill - Nelson,115041623,2022,14532
Box Hill,NSW,2765,Box Hill - Nelson,115041623,2023,18386
Box Hill,NSW,2765,Box Hill,207031163,2019,23432
Box Hill,NSW,2765,Box Hill,207031163,2020,24118
Box Hill,NSW,2765,Box Hill,207031163,2021,23212
Box Hill,NSW,2765,Box Hill,207031163,2022,23829
Box Hill,NSW,2765,Box Hill,207031163,2023,25286
Box Hill,NSW,2765,Box Hill North,207031164,2019,18761
Box Hill,NSW,2765,Box Hill North,207031164,2020,18903
Box Hill,NSW,2765,Box Hill North,207031164,2021,18292
Box Hill,NSW,2765,Box Hill North,207031164,2022,18396
Box Hill,NSW,2765,Box Hill North,207031164,2023,19021
Port Macquarie,NSW,2444,Port Macquarie Surrounds,108041165,2019,5347
Port Macquarie,NSW,2444,Port Macquarie Surrounds,108041165,2020,5323
Port Macquarie,NSW,2444,Port Macquarie Surrounds,108041165,2021,5286
Port Macquarie,NSW,2444,Port Macquarie Surrounds,108041165,2022,5311
Port Macquarie,NSW,2444,Port Macquarie Surrounds,108041165,2023,5305
Port Macquarie,NSW,2444,Port Macquarie - East,108041619,2019,11761
Port Macquarie,NSW,2444,Port Macquarie - East,108041619,2020,11755
Port Macquarie,NSW,2444,Port Macquarie - East,108041619,2021,11726
Port Macquarie,NSW,2444,Port Macquarie - East,108041619,2022,11857
Port Macquarie,NSW,2444,Port Macquarie - East,108041619,2023,11869
Port Macquarie,NSW,2444,Port Macquarie - West,108041164,2019,19675
Port Macquarie,NSW,2444,Port Macquarie - West,108041164,2020,20433
Port Macquarie,NSW,2444,Port Macquarie - West,108041164,2021,21189
Port Macquarie,NSW,2444,Port Macquarie - West,108041164,2022,22029
Port Macquarie,NSW,2444,Port Macquarie - West,108041164,2023,22709
Port Macquarie,NSW,2444,Port Macquarie - South,108041620,2019,17255
Port Macquarie,NSW,2444,Port Macquarie - South,108041620,2020,17256
Port Macquarie,NSW,2444,Port Macquarie - South,108041620,2021,17225
Port Macquarie,NSW,2444,Port Macquarie - South,108041620,2022,17334
Port Macquarie,NSW,2444,Port Macquarie - South,108041620,2023,17387
Schofields,NSW,2762,Schofields - East,116021632,2019,16569
Schofields,NSW,2762,Schofields - East,116021632,2020,20969
Schofields,NSW,2762,Schofields - East,116021632,2021,25363
Schofields,NSW,2762,Schofields - East,116021632,2022,29682
Schofields,NSW,2762,Schofields - East,116021632,2023,33165
Schofields,NSW,2762,Schofields (West) - Colebee,116021631,2019,7145
Schofields,NSW,2762,Schofields (West) - Colebee,116021631,2020,8478
Schofields,NSW,2762,Schofields (West) - Colebee,116021631,2021,10071
Schofields,NSW,2762,Schofields (West) - Colebee,116021631,2022,11453
Schofields,NSW,2762,Schofields (West) - Colebee,116021631,2023,12719
Tamworth,NSW,2340,Tamworth Surrounds,110041205,2019,19108
Tamworth,NSW,2340,Tamworth Surrounds,110041205,2020,19110
Tamworth,NSW,2340,Tamworth Surrounds,110041205,2021,19139
Tamworth,NSW,2340,Tamworth Surrounds,110041205,2022,19358
Tamworth,NSW,2340,Tamworth Surrounds,110041205,2023,19564
Tamworth,NSW,2340,Tamworth - East,110041202,2019,21353
Tamworth,NSW,2340,Tamworth - East,110041202,2020,21518
Tamworth,NSW,2340,Tamworth - East,110041202,2021,21611
Tamworth,NSW,2340,Tamworth - East,110041202,2022,22043
Tamworth,NSW,2340,Tamworth - East,110041202,2023,22432
Tamworth,NSW,2340,Tamworth - North,110041203,2019,16516
Tamworth,NSW,2340,Tamworth - North,110041203,2020,16517
Tamworth,NSW,2340,Tamworth - North,110041203,2021,16612
Tamworth,NSW,2340,Tamworth - North,110041203,2022,16693
Tamworth,NSW,2340,Tamworth - North,110041203,2023,16702
Tamworth,NSW,2340,Tamworth - West,110041204,2019,6047
Tamworth,NSW,2340,Tamworth - West,110041204,2020,6099
Tamworth,NSW,2340,Tamworth - West,110041204,2021,6145
Tamworth,NSW,2340,Tamworth - West,110041204,2022,6244
Tamworth,NSW,2340,Tamworth - West,110041204,2023,6362
Dubbo,NSW,2830,Dubbo Surrounds,105031103,2019,5905
Dubbo,NSW,2830,Dubbo Surrounds,105031103,2020,5950
Dubbo,NSW,2830,Dubbo Surrounds,105031103,2021,5975
Dubbo,NSW,2830,Dubbo Surrounds,105031103,2022,6022
Dubbo,NSW,2830,Dubbo Surrounds,105031103,2023,6073
Dubbo,NSW,2830,Dubbo - South,105031101,2019,19157
Dubbo,NSW,2830,Dubbo - South,105031101,2020,19543
Dubbo,NSW,2830,Dubbo - South,105031101,2021,19832
Dubbo,NSW,2830,Dubbo - South,105031101,2022,19976
Dubbo,NSW,2830,Dubbo - South,105031101,2023,20263
Dubbo,NSW,2830,Dubbo - East,105031100,2019,10725
Dubbo,NSW,2830,Dubbo - East,105031100,2020,10752
Dubbo,NSW,2830,Dubbo - East,105031100,2021,10738
Dubbo,NSW,2830,Dubbo - East,105031100,2022,10803
Dubbo,NSW,2830,Dubbo - East,105031100,2023,10784
Dubbo,NSW,2830,Dubbo - West,105031102,2019,9997
Dubbo,NSW,2830,Dubbo - West,105031102,2020,10203
Dubbo,NSW,2830,Dubbo - West,105031102,2021,10456
Dubbo,NSW,2830,Dubbo - West,105031102,2022,10543
Dubbo,NSW,2830,Dubbo - West,105031102,2023,10754
Goulburn,NSW,2580,Goulburn,101051539,2019,24345
Goulburn,NSW,2580,Goulburn,101051539,2020,24635
Goulburn,NSW,2580,Goulburn,101051539,2021,24690
Goulburn,NSW,2580,Goulburn,101051539,2022,24839
Goulburn,NSW,2580,Goulburn,101051539,2023,25017
Goulburn,NSW,2580,Goulburn Surrounds,101051540,2019,13380
Goulburn,NSW,2580,Goulburn Surrounds,101051540,2020,13596
Goulburn,NSW,2580,Goulburn Surrounds,101051540,2021,13794
Goulburn,NSW,2580,Goulburn Surrounds,101051540,2022,13945
Goulburn,NSW,2580,Goulburn Surrounds,101051540,2023,14121
Marsden Park,NSW,2765,Marsden Park - Shanes Park,116021629,2019,6230
Marsden Park,NSW,2765,Marsden Park - Shanes Park,116021629,2020,11545
Marsden Park,NSW,2765,Marsden Park - Shanes Park,116021629,2021,15653
Marsden Park,NSW,2765,Marsden Park - Shanes Park,116021629,2022,19870
Marsden Park,NSW,2765,Marsden Park - Shanes Park,116021629,2023,23778
Austral,NSW,2179,Austral - Greendale,127011505,2019,9866
Austral,NSW,2179,Austral - Greendale,127011505,2020,10925
Austral,NSW,2179,Austral - Greendale,127011505,2021,12581
Austral,NSW,2179,Austral - Greendale,127011505,2022,14528
Austral,NSW,2179,Austral - Greendale,127011505,2023,16734
Austral,NSW,2179,Australind - Leschenault,501021005,2019,19201
Austral,NSW,2179,Australind - Leschenault,501021005,2020,19619
Austral,NSW,2179,Australind - Leschenault,501021005,2021,19997
Austral,NSW,2179,Australind - Leschenault,501021005,2022,20370
Austral,NSW,2179,Australind - Leschenault,501021005,2023,20786
Googong,NSW,2620,Googong,101021610,2019,4495
Googong,NSW,2620,Googong,101021610,2020,5464
Googong,NSW,2620,Googong,101021610,2021,6254
Googong,NSW,2620,Googong,101021610,2022,6748
Googong,NSW,2620,Googong,101021610,2023,7352
Glenmore Park,NSW,2745,Glenmore Park - Regentville,124031460,2019,21570
Glenmore Park,NSW,2745,Glenmore Park - Regentville,124031460,2020,21421
Glenmore Park,NSW,2745,Glenmore Park - Regentville,124031460,2021,21159
Glenmore Park,NSW,2745,Glenmore Park - Regentville,124031460,2022,20962
Glenmore Park,NSW,2745,Glenmore Park - Regentville,124031460,2023,21082
Oran Park,NSW,2570,Oran Park,127011729,2019,12212
Oran Park,NSW,2570,Oran Park,127011729,2020,14874
Oran Park,NSW,2570,Oran Park,127011729,2021,17786
Oran Park,NSW,2570,Oran Park,127011729,2022,20629
Oran Park,NSW,2570,Oran Park,127011729,2023,22542
Armidale,NSW,2350,Armidale,110011186,2019,24509
Armidale,NSW,2350,Armidale,110011186,2020,24409
Armidale,NSW,2350,Armidale,110011186,2021,24170
Armidale,NSW,2350,Armidale,110011186,2022,24180
Armidale,NSW,2350,Armidale,110011186,2023,24373
Armidale,NSW,2350,Armidale Surrounds - North,110011187,2019,4550
Armidale,NSW,2350,Armidale Surrounds - North,110011187,2020,4549
Armidale,NSW,2350,Armidale Surrounds - North,110011187,2021,4535
Armidale,NSW,2350,Armidale Surrounds - North,110011187,2022,4552
Armidale,NSW,2350,Armidale Surrounds - North,110011187,2023,4596
Armidale,NSW,2350,Armidale Surrounds - South,110011188,2019,6034
Armidale,NSW,2350,Armidale Surrounds - South,110011188,2020,5982
Armidale,NSW,2350,Armidale Surrounds - South,110011188,2021,5915
Armidale,NSW,2350,Armidale Surrounds - South,110011188,2022,5898
Armidale,NSW,2350,Armidale Surrounds - South,110011188,2023,5943
St Ives,NSW,2075,St Ives,121031410,2019,22003
St Ives,NSW,2075,St Ives,121031410,2020,22055
St Ives,NSW,2075,St Ives,121031410,2021,21780
St Ives,NSW,2075,St Ives,121031410,2022,21792
St Ives,NSW,2075,St Ives,121031410,2023,22408
Castle Hill,NSW,1765,Castle Hill - Central,115011553,2019,7948
Castle Hill,NSW,1765,Castle Hill - Central,115011553,2020,7870
Castle Hill,NSW,1765,Castle Hill - Central,115011553,2021,7688
Castle Hill,NSW,1765,Castle Hill - Central,115011553,2022,7585
Castle Hill,NSW,1765,Castle Hill - Central,115011553,2023,7704
Castle Hill,NSW,1765,Castle Hill - East,115011554,2019,5754
Castle Hill,NSW,1765,Castle Hill - East,115011554,2020,5732
Castle Hill,NSW,1765,Castle Hill - East,115011554,2021,5675
Castle Hill,NSW,1765,Castle Hill - East,115011554,2022,5455
Castle Hill,NSW,1765,Castle Hill - East,115011554,2023,5390
Castle Hill,NSW,1765,Castle Hill - North,115011555,2019,12450
Castle Hill,NSW,1765,Castle Hill - North,115011555,2020,12420
Castle Hill,NSW,1765,Castle Hill - North,115011555,2021,12215
Castle Hill,NSW,1765,Castle Hill - North,115011555,2022,12249
Castle Hill,NSW,1765,Castle Hill - North,115011555,2023,12517
Castle Hill,NSW,1765,Castle Hill - South,115011556,2019,10382
Castle Hill,NSW,1765,Castle Hill - South,115011556,2020,10480
Castle Hill,NSW,1765,Castle Hill - South,115011556,2021,10439
Castle Hill,NSW,1765,Castle Hill - South,115011556,2022,10402
Castle Hill,NSW,1765,Castle Hill - South,115011556,2023,10600
Castle Hill,NSW,1765,Castle Hill - West,115011557,2019,5340
Castle Hill,NSW,1765,Castle Hill - West,115011557,2020,5291
Castle Hill,NSW,1765,Castle Hill - West,115011557,2021,5198
Castle Hill,NSW,1765,Castle Hill - West,115011557,2022,5178
Castle Hill,NSW,1765,Castle Hill - West,115011557,2023,5186
Muswellbrook,NSW,2333,Muswellbrook,106041126,2019,12482
Muswellbrook,NSW,2333,Muswellbrook,106041126,2020,12458
Muswellbrook,NSW,2333,Muswellbrook,106041126,2021,12384
Muswellbrook,NSW,2333,Muswellbrook,106041126,2022,12417
Muswellbrook,NSW,2333,Muswellbrook,106041126,2023,12590
Muswellbrook,NSW,2333,Muswellbrook Surrounds,106041127,2019,4072
Muswellbrook,NSW,2333,Muswellbrook Surrounds,106041127,2020,4081
Muswellbrook,NSW,2333,Muswellbrook Surrounds,106041127,2021,4085
Muswellbrook,NSW,2333,Muswellbrook Surrounds,106041127,2022,4123
Muswellbrook,NSW,2333,Muswellbrook Surrounds,106041127,2023,4188
Coffs Harbour,NSW,2450,Coffs Harbour - South,104021085,2019,11314
Coffs Harbour,NSW,2450,Coffs Harbour - South,104021085,2020,11398
Coffs Harbour,NSW,2450,Coffs Harbour - South,104021085,2021,11289
Coffs Harbour,NSW,2450,Coffs Harbour - South,104021085,2022,11367
Coffs Harbour,NSW,2450,Coffs Harbour - South,104021085,2023,11367
Coffs Harbour,NSW,2450,Coffs Harbour - North,104021084,2019,18165
Coffs Harbour,NSW,2450,Coffs Harbour - North,104021084,2020,18302
Coffs Harbour,NSW,2450,Coffs Harbour - North,104021084,2021,18137
Coffs Harbour,NSW,2450,Coffs Harbour - North,104021084,2022,18363
Coffs Harbour,NSW,2450,Coffs Harbour - North,104021084,2023,18659
Jordan Springs,NSW,2747,Jordan Springs - Llandilo,124031708,2019,11230
Jordan Springs,NSW,2747,Jordan Springs - Llandilo,124031708,2020,12427
Jordan Springs,NSW,2747,Jordan Springs - Llandilo,124031708,2021,13489
Jordan Springs,NSW,2747,Jordan Springs - Llandilo,124031708,2022,14227
Jordan Springs,NSW,2747,Jordan Springs - Llandilo,124031708,2023,14796
Kellyville,NSW,2155,Kellyville - East,115011621,2019,18050
Kellyville,NSW,2155,Kellyville - East,115011621,2020,17911
Kellyville,NSW,2155,Kellyville - East,115011621,2021,17767
Kellyville,NSW,2155,Kellyville - East,115011621,2022,17588
Kellyville,NSW,2155,Kellyville - East,115011621,2023,17705
Kellyville,NSW,2155,Kellyville - West,115011622,2019,9485
Kellyville,NSW,2155,Kellyville - West,115011622,2020,10419
Kellyville,NSW,2155,Kellyville - West,115011622,2021,11427
Kellyville,NSW,2155,Kellyville - West,115011622,2022,12495
Kellyville,NSW,2155,Kellyville - West,115011622,2023,13411
Kellyville,NSW,2155,North Kellyville,115041624,2019,12340
Kellyville,NSW,2155,North Kellyville,115041624,2020,14997
Kellyville,NSW,2155,North Kellyville,115041624,2021,17508
Kellyville,NSW,2155,North Kellyville,115041624,2022,19058
Kellyville,NSW,2155,North Kellyville,115041624,2023,20256
Kellyville,NSW,2155,Kellyville Ridge - The Ponds,116021628,2019,21240
Kellyville,NSW,2155,Kellyville Ridge - The Ponds,116021628,2020,21263
Kellyville,NSW,2155,Kellyville Ridge - The Ponds,116021628,2021,21209
Kellyville,NSW,2155,Kellyville Ridge - The Ponds,116021628,2022,21262
Kellyville,NSW,2155,Kellyville Ridge - The Ponds,116021628,2023,21571
Mayfield,NSW,2304,Mayfield - Warabrook,111031227,2019,15550
Mayfield,NSW,2304,Mayfield - Warabrook,111031227,2020,15575
Mayfield,NSW,2304,Mayfield - Warabrook,111031227,2021,15598
Mayfield,NSW,2304,Mayfield - Warabrook,111031227,2022,15674
Mayfield,NSW,2304,Mayfield - Warabrook,111031227,2023,15810
Mayfield,NSW,2304,Newnham - Mayfield,602011041,2019,9645
Mayfield,NSW,2304,Newnham - Mayfield,602011041,2020,9888
Mayfield,NSW,2304,Newnham - Mayfield,602011041,2021,9958
Mayfield,NSW,2304,Newnham - Mayfield,602011041,2022,10001
Mayfield,NSW,2304,Newnham - Mayfield,602011041,2023,10041
New Lambton,NSW,2305,Lambton - New Lambton,111031225,2019,17172
New Lambton,NSW,2305,Lambton - New Lambton,111031225,2020,17290
New Lambton,NSW,2305,Lambton - New Lambton,111031225,2021,17352
New Lambton,NSW,2305,Lambton - New Lambton,111031225,2022,17397
New Lambton,NSW,2305,Lambton - New Lambton,111031225,2023,17541
Spring Farm,NSW,2570,Spring Farm,123011702,2019,7439
Spring Farm,NSW,2570,Spring Farm,123011702,2020,8776
Spring Farm,NSW,2570,Spring Farm,123011702,2021,9598
Spring Farm,NSW,2570,Spring Farm,123011702,2022,10112
Spring Farm,NSW,2570,Spring Farm,123011702,2023,10737
Griffith,NSW,2680,Griffith Surrounds,113011257,2019,13093
Griffith,NSW,2680,Griffith Surrounds,113011257,2020,13022
Griffith,NSW,2680,Griffith Surrounds,113011257,2021,12906
Griffith,NSW,2680,Griffith Surrounds,113011257,2022,12840
Griffith,NSW,2680,Griffith Surrounds,113011257,2023,12909
Griffith,NSW,2680,Griffith (NSW),113011256,2019,20506
Griffith,NSW,2680,Griffith (NSW),113011256,2020,20676
Griffith,NSW,2680,Griffith (NSW),113011256,2021,20682
Griffith,NSW,2680,Griffith (NSW),113011256,2022,20533
Griffith,NSW,2680,Griffith (NSW),113011256,2023,20538
Griffith,NSW,2680,Griffith (ACT),801061064,2019,5187
Griffith,NSW,2680,Griffith (ACT),801061064,2020,5325
Griffith,NSW,2680,Griffith (ACT),801061064,2021,5320
Griffith,NSW,2680,Griffith (ACT),801061064,2022,5336
Griffith,NSW,2680,Griffith (ACT),801061064,2023,5404
Leppington,NSW,2179,Leppington - Catherine Field,127011728,2019,9853
Leppington,NSW,2179,Leppington - Catherine Field,127011728,2020,11165
Leppington,NSW,2179,Leppington - Catherine Field,127011728,2021,12617
Leppington,NSW,2179,Leppington - Catherine Field,127011728,2022,14605
Leppington,NSW,2179,Leppington - Catherine Field,127011728,2023,17042
Mudgee,NSW,2850,Mudgee,103031072,2019,12503
Mudgee,NSW,2850,Mudgee,103031072,2020,12617
Mudgee,NSW,2850,Mudgee,103031072,2021,12581
Mudgee,NSW,2850,Mudgee,103031072,2022,12570
Mudgee,NSW,2850,Mudgee,103031072,2023,12563
Mudgee,NSW,2850,Mudgee Surrounds - East,103031073,2019,3447
Mudgee,NSW,2850,Mudgee Surrounds - East,103031073,2020,3425
Mudgee,NSW,2850,Mudgee Surrounds - East,103031073,2021,3395
Mudgee,NSW,2850,Mudgee Surrounds - East,103031073,2022,3366
Mudgee,NSW,2850,Mudgee Surrounds - East,103031073,2023,3356
Mudgee,NSW,2850,Mudgee Surrounds - West,103031074,2019,10854
Mudgee,NSW,2850,Mudgee Surrounds - West,103031074,2020,10947
Mudgee,NSW,2850,Mudgee Surrounds - West,103031074,2021,11068
Mudgee,NSW,2850,Mudgee Surrounds - West,103031074,2022,11165
Mudgee,NSW,2850,Mudgee Surrounds - West,103031074,2023,11305
Mudgee,NSW,2850,Mudgeeraba - Bonogin,309051244,2019,19544
Mudgee,NSW,2850,Mudgeeraba - Bonogin,309051244,2020,19663
Mudgee,NSW,2850,Mudgeeraba - Bonogin,309051244,2021,19870
Mudgee,NSW,2850,Mudgeeraba - Bonogin,309051244,2022,19990
Mudgee,NSW,2850,Mudgeeraba - Bonogin,309051244,2023,20215
Rutherford,NSW,2320,Rutherford (South) - Telarah,106021616,2019,7433
Rutherford,NSW,2320,Rutherford (South) - Telarah,106021616,2020,7692
Rutherford,NSW,2320,Rutherford (South) - Telarah,106021616,2021,8046
Rutherford,NSW,2320,Rutherford (South) - Telarah,106021616,2022,8397
Rutherford,NSW,2320,Rutherford (South) - Telarah,106021616,2023,8745
Rutherford,NSW,2320,Rutherford (North) - Aberglasslyn,106021615,2019,17189
Rutherford,NSW,2320,Rutherford (North) - Aberglasslyn,106021615,2020,17513
Rutherford,NSW,2320,Rutherford (North) - Aberglasslyn,106021615,2021,17835
Rutherford,NSW,2320,Rutherford (North) - Aberglasslyn,106021615,2022,18390
Rutherford,NSW,2320,Rutherford (North) - Aberglasslyn,106021615,2023,18844
Cessnock,NSW,2325,Cessnock Surrounds,106011109,2019,8698
Cessnock,NSW,2325,Cessnock Surrounds,106011109,2020,8918
Cessnock,NSW,2325,Cessnock Surrounds,106011109,2021,9156
Cessnock,NSW,2325,Cessnock Surrounds,106011109,2022,9355
Cessnock,NSW,2325,Cessnock Surrounds,106011109,2023,9577
Cessnock,NSW,2325,Cessnock,106011108,2019,23467
Cessnock,NSW,2325,Cessnock,106011108,2020,23625
Cessnock,NSW,2325,Cessnock,106011108,2021,23740
Cessnock,NSW,2325,Cessnock,106011108,2022,23854
Cessnock,NSW,2325,Cessnock,106011108,2023,23978
Turramurra,NSW,2074,Turramurra,121031411,2019,20332
Turramurra,NSW,2074,Turramurra,121031411,2020,20476
Turramurra,NSW,2074,Turramurra,121031411,2021,20327
Turramurra,NSW,2074,Turramurra,121031411,2022,20172
Turramurra,NSW,2074,Turramurra,121031411,2023,20470
Maroubra,NSW,2035,Maroubra - South,118021567,2019,11302
Maroubra,NSW,2035,Maroubra - South,118021567,2020,11289
Maroubra,NSW,2035,Maroubra - South,118021567,2021,11130
Maroubra,NSW,2035,Maroubra - South,118021567,2022,11176
Maroubra,NSW,2035,Maroubra - South,118021567,2023,11422
Maroubra,NSW,2035,Maroubra - North,118021566,2019,10200
Maroubra,NSW,2035,Maroubra - North,118021566,2020,10106
Maroubra,NSW,2035,Maroubra - North,118021566,2021,9843
Maroubra,NSW,2035,Maroubra - North,118021566,2022,9986
Maroubra,NSW,2035,Maroubra - North,118021566,2023,10194
Maroubra,NSW,2035,Maroubra - West,118021568,2019,10563
Maroubra,NSW,2035,Maroubra - West,118021568,2020,10371
Maroubra,NSW,2035,Maroubra - West,118021568,2021,9908
Maroubra,NSW,2035,Maroubra - West,118021568,2022,10016
Maroubra,NSW,2035,Maroubra - West,118021568,2023,10510
Merrylands,NSW,2160,Guildford West - Merrylands West,125031484,2019,23056
Merrylands,NSW,2160,Guildford West - Merrylands West,125031484,2020,23277
Merrylands,NSW,2160,Guildford West - Merrylands West,125031484,2021,23127
Merrylands,NSW,2160,Guildford West - Merrylands West,125031484,2022,23289
Merrylands,NSW,2160,Guildford West - Merrylands West,125031484,2023,23921
Merrylands,NSW,2160,Merrylands - Holroyd,125031714,2019,23926
Merrylands,NSW,2160,Merrylands - Holroyd,125031714,2020,24183
Merrylands,NSW,2160,Merrylands - Holroyd,125031714,2021,24017
Merrylands,NSW,2160,Merrylands - Holroyd,125031714,2022,24089
Merrylands,NSW,2160,Merrylands - Holroyd,125031714,2023,24865
East Maitland,NSW,2323,East Maitland - Metford,106021614,2019,18211
East Maitland,NSW,2323,East Maitland - Metford,106021614,2020,18159
East Maitland,NSW,2323,East Maitland - Metford,106021614,2021,18052
East Maitland,NSW,2323,East Maitland - Metford,106021614,2022,18140
East Maitland,NSW,2323,East Maitland - Metford,106021614,2023,18254
East Maitland,NSW,2323,Tenambit - East Maitland,106021617,2019,9881
East Maitland,NSW,2323,Tenambit - East Maitland,106021617,2020,9994
East Maitland,NSW,2323,Tenambit - East Maitland,106021617,2021,10092
East Maitland,NSW,2323,Tenambit - East Maitland,106021617,2022,10290
East Maitland,NSW,2323,Tenambit - East Maitland,106021617,2023,10400
Guildford,NSW,1848,Guildford West - Merrylands West,125031484,2019,23056
Guildford,NSW,1848,Guildford West - Merrylands West,125031484,2020,23277
Guildford,NSW,1848,Guildford West - Merrylands West,125031484,2021,23127
Guildford,NSW,1848,Guildford West - Merrylands West,125031484,2022,23289
Guildford,NSW,1848,Guildford West - Merrylands West,125031484,2023,23921
Guildford,NSW,1848,Guildford - South Granville,125031483,2019,22998
Guildford,NSW,1848,Guildford - South Granville,125031483,2020,22980
Guildford,NSW,1848,Guildford - South Granville,125031483,2021,22560
Guildford,NSW,1848,Guildford - South Granville,125031483,2022,22546
Guildford,NSW,1848,Guildford - South Granville,125031483,2023,23198
Guildford,NSW,1848,Hazelmere - Guildford,504031061,2019,4778
Guildford,NSW,1848,Hazelmere - Guildford,504031061,2020,5196
Guildford,NSW,1848,Hazelmere - Guildford,504031061,2021,5577
Guildford,NSW,1848,Hazelmere - Guildford,504031061,2022,5921
Guildford,NSW,1848,Hazelmere - Guildford,504031061,2023,6436
Guildford,NSW,1848,Midland - Guildford,504031066,2019,11245
Guildford,NSW,1848,Midland - Guildford,504031066,2020,11450
Guildford,NSW,1848,Midland - Guildford,504031066,2021,11508
Guildford,NSW,1848,Midland - Guildford,504031066,2022,11531
Guildford,NSW,1848,Midland - Guildford,504031066,2023,11793
Lithgow,NSW,2790,Lithgow,103031070,2019,12737
Lithgow,NSW,2790,Lithgow,103031070,2020,12601
Lithgow,NSW,2790,Lithgow,103031070,2021,12410
Lithgow,NSW,2790,Lithgow,103031070,2022,12370
Lithgow,NSW,2790,Lithgow,103031070,2023,12253
Lithgow,NSW,2790,Lithgow Surrounds,103031071,2019,8472
Lithgow,NSW,2790,Lithgow Surrounds,103031071,2020,8454
Lithgow,NSW,2790,Lithgow Surrounds,103031071,2021,8437
Lithgow,NSW,2790,Lithgow Surrounds,103031071,2022,8441
Lithgow,NSW,2790,Lithgow Surrounds,103031071,2023,8482
Wallsend,NSW,2287,West Wallsend - Barnsley - Killingworth,111021221,2019,7080
Wallsend,NSW,2287,West Wallsend - Barnsley - Killingworth,111021221,2020,7171
Wallsend,NSW,2287,West Wallsend - Barnsley - Killingworth,111021221,2021,7275
Wallsend,NSW,2287,West Wallsend - Barnsley - Killingworth,111021221,2022,7333
Wallsend,NSW,2287,West Wallsend - Barnsley - Killingworth,111021221,2023,7383
Wallsend,NSW,2287,Wallsend - Elermore Vale,111031233,2019,20686
Wallsend,NSW,2287,Wallsend - Elermore Vale,111031233,2020,20904
Wallsend,NSW,2287,Wallsend - Elermore Vale,111031233,2021,21038
Wallsend,NSW,2287,Wallsend - Elermore Vale,111031233,2022,21136
Wallsend,NSW,2287,Wallsend - Elermore Vale,111031233,2023,21395
Singleton,NSW,2330,Singleton Surrounds,106011113,2019,5224
Singleton,NSW,2330,Singleton Surrounds,106011113,2020,5301
Singleton,NSW,2330,Singleton Surrounds,106011113,2021,5355
Singleton,NSW,2330,Singleton Surrounds,106011113,2022,5398
Singleton,NSW,2330,Singleton Surrounds,106011113,2023,5449
Singleton,NSW,2330,Singleton,106011112,2019,16920
Singleton,NSW,2330,Singleton,106011112,2020,16973
Singleton,NSW,2330,Singleton,106011112,2021,17139
Singleton,NSW,2330,Singleton,106011112,2022,17431
Singleton,NSW,2330,Singleton,106011112,2023,17503
Singleton,NSW,2330,Singleton - Golden Bay - Secret Harbour,507051191,2019,21808
Singleton,NSW,2330,Singleton - Golden Bay - Secret Harbour,507051191,2020,22411
Singleton,NSW,2330,Singleton - Golden Bay - Secret Harbour,507051191,2021,23054
Singleton,NSW,2330,Singleton - Golden Bay - Secret Harbour,507051191,2022,23702
Singleton,NSW,2330,Singleton - Golden Bay - Secret Harbour,507051191,2023,24656
Gregory Hills,NSW,2557,Gledswood Hills - Gregory Hills,127011727,2019,10372
Gregory Hills,NSW,2557,Gledswood Hills - Gregory Hills,127011727,2020,12337
Gregory Hills,NSW,2557,Gledswood Hills - Gregory Hills,127011727,2021,14430
Gregory Hills,NSW,2557,Gledswood Hills - Gregory Hills,127011727,2022,16560
Gregory Hills,NSW,2557,Gledswood Hills - Gregory Hills,127011727,2023,18014
Gledswood Hills,NSW,2557,Gledswood Hills - Gregory Hills,127011727,2019,10372
Gledswood Hills,NSW,2557,Gledswood Hills - Gregory Hills,127011727,2020,12337
Gledswood Hills,NSW,2557,Gledswood Hills - Gregory Hills,127011727,2021,14430
Gledswood Hills,NSW,2557,Gledswood Hills - Gregory Hills,127011727,2022,16560
Gledswood Hills,NSW,2557,Gledswood Hills - Gregory Hills,127011727,2023,18014
Merewether,NSW,2291,Merewether - The Junction,111031228,2019,14421
Merewether,NSW,2291,Merewether - The Junction,111031228,2020,14499
Merewether,NSW,2291,Merewether - The Junction,111031228,2021,14510
Merewether,NSW,2291,Merewether - The Junction,111031228,2022,14620
Merewether,NSW,2291,Merewether - The Junction,111031228,2023,14740
Riverstone,NSW,2765,Riverstone,116021630,2019,11206
Riverstone,NSW,2765,Riverstone,116021630,2020,12508
Riverstone,NSW,2765,Riverstone,116021630,2021,13949
Riverstone,NSW,2765,Riverstone,116021630,2022,15503
Riverstone,NSW,2765,Riverstone,116021630,2023,17211
Denham Court,NSW,2565,Denham Court - Bardia,123021703,2019,9157
Denham Court,NSW,2565,Denham Court - Bardia,123021703,2020,12042
Denham Court,NSW,2565,Denham Court - Bardia,123021703,2021,14972
Denham Court,NSW,2565,Denham Court - Bardia,123021703,2022,17533
Denham Court,NSW,2565,Denham Court - Bardia,123021703,2023,19118
Marrickville,NSW,1475,Marrickville - South,117021637,2019,15090
Marrickville,NSW,1475,Marrickville - South,117021637,2020,14805
Marrickville,NSW,1475,Marrickville - South,117021637,2021,14345
Marrickville,NSW,1475,Marrickville - South,117021637,2022,14191
Marrickville,NSW,1475,Marrickville - South,117021637,2023,14397
Marrickville,NSW,1475,Marrickville - North,117021636,2019,12586
Marrickville,NSW,1475,Marrickville - North,117021636,2020,12581
Marrickville,NSW,1475,Marrickville - North,117021636,2021,12375
Marrickville,NSW,1475,Marrickville - North,117021636,2022,12329
Marrickville,NSW,1475,Marrickville - North,117021636,2023,12572
The Ponds,NSW,2769,Kellyville Ridge - The Ponds,116021628,2019,21240
The Ponds,NSW,2769,Kellyville Ridge - The Ponds,116021628,2020,21263
The Ponds,NSW,2769,Kellyville Ridge - The Ponds,116021628,2021,21209
The Ponds,NSW,2769,Kellyville Ridge - The Ponds,116021628,2022,21262
The Ponds,NSW,2769,Kellyville Ridge - The Ponds,116021628,2023,21571
Baulkham Hills,NSW,1755,Baulkham Hills - East,115011290,2019,24831
Baulkham Hills,NSW,1755,Baulkham Hills - East,115011290,2020,25021
Baulkham Hills,NSW,1755,Baulkham Hills - East,115011290,2021,24862
Baulkham Hills,NSW,1755,Baulkham Hills - East,115011290,2022,24740
Baulkham Hills,NSW,1755,Baulkham Hills - East,115011290,2023,24978
Baulkham Hills,NSW,1755,Baulkham Hills (West) - Bella Vista,115011291,2019,21590
Baulkham Hills,NSW,1755,Baulkham Hills (West) - Bella Vista,115011291,2020,21737
Baulkham Hills,NSW,1755,Baulkham Hills (West) - Bella Vista,115011291,2021,21801
Baulkham Hills,NSW,1755,Baulkham Hills (West) - Bella Vista,115011291,2022,22133
Baulkham Hills,NSW,1755,Baulkham Hills (West) - Bella Vista,115011291,2023,22806
Earlwood,NSW,2206,Earlwood,119021662,2019,18443
Earlwood,NSW,2206,Earlwood,119021662,2020,18341
Earlwood,NSW,2206,Earlwood,119021662,2021,17996
Earlwood,NSW,2206,Earlwood,119021662,2022,17902
Earlwood,NSW,2206,Earlwood,119021662,2023,18071
Leichhardt,NSW,2040,Leichhardt,120021675,2019,18037
Leichhardt,NSW,2040,Leichhardt,120021675,2020,17988
Leichhardt,NSW,2040,Leichhardt,120021675,2021,17630
Leichhardt,NSW,2040,Leichhardt,120021675,2022,17667
Leichhardt,NSW,2040,Leichhardt,120021675,2023,17934
Leichhardt,NSW,2040,Leichhardt - One Mile,310031291,2019,8279
Leichhardt,NSW,2040,Leichhardt - One Mile,310031291,2020,8377
Leichhardt,NSW,2040,Leichhardt - One Mile,310031291,2021,8391
Leichhardt,NSW,2040,Leichhardt - One Mile,310031291,2022,8488
Leichhardt,NSW,2040,Leichhardt - One Mile,310031291,2023,8627
Goonellabah,NSW,2480,Goonellabah,112021246,2019,13504
Goonellabah,NSW,2480,Goonellabah,112021246,2020,13560
Goonellabah,NSW,2480,Goonellabah,112021246,2021,13604
Goonellabah,NSW,2480,Goonellabah,112021246,2022,13780
Goonellabah,NSW,2480,Goonellabah,112021246,2023,13862
Mosman,NSW,2088,Mosman - South,121041689,2019,15454
Mosman,NSW,2088,Mosman - South,121041689,2020,15185
Mosman,NSW,2088,Mosman - South,121041689,2021,14644
Mosman,NSW,2088,Mosman - South,121041689,2022,14392
Mosman,NSW,2088,Mosman - South,121041689,2023,14773
Mosman,NSW,2088,Mosman - North,121041688,2019,14566
Mosman,NSW,2088,Mosman - North,121041688,2020,14358
Mosman,NSW,2088,Mosman - North,121041688,2021,13822
Mosman,NSW,2088,Mosman - North,121041688,2022,13740
Mosman,NSW,2088,Mosman - North,121041688,2023,14298
Mosman,NSW,2088,Mosman Park - Peppermint Grove,503011034,2019,10993
Mosman,NSW,2088,Mosman Park - Peppermint Grove,503011034,2020,11055
Mosman,NSW,2088,Mosman Park - Peppermint Grove,503011034,2021,11116
Mosman,NSW,2088,Mosman Park - Peppermint Grove,503011034,2022,11259
Mosman,NSW,2088,Mosman Park - Peppermint Grove,503011034,2023,11768
Wyoming,NSW,2250,Wyoming,102011043,2019,11674
Wyoming,NSW,2250,Wyoming,102011043,2020,11595
Wyoming,NSW,2250,Wyoming,102011043,2021,11460
Wyoming,NSW,2250,Wyoming,102011043,2022,11343
Wyoming,NSW,2250,Wyoming,102011043,2023,11302
Blacktown,NSW,2148,Blacktown - South,116011560,2019,12873
Blacktown,NSW,2148,Blacktown - South,116011560,2020,12838
Blacktown,NSW,2148,Blacktown - South,116011560,2021,12685
Blacktown,NSW,2148,Blacktown - South,116011560,2022,12677
Blacktown,NSW,2148,Blacktown - South,116011560,2023,12779
Blacktown,NSW,2148,Blacktown - West,116011561,2019,17357
Blacktown,NSW,2148,Blacktown - West,116011561,2020,17373
Blacktown,NSW,2148,Blacktown - West,116011561,2021,17245
Blacktown,NSW,2148,Blacktown - West,116011561,2022,17300
Blacktown,NSW,2148,Blacktown - West,116011561,2023,17538
Blacktown,NSW,2148,Blacktown (East) - Kings Park,116011303,2019,17673
Blacktown,NSW,2148,Blacktown (East) - Kings Park,116011303,2020,17661
Blacktown,NSW,2148,Blacktown (East) - Kings Park,116011303,2021,17188
Blacktown,NSW,2148,Blacktown (East) - Kings Park,116011303,2022,17249
Blacktown,NSW,2148,Blacktown (East) - Kings Park,116011303,2023,17843
Blacktown,NSW,2148,Blacktown (North) - Marayong,116011304,2019,20541
Blacktown,NSW,2148,Blacktown (North) - Marayong,116011304,2020,20744
Blacktown,NSW,2148,Blacktown (North) - Marayong,116011304,2021,20746
Blacktown,NSW,2148,Blacktown (North) - Marayong,116011304,2022,20813
Blacktown,NSW,2148,Blacktown (North) - Marayong,116011304,2023,21051
Thornton,NSW,2322,Thornton - Millers Forest,106021618,2019,13220
Thornton,NSW,2322,Thornton - Millers Forest,106021618,2020,14555
Thornton,NSW,2322,Thornton - Millers Forest,106021618,2021,15985
Thornton,NSW,2322,Thornton - Millers Forest,106021618,2022,17065
Thornton,NSW,2322,Thornton - Millers Forest,106021618,2023,18056
Kelso,NSW,2795,Kelso,318021480,2019,10868
Kelso,NSW,2795,Kelso,318021480,2020,10859
Kelso,NSW,2795,Kelso,318021480,2021,10862
Kelso,NSW,2795,Kelso,318021480,2022,11006
Kelso,NSW,2795,Kelso,318021480,2023,11089
Rouse Hill,NSW,2155,Rouse Hill - Beaumont Hills,115041625,2019,17571
Rouse Hill,NSW,2155,Rouse Hill - Beaumont Hills,115041625,2020,17703
Rouse Hill,NSW,2155,Rouse Hill - Beaumont Hills,115041625,2021,17652
Rouse Hill,NSW,2155,Rouse Hill - Beaumont Hills,115041625,2022,17714
Rouse Hill,NSW,2155,Rouse Hill - Beaumont Hills,115041625,2023,18144
Cameron Park,NSW,2285,Edgeworth - Cameron Park,111021217,2019,15637
Cameron Park,NSW,2285,Edgeworth - Cameron Park,111021217,2020,16093
Cameron Park,NSW,2285,Edgeworth - Cameron Park,111021217,2021,16469
Cameron Park,NSW,2285,Edgeworth - Cameron Park,111021217,2022,17007
Cameron Park,NSW,2285,Edgeworth - Cameron Park,111021217,2023,17433
Charlestown,NSW,2290,Charlestown - Dudley,111011208,2019,25053
Charlestown,NSW,2290,Charlestown - Dudley,111011208,2020,25206
Charlestown,NSW,2290,Charlestown - Dudley,111011208,2021,25365
Charlestown,NSW,2290,Charlestown - Dudley,111011208,2022,25513
Charlestown,NSW,2290,Charlestown - Dudley,111011208,2023,25756
Moorebank,NSW,1875,Chipping Norton - Moorebank,127031523,2019,20664
Moorebank,NSW,1875,Chipping Norton - Moorebank,127031523,2020,20877
Moorebank,NSW,1875,Chipping Norton - Moorebank,127031523,2021,20902
Moorebank,NSW,1875,Chipping Norton - Moorebank,127031523,2022,20997
Moorebank,NSW,1875,Chipping Norton - Moorebank,127031523,2023,21371
Taree,NSW,2430,Taree,108051169,2019,21178
Taree,NSW,2430,Taree,108051169,2020,21259
Taree,NSW,2430,Taree,108051169,2021,21285
Taree,NSW,2430,Taree,108051169,2022,21314
Taree,NSW,2430,Taree,108051169,2023,21320
Taree,NSW,2430,Taree Surrounds,108051170,2019,12804
Taree,NSW,2430,Taree Surrounds,108051170,2020,12905
Taree,NSW,2430,Taree Surrounds,108051170,2021,13016
Taree,NSW,2430,Taree Surrounds,108051170,2022,13235
Taree,NSW,2430,Taree Surrounds,108051170,2023,13326
Moss Vale,NSW,2577,Moss Vale - Berrima,114021287,2019,10435
Moss Vale,NSW,2577,Moss Vale - Berrima,114021287,2020,10554
Moss Vale,NSW,2577,Moss Vale - Berrima,114021287,2021,10609
Moss Vale,NSW,2577,Moss Vale - Berrima,114021287,2022,10767
Moss Vale,NSW,2577,Moss Vale - Berrima,114021287,2023,10852
Wahroonga,NSW,2076,Wahroonga (West) - Waitara,121021579,2019,11632
Wahroonga,NSW,2076,Wahroonga (West) - Waitara,121021579,2020,11906
Wahroonga,NSW,2076,Wahroonga (West) - Waitara,121021579,2021,11893
Wahroonga,NSW,2076,Wahroonga (West) - Waitara,121021579,2022,12006
Wahroonga,NSW,2076,Wahroonga (West) - Waitara,121021579,2023,12324
Wahroonga,NSW,2076,Wahroonga (East) - Warrawee,121031412,2019,18476
Wahroonga,NSW,2076,Wahroonga (East) - Warrawee,121031412,2020,18424
Wahroonga,NSW,2076,Wahroonga (East) - Warrawee,121031412,2021,18251
Wahroonga,NSW,2076,Wahroonga (East) - Warrawee,121031412,2022,18153
Wahroonga,NSW,2076,Wahroonga (East) - Warrawee,121031412,2023,18204
Forster,NSW,2428,Forster,108011152,2019,14770
Forster,NSW,2428,Forster,108011152,2020,14740
Forster,NSW,2428,Forster,108011152,2021,14684
Forster,NSW,2428,Forster,108011152,2022,14655
Forster,NSW,2428,Forster,108011152,2023,14737
Forster,NSW,2428,Forster-Tuncurry Surrounds,108011153,2019,6636
Forster,NSW,2428,Forster-Tuncurry Surrounds,108011153,2020,6793
Forster,NSW,2428,Forster-Tuncurry Surrounds,108011153,2021,6963
Forster,NSW,2428,Forster-Tuncurry Surrounds,108011153,2022,7067
Forster,NSW,2428,Forster-Tuncurry Surrounds,108011153,2023,7127
Auburn,NSW,1835,Auburn - South,125011584,2019,9287
Auburn,NSW,1835,Auburn - South,125011584,2020,9209
Auburn,NSW,1835,Auburn - South,125011584,2021,8906
Auburn,NSW,1835,Auburn - South,125011584,2022,8955
Auburn,NSW,1835,Auburn - South,125011584,2023,9180
Auburn,NSW,1835,Auburn - North,125011583,2019,12138
Auburn,NSW,1835,Auburn - North,125011583,2020,11665
Auburn,NSW,1835,Auburn - North,125011583,2021,10711
Auburn,NSW,1835,Auburn - North,125011583,2022,10587
Auburn,NSW,1835,Auburn - North,125011583,2023,11405
Auburn,NSW,1835,Auburn - Central,125011582,2019,20117
Auburn,NSW,1835,Auburn - Central,125011582,2020,20203
Auburn,NSW,1835,Auburn - Central,125011582,2021,19669
Auburn,NSW,1835,Auburn - Central,125011582,2022,19760
Auburn,NSW,1835,Auburn - Central,125011582,2023,20759
Bardia,NSW,2565,Denham Court - Bardia,123021703,2019,9157
Bardia,NSW,2565,Denham Court - Bardia,123021703,2020,12042
Bardia,NSW,2565,Denham Court - Bardia,123021703,2021,14972
Bardia,NSW,2565,Denham Court - Bardia,123021703,2022,17533
Bardia,NSW,2565,Denham Court - Bardia,123021703,2023,19118
Cobbitty,NSW,2570,Cobbitty - Bringelly,127011726,2019,4167
Cobbitty,NSW,2570,Cobbitty - Bringelly,127011726,2020,4511
Cobbitty,NSW,2570,Cobbitty - Bringelly,127011726,2021,4781
Cobbitty,NSW,2570,Cobbitty - Bringelly,127011726,2022,4991
Cobbitty,NSW,2570,Cobbitty - Bringelly,127011726,2023,5380
Raymond Terrace,NSW,2324,Raymond Terrace,106031122,2019,14433
Raymond Terrace,NSW,2324,Raymond Terrace,106031122,2020,14563
Raymond Terrace,NSW,2324,Raymond Terrace,106031122,2021,14689
Raymond Terrace,NSW,2324,Raymond Terrace,106031122,2022,14914
Raymond Terrace,NSW,2324,Raymond Terrace,106031122,2023,15134
Edmondson Park,NSW,2174,Edmondson Park,127031730,2019,7899
Edmondson Park,NSW,2174,Edmondson Park,127031730,2020,9746
Edmondson Park,NSW,2174,Edmondson Park,127031730,2021,12136
Edmondson Park,NSW,2174,Edmondson Park,127031730,2022,14263
Edmondson Park,NSW,2174,Edmondson Park,127031730,2023,15676
Grafton,NSW,2460,Grafton,104011080,2019,19321
Grafton,NSW,2460,Grafton,104011080,2020,19359
Grafton,NSW,2460,Grafton,104011080,2021,19335
Grafton,NSW,2460,Grafton,104011080,2022,19451
Grafton,NSW,2460,Grafton,104011080,2023,19607
Grafton,NSW,2460,Grafton Surrounds,104011081,2019,15749
Grafton,NSW,2460,Grafton Surrounds,104011081,2020,15763
Grafton,NSW,2460,Grafton Surrounds,104011081,2021,16938
Grafton,NSW,2460,Grafton Surrounds,104011081,2022,17152
Grafton,NSW,2460,Grafton Surrounds,104011081,2023,17415
West Pennant Hills,NSW,2125,West Pennant Hills,115011296,2019,12981
West Pennant Hills,NSW,2125,West Pennant Hills,115011296,2020,12894
West Pennant Hills,NSW,2125,West Pennant Hills,115011296,2021,12701
West Pennant Hills,NSW,2125,West Pennant Hills,115011296,2022,12394
West Pennant Hills,NSW,2125,West Pennant Hills,115011296,2023,12500
Epping,NSW,1710,Epping (East) - North Epping,126011720,2019,13695
Epping,NSW,1710,Epping (East) - North Epping,126011720,2020,14318
Epping,NSW,1710,Epping (East) - North Epping,126011720,2021,14463
Epping,NSW,1710,Epping (East) - North Epping,126011720,2022,14860
Epping,NSW,1710,Epping (East) - North Epping,126011720,2023,15277
Epping,NSW,1710,Epping (NSW) - West,126011721,2019,18709
Epping,NSW,1710,Epping (NSW) - West,126011721,2020,18834
Epping,NSW,1710,Epping (NSW) - West,126011721,2021,18775
Epping,NSW,1710,Epping (NSW) - West,126011721,2022,18716
Epping,NSW,1710,Epping (NSW) - West,126011721,2023,19298
Epping,NSW,1710,Epping - East,209041431,2019,13928
Epping,NSW,1710,Epping - East,209041431,2020,13793
Epping,NSW,1710,Epping - East,209041431,2021,13269
Epping,NSW,1710,Epping - East,209041431,2022,13170
Epping,NSW,1710,Epping - East,209041431,2023,13354
Epping,NSW,1710,Epping - South,209041432,2019,8766
Epping,NSW,1710,Epping - South,209041432,2020,8655
Epping,NSW,1710,Epping - South,209041432,2021,8279
Epping,NSW,1710,Epping - South,209041432,2022,8085
Epping,NSW,1710,Epping - South,209041432,2023,8301
Epping,NSW,1710,Epping (Vic.) - West,209041433,2019,12598
Epping,NSW,1710,Epping (Vic.) - West,209041433,2020,12552
Epping,NSW,1710,Epping (Vic.) - West,209041433,2021,12279
Epping,NSW,1710,Epping (Vic.) - West,209041433,2022,12403
Epping,NSW,1710,Epping (Vic.) - West,209041433,2023,12699
Quakers Hill,NSW,2763,Quakers Hill,116021563,2019,24624
Quakers Hill,NSW,2763,Quakers Hill,116021563,2020,24877
Quakers Hill,NSW,2763,Quakers Hill,116021563,2021,24879
Quakers Hill,NSW,2763,Quakers Hill,116021563,2022,25048
Quakers Hill,NSW,2763,Quakers Hill,116021563,2023,25610
Bowral,NSW,2576,Bowral,114021284,2019,13496
Bowral,NSW,2576,Bowral,114021284,2020,13546
Bowral,NSW,2576,Bowral,114021284,2021,13549
Bowral,NSW,2576,Bowral,114021284,2022,13509
Bowral,NSW,2576,Bowral,114021284,2023,13512
Ryde,NSW,1680,North Ryde - East Ryde,126021501,2019,14919
Ryde,NSW,1680,North Ryde - East Ryde,126021501,2020,15418
Ryde,NSW,1680,North Ryde - East Ryde,126021501,2021,15675
Ryde,NSW,1680,North Ryde - East Ryde,126021501,2022,15689
Ryde,NSW,1680,North Ryde - East Ryde,126021501,2023,15970
Ryde,NSW,1680,Ryde - South,126021725,2019,10748
Ryde,NSW,1680,Ryde - South,126021725,2020,11640
Ryde,NSW,1680,Ryde - South,126021725,2021,12054
Ryde,NSW,1680,Ryde - South,126021725,2022,12362
Ryde,NSW,1680,Ryde - South,126021725,2023,12698
Ryde,NSW,1680,West Ryde - Meadowbank,126021503,2019,20825
Ryde,NSW,1680,West Ryde - Meadowbank,126021503,2020,20783
Ryde,NSW,1680,West Ryde - Meadowbank,126021503,2021,20213
Ryde,NSW,1680,West Ryde - Meadowbank,126021503,2022,20294
Ryde,NSW,1680,West Ryde - Meadowbank,126021503,2023,21225
Ryde,NSW,1680,Ryde - North,126021724,2019,21313
Ryde,NSW,1680,Ryde - North,126021724,2020,20968
Ryde,NSW,1680,Ryde - North,126021724,2021,20389
Ryde,NSW,1680,Ryde - North,126021724,2022,20477
Ryde,NSW,1680,Ryde - North,126021724,2023,21149
Middleton Grange,NSW,2171,West Hoxton - Middleton Grange,127011597,2019,17063
Middleton Grange,NSW,2171,West Hoxton - Middleton Grange,127011597,2020,17165
Middleton Grange,NSW,2171,West Hoxton - Middleton Grange,127011597,2021,17250
Middleton Grange,NSW,2171,West Hoxton - Middleton Grange,127011597,2022,17343
Middleton Grange,NSW,2171,West Hoxton - Middleton Grange,127011597,2023,17636
Bathurst,NSW,2795,Bathurst - West,103011613,2019,14011
Bathurst,NSW,2795,Bathurst - West,103011613,2020,14166
Bathurst,NSW,2795,Bathurst - West,103011613,2021,14343
Bathurst,NSW,2795,Bathurst - West,103011613,2022,14493
Bathurst,NSW,2795,Bathurst - West,103011613,2023,14674
Bathurst,NSW,2795,Bathurst - East,103011059,2019,12014
Bathurst,NSW,2795,Bathurst - East,103011059,2020,12170
Bathurst,NSW,2795,Bathurst - East,103011059,2021,12360
Bathurst,NSW,2795,Bathurst - East,103011059,2022,12678
Bathurst,NSW,2795,Bathurst - East,103011059,2023,13070
Bathurst,NSW,2795,Bathurst Surrounds,103011060,2019,6965
Bathurst,NSW,2795,Bathurst Surrounds,103011060,2020,6948
Bathurst,NSW,2795,Bathurst Surrounds,103011060,2021,6903
Bathurst,NSW,2795,Bathurst Surrounds,103011060,2022,6947
Bathurst,NSW,2795,Bathurst Surrounds,103011060,2023,7006
Bathurst,NSW,2795,Bathurst - South,103011612,2019,10905
Bathurst,NSW,2795,Bathurst - South,103011612,2020,10875
Bathurst,NSW,2795,Bathurst - South,103011612,2021,10806
Bathurst,NSW,2795,Bathurst - South,103011612,2022,10727
Bathurst,NSW,2795,Bathurst - South,103011612,2023,10595
Harrington Park,NSW,2567,Harrington Park,123011700,2019,11266
Harrington Park,NSW,2567,Harrington Park,123011700,2020,11302
Harrington Park,NSW,2567,Harrington Park,123011700,2021,11288
Harrington Park,NSW,2567,Harrington Park,123011700,2022,11306
Harrington Park,NSW,2567,Harrington Park,123011700,2023,11375
Ballina,NSW,2478,Ballina,112011236,2019,18225
Ballina,NSW,2478,Ballina,112011236,2020,18436
Ballina,NSW,2478,Ballina,112011236,2021,18590
Ballina,NSW,2478,Ballina,112011236,2022,18747
Ballina,NSW,2478,Ballina,112011236,2023,18755
Ballina,NSW,2478,Ballina Surrounds,112011237,2019,17944
Ballina,NSW,2478,Ballina Surrounds,112011237,2020,18109
Ballina,NSW,2478,Ballina Surrounds,112011237,2021,18300
Ballina,NSW,2478,Ballina Surrounds,112011237,2022,18611
Ballina,NSW,2478,Ballina Surrounds,112011237,2023,18783
Carlingford,NSW,2118,Carlingford - East,125021711,2019,11782
Carlingford,NSW,2118,Carlingford - East,125021711,2020,11795
Carlingford,NSW,2118,Carlingford - East,125021711,2021,11661
Carlingford,NSW,2118,Carlingford - East,125021711,2022,11588
Carlingford,NSW,2118,Carlingford - East,125021711,2023,11808
Carlingford,NSW,2118,Carlingford - West,125021712,2019,19099
Carlingford,NSW,2118,Carlingford - West,125021712,2020,19428
Carlingford,NSW,2118,Carlingford - West,125021712,2021,19308
Carlingford,NSW,2118,Carlingford - West,125021712,2022,19557
Carlingford,NSW,2118,Carlingford - West,125021712,2023,20115
Edgeworth,NSW,2285,Edgeworth - Cameron Park,111021217,2019,15637
Edgeworth,NSW,2285,Edgeworth - Cameron Park,111021217,2020,16093
Edgeworth,NSW,2285,Edgeworth - Cameron Park,111021217,2021,16469
Edgeworth,NSW,2285,Edgeworth - Cameron Park,111021217,2022,17007
Edgeworth,NSW,2285,Edgeworth - Cameron Park,111021217,2023,17433
Randwick,NSW,2031,Randwick - North,118021569,2019,17309
Randwick,NSW,2031,Randwick - North,118021569,2020,16985
Randwick,NSW,2031,Randwick - North,118021569,2021,16289
Randwick,NSW,2031,Randwick - North,118021569,2022,16178
Randwick,NSW,2031,Randwick - North,118021569,2023,16517
Randwick,NSW,2031,Randwick - South,118021570,2019,13499
Randwick,NSW,2031,Randwick - South,118021570,2020,13348
Randwick,NSW,2031,Randwick - South,118021570,2021,12841
Randwick,NSW,2031,Randwick - South,118021570,2022,12797
Randwick,NSW,2031,Randwick - South,118021570,2023,13320
Albion Park,NSW,2527,Albion Park - Macquarie Pass,107031136,2019,16276
Albion Park,NSW,2527,Albion Park - Macquarie Pass,107031136,2020,17635
Albion Park,NSW,2527,Albion Park - Macquarie Pass,107031136,2021,19116
Albion Park,NSW,2527,Albion Park - Macquarie Pass,107031136,2022,20634
Albion Park,NSW,2527,Albion Park - Macquarie Pass,107031136,2023,21621
Albion Park,NSW,2527,Albion Park Rail,107031137,2019,6965
Albion Park,NSW,2527,Albion Park Rail,107031137,2020,6940
Albion Park,NSW,2527,Albion Park Rail,107031137,2021,6930
Albion Park,NSW,2527,Albion Park Rail,107031137,2022,6879
Albion Park,NSW,2527,Albion Park Rail,107031137,2023,6838
Concord,NSW,2137,Concord - Mortlake - Cabarita,120011383,2019,23494
Concord,NSW,2137,Concord - Mortlake - Cabarita,120011383,2020,23500
Concord,NSW,2137,Concord - Mortlake - Cabarita,120011383,2021,23214
Concord,NSW,2137,Concord - Mortlake - Cabarita,120011383,2022,23172
Concord,NSW,2137,Concord - Mortlake - Cabarita,120011383,2023,23547
Concord,NSW,2137,Concord West - North Strathfield,120011672,2019,13602
Concord,NSW,2137,Concord West - North Strathfield,120011672,2020,13411
Concord,NSW,2137,Concord West - North Strathfield,120011672,2021,12905
Concord,NSW,2137,Concord West - North Strathfield,120011672,2022,12751
Concord,NSW,2137,Concord West - North Strathfield,120011672,2023,13111
Mount Annan,NSW,2567,Mount Annan,123011701,2019,19596
Mount Annan,NSW,2567,Mount Annan,123011701,2020,19203
Mount Annan,NSW,2567,Mount Annan,123011701,2021,19159
Mount Annan,NSW,2567,Mount Annan,123011701,2022,19170
Mount Annan,NSW,2567,Mount Annan,123011701,2023,19387
Wagga Wagga,NSW,2650,Wagga Wagga Surrounds,113031271,2019,16554
Wagga Wagga,NSW,2650,Wagga Wagga Surrounds,113031271,2020,17178
Wagga Wagga,NSW,2650,Wagga Wagga Surrounds,113031271,2021,17834
Wagga Wagga,NSW,2650,Wagga Wagga Surrounds,113031271,2022,18173
Wagga Wagga,NSW,2650,Wagga Wagga Surrounds,113031271,2023,18344
Wagga Wagga,NSW,2650,Wagga Wagga - East,113031267,2019,17085
Wagga Wagga,NSW,2650,Wagga Wagga - East,113031267,2020,17063
Wagga Wagga,NSW,2650,Wagga Wagga - East,113031267,2021,16927
Wagga Wagga,NSW,2650,Wagga Wagga - East,113031267,2022,16931
Wagga Wagga,NSW,2650,Wagga Wagga - East,113031267,2023,16924
Wagga Wagga,NSW,2650,Wagga Wagga - North,113031268,2019,5182
Wagga Wagga,NSW,2650,Wagga Wagga - North,113031268,2020,5369
Wagga Wagga,NSW,2650,Wagga Wagga - North,113031268,2021,5612
Wagga Wagga,NSW,2650,Wagga Wagga - North,113031268,2022,5793
Wagga Wagga,NSW,2650,Wagga Wagga - North,113031268,2023,5950
Wagga Wagga,NSW,2650,Wagga Wagga - South,113031269,2019,22331
Wagga Wagga,NSW,2650,Wagga Wagga - South,113031269,2020,22596
Wagga Wagga,NSW,2650,Wagga Wagga - South,113031269,2021,22696
Wagga Wagga,NSW,2650,Wagga Wagga - South,113031269,2022,22920
Wagga Wagga,NSW,2650,Wagga Wagga - South,113031269,2023,23088
Wagga Wagga,NSW,2650,Wagga Wagga - West,113031270,2019,12363
Wagga Wagga,NSW,2650,Wagga Wagga - West,113031270,2020,12233
Wagga Wagga,NSW,2650,Wagga Wagga - West,113031270,2021,12025
Wagga Wagga,NSW,2650,Wagga Wagga - West,113031270,2022,11828
Wagga Wagga,NSW,2650,Wagga Wagga - West,113031270,2023,11845
Queanbeyan,NSW,2620,Queanbeyan Surrounds,101021611,2019,16078
Queanbeyan,NSW,2620,Queanbeyan Surrounds,101021611,2020,16306
Queanbeyan,NSW,2620,Queanbeyan Surrounds,101021611,2021,16538
Queanbeyan,NSW,2620,Queanbeyan Surrounds,101021611,2022,16864
Queanbeyan,NSW,2620,Queanbeyan Surrounds,101021611,2023,17274
Queanbeyan,NSW,2620,Queanbeyan,101021009,2019,11468
Queanbeyan,NSW,2620,Queanbeyan,101021009,2020,11460
Queanbeyan,NSW,2620,Queanbeyan,101021009,2021,11375
Queanbeyan,NSW,2620,Queanbeyan,101021009,2022,11391
Queanbeyan,NSW,2620,Queanbeyan,101021009,2023,11420
Queanbeyan,NSW,2620,Queanbeyan - East,101021010,2019,5126
Queanbeyan,NSW,2620,Queanbeyan - East,101021010,2020,5089
Queanbeyan,NSW,2620,Queanbeyan - East,101021010,2021,5097
Queanbeyan,NSW,2620,Queanbeyan - East,101021010,2022,5091
Queanbeyan,NSW,2620,Queanbeyan - East,101021010,2023,5099
Queanbeyan,NSW,2620,Queanbeyan West - Jerrabomberra,101021012,2019,12955
Queanbeyan,NSW,2620,Queanbeyan West - Jerrabomberra,101021012,2020,12821
Queanbeyan,NSW,2620,Queanbeyan West - Jerrabomberra,101021012,2021,12748
Queanbeyan,NSW,2620,Queanbeyan West - Jerrabomberra,101021012,2022,12781
Queanbeyan,NSW,2620,Queanbeyan West - Jerrabomberra,101021012,2023,12873
Campbelltown,NSW,2560,Campbelltown - Woodbine,123021437,2019,20925
Campbelltown,NSW,2560,Campbelltown - Woodbine,123021437,2020,21720
Campbelltown,NSW,2560,Campbelltown - Woodbine,123021437,2021,22283
Campbelltown,NSW,2560,Campbelltown - Woodbine,123021437,2022,22975
Campbelltown,NSW,2560,Campbelltown - Woodbine,123021437,2023,23751
Nowra,NSW,2541,North Nowra - Bomaderry,114011277,2019,16186
Nowra,NSW,2541,North Nowra - Bomaderry,114011277,2020,16160
Nowra,NSW,2541,North Nowra - Bomaderry,114011277,2021,16097
Nowra,NSW,2541,North Nowra - Bomaderry,114011277,2022,16222
Nowra,NSW,2541,North Nowra - Bomaderry,114011277,2023,16348
Nowra,NSW,2541,Nowra,114011278,2019,21746
Nowra,NSW,2541,Nowra,114011278,2020,22272
Nowra,NSW,2541,Nowra,114011278,2021,22858
Nowra,NSW,2541,Nowra,114011278,2022,23239
Nowra,NSW,2541,Nowra,114011278,2023,23354
Woy Woy,NSW,2256,Woy Woy - Blackwall,102011042,2019,14469
Woy Woy,NSW,2256,Woy Woy - Blackwall,102011042,2020,14458
Woy Woy,NSW,2256,Woy Woy - Blackwall,102011042,2021,14406
Woy Woy,NSW,2256,Woy Woy - Blackwall,102011042,2022,14282
Woy Woy,NSW,2256,Woy Woy - Blackwall,102011042,2023,14438
Kingsford,NSW,2032,Kingsford,118021565,2019,15671
Kingsford,NSW,2032,Kingsford,118021565,2020,15043
Kingsford,NSW,2032,Kingsford,118021565,2021,13720
Kingsford,NSW,2032,Kingsford,118021565,2022,14162
Kingsford,NSW,2032,Kingsford,118021565,2023,15613
Tahmoor,NSW,2573,Picton - Tahmoor - Buxton,123031447,2019,18222
Tahmoor,NSW,2573,Picton - Tahmoor - Buxton,123031447,2020,18667
Tahmoor,NSW,2573,Picton - Tahmoor - Buxton,123031447,2021,19076
Tahmoor,NSW,2573,Picton - Tahmoor - Buxton,123031447,2022,19696
Tahmoor,NSW,2573,Picton - Tahmoor - Buxton,123031447,2023,20448
Ashfield,NSW,1800,Ashfield - North,120031676,2019,12800
Ashfield,NSW,1800,Ashfield - North,120031676,2020,12241
Ashfield,NSW,1800,Ashfield - North,120031676,2021,11522
Ashfield,NSW,1800,Ashfield - North,120031676,2022,11450
Ashfield,NSW,1800,Ashfield - North,120031676,2023,12085
Ashfield,NSW,1800,Ashfield - South,120031677,2019,12378
Ashfield,NSW,1800,Ashfield - South,120031677,2020,12489
Ashfield,NSW,1800,Ashfield - South,120031677,2021,12283
Ashfield,NSW,1800,Ashfield - South,120031677,2022,12216
Ashfield,NSW,1800,Ashfield - South,120031677,2023,12570
Ashfield,NSW,1800,Ashfield - Kepnock,319011492,2019,5613
Ashfield,NSW,1800,Ashfield - Kepnock,319011492,2020,5632
Ashfield,NSW,1800,Ashfield - Kepnock,319011492,2021,5698
Ashfield,NSW,1800,Ashfield - Kepnock,319011492,2022,5788
Ashfield,NSW,1800,Ashfield - Kepnock,319011492,2023,5897
Ashfield,NSW,1800,Bassendean - Eden Hill - Ashfield,504011044,2019,16089
Ashfield,NSW,1800,Bassendean - Eden Hill - Ashfield,504011044,2020,16326
Ashfield,NSW,1800,Bassendean - Eden Hill - Ashfield,504011044,2021,16500
Ashfield,NSW,1800,Bassendean - Eden Hill - Ashfield,504011044,2022,16612
Ashfield,NSW,1800,Bassendean - Eden Hill - Ashfield,504011044,2023,16914
Lennox Head,NSW,2478,Lennox Head - Skennars Head,112011242,2019,8728
Lennox Head,NSW,2478,Lennox Head - Skennars Head,112011242,2020,9016
Lennox Head,NSW,2478,Lennox Head - Skennars Head,112011242,2021,9207
Lennox Head,NSW,2478,Lennox Head - Skennars Head,112011242,2022,9393
Lennox Head,NSW,2478,Lennox Head - Skennars Head,112011242,2023,9650
Pemulwuy,NSW,2145,Pemulwuy - Greystanes (North),125031715,2019,11003
Pemulwuy,NSW,2145,Pemulwuy - Greystanes (North),125031715,2020,10994
Pemulwuy,NSW,2145,Pemulwuy - Greystanes (North),125031715,2021,10909
Pemulwuy,NSW,2145,Pemulwuy - Greystanes (North),125031715,2022,10957
Pemulwuy,NSW,2145,Pemulwuy - Greystanes (North),125031715,2023,11006
Prestons,NSW,2170,Prestons,127031733,2019,16029
Prestons,NSW,2170,Prestons,127031733,2020,15911
Prestons,NSW,2170,Prestons,127031733,2021,15752
Prestons,NSW,2170,Prestons,127031733,2022,15661
Prestons,NSW,2170,Prestons,127031733,2023,15684
Pymble,NSW,2073,Pymble,121031409,2019,17544
Pymble,NSW,2073,Pymble,121031409,2020,17552
Pymble,NSW,2073,Pymble,121031409,2021,17269
Pymble,NSW,2073,Pymble,121031409,2022,17270
Pymble,NSW,2073,Pymble,121031409,2023,17668
Elderslie,NSW,2335,Elderslie - Narellan,123011699,2019,13236
Elderslie,NSW,2335,Elderslie - Narellan,123011699,2020,13673
Elderslie,NSW,2335,Elderslie - Narellan,123011699,2021,14090
Elderslie,NSW,2335,Elderslie - Narellan,123011699,2022,14238
Elderslie,NSW,2335,Elderslie - Narellan,123011699,2023,14540
Kurri Kurri,NSW,2327,Kurri Kurri - Abermain,106011111,2019,19225
Kurri Kurri,NSW,2327,Kurri Kurri - Abermain,106011111,2020,20045
Kurri Kurri,NSW,2327,Kurri Kurri - Abermain,106011111,2021,20838
Kurri Kurri,NSW,2327,Kurri Kurri - Abermain,106011111,2022,21573
Kurri Kurri,NSW,2327,Kurri Kurri - Abermain,106011111,2023,22197
Lavington,NSW,2641,Lavington,109011176,2019,15356
Lavington,NSW,2641,Lavington,109011176,2020,15535
Lavington,NSW,2641,Lavington,109011176,2021,15640
Lavington,NSW,2641,Lavington,109011176,2022,15614
Lavington,NSW,2641,Lavington,109011176,2023,15632
Adamstown,NSW,2289,Adamstown - Kotara,111031222,2019,16463
Adamstown,NSW,2289,Adamstown - Kotara,111031222,2020,16572
Adamstown,NSW,2289,Adamstown - Kotara,111031222,2021,16633
Adamstown,NSW,2289,Adamstown - Kotara,111031222,2022,16816
Adamstown,NSW,2289,Adamstown - Kotara,111031222,2023,17083
Stanmore,NSW,2048,Petersham - Stanmore,117021327,2019,21376
Stanmore,NSW,2048,Petersham - Stanmore,117021327,2020,21043
Stanmore,NSW,2048,Petersham - Stanmore,117021327,2021,20073
Stanmore,NSW,2048,Petersham - Stanmore,117021327,2022,19996
Stanmore,NSW,2048,Petersham - Stanmore,117021327,2023,20690
Aberglasslyn,NSW,2320,Rutherford (North) - Aberglasslyn,106021615,2019,17189
Aberglasslyn,NSW,2320,Rutherford (North) - Aberglasslyn,106021615,2020,17513
Aberglasslyn,NSW,2320,Rutherford (North) - Aberglasslyn,106021615,2021,17835
Aberglasslyn,NSW,2320,Rutherford (North) - Aberglasslyn,106021615,2022,18390
Aberglasslyn,NSW,2320,Rutherford (North) - Aberglasslyn,106021615,2023,18844
Bateau Bay,NSW,2261,Bateau Bay - Killarney Vale,102021044,2019,22875
Bateau Bay,NSW,2261,Bateau Bay - Killarney Vale,102021044,2020,22984
Bateau Bay,NSW,2261,Bateau Bay - Killarney Vale,102021044,2021,22993
Bateau Bay,NSW,2261,Bateau Bay - Killarney Vale,102021044,2022,22903
Bateau Bay,NSW,2261,Bateau Bay - Killarney Vale,102021044,2023,22931
Ingleburn,NSW,1890,Ingleburn,123021705,2019,17142
Ingleburn,NSW,1890,Ingleburn,123021705,2020,17016
Ingleburn,NSW,1890,Ingleburn,123021705,2021,16803
Ingleburn,NSW,1890,Ingleburn,123021705,2022,16774
Ingleburn,NSW,1890,Ingleburn,123021705,2023,17088
Roselands,NSW,2196,Roselands,119021367,2019,14719
Roselands,NSW,2196,Roselands,119021367,2020,14736
Roselands,NSW,2196,Roselands,119021367,2021,14590
Roselands,NSW,2196,Roselands,119021367,2022,14647
Roselands,NSW,2196,Roselands,119021367,2023,14994
Bexley,NSW,2207,Bexley - North,119041669,2019,10491
Bexley,NSW,2207,Bexley - North,119041669,2020,10402
Bexley,NSW,2207,Bexley - North,119041669,2021,10162
Bexley,NSW,2207,Bexley - North,119041669,2022,10001
Bexley,NSW,2207,Bexley - North,119041669,2023,10078
Bexley,NSW,2207,Bexley - South,119041670,2019,16971
Bexley,NSW,2207,Bexley - South,119041670,2020,16567
Bexley,NSW,2207,Bexley - South,119041670,2021,15879
Bexley,NSW,2207,Bexley - South,119041670,2022,15719
Bexley,NSW,2207,Bexley - South,119041670,2023,16132
Colebee,NSW,2761,Schofields (West) - Colebee,116021631,2019,7145
Colebee,NSW,2761,Schofields (West) - Colebee,116021631,2020,8478
Colebee,NSW,2761,Schofields (West) - Colebee,116021631,2021,10071
Colebee,NSW,2761,Schofields (West) - Colebee,116021631,2022,11453
Colebee,NSW,2761,Schofields (West) - Colebee,116021631,2023,12719
Drummoyne,NSW,1470,Drummoyne - Rodd Point,120011385,2019,18984
Drummoyne,NSW,1470,Drummoyne - Rodd Point,120011385,2020,18832
Drummoyne,NSW,1470,Drummoyne - Rodd Point,120011385,2021,18409
Drummoyne,NSW,1470,Drummoyne - Rodd Point,120011385,2022,18238
Drummoyne,NSW,1470,Drummoyne - Rodd Point,120011385,2023,18629
Dulwich Hill,NSW,2203,Dulwich Hill - Lewisham,120031394,2019,18429
Dulwich Hill,NSW,2203,Dulwich Hill - Lewisham,120031394,2020,18388
Dulwich Hill,NSW,2203,Dulwich Hill - Lewisham,120031394,2021,18054
Dulwich Hill,NSW,2203,Dulwich Hill - Lewisham,120031394,2022,18089
Dulwich Hill,NSW,2203,Dulwich Hill - Lewisham,120031394,2023,18486
Terrigal,NSW,2260,Terrigal - North Avoca,102011039,2019,14541
Terrigal,NSW,2260,Terrigal - North Avoca,102011039,2020,14834
Terrigal,NSW,2260,Terrigal - North Avoca,102011039,2021,14894
Terrigal,NSW,2260,Terrigal - North Avoca,102011039,2022,14905
Terrigal,NSW,2260,Terrigal - North Avoca,102011039,2023,15231
Wattle Grove,NSW,2173,Holsworthy - Wattle Grove,127031524,2019,21666
Wattle Grove,NSW,2173,Holsworthy - Wattle Grove,127031524,2020,21567
Wattle Grove,NSW,2173,Holsworthy - Wattle Grove,127031524,2021,21301
Wattle Grove,NSW,2173,Holsworthy - Wattle Grove,127031524,2022,21042
Wattle Grove,NSW,2173,Holsworthy - Wattle Grove,127031524,2023,21181
Wattle Grove,NSW,2173,Forrestfield - Wattle Grove,506051138,2019,19826
Wattle Grove,NSW,2173,Forrestfield - Wattle Grove,506051138,2020,20191
Wattle Grove,NSW,2173,Forrestfield - Wattle Grove,506051138,2021,20501
Wattle Grove,NSW,2173,Forrestfield - Wattle Grove,506051138,2022,20930
Wattle Grove,NSW,2173,Forrestfield - Wattle Grove,506051138,2023,21703
Hurstville,NSW,1493,South Hurstville - Blakehurst,119031374,2019,25674
Hurstville,NSW,1493,South Hurstville - Blakehurst,119031374,2020,25744
Hurstville,NSW,1493,South Hurstville - Blakehurst,119031374,2021,25415
Hurstville,NSW,1493,South Hurstville - Blakehurst,119031374,2022,25617
Hurstville,NSW,1493,South Hurstville - Blakehurst,119031374,2023,26481
Hurstville,NSW,1493,Hurstville - Central,119031664,2019,12261
Hurstville,NSW,1493,Hurstville - Central,119031664,2020,12324
Hurstville,NSW,1493,Hurstville - Central,119031664,2021,12160
Hurstville,NSW,1493,Hurstville - Central,119031664,2022,12381
Hurstville,NSW,1493,Hurstville - Central,119031664,2023,13413
Hurstville,NSW,1493,Hurstville - North,119031665,2019,13017
Hurstville,NSW,1493,Hurstville - North,119031665,2020,12751
Hurstville,NSW,1493,Hurstville - North,119031665,2021,12135
Hurstville,NSW,1493,Hurstville - North,119031665,2022,11975
Hurstville,NSW,1493,Hurstville - North,119031665,2023,12406
Hurstville,NSW,1493,Oatley - Hurstville Grove,119031371,2019,13053
Hurstville,NSW,1493,Oatley - Hurstville Grove,119031371,2020,12878
Hurstville,NSW,1493,Oatley - Hurstville Grove,119031371,2021,12588
Hurstville,NSW,1493,Oatley - Hurstville Grove,119031371,2022,12516
Hurstville,NSW,1493,Oatley - Hurstville Grove,119031371,2023,12688
Hamilton,NSW,2303,Hamilton - Broadmeadow,111031224,2019,12619
Hamilton,NSW,2303,Hamilton - Broadmeadow,111031224,2020,12711
Hamilton,NSW,2303,Hamilton - Broadmeadow,111031224,2021,12775
Hamilton,NSW,2303,Hamilton - Broadmeadow,111031224,2022,12857
Hamilton,NSW,2303,Hamilton - Broadmeadow,111031224,2023,12981
Hamilton,NSW,2303,Hamilton (Vic.),217011421,2019,10254
Hamilton,NSW,2303,Hamilton (Vic.),217011421,2020,10348
Hamilton,NSW,2303,Hamilton (Vic.),217011421,2021,10286
Hamilton,NSW,2303,Hamilton (Vic.),217011421,2022,10224
Hamilton,NSW,2303,Hamilton (Vic.),217011421,2023,10310
Hamilton,NSW,2303,Hamilton (Qld),305031124,2019,6853
Hamilton,NSW,2303,Hamilton (Qld),305031124,2020,6867
Hamilton,NSW,2303,Hamilton (Qld),305031124,2021,6869
Hamilton,NSW,2303,Hamilton (Qld),305031124,2022,6930
Hamilton,NSW,2303,Hamilton (Qld),305031124,2023,7120
Hamilton,NSW,2303,Hamilton Hill,507011154,2019,11282
Hamilton,NSW,2303,Hamilton Hill,507011154,2020,11597
Hamilton,NSW,2303,Hamilton Hill,507011154,2021,11731
Hamilton,NSW,2303,Hamilton Hill,507011154,2022,11899
Hamilton,NSW,2303,Hamilton Hill,507011154,2023,12238
Kingsgrove,NSW,1480,Kingsgrove - North,119021663,2019,6325
Kingsgrove,NSW,1480,Kingsgrove - North,119021663,2020,6290
Kingsgrove,NSW,1480,Kingsgrove - North,119021663,2021,6268
Kingsgrove,NSW,1480,Kingsgrove - North,119021663,2022,6229
Kingsgrove,NSW,1480,Kingsgrove - North,119021663,2023,6365
Kingsgrove,NSW,1480,Kingsgrove (South) - Bardwell Park,119041377,2019,13320
Kingsgrove,NSW,1480,Kingsgrove (South) - Bardwell Park,119041377,2020,13262
Kingsgrove,NSW,1480,Kingsgrove (South) - Bardwell Park,119041377,2021,12996
Kingsgrove,NSW,1480,Kingsgrove (South) - Bardwell Park,119041377,2022,12930
Kingsgrove,NSW,1480,Kingsgrove (South) - Bardwell Park,119041377,2023,13204
Young,NSW,2594,Young Surrounds,101061544,2019,7543
Young,NSW,2594,Young Surrounds,101061544,2020,7614
Young,NSW,2594,Young Surrounds,101061544,2021,7658
Young,NSW,2594,Young Surrounds,101061544,2022,7681
Young,NSW,2594,Young Surrounds,101061544,2023,7719
Young,NSW,2594,Young,101061543,2019,11002
Young,NSW,2594,Young,101061543,2020,11012
Young,NSW,2594,Young,101061543,2021,10991
Young,NSW,2594,Young,101061543,2022,10983
Young,NSW,2594,Young,101061543,2023,10956
Young,NSW,2594,Youngtown - Relbia,602011052,2019,4869
Young,NSW,2594,Youngtown - Relbia,602011052,2020,4934
Young,NSW,2594,Youngtown - Relbia,602011052,2021,5031
Young,NSW,2594,Youngtown - Relbia,602011052,2022,5111
Young,NSW,2594,Youngtown - Relbia,602011052,2023,5171
Caringbah South,NSW,2229,Caringbah South,128011603,2019,12837
Caringbah South,NSW,2229,Caringbah South,128011603,2020,12946
Caringbah South,NSW,2229,Caringbah South,128011603,2021,13032
Caringbah South,NSW,2229,Caringbah South,128011603,2022,13049
Caringbah South,NSW,2229,Caringbah South,128011603,2023,13370
Lambton,NSW,2299,Lambton - New Lambton,111031225,2019,17172
Lambton,NSW,2299,Lambton - New Lambton,111031225,2020,17290
Lambton,NSW,2299,Lambton - New Lambton,111031225,2021,17352
Lambton,NSW,2299,Lambton - New Lambton,111031225,2022,17397
Lambton,NSW,2299,Lambton - New Lambton,111031225,2023,17541
Lambton,NSW,2299,Waratah - North Lambton,111031234,2019,12819
Lambton,NSW,2299,Waratah - North Lambton,111031234,2020,12893
Lambton,NSW,2299,Waratah - North Lambton,111031234,2021,12941
Lambton,NSW,2299,Waratah - North Lambton,111031234,2022,12999
Lambton,NSW,2299,Waratah - North Lambton,111031234,2023,13034
Strathfield,NSW,2135,Strathfield - East,120031680,2019,17718
Strathfield,NSW,2135,Strathfield - East,120031680,2020,17469
Strathfield,NSW,2135,Strathfield - East,120031680,2021,16600
Strathfield,NSW,2135,Strathfield - East,120031680,2022,16611
Strathfield,NSW,2135,Strathfield - East,120031680,2023,17733
Strathfield,NSW,2135,Strathfield - West,120031681,2019,9257
Strathfield,NSW,2135,Strathfield - West,120031681,2020,9311
Strathfield,NSW,2135,Strathfield - West,120031681,2021,9283
Strathfield,NSW,2135,Strathfield - West,120031681,2022,9209
Strathfield,NSW,2135,Strathfield - West,120031681,2023,9118
Strathfield,NSW,2135,Concord West - North Strathfield,120011672,2019,13602
Strathfield,NSW,2135,Concord West - North Strathfield,120011672,2020,13411
Strathfield,NSW,2135,Concord West - North Strathfield,120011672,2021,12905
Strathfield,NSW,2135,Concord West - North Strathfield,120011672,2022,12751
Strathfield,NSW,2135,Concord West - North Strathfield,120011672,2023,13111
Strathfield,NSW,2135,Strathfield South,120031576,2019,3829
Strathfield,NSW,2135,Strathfield South,120031576,2020,3758
Strathfield,NSW,2135,Strathfield South,120031576,2021,3648
Strathfield,NSW,2135,Strathfield South,120031576,2022,3598
Strathfield,NSW,2135,Strathfield South,120031576,2023,3660
Strathfield,NSW,2135,Strathfieldsaye,202011024,2019,9901
Strathfield,NSW,2135,Strathfieldsaye,202011024,2020,10312
Strathfield,NSW,2135,Strathfieldsaye,202011024,2021,10679
Strathfield,NSW,2135,Strathfieldsaye,202011024,2022,11027
Strathfield,NSW,2135,Strathfieldsaye,202011024,2023,11271
Banora Point,NSW,2486,Banora Point,112031550,2019,16131
Banora Point,NSW,2486,Banora Point,112031550,2020,16219
Banora Point,NSW,2486,Banora Point,112031550,2021,16262
Banora Point,NSW,2486,Banora Point,112031550,2022,16366
Banora Point,NSW,2486,Banora Point,112031550,2023,16517
Blue Haven,NSW,2262,Blue Haven - San Remo,102021045,2019,11471
Blue Haven,NSW,2262,Blue Haven - San Remo,102021045,2020,11402
Blue Haven,NSW,2262,Blue Haven - San Remo,102021045,2021,11392
Blue Haven,NSW,2262,Blue Haven - San Remo,102021045,2022,11467
Blue Haven,NSW,2262,Blue Haven - San Remo,102021045,2023,11560
Cardiff,NSW,2285,Glendale - Cardiff - Hillsborough,111011209,2019,24466
Cardiff,NSW,2285,Glendale - Cardiff - Hillsborough,111011209,2020,24626
Cardiff,NSW,2285,Glendale - Cardiff - Hillsborough,111011209,2021,24734
Cardiff,NSW,2285,Glendale - Cardiff - Hillsborough,111011209,2022,24966
Cardiff,NSW,2285,Glendale - Cardiff - Hillsborough,111011209,2023,25197
Engadine,NSW,2233,Engadine,128021607,2019,17442
Engadine,NSW,2233,Engadine,128021607,2020,17437
Engadine,NSW,2233,Engadine,128021607,2021,17383
Engadine,NSW,2233,Engadine,128021607,2022,17397
Engadine,NSW,2233,Engadine,128021607,2023,17516
Frenchs Forest,NSW,1639,Frenchs Forest - Oxford Falls,122031696,2019,17338
Frenchs Forest,NSW,1639,Frenchs Forest - Oxford Falls,122031696,2020,17342
Frenchs Forest,NSW,1639,Frenchs Forest - Oxford Falls,122031696,2021,17204
Frenchs Forest,NSW,1639,Frenchs Forest - Oxford Falls,122031696,2022,17214
Frenchs Forest,NSW,1639,Frenchs Forest - Oxford Falls,122031696,2023,17401
Nelson Bay,NSW,2315,Nelson Bay Peninsula,106031121,2019,21890
Nelson Bay,NSW,2315,Nelson Bay Peninsula,106031121,2020,21938
Nelson Bay,NSW,2315,Nelson Bay Peninsula,106031121,2021,21921
Nelson Bay,NSW,2315,Nelson Bay Peninsula,106031121,2022,21967
Nelson Bay,NSW,2315,Nelson Bay Peninsula,106031121,2023,21983
Byron Bay,NSW,2481,Byron Bay,112011240,2019,10742
Byron Bay,NSW,2481,Byron Bay,112011240,2020,10956
Byron Bay,NSW,2481,Byron Bay,112011240,2021,10951
Byron Bay,NSW,2481,Byron Bay,112011240,2022,10913
Byron Bay,NSW,2481,Byron Bay,112011240,2023,11053
Catherine Field,NSW,2557,Leppington - Catherine Field,127011728,2019,9853
Catherine Field,NSW,2557,Leppington - Catherine Field,127011728,2020,11165
Catherine Field,NSW,2557,Leppington - Catherine Field,127011728,2021,12617
Catherine Field,NSW,2557,Leppington - Catherine Field,127011728,2022,14605
Catherine Field,NSW,2557,Leppington - Catherine Field,127011728,2023,17042
Cranebrook,NSW,2749,Cranebrook - Castlereagh,124031707,2019,17363
Cranebrook,NSW,2749,Cranebrook - Castlereagh,124031707,2020,17245
Cranebrook,NSW,2749,Cranebrook - Castlereagh,124031707,2021,17154
Cranebrook,NSW,2749,Cranebrook - Castlereagh,124031707,2022,17099
Cranebrook,NSW,2749,Cranebrook - Castlereagh,124031707,2023,17255
Manly,NSW,1655,Manly - Fairlight,122011419,2019,23694
Manly,NSW,1655,Manly - Fairlight,122011419,2020,23531
Manly,NSW,1655,Manly - Fairlight,122011419,2021,22732
Manly,NSW,1655,Manly - Fairlight,122011419,2022,22794
Manly,NSW,1655,Manly - Fairlight,122011419,2023,23648
Manly,NSW,1655,Manly Vale - Allambie Heights,122031430,2019,17888
Manly,NSW,1655,Manly Vale - Allambie Heights,122031430,2020,17849
Manly,NSW,1655,Manly Vale - Allambie Heights,122031430,2021,17623
Manly,NSW,1655,Manly Vale - Allambie Heights,122031430,2022,17418
Manly,NSW,1655,Manly Vale - Allambie Heights,122031430,2023,17668
Manly,NSW,1655,Manly - Lota,301031015,2019,7895
Manly,NSW,1655,Manly - Lota,301031015,2020,8029
Manly,NSW,1655,Manly - Lota,301031015,2021,7991
Manly,NSW,1655,Manly - Lota,301031015,2022,7991
Manly,NSW,1655,Manly - Lota,301031015,2023,8085
Manly,NSW,1655,Manly West,301031016,2019,12001
Manly,NSW,1655,Manly West,301031016,2020,12026
Manly,NSW,1655,Manly West,301031016,2021,12023
Manly,NSW,1655,Manly West,301031016,2022,12025
Manly,NSW,1655,Manly West,301031016,2023,12132
Parkes,NSW,2870,Parkes (NSW),103021067,2019,11167
Parkes,NSW,2870,Parkes (NSW),103021067,2020,11100
Parkes,NSW,2870,Parkes (NSW),103021067,2021,10985
Parkes,NSW,2870,Parkes (NSW),103021067,2022,10973
Parkes,NSW,2870,Parkes (NSW),103021067,2023,10977
Parkes,NSW,2870,Parkes Surrounds,103021068,2019,3391
Parkes,NSW,2870,Parkes Surrounds,103021068,2020,3348
Parkes,NSW,2870,Parkes Surrounds,103021068,2021,3281
Parkes,NSW,2870,Parkes Surrounds,103021068,2022,3201
Parkes,NSW,2870,Parkes Surrounds,103021068,2023,3121
Parkes,NSW,2870,Parkes (ACT) - North,801051126,2019,0
Parkes,NSW,2870,Parkes (ACT) - North,801051126,2020,0
Parkes,NSW,2870,Parkes (ACT) - North,801051126,2021,0
Parkes,NSW,2870,Parkes (ACT) - North,801051126,2022,0
Parkes,NSW,2870,Parkes (ACT) - North,801051126,2023,207
Parkes,NSW,2870,Parkes (ACT) - South,801061068,2019,4
Parkes,NSW,2870,Parkes (ACT) - South,801061068,2020,4
Parkes,NSW,2870,Parkes (ACT) - South,801061068,2021,4
Parkes,NSW,2870,Parkes (ACT) - South,801061068,2022,4
Parkes,NSW,2870,Parkes (ACT) - South,801061068,2023,4
Sans Souci,NSW,2219,Sans Souci - Ramsgate,119041382,2019,16951
Sans Souci,NSW,2219,Sans Souci - Ramsgate,119041382,2020,16877
Sans Souci,NSW,2219,Sans Souci - Ramsgate,119041382,2021,16675
Sans Souci,NSW,2219,Sans Souci - Ramsgate,119041382,2022,16517
Sans Souci,NSW,2219,Sans Souci - Ramsgate,119041382,2023,16720
Balmain,NSW,2041,Balmain,120021387,2019,16448
Balmain,NSW,2041,Balmain,120021387,2020,16204
Balmain,NSW,2041,Balmain,120021387,2021,15634
Balmain,NSW,2041,Balmain,120021387,2022,15454
Balmain,NSW,2041,Balmain,120021387,2023,15760
Cooranbong,NSW,2265,Morisset - Cooranbong,111021218,2019,17069
Cooranbong,NSW,2265,Morisset - Cooranbong,111021218,2020,17598
Cooranbong,NSW,2265,Morisset - Cooranbong,111021218,2021,18089
Cooranbong,NSW,2265,Morisset - Cooranbong,111021218,2022,18685
Cooranbong,NSW,2265,Morisset - Cooranbong,111021218,2023,19393
Gladesville,NSW,1675,Gladesville - Huntleys Point,126021498,2019,15492
Gladesville,NSW,1675,Gladesville - Huntleys Point,126021498,2020,15529
Gladesville,NSW,1675,Gladesville - Huntleys Point,126021498,2021,15493
Gladesville,NSW,1675,Gladesville - Huntleys Point,126021498,2022,15523
Gladesville,NSW,1675,Gladesville - Huntleys Point,126021498,2023,15814
Gorokan,NSW,2263,Gorokan - Kanwal - Charmhaven,102021048,2019,22870
Gorokan,NSW,2263,Gorokan - Kanwal - Charmhaven,102021048,2020,22779
Gorokan,NSW,2263,Gorokan - Kanwal - Charmhaven,102021048,2021,22588
Gorokan,NSW,2263,Gorokan - Kanwal - Charmhaven,102021048,2022,22584
Gorokan,NSW,2263,Gorokan - Kanwal - Charmhaven,102021048,2023,22633
Katoomba,NSW,2780,Katoomba - Leura,124011452,2019,13608
Katoomba,NSW,2780,Katoomba - Leura,124011452,2020,13582
Katoomba,NSW,2780,Katoomba - Leura,124011452,2021,13377
Katoomba,NSW,2780,Katoomba - Leura,124011452,2022,13206
Katoomba,NSW,2780,Katoomba - Leura,124011452,2023,13360
Lilyfield,NSW,2040,Lilyfield - Rozelle,120021389,2019,14623
Lilyfield,NSW,2040,Lilyfield - Rozelle,120021389,2020,14400
Lilyfield,NSW,2040,Lilyfield - Rozelle,120021389,2021,13870
Lilyfield,NSW,2040,Lilyfield - Rozelle,120021389,2022,13629
Lilyfield,NSW,2040,Lilyfield - Rozelle,120021389,2023,13918
Matraville,NSW,2036,Matraville - Chifley,118021653,2019,13661
Matraville,NSW,2036,Matraville - Chifley,118021653,2020,13647
Matraville,NSW,2036,Matraville - Chifley,118021653,2021,13474
Matraville,NSW,2036,Matraville - Chifley,118021653,2022,13428
Matraville,NSW,2036,Matraville - Chifley,118021653,2023,13749
Cowra,NSW,2794,Cowra Surrounds,103021064,2019,5621
Cowra,NSW,2794,Cowra Surrounds,103021064,2020,5664
Cowra,NSW,2794,Cowra Surrounds,103021064,2021,5698
Cowra,NSW,2794,Cowra Surrounds,103021064,2022,5732
Cowra,NSW,2794,Cowra Surrounds,103021064,2023,5738
Cowra,NSW,2794,Cowra,103021063,2019,9326
Cowra,NSW,2794,Cowra,103021063,2020,9334
Cowra,NSW,2794,Cowra,103021063,2021,9323
Cowra,NSW,2794,Cowra,103021063,2022,9243
Cowra,NSW,2794,Cowra,103021063,2023,9149
Croydon,NSW,2132,Croydon Park - Enfield,120031393,2019,18014
Croydon,NSW,2132,Croydon Park - Enfield,120031393,2020,17816
Croydon,NSW,2132,Croydon Park - Enfield,120031393,2021,17468
Croydon,NSW,2132,Croydon Park - Enfield,120031393,2022,17432
Croydon,NSW,2132,Croydon Park - Enfield,120031393,2023,17835
Croydon,NSW,2132,Croydon,120031679,2019,11594
Croydon,NSW,2132,Croydon,120031679,2020,11456
Croydon,NSW,2132,Croydon,120031679,2021,11011
Croydon,NSW,2132,Croydon,120031679,2022,10944
Croydon,NSW,2132,Croydon,120031679,2023,11186
Croydon,NSW,2132,Croydon Hills - Warranwood,211031265,2019,18727
Croydon,NSW,2132,Croydon Hills - Warranwood,211031265,2020,18640
Croydon,NSW,2132,Croydon Hills - Warranwood,211031265,2021,18232
Croydon,NSW,2132,Croydon Hills - Warranwood,211031265,2022,18152
Croydon,NSW,2132,Croydon Hills - Warranwood,211031265,2023,18326
Croydon,NSW,2132,Croydon - East,211031450,2019,16305
Croydon,NSW,2132,Croydon - East,211031450,2020,16403
Croydon,NSW,2132,Croydon - East,211031450,2021,16236
Croydon,NSW,2132,Croydon - East,211031450,2022,16215
Croydon,NSW,2132,Croydon - East,211031450,2023,16594
Croydon,NSW,2132,Croydon - West,211031451,2019,14519
Croydon,NSW,2132,Croydon - West,211031451,2020,14561
Croydon,NSW,2132,Croydon - West,211031451,2021,14246
Croydon,NSW,2132,Croydon - West,211031451,2022,14207
Croydon,NSW,2132,Croydon - West,211031451,2023,14605
Croydon,NSW,2132,Croydon South,211031452,2019,4949
Croydon,NSW,2132,Croydon South,211031452,2020,5015
Croydon,NSW,2132,Croydon South,211031452,2021,4936
Croydon,NSW,2132,Croydon South,211031452,2022,4977
Croydon,NSW,2132,Croydon South,211031452,2023,5046
Croydon,NSW,2132,Croydon - Etheridge,315011397,2019,1019
Croydon,NSW,2132,Croydon - Etheridge,315011397,2020,1000
Croydon,NSW,2132,Croydon - Etheridge,315011397,2021,993
Croydon,NSW,2132,Croydon - Etheridge,315011397,2022,988
Croydon,NSW,2132,Croydon - Etheridge,315011397,2023,996
North Nowra,NSW,2541,North Nowra - Bomaderry,114011277,2019,16186
North Nowra,NSW,2541,North Nowra - Bomaderry,114011277,2020,16160
North Nowra,NSW,2541,North Nowra - Bomaderry,114011277,2021,16097
North Nowra,NSW,2541,North Nowra - Bomaderry,114011277,2022,16222
North Nowra,NSW,2541,North Nowra - Bomaderry,114011277,2023,16348
Chatswood,NSW,2057,Chatswood - East,121011684,2019,20572
Chatswood,NSW,2057,Chatswood - East,121011684,2020,20600
Chatswood,NSW,2057,Chatswood - East,121011684,2021,19782
Chatswood,NSW,2057,Chatswood - East,121011684,2022,19756
Chatswood,NSW,2057,Chatswood - East,121011684,2023,20784
Chatswood,NSW,2057,Chatswood (West) - Lane Cove North,121011399,2019,22417
Chatswood,NSW,2057,Chatswood (West) - Lane Cove North,121011399,2020,22187
Chatswood,NSW,2057,Chatswood (West) - Lane Cove North,121011399,2021,21417
Chatswood,NSW,2057,Chatswood (West) - Lane Cove North,121011399,2022,21622
Chatswood,NSW,2057,Chatswood (West) - Lane Cove North,121011399,2023,22564
Leeton,NSW,2705,Leeton,113011258,2019,10356
Leeton,NSW,2705,Leeton,113011258,2020,10369
Leeton,NSW,2705,Leeton,113011258,2021,10358
Leeton,NSW,2705,Leeton,113011258,2022,10323
Leeton,NSW,2705,Leeton,113011258,2023,10320
Penrith,NSW,2750,Penrith,124031464,2019,16229
Penrith,NSW,2750,Penrith,124031464,2020,17238
Penrith,NSW,2750,Penrith,124031464,2021,18161
Penrith,NSW,2750,Penrith,124031464,2022,18854
Penrith,NSW,2750,Penrith,124031464,2023,19343
Penrith,NSW,2750,Jamisontown - South Penrith,124031461,2019,17551
Penrith,NSW,2750,Jamisontown - South Penrith,124031461,2020,17503
Penrith,NSW,2750,Jamisontown - South Penrith,124031461,2021,17411
Penrith,NSW,2750,Jamisontown - South Penrith,124031461,2022,17403
Penrith,NSW,2750,Jamisontown - South Penrith,124031461,2023,17500
St Clair,NSW,2330,St Clair,124051470,2019,20395
St Clair,NSW,2330,St Clair,124051470,2020,20270
St Clair,NSW,2330,St Clair,124051470,2021,20061
St Clair,NSW,2330,St Clair,124051470,2022,20008
St Clair,NSW,2330,St Clair,124051470,2023,20231
Warners Bay,NSW,2282,Warners Bay - Boolaroo,111011214,2019,14132
Warners Bay,NSW,2282,Warners Bay - Boolaroo,111011214,2020,14388
Warners Bay,NSW,2282,Warners Bay - Boolaroo,111011214,2021,14643
Warners Bay,NSW,2282,Warners Bay - Boolaroo,111011214,2022,14898
Warners Bay,NSW,2282,Warners Bay - Boolaroo,111011214,2023,15138
Arncliffe,NSW,2205,Arncliffe - Bardwell Valley,119041668,2019,16648
Arncliffe,NSW,2205,Arncliffe - Bardwell Valley,119041668,2020,16696
Arncliffe,NSW,2205,Arncliffe - Bardwell Valley,119041668,2021,16676
Arncliffe,NSW,2205,Arncliffe - Bardwell Valley,119041668,2022,16756
Arncliffe,NSW,2205,Arncliffe - Bardwell Valley,119041668,2023,17437
Cherrybrook,NSW,2126,Cherrybrook,115011558,2019,19569
Cherrybrook,NSW,2126,Cherrybrook,115011558,2020,19505
Cherrybrook,NSW,2126,Cherrybrook,115011558,2021,19136
Cherrybrook,NSW,2126,Cherrybrook,115011558,2022,18829
Cherrybrook,NSW,2126,Cherrybrook,115011558,2023,18952
Cooma,NSW,2630,Cooma Surrounds,101031015,2019,3376
Cooma,NSW,2630,Cooma Surrounds,101031015,2020,3421
Cooma,NSW,2630,Cooma Surrounds,101031015,2021,3460
Cooma,NSW,2630,Cooma Surrounds,101031015,2022,3505
Cooma,NSW,2630,Cooma Surrounds,101031015,2023,3538
Cooma,NSW,2630,Cooma,101031014,2019,6875
Cooma,NSW,2630,Cooma,101031014,2020,6842
Cooma,NSW,2630,Cooma,101031014,2021,6761
Cooma,NSW,2630,Cooma,101031014,2022,6670
Cooma,NSW,2630,Cooma,101031014,2023,6781
Eastwood,NSW,2122,Eastwood,126021723,2019,19453
Eastwood,NSW,2122,Eastwood,126021723,2020,19510
Eastwood,NSW,2122,Eastwood,126021723,2021,19071
Eastwood,NSW,2122,Eastwood,126021723,2022,19141
Eastwood,NSW,2122,Eastwood,126021723,2023,19690
Revesby,NSW,2212,Revesby,119011360,2019,17602
Revesby,NSW,2212,Revesby,119011360,2020,17757
Revesby,NSW,2212,Revesby,119011360,2021,17721
Revesby,NSW,2212,Revesby,119011360,2022,17904
Revesby,NSW,2212,Revesby,119011360,2023,18212
Yamba,NSW,2464,Maclean - Yamba - Iluka,104011082,2019,17100
Yamba,NSW,2464,Maclean - Yamba - Iluka,104011082,2020,17326
Yamba,NSW,2464,Maclean - Yamba - Iluka,104011082,2021,17487
Yamba,NSW,2464,Maclean - Yamba - Iluka,104011082,2022,17614
Yamba,NSW,2464,Maclean - Yamba - Iluka,104011082,2023,17859
Chisholm,NSW,2322,Chisholm,801071074,2019,5206
Chisholm,NSW,2322,Chisholm,801071074,2020,5205
Chisholm,NSW,2322,Chisholm,801071074,2021,5236
Chisholm,NSW,2322,Chisholm,801071074,2022,5204
Chisholm,NSW,2322,Chisholm,801071074,2023,5212
Killarney Vale,NSW,2261,Bateau Bay - Killarney Vale,102021044,2019,22875
Killarney Vale,NSW,2261,Bateau Bay - Killarney Vale,102021044,2020,22984
Killarney Vale,NSW,2261,Bateau Bay - Killarney Vale,102021044,2021,22993
Killarney Vale,NSW,2261,Bateau Bay - Killarney Vale,102021044,2022,22903
Killarney Vale,NSW,2261,Bateau Bay - Killarney Vale,102021044,2023,22931
Lidcombe,NSW,1825,Lidcombe,125011586,2019,21395
Lidcombe,NSW,1825,Lidcombe,125011586,2020,21436
Lidcombe,NSW,1825,Lidcombe,125011586,2021,21349
Lidcombe,NSW,1825,Lidcombe,125011586,2022,21491
Lidcombe,NSW,1825,Lidcombe,125011586,2023,22568
Maryland,NSW,2287,Maryland - Fletcher - Minmi,111031226,2019,15730
Maryland,NSW,2287,Maryland - Fletcher - Minmi,111031226,2020,16168
Maryland,NSW,2287,Maryland - Fletcher - Minmi,111031226,2021,16520
Maryland,NSW,2287,Maryland - Fletcher - Minmi,111031226,2022,16951
Maryland,NSW,2287,Maryland - Fletcher - Minmi,111031226,2023,17263
Blackheath,NSW,2785,Blackheath - Megalong Valley,124011449,2019,5782
Blackheath,NSW,2785,Blackheath - Megalong Valley,124011449,2020,5790
Blackheath,NSW,2785,Blackheath - Megalong Valley,124011449,2021,5761
Blackheath,NSW,2785,Blackheath - Megalong Valley,124011449,2022,5800
Blackheath,NSW,2785,Blackheath - Megalong Valley,124011449,2023,5786
Burwood,NSW,1805,Burwood (NSW),120031678,2019,15361
Burwood,NSW,1805,Burwood (NSW),120031678,2020,15790
Burwood,NSW,1805,Burwood (NSW),120031678,2021,16071
Burwood,NSW,1805,Burwood (NSW),120031678,2022,16539
Burwood,NSW,1805,Burwood (NSW),120031678,2023,17485
Burwood,NSW,1805,Burwood (Vic.),207031165,2019,13448
Burwood,NSW,1805,Burwood (Vic.),207031165,2020,13468
Burwood,NSW,1805,Burwood (Vic.),207031165,2021,12522
Burwood,NSW,1805,Burwood (Vic.),207031165,2022,12932
Burwood,NSW,1805,Burwood (Vic.),207031165,2023,14001
Burwood,NSW,1805,Burwood East,207031166,2019,10974
Burwood,NSW,1805,Burwood East,207031166,2020,11053
Burwood,NSW,1805,Burwood East,207031166,2021,10774
Burwood,NSW,1805,Burwood East,207031166,2022,11096
Burwood,NSW,1805,Burwood East,207031166,2023,11885
Collaroy Plateau,NSW,2097,Collaroy - Collaroy Plateau,122031693,2019,14370
Collaroy Plateau,NSW,2097,Collaroy - Collaroy Plateau,122031693,2020,14260
Collaroy Plateau,NSW,2097,Collaroy - Collaroy Plateau,122031693,2021,13989
Collaroy Plateau,NSW,2097,Collaroy - Collaroy Plateau,122031693,2022,13794
Collaroy Plateau,NSW,2097,Collaroy - Collaroy Plateau,122031693,2023,13999
Mascot,NSW,1460,Mascot,117011635,2019,19414
Mascot,NSW,1460,Mascot,117011635,2020,20733
Mascot,NSW,1460,Mascot,117011635,2021,21843
Mascot,NSW,1460,Mascot,117011635,2022,22786
Mascot,NSW,1460,Mascot,117011635,2023,23036
Wauchope,NSW,2446,Wauchope,108041166,2019,12205
Wauchope,NSW,2446,Wauchope,108041166,2020,12511
Wauchope,NSW,2446,Wauchope,108041166,2021,12810
Wauchope,NSW,2446,Wauchope,108041166,2022,13093
Wauchope,NSW,2446,Wauchope,108041166,2023,13299
Woonona,NSW,2517,Woonona - Bulli - Russell Vale,107041150,2019,20757
Woonona,NSW,2517,Woonona - Bulli - Russell Vale,107041150,2020,20814
Woonona,NSW,2517,Woonona - Bulli - Russell Vale,107041150,2021,20782
Woonona,NSW,2517,Woonona - Bulli - Russell Vale,107041150,2022,20622
Woonona,NSW,2517,Woonona - Bulli - Russell Vale,107041150,2023,20698
Casula,NSW,2170,Casula,127031522,2019,16624
Casula,NSW,2170,Casula,127031522,2020,16672
Casula,NSW,2170,Casula,127031522,2021,16626
Casula,NSW,2170,Casula,127031522,2022,16499
Casula,NSW,2170,Casula,127031522,2023,16722
Fletcher,NSW,2287,Maryland - Fletcher - Minmi,111031226,2019,15730
Fletcher,NSW,2287,Maryland - Fletcher - Minmi,111031226,2020,16168
Fletcher,NSW,2287,Maryland - Fletcher - Minmi,111031226,2021,16520
Fletcher,NSW,2287,Maryland - Fletcher - Minmi,111031226,2022,16951
Fletcher,NSW,2287,Maryland - Fletcher - Minmi,111031226,2023,17263
Jerrabomberra,NSW,2619,Queanbeyan West - Jerrabomberra,101021012,2019,12955
Jerrabomberra,NSW,2619,Queanbeyan West - Jerrabomberra,101021012,2020,12821
Jerrabomberra,NSW,2619,Queanbeyan West - Jerrabomberra,101021012,2021,12748
Jerrabomberra,NSW,2619,Queanbeyan West - Jerrabomberra,101021012,2022,12781
Jerrabomberra,NSW,2619,Queanbeyan West - Jerrabomberra,101021012,2023,12873
Panania,NSW,2213,Panania (North) - Milperra,119011657,2019,11334
Panania,NSW,2213,Panania (North) - Milperra,119011657,2020,11448
Panania,NSW,2213,Panania (North) - Milperra,119011657,2021,11375
Panania,NSW,2213,Panania (North) - Milperra,119011657,2022,11350
Panania,NSW,2213,Panania (North) - Milperra,119011657,2023,11516
Panania,NSW,2213,Panania (South) - Picnic Point,119011658,2019,15981
Panania,NSW,2213,Panania (South) - Picnic Point,119011658,2020,16030
Panania,NSW,2213,Panania (South) - Picnic Point,119011658,2021,16017
Panania,NSW,2213,Panania (South) - Picnic Point,119011658,2022,16059
Panania,NSW,2213,Panania (South) - Picnic Point,119011658,2023,16254
Riverwood,NSW,2210,Riverwood,119031373,2019,12057
Riverwood,NSW,2210,Riverwood,119031373,2020,11983
Riverwood,NSW,2210,Riverwood,119031373,2021,11645
Riverwood,NSW,2210,Riverwood,119031373,2022,11564
Riverwood,NSW,2210,Riverwood,119031373,2023,11924
Roseville,NSW,2069,Lindfield - Roseville,121031408,2019,25237
Roseville,NSW,2069,Lindfield - Roseville,121031408,2020,25205
Roseville,NSW,2069,Lindfield - Roseville,121031408,2021,24761
Roseville,NSW,2069,Lindfield - Roseville,121031408,2022,24669
Roseville,NSW,2069,Lindfield - Roseville,121031408,2023,25283
Rozelle,NSW,2039,Lilyfield - Rozelle,120021389,2019,14623
Rozelle,NSW,2039,Lilyfield - Rozelle,120021389,2020,14400
Rozelle,NSW,2039,Lilyfield - Rozelle,120021389,2021,13870
Rozelle,NSW,2039,Lilyfield - Rozelle,120021389,2022,13629
Rozelle,NSW,2039,Lilyfield - Rozelle,120021389,2023,13918
Ulladulla,NSW,2539,Ulladulla,114011282,2019,16398
Ulladulla,NSW,2539,Ulladulla,114011282,2020,16722
Ulladulla,NSW,2539,Ulladulla,114011282,2021,16960
Ulladulla,NSW,2539,Ulladulla,114011282,2022,17221
Ulladulla,NSW,2539,Ulladulla,114011282,2023,17330
Ulladulla,NSW,2539,Ulladulla Surrounds,114011283,2019,5485
Ulladulla,NSW,2539,Ulladulla Surrounds,114011283,2020,5639
Ulladulla,NSW,2539,Ulladulla Surrounds,114011283,2021,5791
Ulladulla,NSW,2539,Ulladulla Surrounds,114011283,2022,5849
Ulladulla,NSW,2539,Ulladulla Surrounds,114011283,2023,5871
West Hoxton,NSW,2171,West Hoxton - Middleton Grange,127011597,2019,17063
West Hoxton,NSW,2171,West Hoxton - Middleton Grange,127011597,2020,17165
West Hoxton,NSW,2171,West Hoxton - Middleton Grange,127011597,2021,17250
West Hoxton,NSW,2171,West Hoxton - Middleton Grange,127011597,2022,17343
West Hoxton,NSW,2171,West Hoxton - Middleton Grange,127011597,2023,17636
Bomaderry,NSW,2541,North Nowra - Bomaderry,114011277,2019,16186
Bomaderry,NSW,2541,North Nowra - Bomaderry,114011277,2020,16160
Bomaderry,NSW,2541,North Nowra - Bomaderry,114011277,2021,16097
Bomaderry,NSW,2541,North Nowra - Bomaderry,114011277,2022,16222
Bomaderry,NSW,2541,North Nowra - Bomaderry,114011277,2023,16348
Medowie,NSW,2318,Williamtown - Medowie - Karuah,106031125,2019,14547
Medowie,NSW,2318,Williamtown - Medowie - Karuah,106031125,2020,14783
Medowie,NSW,2318,Williamtown - Medowie - Karuah,106031125,2021,15065
Medowie,NSW,2318,Williamtown - Medowie - Karuah,106031125,2022,15565
Medowie,NSW,2318,Williamtown - Medowie - Karuah,106031125,2023,16058
North Lambton,NSW,2299,Waratah - North Lambton,111031234,2019,12819
North Lambton,NSW,2299,Waratah - North Lambton,111031234,2020,12893
North Lambton,NSW,2299,Waratah - North Lambton,111031234,2021,12941
North Lambton,NSW,2299,Waratah - North Lambton,111031234,2022,12999
North Lambton,NSW,2299,Waratah - North Lambton,111031234,2023,13034
Punchbowl,NSW,2196,Punchbowl,119021366,2019,22224
Punchbowl,NSW,2196,Punchbowl,119021366,2020,22104
Punchbowl,NSW,2196,Punchbowl,119021366,2021,21693
Punchbowl,NSW,2196,Punchbowl,119021366,2022,21529
Punchbowl,NSW,2196,Punchbowl,119021366,2023,22080
Punchbowl,NSW,2196,Kings Meadows - Punchbowl,602011037,2019,4785
Punchbowl,NSW,2196,Kings Meadows - Punchbowl,602011037,2020,4942
Punchbowl,NSW,2196,Kings Meadows - Punchbowl,602011037,2021,5052
Punchbowl,NSW,2196,Kings Meadows - Punchbowl,602011037,2022,5057
Punchbowl,NSW,2196,Kings Meadows - Punchbowl,602011037,2023,5044
St Marys,NSW,1790,St Marys - North St Marys,124051581,2019,17304
St Marys,NSW,1790,St Marys - North St Marys,124051581,2020,17434
St Marys,NSW,1790,St Marys - North St Marys,124051581,2021,17474
St Marys,NSW,1790,St Marys - North St Marys,124051581,2022,17678
St Marys,NSW,1790,St Marys - North St Marys,124051581,2023,17945
Annandale,NSW,2038,Annandale (NSW),120021674,2019,9925
Annandale,NSW,2038,Annandale (NSW),120021674,2020,9926
Annandale,NSW,2038,Annandale (NSW),120021674,2021,9519
Annandale,NSW,2038,Annandale (NSW),120021674,2022,9527
Annandale,NSW,2038,Annandale (NSW),120021674,2023,9805
Annandale,NSW,2038,Annandale (Qld),318021468,2019,10314
Annandale,NSW,2038,Annandale (Qld),318021468,2020,10336
Annandale,NSW,2038,Annandale (Qld),318021468,2021,10253
Annandale,NSW,2038,Annandale (Qld),318021468,2022,10289
Annandale,NSW,2038,Annandale (Qld),318021468,2023,10304
Bradbury,NSW,2560,Bradbury - Wedderburn,123021436,2019,20152
Bradbury,NSW,2560,Bradbury - Wedderburn,123021436,2020,20273
Bradbury,NSW,2560,Bradbury - Wedderburn,123021436,2021,20207
Bradbury,NSW,2560,Bradbury - Wedderburn,123021436,2022,20229
Bradbury,NSW,2560,Bradbury - Wedderburn,123021436,2023,20556
Chester Hill,NSW,2162,Chester Hill - Sefton,125031479,2019,20518
Chester Hill,NSW,2162,Chester Hill - Sefton,125031479,2020,20833
Chester Hill,NSW,2162,Chester Hill - Sefton,125031479,2021,20934
Chester Hill,NSW,2162,Chester Hill - Sefton,125031479,2022,21018
Chester Hill,NSW,2162,Chester Hill - Sefton,125031479,2023,21396
Chipping Norton,NSW,2170,Chipping Norton - Moorebank,127031523,2019,20664
Chipping Norton,NSW,2170,Chipping Norton - Moorebank,127031523,2020,20877
Chipping Norton,NSW,2170,Chipping Norton - Moorebank,127031523,2021,20902
Chipping Norton,NSW,2170,Chipping Norton - Moorebank,127031523,2022,20997
Chipping Norton,NSW,2170,Chipping Norton - Moorebank,127031523,2023,21371
Cootamundra,NSW,2590,Cootamundra,113031263,2019,7702
Cootamundra,NSW,2590,Cootamundra,113031263,2020,7705
Cootamundra,NSW,2590,Cootamundra,113031263,2021,7691
Cootamundra,NSW,2590,Cootamundra,113031263,2022,7717
Cootamundra,NSW,2590,Cootamundra,113031263,2023,7717
Horsley,NSW,2530,Horsley - Kembla Grange,107011132,2019,10491
Horsley,NSW,2530,Horsley - Kembla Grange,107011132,2020,11192
Horsley,NSW,2530,Horsley - Kembla Grange,107011132,2021,12184
Horsley,NSW,2530,Horsley - Kembla Grange,107011132,2022,12989
Horsley,NSW,2530,Horsley - Kembla Grange,107011132,2023,13531
Horsley,NSW,2530,Horsley Park - Kemps Creek,127021518,2019,4550
Horsley,NSW,2530,Horsley Park - Kemps Creek,127021518,2020,4469
Horsley,NSW,2530,Horsley Park - Kemps Creek,127021518,2021,4347
Horsley,NSW,2530,Horsley Park - Kemps Creek,127021518,2022,4256
Horsley,NSW,2530,Horsley Park - Kemps Creek,127021518,2023,4205
Petersham,NSW,2049,Petersham - Stanmore,117021327,2019,21376
Petersham,NSW,2049,Petersham - Stanmore,117021327,2020,21043
Petersham,NSW,2049,Petersham - Stanmore,117021327,2021,20073
Petersham,NSW,2049,Petersham - Stanmore,117021327,2022,19996
Petersham,NSW,2049,Petersham - Stanmore,117021327,2023,20690
Rooty Hill,NSW,2766,Rooty Hill - Minchinbury,116031319,2019,22946
Rooty Hill,NSW,2766,Rooty Hill - Minchinbury,116031319,2020,23120
Rooty Hill,NSW,2766,Rooty Hill - Minchinbury,116031319,2021,22990
Rooty Hill,NSW,2766,Rooty Hill - Minchinbury,116031319,2022,22833
Rooty Hill,NSW,2766,Rooty Hill - Minchinbury,116031319,2023,23133
Willoughby,NSW,2068,Willoughby,121011687,2019,13166
Willoughby,NSW,2068,Willoughby,121011687,2020,13202
Willoughby,NSW,2068,Willoughby,121011687,2021,13028
Willoughby,NSW,2068,Willoughby,121011687,2022,12869
Willoughby,NSW,2068,Willoughby,121011687,2023,13032
Croydon Park,NSW,2133,Croydon Park - Enfield,120031393,2019,18014
Croydon Park,NSW,2133,Croydon Park - Enfield,120031393,2020,17816
Croydon Park,NSW,2133,Croydon Park - Enfield,120031393,2021,17468
Croydon Park,NSW,2133,Croydon Park - Enfield,120031393,2022,17432
Croydon Park,NSW,2133,Croydon Park - Enfield,120031393,2023,17835
Culburra Beach,NSW,2540,Culburra Beach,114011274,2019,5147
Culburra Beach,NSW,2540,Culburra Beach,114011274,2020,5172
Culburra Beach,NSW,2540,Culburra Beach,114011274,2021,5088
Culburra Beach,NSW,2540,Culburra Beach,114011274,2022,5055
Culburra Beach,NSW,2540,Culburra Beach,114011274,2023,5004
Currans Hill,NSW,2567,Currans Hill,123011698,2019,6036
Currans Hill,NSW,2567,Currans Hill,123011698,2020,6298
Currans Hill,NSW,2567,Currans Hill,123011698,2021,6497
Currans Hill,NSW,2567,Currans Hill,123011698,2022,6725
Currans Hill,NSW,2567,Currans Hill,123011698,2023,6964
Figtree,NSW,2525,Figtree - Keiraville,107041146,2019,22682
Figtree,NSW,2525,Figtree - Keiraville,107041146,2020,22865
Figtree,NSW,2525,Figtree - Keiraville,107041146,2021,22823
Figtree,NSW,2525,Figtree - Keiraville,107041146,2022,23020
Figtree,NSW,2525,Figtree - Keiraville,107041146,2023,23396
Greenacre,NSW,2190,Greenacre - North,119011655,2019,14759
Greenacre,NSW,2190,Greenacre - North,119011655,2020,14855
Greenacre,NSW,2190,Greenacre - North,119011655,2021,14700
Greenacre,NSW,2190,Greenacre - North,119011655,2022,14741
Greenacre,NSW,2190,Greenacre - North,119011655,2023,15016
Greenacre,NSW,2190,Greenacre - South,119011656,2019,13488
Greenacre,NSW,2190,Greenacre - South,119011656,2020,13530
Greenacre,NSW,2190,Greenacre - South,119011656,2021,13448
Greenacre,NSW,2190,Greenacre - South,119011656,2022,13303
Greenacre,NSW,2190,Greenacre - South,119011656,2023,13502
Kiama,NSW,2533,Kiama Hinterland - Gerringong,107031140,2019,8120
Kiama,NSW,2533,Kiama Hinterland - Gerringong,107031140,2020,8124
Kiama,NSW,2533,Kiama Hinterland - Gerringong,107031140,2021,8110
Kiama,NSW,2533,Kiama Hinterland - Gerringong,107031140,2022,8057
Kiama,NSW,2533,Kiama Hinterland - Gerringong,107031140,2023,8057
Kiama,NSW,2533,Kiama,107031138,2019,8414
Kiama,NSW,2533,Kiama,107031138,2020,8582
Kiama,NSW,2533,Kiama,107031138,2021,8728
Kiama,NSW,2533,Kiama,107031138,2022,8846
Kiama,NSW,2533,Kiama,107031138,2023,8901
Kiama,NSW,2533,Kiama Downs - Minnamurra,107031139,2019,6091
Kiama,NSW,2533,Kiama Downs - Minnamurra,107031139,2020,6080
Kiama,NSW,2533,Kiama Downs - Minnamurra,107031139,2021,6044
Kiama,NSW,2533,Kiama Downs - Minnamurra,107031139,2022,5960
Kiama,NSW,2533,Kiama Downs - Minnamurra,107031139,2023,5936
Stanhope Gardens,NSW,2768,Stanhope Gardens - Parklea,116021633,2019,13324
Stanhope Gardens,NSW,2768,Stanhope Gardens - Parklea,116021633,2020,13265
Stanhope Gardens,NSW,2768,Stanhope Gardens - Parklea,116021633,2021,13104
Stanhope Gardens,NSW,2768,Stanhope Gardens - Parklea,116021633,2022,13085
Stanhope Gardens,NSW,2768,Stanhope Gardens - Parklea,116021633,2023,13152
Dapto,NSW,2530,Dapto - Avondale,107011131,2019,24320
Dapto,NSW,2530,Dapto - Avondale,107011131,2020,24334
Dapto,NSW,2530,Dapto - Avondale,107011131,2021,24285
Dapto,NSW,2530,Dapto - Avondale,107011131,2022,24451
Dapto,NSW,2530,Dapto - Avondale,107011131,2023,24651
Forbes,NSW,2871,Forbes,103021065,2019,10283
Forbes,NSW,2871,Forbes,103021065,2020,10209
Forbes,NSW,2871,Forbes,103021065,2021,10090
Forbes,NSW,2871,Forbes,103021065,2022,10037
Forbes,NSW,2871,Forbes,103021065,2023,10023
Greystanes,NSW,2145,Greystanes - South,125031713,2019,16882
Greystanes,NSW,2145,Greystanes - South,125031713,2020,16855
Greystanes,NSW,2145,Greystanes - South,125031713,2021,16652
Greystanes,NSW,2145,Greystanes - South,125031713,2022,16482
Greystanes,NSW,2145,Greystanes - South,125031713,2023,16762
Greystanes,NSW,2145,Pemulwuy - Greystanes (North),125031715,2019,11003
Greystanes,NSW,2145,Pemulwuy - Greystanes (North),125031715,2020,10994
Greystanes,NSW,2145,Pemulwuy - Greystanes (North),125031715,2021,10909
Greystanes,NSW,2145,Pemulwuy - Greystanes (North),125031715,2022,10957
Greystanes,NSW,2145,Pemulwuy - Greystanes (North),125031715,2023,11006
Hunters Hill,NSW,2110,Hunters Hill - Woolwich,126021499,2019,10602
Hunters Hill,NSW,2110,Hunters Hill - Woolwich,126021499,2020,10471
Hunters Hill,NSW,2110,Hunters Hill - Woolwich,126021499,2021,9870
Hunters Hill,NSW,2110,Hunters Hill - Woolwich,126021499,2022,10165
Hunters Hill,NSW,2110,Hunters Hill - Woolwich,126021499,2023,10174
Peakhurst,NSW,2210,Peakhurst - Lugarno,119031372,2019,19998
Peakhurst,NSW,2210,Peakhurst - Lugarno,119031372,2020,20180
Peakhurst,NSW,2210,Peakhurst - Lugarno,119031372,2021,20274
Peakhurst,NSW,2210,Peakhurst - Lugarno,119031372,2022,20322
Peakhurst,NSW,2210,Peakhurst - Lugarno,119031372,2023,20711
Seven Hills,NSW,1730,Seven Hills - Prospect,116011626,2019,15232
Seven Hills,NSW,1730,Seven Hills - Prospect,116011626,2020,15164
Seven Hills,NSW,1730,Seven Hills - Prospect,116011626,2021,14929
Seven Hills,NSW,1730,Seven Hills - Prospect,116011626,2022,14868
Seven Hills,NSW,1730,Seven Hills - Prospect,116011626,2023,15172
Seven Hills,NSW,1730,Morningside - Seven Hills,305021117,2019,14205
Seven Hills,NSW,1730,Morningside - Seven Hills,305021117,2020,14477
Seven Hills,NSW,1730,Morningside - Seven Hills,305021117,2021,14573
Seven Hills,NSW,1730,Morningside - Seven Hills,305021117,2022,14899
Seven Hills,NSW,1730,Morningside - Seven Hills,305021117,2023,15356
Waratah,NSW,2298,Waratah - North Lambton,111031234,2019,12819
Waratah,NSW,2298,Waratah - North Lambton,111031234,2020,12893
Waratah,NSW,2298,Waratah - North Lambton,111031234,2021,12941
Waratah,NSW,2298,Waratah - North Lambton,111031234,2022,12999
Waratah,NSW,2298,Waratah - North Lambton,111031234,2023,13034
Waratah,NSW,2298,Waratah,604031096,2019,3769
Waratah,NSW,2298,Waratah,604031096,2020,3837
Waratah,NSW,2298,Waratah,604031096,2021,3930
Waratah,NSW,2298,Waratah,604031096,2022,3933
Waratah,NSW,2298,Waratah,604031096,2023,3950
West Ryde,NSW,1685,West Ryde - Meadowbank,126021503,2019,20825
West Ryde,NSW,1685,West Ryde - Meadowbank,126021503,2020,20783
West Ryde,NSW,1685,West Ryde - Meadowbank,126021503,2021,20213
West Ryde,NSW,1685,West Ryde - Meadowbank,126021503,2022,20294
West Ryde,NSW,1685,West Ryde - Meadowbank,126021503,2023,21225
Flinders,NSW,2529,Flinders,214021378,2019,5878
Flinders,NSW,2529,Flinders,214021378,2020,5957
Flinders,NSW,2529,Flinders,214021378,2021,6024
Flinders,NSW,2529,Flinders,214021378,2022,6047
Flinders,NSW,2529,Flinders,214021378,2023,6015
Flinders,NSW,2529,Shellharbour - Flinders,107031141,2019,18779
Flinders,NSW,2529,Shellharbour - Flinders,107031141,2020,19104
Flinders,NSW,2529,Shellharbour - Flinders,107031141,2021,19376
Flinders,NSW,2529,Shellharbour - Flinders,107031141,2022,19815
Flinders,NSW,2529,Shellharbour - Flinders,107031141,2023,20118
Flinders,NSW,2529,Flinders Park,404011091,2019,15811
Flinders,NSW,2529,Flinders Park,404011091,2020,16211
Flinders,NSW,2529,Flinders Park,404011091,2021,16505
Flinders,NSW,2529,Flinders Park,404011091,2022,16877
Flinders,NSW,2529,Flinders Park,404011091,2023,17386
Flinders,NSW,2529,Flinders and Cape Barren Islands,602031099,2019,951
Flinders,NSW,2529,Flinders and Cape Barren Islands,602031099,2020,937
Flinders,NSW,2529,Flinders and Cape Barren Islands,602031099,2021,938
Flinders,NSW,2529,Flinders and Cape Barren Islands,602031099,2022,931
Flinders,NSW,2529,Flinders and Cape Barren Islands,602031099,2023,933
Kellyville Ridge,NSW,2155,Kellyville Ridge - The Ponds,116021628,2019,21240
Kellyville Ridge,NSW,2155,Kellyville Ridge - The Ponds,116021628,2020,21263
Kellyville Ridge,NSW,2155,Kellyville Ridge - The Ponds,116021628,2021,21209
Kellyville Ridge,NSW,2155,Kellyville Ridge - The Ponds,116021628,2022,21262
Kellyville Ridge,NSW,2155,Kellyville Ridge - The Ponds,116021628,2023,21571
Lindfield,NSW,2070,Lindfield - Roseville,121031408,2019,25237
Lindfield,NSW,2070,Lindfield - Roseville,121031408,2020,25205
Lindfield,NSW,2070,Lindfield - Roseville,121031408,2021,24761
Lindfield,NSW,2070,Lindfield - Roseville,121031408,2022,24669
Lindfield,NSW,2070,Lindfield - Roseville,121031408,2023,25283
Old Bar,NSW,2430,Old Bar - Manning Point - Red Head,108051168,2019,11735
Old Bar,NSW,2430,Old Bar - Manning Point - Red Head,108051168,2020,12147
Old Bar,NSW,2430,Old Bar - Manning Point - Red Head,108051168,2021,12433
Old Bar,NSW,2430,Old Bar - Manning Point - Red Head,108051168,2022,12707
Old Bar,NSW,2430,Old Bar - Manning Point - Red Head,108051168,2023,13007
Pottsville,NSW,2489,Pottsville,112031253,2019,13940
Pottsville,NSW,2489,Pottsville,112031253,2020,14034
Pottsville,NSW,2489,Pottsville,112031253,2021,14041
Pottsville,NSW,2489,Pottsville,112031253,2022,14225
Pottsville,NSW,2489,Pottsville,112031253,2023,14461
Scone,NSW,2337,Scone,106041128,2019,6002
Scone,NSW,2337,Scone,106041128,2020,6041
Scone,NSW,2337,Scone,106041128,2021,6056
Scone,NSW,2337,Scone,106041128,2022,6039
Scone,NSW,2337,Scone,106041128,2023,6040
Scone,NSW,2337,Scone Surrounds,106041129,2019,8287
Scone,NSW,2337,Scone Surrounds,106041129,2020,8253
Scone,NSW,2337,Scone Surrounds,106041129,2021,8200
Scone,NSW,2337,Scone Surrounds,106041129,2022,8250
Scone,NSW,2337,Scone Surrounds,106041129,2023,8296
Bankstown,NSW,1885,Bankstown - North,119011571,2019,17486
Bankstown,NSW,1885,Bankstown - North,119011571,2020,17467
Bankstown,NSW,1885,Bankstown - North,119011571,2021,17054
Bankstown,NSW,1885,Bankstown - North,119011571,2022,17159
Bankstown,NSW,1885,Bankstown - North,119011571,2023,17671
Bankstown,NSW,1885,Bankstown - South,119011572,2019,17833
Bankstown,NSW,1885,Bankstown - South,119011572,2020,18245
Bankstown,NSW,1885,Bankstown - South,119011572,2021,18508
Bankstown,NSW,1885,Bankstown - South,119011572,2022,18596
Bankstown,NSW,1885,Bankstown - South,119011572,2023,18907
Belmont,NSW,2280,Belmont - Bennetts Green,111011206,2019,18118
Belmont,NSW,2280,Belmont - Bennetts Green,111011206,2020,18016
Belmont,NSW,2280,Belmont - Bennetts Green,111011206,2021,17850
Belmont,NSW,2280,Belmont - Bennetts Green,111011206,2022,17758
Belmont,NSW,2280,Belmont - Bennetts Green,111011206,2023,17849
Belmont,NSW,2280,Belmont South - Blacksmiths,111011207,2019,5742
Belmont,NSW,2280,Belmont South - Blacksmiths,111011207,2020,5718
Belmont,NSW,2280,Belmont South - Blacksmiths,111011207,2021,5678
Belmont,NSW,2280,Belmont South - Blacksmiths,111011207,2022,5667
Belmont,NSW,2280,Belmont South - Blacksmiths,111011207,2023,5715
Belmont,NSW,2280,Belmont,203021037,2019,14975
Belmont,NSW,2280,Belmont,203021037,2020,15096
Belmont,NSW,2280,Belmont,203021037,2021,15000
Belmont,NSW,2280,Belmont,203021037,2022,14949
Belmont,NSW,2280,Belmont,203021037,2023,14993
Belmont,NSW,2280,Belmont - Gumdale,301011002,2019,7735
Belmont,NSW,2280,Belmont - Gumdale,301011002,2020,7666
Belmont,NSW,2280,Belmont - Gumdale,301011002,2021,7643
Belmont,NSW,2280,Belmont - Gumdale,301011002,2022,7685
Belmont,NSW,2280,Belmont - Gumdale,301011002,2023,7830
Belmont,NSW,2280,Belmont - Ascot - Redcliffe,506021118,2019,15297
Belmont,NSW,2280,Belmont - Ascot - Redcliffe,506021118,2020,15620
Belmont,NSW,2280,Belmont - Ascot - Redcliffe,506021118,2021,15697
Belmont,NSW,2280,Belmont - Ascot - Redcliffe,506021118,2022,15815
Belmont,NSW,2280,Belmont - Ascot - Redcliffe,506021118,2023,16306
Beresfield,NSW,2322,Beresfield - Hexham,111031223,2019,8644
Beresfield,NSW,2322,Beresfield - Hexham,111031223,2020,8623
Beresfield,NSW,2322,Beresfield - Hexham,111031223,2021,8612
Beresfield,NSW,2322,Beresfield - Hexham,111031223,2022,8659
Beresfield,NSW,2322,Beresfield - Hexham,111031223,2023,8640
Minto,NSW,2566,Leumeah - Minto Heights,123021441,2019,16934
Minto,NSW,2566,Leumeah - Minto Heights,123021441,2020,16904
Minto,NSW,2566,Leumeah - Minto Heights,123021441,2021,16809
Minto,NSW,2566,Leumeah - Minto Heights,123021441,2022,16798
Minto,NSW,2566,Leumeah - Minto Heights,123021441,2023,17054
Minto,NSW,2566,Minto - St Andrews,123021443,2019,21997
Minto,NSW,2566,Minto - St Andrews,123021443,2020,21862
Minto,NSW,2566,Minto - St Andrews,123021443,2021,21524
Minto,NSW,2566,Minto - St Andrews,123021443,2022,21470
Minto,NSW,2566,Minto - St Andrews,123021443,2023,21754
Miranda,NSW,1490,Miranda - Yowie Bay,128011530,2019,19778
Miranda,NSW,1490,Miranda - Yowie Bay,128011530,2020,20224
Miranda,NSW,1490,Miranda - Yowie Bay,128011530,2021,20782
Miranda,NSW,1490,Miranda - Yowie Bay,128011530,2022,21265
Miranda,NSW,1490,Miranda - Yowie Bay,128011530,2023,21781
Mittagong,NSW,2575,Mittagong,114021286,2019,10167
Mittagong,NSW,2575,Mittagong,114021286,2020,10565
Mittagong,NSW,2575,Mittagong,114021286,2021,10888
Mittagong,NSW,2575,Mittagong,114021286,2022,11012
Mittagong,NSW,2575,Mittagong,114021286,2023,11078
Nambucca Heads,NSW,2448,Nambucca Heads,108021158,2019,7022
Nambucca Heads,NSW,2448,Nambucca Heads,108021158,2020,7083
Nambucca Heads,NSW,2448,Nambucca Heads,108021158,2021,7116
Nambucca Heads,NSW,2448,Nambucca Heads,108021158,2022,7152
Nambucca Heads,NSW,2448,Nambucca Heads,108021158,2023,7153
Nambucca Heads,NSW,2448,Nambucca Heads Surrounds,108021159,2019,7981
Nambucca Heads,NSW,2448,Nambucca Heads Surrounds,108021159,2020,8033
Nambucca Heads,NSW,2448,Nambucca Heads Surrounds,108021159,2021,8088
Nambucca Heads,NSW,2448,Nambucca Heads Surrounds,108021159,2022,8176
Nambucca Heads,NSW,2448,Nambucca Heads Surrounds,108021159,2023,8276
Stockton,NSW,2295,Stockton - Fullerton Cove,111031232,2019,8393
Stockton,NSW,2295,Stockton - Fullerton Cove,111031232,2020,8580
Stockton,NSW,2295,Stockton - Fullerton Cove,111031232,2021,8822
Stockton,NSW,2295,Stockton - Fullerton Cove,111031232,2022,9141
Stockton,NSW,2295,Stockton - Fullerton Cove,111031232,2023,9349
Toongabbie,NSW,2146,Toongabbie - West,116011627,2019,11353
Toongabbie,NSW,2146,Toongabbie - West,116011627,2020,11521
Toongabbie,NSW,2146,Toongabbie - West,116011627,2021,11632
Toongabbie,NSW,2146,Toongabbie - West,116011627,2022,11704
Toongabbie,NSW,2146,Toongabbie - West,116011627,2023,11990
Toongabbie,NSW,2146,Toongabbie - Constitution Hill,125041493,2019,23294
Toongabbie,NSW,2146,Toongabbie - Constitution Hill,125041493,2020,23234
Toongabbie,NSW,2146,Toongabbie - Constitution Hill,125041493,2021,23013
Toongabbie,NSW,2146,Toongabbie - Constitution Hill,125041493,2022,23048
Toongabbie,NSW,2146,Toongabbie - Constitution Hill,125041493,2023,23451
Wadalba,NSW,2259,Warnervale - Wadalba,102021056,2019,18415
Wadalba,NSW,2259,Warnervale - Wadalba,102021056,2020,19280
Wadalba,NSW,2259,Warnervale - Wadalba,102021056,2021,20228
Wadalba,NSW,2259,Warnervale - Wadalba,102021056,2022,20973
Wadalba,NSW,2259,Warnervale - Wadalba,102021056,2023,21707
Wamberal,NSW,2260,Wamberal - Forresters Beach,102011041,2019,10534
Wamberal,NSW,2260,Wamberal - Forresters Beach,102011041,2020,10639
Wamberal,NSW,2260,Wamberal - Forresters Beach,102011041,2021,10693
Wamberal,NSW,2260,Wamberal - Forresters Beach,102011041,2022,10676
Wamberal,NSW,2260,Wamberal - Forresters Beach,102011041,2023,10790
Green Point,NSW,2251,Erina - Green Point,102011031,2019,14824
Green Point,NSW,2251,Erina - Green Point,102011031,2020,14859
Green Point,NSW,2251,Erina - Green Point,102011031,2021,14804
Green Point,NSW,2251,Erina - Green Point,102011031,2022,14652
Green Point,NSW,2251,Erina - Green Point,102011031,2023,14673
Mount Colah,NSW,2079,Asquith - Mount Colah,121021403,2019,21059
Mount Colah,NSW,2079,Asquith - Mount Colah,121021403,2020,21883
Mount Colah,NSW,2079,Asquith - Mount Colah,121021403,2021,22145
Mount Colah,NSW,2079,Asquith - Mount Colah,121021403,2022,22372
Mount Colah,NSW,2079,Asquith - Mount Colah,121021403,2023,22837
Naremburn,NSW,2065,St Leonards - Naremburn,121011401,2019,11786
Naremburn,NSW,2065,St Leonards - Naremburn,121011401,2020,12007
Naremburn,NSW,2065,St Leonards - Naremburn,121011401,2021,11993
Naremburn,NSW,2065,St Leonards - Naremburn,121011401,2022,12237
Naremburn,NSW,2065,St Leonards - Naremburn,121011401,2023,12913
Ocean Shores,NSW,2483,Brunswick Heads - Ocean Shores,112011239,2019,8885
Ocean Shores,NSW,2483,Brunswick Heads - Ocean Shores,112011239,2020,9046
Ocean Shores,NSW,2483,Brunswick Heads - Ocean Shores,112011239,2021,9148
Ocean Shores,NSW,2483,Brunswick Heads - Ocean Shores,112011239,2022,9284
Ocean Shores,NSW,2483,Brunswick Heads - Ocean Shores,112011239,2023,9428
Yagoona,NSW,2199,Yagoona - Birrong,119011361,2019,22498
Yagoona,NSW,2199,Yagoona - Birrong,119011361,2020,22750
Yagoona,NSW,2199,Yagoona - Birrong,119011361,2021,22584
Yagoona,NSW,2199,Yagoona - Birrong,119011361,2022,22626
Yagoona,NSW,2199,Yagoona - Birrong,119011361,2023,23042
Beaumont Hills,NSW,2155,Rouse Hill - Beaumont Hills,115041625,2019,17571
Beaumont Hills,NSW,2155,Rouse Hill - Beaumont Hills,115041625,2020,17703
Beaumont Hills,NSW,2155,Rouse Hill - Beaumont Hills,115041625,2021,17652
Beaumont Hills,NSW,2155,Rouse Hill - Beaumont Hills,115041625,2022,17714
Beaumont Hills,NSW,2155,Rouse Hill - Beaumont Hills,115041625,2023,18144
Bonnells Bay,NSW,2264,Bonnells Bay - Silverwater,111021216,2019,9370
Bonnells Bay,NSW,2264,Bonnells Bay - Silverwater,111021216,2020,9537
Bonnells Bay,NSW,2264,Bonnells Bay - Silverwater,111021216,2021,9698
Bonnells Bay,NSW,2264,Bonnells Bay - Silverwater,111021216,2022,9928
Bonnells Bay,NSW,2264,Bonnells Bay - Silverwater,111021216,2023,10028
Botany,NSW,1455,Botany,117011321,2019,12656
Botany,NSW,1455,Botany,117011321,2020,12901
Botany,NSW,1455,Botany,117011321,2021,13043
Botany,NSW,1455,Botany,117011321,2022,13255
Botany,NSW,1455,Botany,117011321,2023,13523
Botany,NSW,1455,Port Botany Industrial,117011324,2019,8
Botany,NSW,1455,Port Botany Industrial,117011324,2020,9
Botany,NSW,1455,Port Botany Industrial,117011324,2021,9
Botany,NSW,1455,Port Botany Industrial,117011324,2022,9
Botany,NSW,1455,Port Botany Industrial,117011324,2023,9
Forestville,NSW,2087,Forestville - Killarney Heights,122031427,2019,13335
Forestville,NSW,2087,Forestville - Killarney Heights,122031427,2020,13290
Forestville,NSW,2087,Forestville - Killarney Heights,122031427,2021,13161
Forestville,NSW,2087,Forestville - Killarney Heights,122031427,2022,13189
Forestville,NSW,2087,Forestville - Killarney Heights,122031427,2023,13377
Springwood,NSW,2777,Springwood,311061334,2019,9947
Springwood,NSW,2777,Springwood,311061334,2020,9968
Springwood,NSW,2777,Springwood,311061334,2021,9965
Springwood,NSW,2777,Springwood,311061334,2022,9989
Springwood,NSW,2777,Springwood,311061334,2023,10171
Springwood,NSW,2777,Springwood - Winmalee,124011454,2019,22176
Springwood,NSW,2777,Springwood - Winmalee,124011454,2020,22189
Springwood,NSW,2777,Springwood - Winmalee,124011454,2021,22089
Springwood,NSW,2777,Springwood - Winmalee,124011454,2022,21882
Springwood,NSW,2777,Springwood - Winmalee,124011454,2023,22066
Thirroul,NSW,2515,Thirroul - Austinmer - Coalcliff,107041148,2019,11866
Thirroul,NSW,2515,Thirroul - Austinmer - Coalcliff,107041148,2020,11925
Thirroul,NSW,2515,Thirroul - Austinmer - Coalcliff,107041148,2021,11912
Thirroul,NSW,2515,Thirroul - Austinmer - Coalcliff,107041148,2022,11946
Thirroul,NSW,2515,Thirroul - Austinmer - Coalcliff,107041148,2023,12023
Five Dock,NSW,2046,Five Dock - Abbotsford,120011386,2019,21494
Five Dock,NSW,2046,Five Dock - Abbotsford,120011386,2020,21376
Five Dock,NSW,2046,Five Dock - Abbotsford,120011386,2021,21003
Five Dock,NSW,2046,Five Dock - Abbotsford,120011386,2022,20839
Five Dock,NSW,2046,Five Dock - Abbotsford,120011386,2023,21181
Hornsby,NSW,1630,Hornsby - East,121021577,2019,12583
Hornsby,NSW,1630,Hornsby - East,121021577,2020,12546
Hornsby,NSW,1630,Hornsby - East,121021577,2021,11999
Hornsby,NSW,1630,Hornsby - East,121021577,2022,11939
Hornsby,NSW,1630,Hornsby - East,121021577,2023,12393
Hornsby,NSW,1630,Hornsby - West,121021578,2019,11141
Hornsby,NSW,1630,Hornsby - West,121021578,2020,10968
Hornsby,NSW,1630,Hornsby - West,121021578,2021,10654
Hornsby,NSW,1630,Hornsby - West,121021578,2022,10614
Hornsby,NSW,1630,Hornsby - West,121021578,2023,10737
Padstow,NSW,2211,Padstow,119011358,2019,17431
Padstow,NSW,2211,Padstow,119011358,2020,17392
Padstow,NSW,2211,Padstow,119011358,2021,17220
Padstow,NSW,2211,Padstow,119011358,2022,17080
Padstow,NSW,2211,Padstow,119011358,2023,17363
Swansea,NSW,2281,Swansea - Caves Beach,111011212,2019,12222
Swansea,NSW,2281,Swansea - Caves Beach,111011212,2020,12390
Swansea,NSW,2281,Swansea - Caves Beach,111011212,2021,12517
Swansea,NSW,2281,Swansea - Caves Beach,111011212,2022,12689
Swansea,NSW,2281,Swansea - Caves Beach,111011212,2023,12847
Wyong,NSW,2259,Wyong,102021057,2019,9196
Wyong,NSW,2259,Wyong,102021057,2020,9179
Wyong,NSW,2259,Wyong,102021057,2021,9196
Wyong,NSW,2259,Wyong,102021057,2022,9278
Wyong,NSW,2259,Wyong,102021057,2023,9301
Coogee,NSW,2034,Coogee - Clovelly,118021651,2019,20833
Coogee,NSW,2034,Coogee - Clovelly,118021651,2020,20474
Coogee,NSW,2034,Coogee - Clovelly,118021651,2021,19734
Coogee,NSW,2034,Coogee - Clovelly,118021651,2022,19435
Coogee,NSW,2034,Coogee - Clovelly,118021651,2023,20166
Coogee,NSW,2034,South Coogee,118021654,2019,5911
Coogee,NSW,2034,South Coogee,118021654,2020,5825
Coogee,NSW,2034,South Coogee,118021654,2021,5636
Coogee,NSW,2034,South Coogee,118021654,2022,5636
Coogee,NSW,2034,South Coogee,118021654,2023,5728
Coogee,NSW,2034,North Coogee,507011158,2019,3430
Coogee,NSW,2034,North Coogee,507011158,2020,3637
Coogee,NSW,2034,North Coogee,507011158,2021,3857
Coogee,NSW,2034,North Coogee,507011158,2022,4107
Coogee,NSW,2034,North Coogee,507011158,2023,4394
Coogee,NSW,2034,Coogee,507011152,2019,9613
Coogee,NSW,2034,Coogee,507011152,2020,9879
Coogee,NSW,2034,Coogee,507011152,2021,10123
Coogee,NSW,2034,Coogee,507011152,2022,10241
Coogee,NSW,2034,Coogee,507011152,2023,10567
Cremorne,NSW,2090,Cremorne - Cammeray,121041413,2019,19812
Cremorne,NSW,2090,Cremorne - Cammeray,121041413,2020,19528
Cremorne,NSW,2090,Cremorne - Cammeray,121041413,2021,18991
Cremorne,NSW,2090,Cremorne - Cammeray,121041413,2022,18932
Cremorne,NSW,2090,Cremorne - Cammeray,121041413,2023,19544
Cremorne,NSW,2090,Richmond (South) - Cremorne,206071517,2019,19082
Cremorne,NSW,2090,Richmond (South) - Cremorne,206071517,2020,18929
Cremorne,NSW,2090,Richmond (South) - Cremorne,206071517,2021,17977
Cremorne,NSW,2090,Richmond (South) - Cremorne,206071517,2022,17857
Cremorne,NSW,2090,Richmond (South) - Cremorne,206071517,2023,18684
Ermington,NSW,1700,Ermington - Rydalmere,125021477,2019,24052
Ermington,NSW,1700,Ermington - Rydalmere,125021477,2020,24507
Ermington,NSW,1700,Ermington - Rydalmere,125021477,2021,24826
Ermington,NSW,1700,Ermington - Rydalmere,125021477,2022,25196
Ermington,NSW,1700,Ermington - Rydalmere,125021477,2023,25926
Killara,NSW,2071,Gordon - Killara,121031407,2019,23090
Killara,NSW,2071,Gordon - Killara,121031407,2020,23048
Killara,NSW,2071,Gordon - Killara,121031407,2021,22602
Killara,NSW,2071,Gordon - Killara,121031407,2022,22444
Killara,NSW,2071,Gordon - Killara,121031407,2023,23277
Narara,NSW,2250,Narara,102011035,2019,7061
Narara,NSW,2250,Narara,102011035,2020,7142
Narara,NSW,2250,Narara,102011035,2021,7191
Narara,NSW,2250,Narara,102011035,2022,7270
Narara,NSW,2250,Narara,102011035,2023,7304
Oatley,NSW,2223,Oatley - Hurstville Grove,119031371,2019,13053
Oatley,NSW,2223,Oatley - Hurstville Grove,119031371,2020,12878
Oatley,NSW,2223,Oatley - Hurstville Grove,119031371,2021,12588
Oatley,NSW,2223,Oatley - Hurstville Grove,119031371,2022,12516
Oatley,NSW,2223,Oatley - Hurstville Grove,119031371,2023,12688
Oatley,NSW,2223,Mortdale - Oatley,119031666,2019,15199
Oatley,NSW,2223,Mortdale - Oatley,119031666,2020,15049
Oatley,NSW,2223,Mortdale - Oatley,119031666,2021,14719
Oatley,NSW,2223,Mortdale - Oatley,119031666,2022,14781
Oatley,NSW,2223,Mortdale - Oatley,119031666,2023,15014
Tumut,NSW,2720,Tumut Surrounds,113021262,2019,4751
Tumut,NSW,2720,Tumut Surrounds,113021262,2020,4748
Tumut,NSW,2720,Tumut Surrounds,113021262,2021,4736
Tumut,NSW,2720,Tumut Surrounds,113021262,2022,4750
Tumut,NSW,2720,Tumut Surrounds,113021262,2023,4781
Tumut,NSW,2720,Tumut,113021261,2019,6595
Tumut,NSW,2720,Tumut,113021261,2020,6659
Tumut,NSW,2720,Tumut,113021261,2021,6683
Tumut,NSW,2720,Tumut,113021261,2022,6678
Tumut,NSW,2720,Tumut,113021261,2023,6640
Wentworth Falls,NSW,2782,Wentworth Falls,124011455,2019,6419
Wentworth Falls,NSW,2782,Wentworth Falls,124011455,2020,6466
Wentworth Falls,NSW,2782,Wentworth Falls,124011455,2021,6437
Wentworth Falls,NSW,2782,Wentworth Falls,124011455,2022,6314
Wentworth Falls,NSW,2782,Wentworth Falls,124011455,2023,6376
Woollahra,NSW,1350,Woollahra,118011347,2019,8094
Woollahra,NSW,1350,Woollahra,118011347,2020,7847
Woollahra,NSW,1350,Woollahra,118011347,2021,7487
Woollahra,NSW,1350,Woollahra,118011347,2022,7479
Woollahra,NSW,1350,Woollahra,118011347,2023,7657
Yass,NSW,2582,Yass Surrounds,101061542,2019,12247
Yass,NSW,2582,Yass Surrounds,101061542,2020,12440
Yass,NSW,2582,Yass Surrounds,101061542,2021,12677
Yass,NSW,2582,Yass Surrounds,101061542,2022,12793
Yass,NSW,2582,Yass Surrounds,101061542,2023,12967
Yass,NSW,2582,Yass,101061541,2019,6770
Yass,NSW,2582,Yass,101061541,2020,6793
Yass,NSW,2582,Yass,101061541,2021,6759
Yass,NSW,2582,Yass,101061541,2022,6780
Yass,NSW,2582,Yass,101061541,2023,6807
Berala,NSW,2141,Berala,125011585,2019,9110
Berala,NSW,2141,Berala,125011585,2020,8938
Berala,NSW,2141,Berala,125011585,2021,8650
Berala,NSW,2141,Berala,125011585,2022,8505
Berala,NSW,2141,Berala,125011585,2023,8738
Glenfield,NSW,2167,Glenfield,123021704,2019,10560
Glenfield,NSW,2167,Glenfield,123021704,2020,10721
Glenfield,NSW,2167,Glenfield,123021704,2021,10596
Glenfield,NSW,2167,Glenfield,123021704,2022,10597
Glenfield,NSW,2167,Glenfield,123021704,2023,10739
Granville,NSW,1830,Granville - Clyde,125031481,2019,23404
Granville,NSW,1830,Granville - Clyde,125031481,2020,23569
Granville,NSW,1830,Granville - Clyde,125031481,2021,23442
Granville,NSW,1830,Granville - Clyde,125031481,2022,23633
Granville,NSW,1830,Granville - Clyde,125031481,2023,24410
Granville,NSW,1830,Guildford - South Granville,125031483,2019,22998
Granville,NSW,1830,Guildford - South Granville,125031483,2020,22980
Granville,NSW,1830,Guildford - South Granville,125031483,2021,22560
Granville,NSW,1830,Guildford - South Granville,125031483,2022,22546
Granville,NSW,1830,Guildford - South Granville,125031483,2023,23198
Granville,NSW,1830,Granville,319051523,2019,3108
Granville,NSW,1830,Granville,319051523,2020,3112
Granville,NSW,1830,Granville,319051523,2021,3072
Granville,NSW,1830,Granville,319051523,2022,3105
Granville,NSW,1830,Granville,319051523,2023,3137
Gwandalan,NSW,2259,Summerland Point - Gwandalan,102021052,2019,6292
Gwandalan,NSW,2259,Summerland Point - Gwandalan,102021052,2020,6404
Gwandalan,NSW,2259,Summerland Point - Gwandalan,102021052,2021,6520
Gwandalan,NSW,2259,Summerland Point - Gwandalan,102021052,2022,6630
Gwandalan,NSW,2259,Summerland Point - Gwandalan,102021052,2023,6754
Northmead,NSW,2152,Northmead,125041491,2019,21843
Northmead,NSW,2152,Northmead,125041491,2020,21445
Northmead,NSW,2152,Northmead,125041491,2021,20427
Northmead,NSW,2152,Northmead,125041491,2022,20411
Northmead,NSW,2152,Northmead,125041491,2023,21339
Plumpton,NSW,2761,Hassall Grove - Plumpton,116031315,2019,21898
Plumpton,NSW,2761,Hassall Grove - Plumpton,116031315,2020,21811
Plumpton,NSW,2761,Hassall Grove - Plumpton,116031315,2021,21576
Plumpton,NSW,2761,Hassall Grove - Plumpton,116031315,2022,21333
Plumpton,NSW,2761,Hassall Grove - Plumpton,116031315,2023,21424
Plumpton,NSW,2761,Fraser Rise - Plumpton,213041574,2019,8001
Plumpton,NSW,2761,Fraser Rise - Plumpton,213041574,2020,8767
Plumpton,NSW,2761,Fraser Rise - Plumpton,213041574,2021,10239
Plumpton,NSW,2761,Fraser Rise - Plumpton,213041574,2022,12991
Plumpton,NSW,2761,Fraser Rise - Plumpton,213041574,2023,16420
South Penrith,NSW,2750,Jamisontown - South Penrith,124031461,2019,17551
South Penrith,NSW,2750,Jamisontown - South Penrith,124031461,2020,17503
South Penrith,NSW,2750,Jamisontown - South Penrith,124031461,2021,17411
South Penrith,NSW,2750,Jamisontown - South Penrith,124031461,2022,17403
South Penrith,NSW,2750,Jamisontown - South Penrith,124031461,2023,17500
Campsie,NSW,2194,Campsie - South,119021660,2019,9623
Campsie,NSW,2194,Campsie - South,119021660,2020,9524
Campsie,NSW,2194,Campsie - South,119021660,2021,9114
Campsie,NSW,2194,Campsie - South,119021660,2022,9002
Campsie,NSW,2194,Campsie - South,119021660,2023,9314
Campsie,NSW,2194,Campsie - North,119021659,2019,12690
Campsie,NSW,2194,Campsie - North,119021659,2020,12518
Campsie,NSW,2194,Campsie - North,119021659,2021,11943
Campsie,NSW,2194,Campsie - North,119021659,2022,11814
Campsie,NSW,2194,Campsie - North,119021659,2023,12413
Helensburgh,NSW,2508,Helensburgh,107041147,2019,9191
Helensburgh,NSW,2508,Helensburgh,107041147,2020,9196
Helensburgh,NSW,2508,Helensburgh,107041147,2021,9126
Helensburgh,NSW,2508,Helensburgh,107041147,2022,9087
Helensburgh,NSW,2508,Helensburgh,107041147,2023,9087
Newport,NSW,2106,Newport - Bilgola,122021422,2019,13965
Newport,NSW,2106,Newport - Bilgola,122021422,2020,13905
Newport,NSW,2106,Newport - Bilgola,122021422,2021,13704
Newport,NSW,2106,Newport - Bilgola,122021422,2022,13518
Newport,NSW,2106,Newport - Bilgola,122021422,2023,13703
Newport,NSW,2106,Newport,213021344,2019,19261
Newport,NSW,2106,Newport,213021344,2020,19414
Newport,NSW,2106,Newport,213021344,2021,18983
Newport,NSW,2106,Newport,213021344,2022,18961
Newport,NSW,2106,Newport,213021344,2023,19487
Newport,NSW,2106,Scarborough - Newport,313051575,2019,13784
Newport,NSW,2106,Scarborough - Newport,313051575,2020,14631
Newport,NSW,2106,Scarborough - Newport,313051575,2021,15468
Newport,NSW,2106,Scarborough - Newport,313051575,2022,16185
Newport,NSW,2106,Scarborough - Newport,313051575,2023,16801
Smithfield,NSW,2164,Smithfield Industrial,125031486,2019,12
Smithfield,NSW,2164,Smithfield Industrial,125031486,2020,13
Smithfield,NSW,2164,Smithfield Industrial,125031486,2021,13
Smithfield,NSW,2164,Smithfield Industrial,125031486,2022,13
Smithfield,NSW,2164,Smithfield Industrial,125031486,2023,13
Smithfield,NSW,2164,Smithfield - Wetherill Park,127021519,2019,19672
Smithfield,NSW,2164,Smithfield - Wetherill Park,127021519,2020,19754
Smithfield,NSW,2164,Smithfield - Wetherill Park,127021519,2021,19551
Smithfield,NSW,2164,Smithfield - Wetherill Park,127021519,2022,19438
Smithfield,NSW,2164,Smithfield - Wetherill Park,127021519,2023,19832
Smithfield,NSW,2164,Trinity Beach - Smithfield,306011142,2019,16089
Smithfield,NSW,2164,Trinity Beach - Smithfield,306011142,2020,16644
Smithfield,NSW,2164,Trinity Beach - Smithfield,306011142,2021,17095
Smithfield,NSW,2164,Trinity Beach - Smithfield,306011142,2022,17904
Smithfield,NSW,2164,Trinity Beach - Smithfield,306011142,2023,18721
Smithfield,NSW,2164,Smithfield - Elizabeth North,402021034,2019,12515
Smithfield,NSW,2164,Smithfield - Elizabeth North,402021034,2020,12555
Smithfield,NSW,2164,Smithfield - Elizabeth North,402021034,2021,12603
Smithfield,NSW,2164,Smithfield - Elizabeth North,402021034,2022,12654
Smithfield,NSW,2164,Smithfield - Elizabeth North,402021034,2023,12772
Thornleigh,NSW,2120,Normanhurst - Thornleigh - Westleigh,121021406,2019,19322
Thornleigh,NSW,2120,Normanhurst - Thornleigh - Westleigh,121021406,2020,19363
Thornleigh,NSW,2120,Normanhurst - Thornleigh - Westleigh,121021406,2021,19205
Thornleigh,NSW,2120,Normanhurst - Thornleigh - Westleigh,121021406,2022,19213
Thornleigh,NSW,2120,Normanhurst - Thornleigh - Westleigh,121021406,2023,19585
Belmore,NSW,2192,Belmore - Belfield,119021362,2019,20538
Belmore,NSW,2192,Belmore - Belfield,119021362,2020,20651
Belmore,NSW,2192,Belmore - Belfield,119021362,2021,20406
Belmore,NSW,2192,Belmore - Belfield,119021362,2022,20503
Belmore,NSW,2192,Belmore - Belfield,119021362,2023,20875
Beverly Hills,NSW,2209,Narwee - Beverly Hills,119031370,2019,14353
Beverly Hills,NSW,2209,Narwee - Beverly Hills,119031370,2020,14202
Beverly Hills,NSW,2209,Narwee - Beverly Hills,119031370,2021,13822
Beverly Hills,NSW,2209,Narwee - Beverly Hills,119031370,2022,13679
Beverly Hills,NSW,2209,Narwee - Beverly Hills,119031370,2023,13822
Cronulla,NSW,2230,Cronulla - Kurnell - Bundeena,128011604,2019,24694
Cronulla,NSW,2230,Cronulla - Kurnell - Bundeena,128011604,2020,24668
Cronulla,NSW,2230,Cronulla - Kurnell - Bundeena,128011604,2021,24546
Cronulla,NSW,2230,Cronulla - Kurnell - Bundeena,128011604,2022,24583
Cronulla,NSW,2230,Cronulla - Kurnell - Bundeena,128011604,2023,25025
Eleebana,NSW,2282,Valentine - Eleebana,111011213,2019,12503
Eleebana,NSW,2282,Valentine - Eleebana,111011213,2020,12534
Eleebana,NSW,2282,Valentine - Eleebana,111011213,2021,12498
Eleebana,NSW,2282,Valentine - Eleebana,111011213,2022,12453
Eleebana,NSW,2282,Valentine - Eleebana,111011213,2023,12523
Maitland,NSW,2320,Maitland,106021114,2019,7838
Maitland,NSW,2320,Maitland,106021114,2020,8245
Maitland,NSW,2320,Maitland,106021114,2021,8661
Maitland,NSW,2320,Maitland,106021114,2022,9145
Maitland,NSW,2320,Maitland,106021114,2023,9370
Maitland,NSW,2320,Maitland - North,106021116,2019,8323
Maitland,NSW,2320,Maitland - North,106021116,2020,8540
Maitland,NSW,2320,Maitland - North,106021116,2021,8718
Maitland,NSW,2320,Maitland - North,106021116,2022,8948
Maitland,NSW,2320,Maitland - North,106021116,2023,9066
Maitland,NSW,2320,East Maitland - Metford,106021614,2019,18211
Maitland,NSW,2320,East Maitland - Metford,106021614,2020,18159
Maitland,NSW,2320,East Maitland - Metford,106021614,2021,18052
Maitland,NSW,2320,East Maitland - Metford,106021614,2022,18140
Maitland,NSW,2320,East Maitland - Metford,106021614,2023,18254
Maitland,NSW,2320,Tenambit - East Maitland,106021617,2019,9881
Maitland,NSW,2320,Tenambit - East Maitland,106021617,2020,9994
Maitland,NSW,2320,Tenambit - East Maitland,106021617,2021,10092
Maitland,NSW,2320,Tenambit - East Maitland,106021617,2022,10290
Maitland,NSW,2320,Tenambit - East Maitland,106021617,2023,10400
Mona Vale,NSW,1658,Mona Vale - Warriewood (North),122021690,2019,14707
Mona Vale,NSW,1658,Mona Vale - Warriewood (North),122021690,2020,14735
Mona Vale,NSW,1658,Mona Vale - Warriewood (North),122021690,2021,14631
Mona Vale,NSW,1658,Mona Vale - Warriewood (North),122021690,2022,14699
Mona Vale,NSW,1658,Mona Vale - Warriewood (North),122021690,2023,14818
Pennant Hills,NSW,1715,West Pennant Hills,115011296,2019,12981
Pennant Hills,NSW,1715,West Pennant Hills,115011296,2020,12894
Pennant Hills,NSW,1715,West Pennant Hills,115011296,2021,12701
Pennant Hills,NSW,1715,West Pennant Hills,115011296,2022,12394
Pennant Hills,NSW,1715,West Pennant Hills,115011296,2023,12500
Pennant Hills,NSW,1715,Pennant Hills - Cheltenham,126011496,2019,21991
Pennant Hills,NSW,1715,Pennant Hills - Cheltenham,126011496,2020,22033
Pennant Hills,NSW,1715,Pennant Hills - Cheltenham,126011496,2021,21819
Pennant Hills,NSW,1715,Pennant Hills - Cheltenham,126011496,2022,21797
Pennant Hills,NSW,1715,Pennant Hills - Cheltenham,126011496,2023,22047
Seaforth,NSW,2092,Balgowlah - Clontarf - Seaforth,122011418,2019,21195
Seaforth,NSW,2092,Balgowlah - Clontarf - Seaforth,122011418,2020,21107
Seaforth,NSW,2092,Balgowlah - Clontarf - Seaforth,122011418,2021,20858
Seaforth,NSW,2092,Balgowlah - Clontarf - Seaforth,122011418,2022,20548
Seaforth,NSW,2092,Balgowlah - Clontarf - Seaforth,122011418,2023,20833
Seaforth,NSW,2092,Seaforth - Calen,312021353,2019,8090
Seaforth,NSW,2092,Seaforth - Calen,312021353,2020,8139
Seaforth,NSW,2092,Seaforth - Calen,312021353,2021,8243
Seaforth,NSW,2092,Seaforth - Calen,312021353,2022,8355
Seaforth,NSW,2092,Seaforth - Calen,312021353,2023,8508
Winmalee,NSW,2777,Springwood - Winmalee,124011454,2019,22176
Winmalee,NSW,2777,Springwood - Winmalee,124011454,2020,22189
Winmalee,NSW,2777,Springwood - Winmalee,124011454,2021,22089
Winmalee,NSW,2777,Springwood - Winmalee,124011454,2022,21882
Winmalee,NSW,2777,Springwood - Winmalee,124011454,2023,22066
Wollongong,NSW,2500,Wollongong - East,107041548,2019,15718
Wollongong,NSW,2500,Wollongong - East,107041548,2020,15923
Wollongong,NSW,2500,Wollongong - East,107041548,2021,16039
Wollongong,NSW,2500,Wollongong - East,107041548,2022,16683
Wollongong,NSW,2500,Wollongong - East,107041548,2023,17078
Wollongong,NSW,2500,Wollongong - West,107041549,2019,17272
Wollongong,NSW,2500,Wollongong - West,107041549,2020,17058
Wollongong,NSW,2500,Wollongong - West,107041549,2021,16595
Wollongong,NSW,2500,Wollongong - West,107041549,2022,16759
Wollongong,NSW,2500,Wollongong - West,107041549,2023,17039
Balgowlah,NSW,2093,Balgowlah - Clontarf - Seaforth,122011418,2019,21195
Balgowlah,NSW,2093,Balgowlah - Clontarf - Seaforth,122011418,2020,21107
Balgowlah,NSW,2093,Balgowlah - Clontarf - Seaforth,122011418,2021,20858
Balgowlah,NSW,2093,Balgowlah - Clontarf - Seaforth,122011418,2022,20548
Balgowlah,NSW,2093,Balgowlah - Clontarf - Seaforth,122011418,2023,20833
Belrose,NSW,2085,Belrose,122031692,2019,8921
Belrose,NSW,2085,Belrose,122031692,2020,8811
Belrose,NSW,2085,Belrose,122031692,2021,8668
Belrose,NSW,2085,Belrose,122031692,2022,8637
Belrose,NSW,2085,Belrose,122031692,2023,8736
Bronte,NSW,2024,Bondi - Tamarama - Bronte,118011339,2019,19701
Bronte,NSW,2024,Bondi - Tamarama - Bronte,118011339,2020,19685
Bronte,NSW,2024,Bondi - Tamarama - Bronte,118011339,2021,19294
Bronte,NSW,2024,Bondi - Tamarama - Bronte,118011339,2022,19268
Bronte,NSW,2024,Bondi - Tamarama - Bronte,118011339,2023,19749
Cecil Hills,NSW,2171,Cecil Hills,127011593,2019,7157
Cecil Hills,NSW,2171,Cecil Hills,127011593,2020,7038
Cecil Hills,NSW,2171,Cecil Hills,127011593,2021,6928
Cecil Hills,NSW,2171,Cecil Hills,127011593,2022,6856
Cecil Hills,NSW,2171,Cecil Hills,127011593,2023,6852
Corowa,NSW,2646,Corowa Surrounds,109031181,2019,7014
Corowa,NSW,2646,Corowa Surrounds,109031181,2020,7113
Corowa,NSW,2646,Corowa Surrounds,109031181,2021,7221
Corowa,NSW,2646,Corowa Surrounds,109031181,2022,7299
Corowa,NSW,2646,Corowa Surrounds,109031181,2023,7388
Corowa,NSW,2646,Corowa,109031180,2019,5567
Corowa,NSW,2646,Corowa,109031180,2020,5574
Corowa,NSW,2646,Corowa,109031180,2021,5568
Corowa,NSW,2646,Corowa,109031180,2022,5539
Corowa,NSW,2646,Corowa,109031180,2023,5549
Glebe,NSW,2037,Glebe - Forest Lodge,117031331,2019,21582
Glebe,NSW,2037,Glebe - Forest Lodge,117031331,2020,21334
Glebe,NSW,2037,Glebe - Forest Lodge,117031331,2021,20494
Glebe,NSW,2037,Glebe - Forest Lodge,117031331,2022,20639
Glebe,NSW,2037,Glebe - Forest Lodge,117031331,2023,21505
Green Valley,NSW,2168,Green Valley,127011594,2019,13083
Green Valley,NSW,2168,Green Valley,127011594,2020,13049
Green Valley,NSW,2168,Green Valley,127011594,2021,12955
Green Valley,NSW,2168,Green Valley,127011594,2022,12780
Green Valley,NSW,2168,Green Valley,127011594,2023,12800
Gunnedah,NSW,2380,Gunnedah,110041199,2019,9780
Gunnedah,NSW,2380,Gunnedah,110041199,2020,9856
Gunnedah,NSW,2380,Gunnedah,110041199,2021,9883
Gunnedah,NSW,2380,Gunnedah,110041199,2022,9911
Gunnedah,NSW,2380,Gunnedah,110041199,2023,10017
Gunnedah,NSW,2380,Gunnedah Surrounds,110041200,2019,4299
Gunnedah,NSW,2380,Gunnedah Surrounds,110041200,2020,4331
Gunnedah,NSW,2380,Gunnedah Surrounds,110041200,2021,4392
Gunnedah,NSW,2380,Gunnedah Surrounds,110041200,2022,4413
Gunnedah,NSW,2380,Gunnedah Surrounds,110041200,2023,4434
Hinchinbrook,NSW,2168,Hinchinbrook,127011595,2019,13359
Hinchinbrook,NSW,2168,Hinchinbrook,127011595,2020,13306
Hinchinbrook,NSW,2168,Hinchinbrook,127011595,2021,13064
Hinchinbrook,NSW,2168,Hinchinbrook,127011595,2022,12995
Hinchinbrook,NSW,2168,Hinchinbrook,127011595,2023,13022
Kincumber,NSW,2251,Kincumber - Picketts Valley,102011034,2019,7621
Kincumber,NSW,2251,Kincumber - Picketts Valley,102011034,2020,7637
Kincumber,NSW,2251,Kincumber - Picketts Valley,102011034,2021,7629
Kincumber,NSW,2251,Kincumber - Picketts Valley,102011034,2022,7536
Kincumber,NSW,2251,Kincumber - Picketts Valley,102011034,2023,7598
Picnic Point,NSW,2213,Panania (South) - Picnic Point,119011658,2019,15981
Picnic Point,NSW,2213,Panania (South) - Picnic Point,119011658,2020,16030
Picnic Point,NSW,2213,Panania (South) - Picnic Point,119011658,2021,16017
Picnic Point,NSW,2213,Panania (South) - Picnic Point,119011658,2022,16059
Picnic Point,NSW,2213,Panania (South) - Picnic Point,119011658,2023,16254
Tuncurry,NSW,2428,Forster-Tuncurry Surrounds,108011153,2019,6636
Tuncurry,NSW,2428,Forster-Tuncurry Surrounds,108011153,2020,6793
Tuncurry,NSW,2428,Forster-Tuncurry Surrounds,108011153,2021,6963
Tuncurry,NSW,2428,Forster-Tuncurry Surrounds,108011153,2022,7067
Tuncurry,NSW,2428,Forster-Tuncurry Surrounds,108011153,2023,7127
Tuncurry,NSW,2428,Tuncurry,108011154,2019,6403
Tuncurry,NSW,2428,Tuncurry,108011154,2020,6366
Tuncurry,NSW,2428,Tuncurry,108011154,2021,6328
Tuncurry,NSW,2428,Tuncurry,108011154,2022,6349
Tuncurry,NSW,2428,Tuncurry,108011154,2023,6337
Valentine,NSW,2280,Valentine - Eleebana,111011213,2019,12503
Valentine,NSW,2280,Valentine - Eleebana,111011213,2020,12534
Valentine,NSW,2280,Valentine - Eleebana,111011213,2021,12498
Valentine,NSW,2280,Valentine - Eleebana,111011213,2022,12453
Valentine,NSW,2280,Valentine - Eleebana,111011213,2023,12523
Allambie Heights,NSW,2100,Manly Vale - Allambie Heights,122031430,2019,17888
Allambie Heights,NSW,2100,Manly Vale - Allambie Heights,122031430,2020,17849
Allambie Heights,NSW,2100,Manly Vale - Allambie Heights,122031430,2021,17623
Allambie Heights,NSW,2100,Manly Vale - Allambie Heights,122031430,2022,17418
Allambie Heights,NSW,2100,Manly Vale - Allambie Heights,122031430,2023,17668
Casino,NSW,2470,Casino,112021244,2019,12507
Casino,NSW,2470,Casino,112021244,2020,12455
Casino,NSW,2470,Casino,112021244,2021,12335
Casino,NSW,2470,Casino,112021244,2022,12342
Casino,NSW,2470,Casino,112021244,2023,12243
Casino,NSW,2470,Casino Surrounds,112021245,2019,7241
Casino,NSW,2470,Casino Surrounds,112021245,2020,7310
Casino,NSW,2470,Casino Surrounds,112021245,2021,7371
Casino,NSW,2470,Casino Surrounds,112021245,2022,7452
Casino,NSW,2470,Casino Surrounds,112021245,2023,7482
Glenwood,NSW,2768,Glenwood,116021309,2019,16458
Glenwood,NSW,2768,Glenwood,116021309,2020,16205
Glenwood,NSW,2768,Glenwood,116021309,2021,15876
Glenwood,NSW,2768,Glenwood,116021309,2022,15793
Glenwood,NSW,2768,Glenwood,116021309,2023,16057
Kariong,NSW,2250,Kariong,102011033,2019,6570
Kariong,NSW,2250,Kariong,102011033,2020,6566
Kariong,NSW,2250,Kariong,102011033,2021,6518
Kariong,NSW,2250,Kariong,102011033,2022,6408
Kariong,NSW,2250,Kariong,102011033,2023,6466
Murwillumbah,NSW,2484,Murwillumbah,112031251,2019,9476
Murwillumbah,NSW,2484,Murwillumbah,112031251,2020,9512
Murwillumbah,NSW,2484,Murwillumbah,112031251,2021,9479
Murwillumbah,NSW,2484,Murwillumbah,112031251,2022,9481
Murwillumbah,NSW,2484,Murwillumbah,112031251,2023,9485
Murwillumbah,NSW,2484,Murwillumbah Surrounds,112031252,2019,10117
Murwillumbah,NSW,2484,Murwillumbah Surrounds,112031252,2020,10214
Murwillumbah,NSW,2484,Murwillumbah Surrounds,112031252,2021,10316
Murwillumbah,NSW,2484,Murwillumbah Surrounds,112031252,2022,10462
Murwillumbah,NSW,2484,Murwillumbah Surrounds,112031252,2023,10588
Pyrmont,NSW,2009,Pyrmont,117031641,2019,13926
Pyrmont,NSW,2009,Pyrmont,117031641,2020,13785
Pyrmont,NSW,2009,Pyrmont,117031641,2021,12785
Pyrmont,NSW,2009,Pyrmont,117031641,2022,12977
Pyrmont,NSW,2009,Pyrmont,117031641,2023,13735
Cambridge Park,NSW,2747,Cambridge Park,124031457,2019,16192
Cambridge Park,NSW,2747,Cambridge Park,124031457,2020,16192
Cambridge Park,NSW,2747,Cambridge Park,124031457,2021,16118
Cambridge Park,NSW,2747,Cambridge Park,124031457,2022,16179
Cambridge Park,NSW,2747,Cambridge Park,124031457,2023,16308
Junee,NSW,2663,Junee,113031265,2019,6400
Junee,NSW,2663,Junee,113031265,2020,6404
Junee,NSW,2663,Junee,113031265,2021,6386
Junee,NSW,2663,Junee,113031265,2022,6384
Junee,NSW,2663,Junee,113031265,2023,6435
Lane Cove,NSW,1595,Chatswood (West) - Lane Cove North,121011399,2019,22417
Lane Cove,NSW,1595,Chatswood (West) - Lane Cove North,121011399,2020,22187
Lane Cove,NSW,1595,Chatswood (West) - Lane Cove North,121011399,2021,21417
Lane Cove,NSW,1595,Chatswood (West) - Lane Cove North,121011399,2022,21622
Lane Cove,NSW,1595,Chatswood (West) - Lane Cove North,121011399,2023,22564
Lane Cove,NSW,1595,Lane Cove,121011686,2019,15698
Lane Cove,NSW,1595,Lane Cove,121011686,2020,15901
Lane Cove,NSW,1595,Lane Cove,121011686,2021,15937
Lane Cove,NSW,1595,Lane Cove,121011686,2022,16070
Lane Cove,NSW,1595,Lane Cove,121011686,2023,16385
Toronto,NSW,2283,Toronto - Awaba,111021219,2019,13856
Toronto,NSW,2283,Toronto - Awaba,111021219,2020,13917
Toronto,NSW,2283,Toronto - Awaba,111021219,2021,13961
Toronto,NSW,2283,Toronto - Awaba,111021219,2022,14097
Toronto,NSW,2283,Toronto - Awaba,111021219,2023,14101
Wangi Wangi,NSW,2267,Wangi Wangi - Rathmines,111021220,2019,9332
Wangi Wangi,NSW,2267,Wangi Wangi - Rathmines,111021220,2020,9406
Wangi Wangi,NSW,2267,Wangi Wangi - Rathmines,111021220,2021,9458
Wangi Wangi,NSW,2267,Wangi Wangi - Rathmines,111021220,2022,9495
Wangi Wangi,NSW,2267,Wangi Wangi - Rathmines,111021220,2023,9596
Carrington,NSW,2294,Wickham - Carrington - Tighes Hill,111031235,2019,8720
Carrington,NSW,2294,Wickham - Carrington - Tighes Hill,111031235,2020,8935
Carrington,NSW,2294,Wickham - Carrington - Tighes Hill,111031235,2021,9209
Carrington,NSW,2294,Wickham - Carrington - Tighes Hill,111031235,2022,9513
Carrington,NSW,2294,Wickham - Carrington - Tighes Hill,111031235,2023,9906
Freshwater,NSW,2096,Freshwater - Brookvale,122031429,2019,22581
Freshwater,NSW,2096,Freshwater - Brookvale,122031429,2020,22439
Freshwater,NSW,2096,Freshwater - Brookvale,122031429,2021,22014
Freshwater,NSW,2096,Freshwater - Brookvale,122031429,2022,22011
Freshwater,NSW,2096,Freshwater - Brookvale,122031429,2023,22682
Freshwater,NSW,2096,Freshwater - Stratford,306011140,2019,3787
Freshwater,NSW,2096,Freshwater - Stratford,306011140,2020,3781
Freshwater,NSW,2096,Freshwater - Stratford,306011140,2021,3781
Freshwater,NSW,2096,Freshwater - Stratford,306011140,2022,3769
Freshwater,NSW,2096,Freshwater - Stratford,306011140,2023,3821
Glendenning,NSW,2761,Glendenning - Dean Park,116031314,2019,8598
Glendenning,NSW,2761,Glendenning - Dean Park,116031314,2020,8529
Glendenning,NSW,2761,Glendenning - Dean Park,116031314,2021,8415
Glendenning,NSW,2761,Glendenning - Dean Park,116031314,2022,8392
Glendenning,NSW,2761,Glendenning - Dean Park,116031314,2023,8506
Menai,NSW,2234,Menai - Lucas Heights - Woronora,128021535,2019,21431
Menai,NSW,2234,Menai - Lucas Heights - Woronora,128021535,2020,21274
Menai,NSW,2234,Menai - Lucas Heights - Woronora,128021535,2021,21011
Menai,NSW,2234,Menai - Lucas Heights - Woronora,128021535,2022,20818
Menai,NSW,2234,Menai - Lucas Heights - Woronora,128021535,2023,20896
Merimbula,NSW,2548,Merimbula - Tura Beach,101041025,2019,11275
Merimbula,NSW,2548,Merimbula - Tura Beach,101041025,2020,11380
Merimbula,NSW,2548,Merimbula - Tura Beach,101041025,2021,11429
Merimbula,NSW,2548,Merimbula - Tura Beach,101041025,2022,11505
Merimbula,NSW,2548,Merimbula - Tura Beach,101041025,2023,11597
Metford,NSW,2323,East Maitland - Metford,106021614,2019,18211
Metford,NSW,2323,East Maitland - Metford,106021614,2020,18159
Metford,NSW,2323,East Maitland - Metford,106021614,2021,18052
Metford,NSW,2323,East Maitland - Metford,106021614,2022,18140
Metford,NSW,2323,East Maitland - Metford,106021614,2023,18254
Mount Hutton,NSW,2290,Mount Hutton - Windale,111011210,2019,9397
Mount Hutton,NSW,2290,Mount Hutton - Windale,111011210,2020,9484
Mount Hutton,NSW,2290,Mount Hutton - Windale,111011210,2021,9545
Mount Hutton,NSW,2290,Mount Hutton - Windale,111011210,2022,9596
Mount Hutton,NSW,2290,Mount Hutton - Windale,111011210,2023,9618
North Bondi,NSW,2026,Bondi Beach - North Bondi,118011340,2019,22892
North Bondi,NSW,2026,Bondi Beach - North Bondi,118011340,2020,22429
North Bondi,NSW,2026,Bondi Beach - North Bondi,118011340,2021,21052
North Bondi,NSW,2026,Bondi Beach - North Bondi,118011340,2022,21109
North Bondi,NSW,2026,Bondi Beach - North Bondi,118011340,2023,21996
Temora,NSW,2666,Temora,113031266,2019,6721
Temora,NSW,2666,Temora,113031266,2020,6664
Temora,NSW,2666,Temora,113031266,2021,6587
Temora,NSW,2666,Temora,113031266,2022,6569
Temora,NSW,2666,Temora,113031266,2023,6588
Vincentia,NSW,2540,Huskisson - Vincentia,114011276,2019,4583
Vincentia,NSW,2540,Huskisson - Vincentia,114011276,2020,4707
Vincentia,NSW,2540,Huskisson - Vincentia,114011276,2021,4824
Vincentia,NSW,2540,Huskisson - Vincentia,114011276,2022,4914
Vincentia,NSW,2540,Huskisson - Vincentia,114011276,2023,4962
Blaxland,NSW,2774,Blaxland - Warrimoo - Lapstone,124011450,2019,19358
Blaxland,NSW,2774,Blaxland - Warrimoo - Lapstone,124011450,2020,19282
Blaxland,NSW,2774,Blaxland - Warrimoo - Lapstone,124011450,2021,19045
Blaxland,NSW,2774,Blaxland - Warrimoo - Lapstone,124011450,2022,19059
Blaxland,NSW,2774,Blaxland - Warrimoo - Lapstone,124011450,2023,19196
Bligh Park,NSW,2756,Windsor - Bligh Park,124041467,2019,15582
Bligh Park,NSW,2756,Windsor - Bligh Park,124041467,2020,15535
Bligh Park,NSW,2756,Windsor - Bligh Park,124041467,2021,15394
Bligh Park,NSW,2756,Windsor - Bligh Park,124041467,2022,15359
Bligh Park,NSW,2756,Windsor - Bligh Park,124041467,2023,15398
Bonny Hills,NSW,2445,Laurieton - Bonny Hills,108041162,2019,17941
Bonny Hills,NSW,2445,Laurieton - Bonny Hills,108041162,2020,18238
Bonny Hills,NSW,2445,Laurieton - Bonny Hills,108041162,2021,18418
Bonny Hills,NSW,2445,Laurieton - Bonny Hills,108041162,2022,18656
Bonny Hills,NSW,2445,Laurieton - Bonny Hills,108041162,2023,19000
Crows Nest,NSW,1582,Crows Nest - Waverton,121041414,2019,18936
Crows Nest,NSW,1582,Crows Nest - Waverton,121041414,2020,18659
Crows Nest,NSW,1582,Crows Nest - Waverton,121041414,2021,18037
Crows Nest,NSW,1582,Crows Nest - Waverton,121041414,2022,17944
Crows Nest,NSW,1582,Crows Nest - Waverton,121041414,2023,18608
Crows Nest,NSW,1582,Crows Nest - Rosalie,307021179,2019,9063
Crows Nest,NSW,1582,Crows Nest - Rosalie,307021179,2020,9154
Crows Nest,NSW,1582,Crows Nest - Rosalie,307021179,2021,9261
Crows Nest,NSW,1582,Crows Nest - Rosalie,307021179,2022,9398
Crows Nest,NSW,1582,Crows Nest - Rosalie,307021179,2023,9588
Deniliquin,NSW,2710,Deniliquin Surrounds,109031183,2019,6816
Deniliquin,NSW,2710,Deniliquin Surrounds,109031183,2020,6820
Deniliquin,NSW,2710,Deniliquin Surrounds,109031183,2021,6814
Deniliquin,NSW,2710,Deniliquin Surrounds,109031183,2022,6835
Deniliquin,NSW,2710,Deniliquin Surrounds,109031183,2023,6861
Deniliquin,NSW,2710,Deniliquin,109031182,2019,7235
Deniliquin,NSW,2710,Deniliquin,109031182,2020,7122
Deniliquin,NSW,2710,Deniliquin,109031182,2021,7015
Deniliquin,NSW,2710,Deniliquin,109031182,2022,7031
Deniliquin,NSW,2710,Deniliquin,109031182,2023,7044
Doonside,NSW,2767,Doonside - Woodcroft,116011306,2019,23805
Doonside,NSW,2767,Doonside - Woodcroft,116011306,2020,23763
Doonside,NSW,2767,Doonside - Woodcroft,116011306,2021,23605
Doonside,NSW,2767,Doonside - Woodcroft,116011306,2022,23461
Doonside,NSW,2767,Doonside - Woodcroft,116011306,2023,23743
Fairlight,NSW,2094,Manly - Fairlight,122011419,2019,23694
Fairlight,NSW,2094,Manly - Fairlight,122011419,2020,23531
Fairlight,NSW,2094,Manly - Fairlight,122011419,2021,22732
Fairlight,NSW,2094,Manly - Fairlight,122011419,2022,22794
Fairlight,NSW,2094,Manly - Fairlight,122011419,2023,23648
North Ryde,NSW,1671,North Ryde - East Ryde,126021501,2019,14919
North Ryde,NSW,1671,North Ryde - East Ryde,126021501,2020,15418
North Ryde,NSW,1671,North Ryde - East Ryde,126021501,2021,15675
North Ryde,NSW,1671,North Ryde - East Ryde,126021501,2022,15689
North Ryde,NSW,1671,North Ryde - East Ryde,126021501,2023,15970
Putney,NSW,2112,Putney,126021590,2019,4256
Putney,NSW,2112,Putney,126021590,2020,4240
Putney,NSW,2112,Putney,126021590,2021,4165
Putney,NSW,2112,Putney,126021590,2022,4171
Putney,NSW,2112,Putney,126021590,2023,4210
Rose Bay,NSW,2029,Rose Bay - Vaucluse - Watsons Bay,118011346,2019,12392
Rose Bay,NSW,2029,Rose Bay - Vaucluse - Watsons Bay,118011346,2020,12288
Rose Bay,NSW,2029,Rose Bay - Vaucluse - Watsons Bay,118011346,2021,12034
Rose Bay,NSW,2029,Rose Bay - Vaucluse - Watsons Bay,118011346,2022,11850
Rose Bay,NSW,2029,Rose Bay - Vaucluse - Watsons Bay,118011346,2023,11843
Rose Bay,NSW,2029,Lindisfarne - Rose Bay,601021008,2019,7715
Rose Bay,NSW,2029,Lindisfarne - Rose Bay,601021008,2020,7814
Rose Bay,NSW,2029,Lindisfarne - Rose Bay,601021008,2021,7902
Rose Bay,NSW,2029,Lindisfarne - Rose Bay,601021008,2022,7879
Rose Bay,NSW,2029,Lindisfarne - Rose Bay,601021008,2023,7832
Summer Hill,NSW,2130,Haberfield - Summer Hill,120031395,2019,13998
Summer Hill,NSW,2130,Haberfield - Summer Hill,120031395,2020,13926
Summer Hill,NSW,2130,Haberfield - Summer Hill,120031395,2021,13560
Summer Hill,NSW,2130,Haberfield - Summer Hill,120031395,2022,13526
Summer Hill,NSW,2130,Haberfield - Summer Hill,120031395,2023,13887
Warriewood,NSW,2102,North Narrabeen - Warriewood (South),122021691,2019,10935
Warriewood,NSW,2102,North Narrabeen - Warriewood (South),122021691,2020,10929
Warriewood,NSW,2102,North Narrabeen - Warriewood (South),122021691,2021,10898
Warriewood,NSW,2102,North Narrabeen - Warriewood (South),122021691,2022,10907
Warriewood,NSW,2102,North Narrabeen - Warriewood (South),122021691,2023,11098
Warriewood,NSW,2102,Mona Vale - Warriewood (North),122021690,2019,14707
Warriewood,NSW,2102,Mona Vale - Warriewood (North),122021690,2020,14735
Warriewood,NSW,2102,Mona Vale - Warriewood (North),122021690,2021,14631
Warriewood,NSW,2102,Mona Vale - Warriewood (North),122021690,2022,14699
Warriewood,NSW,2102,Mona Vale - Warriewood (North),122021690,2023,14818
Abbotsford,NSW,2046,Abbotsford,206071139,2019,9594
Abbotsford,NSW,2046,Abbotsford,206071139,2020,9672
Abbotsford,NSW,2046,Abbotsford,206071139,2021,9258
Abbotsford,NSW,2046,Abbotsford,206071139,2022,9513
Abbotsford,NSW,2046,Abbotsford,206071139,2023,10008
Abbotsford,NSW,2046,Five Dock - Abbotsford,120011386,2019,21494
Abbotsford,NSW,2046,Five Dock - Abbotsford,120011386,2020,21376
Abbotsford,NSW,2046,Five Dock - Abbotsford,120011386,2021,21003
Abbotsford,NSW,2046,Five Dock - Abbotsford,120011386,2022,20839
Abbotsford,NSW,2046,Five Dock - Abbotsford,120011386,2023,21181
Bega,NSW,2550,Bega - Tathra,101041019,2019,8754
Bega,NSW,2550,Bega - Tathra,101041019,2020,8821
Bega,NSW,2550,Bega - Tathra,101041019,2021,8847
Bega,NSW,2550,Bega - Tathra,101041019,2022,8869
Bega,NSW,2550,Bega - Tathra,101041019,2023,8926
Bega,NSW,2550,Bega-Eden Hinterland,101041020,2019,9242
Bega,NSW,2550,Bega-Eden Hinterland,101041020,2020,9378
Bega,NSW,2550,Bega-Eden Hinterland,101041020,2021,9530
Bega,NSW,2550,Bega-Eden Hinterland,101041020,2022,9630
Bega,NSW,2550,Bega-Eden Hinterland,101041020,2023,9711
Cammeray,NSW,2062,Cremorne - Cammeray,121041413,2019,19812
Cammeray,NSW,2062,Cremorne - Cammeray,121041413,2020,19528
Cammeray,NSW,2062,Cremorne - Cammeray,121041413,2021,18991
Cammeray,NSW,2062,Cremorne - Cammeray,121041413,2022,18932
Cammeray,NSW,2062,Cremorne - Cammeray,121041413,2023,19544
Elermore Vale,NSW,2287,Wallsend - Elermore Vale,111031233,2019,20686
Elermore Vale,NSW,2287,Wallsend - Elermore Vale,111031233,2020,20904
Elermore Vale,NSW,2287,Wallsend - Elermore Vale,111031233,2021,21038
Elermore Vale,NSW,2287,Wallsend - Elermore Vale,111031233,2022,21136
Elermore Vale,NSW,2287,Wallsend - Elermore Vale,111031233,2023,21395
Glenhaven,NSW,2156,Glenhaven,115011294,2019,6500
Glenhaven,NSW,2156,Glenhaven,115011294,2020,6466
Glenhaven,NSW,2156,Glenhaven,115011294,2021,6368
Glenhaven,NSW,2156,Glenhaven,115011294,2022,6326
Glenhaven,NSW,2156,Glenhaven,115011294,2023,6350
Inverell,NSW,2360,Inverell Surrounds - East,110021192,2019,5293
Inverell,NSW,2360,Inverell Surrounds - East,110021192,2020,5262
Inverell,NSW,2360,Inverell Surrounds - East,110021192,2021,5229
Inverell,NSW,2360,Inverell Surrounds - East,110021192,2022,5231
Inverell,NSW,2360,Inverell Surrounds - East,110021192,2023,5247
Inverell,NSW,2360,Inverell Surrounds - West,110021193,2019,5945
Inverell,NSW,2360,Inverell Surrounds - West,110021193,2020,5839
Inverell,NSW,2360,Inverell Surrounds - West,110021193,2021,5721
Inverell,NSW,2360,Inverell Surrounds - West,110021193,2022,5737
Inverell,NSW,2360,Inverell Surrounds - West,110021193,2023,5744
Inverell,NSW,2360,Inverell,110021191,2019,12090
Inverell,NSW,2360,Inverell,110021191,2020,12130
Inverell,NSW,2360,Inverell,110021191,2021,12104
Inverell,NSW,2360,Inverell,110021191,2022,12167
Inverell,NSW,2360,Inverell,110021191,2023,12271
Kings Langley,NSW,2147,Lalor Park - Kings Langley,116011307,2019,25947
Kings Langley,NSW,2147,Lalor Park - Kings Langley,116011307,2020,25868
Kings Langley,NSW,2147,Lalor Park - Kings Langley,116011307,2021,25568
Kings Langley,NSW,2147,Lalor Park - Kings Langley,116011307,2022,25556
Kings Langley,NSW,2147,Lalor Park - Kings Langley,116011307,2023,25777
Kingscliff,NSW,2487,Kingscliff - Fingal Head,112031250,2019,14440
Kingscliff,NSW,2487,Kingscliff - Fingal Head,112031250,2020,14711
Kingscliff,NSW,2487,Kingscliff - Fingal Head,112031250,2021,14811
Kingscliff,NSW,2487,Kingscliff - Fingal Head,112031250,2022,14888
Kingscliff,NSW,2487,Kingscliff - Fingal Head,112031250,2023,15028
Leura,NSW,2780,Katoomba - Leura,124011452,2019,13608
Leura,NSW,2780,Katoomba - Leura,124011452,2020,13582
Leura,NSW,2780,Katoomba - Leura,124011452,2021,13377
Leura,NSW,2780,Katoomba - Leura,124011452,2022,13206
Leura,NSW,2780,Katoomba - Leura,124011452,2023,13360
Marsfield,NSW,2122,Macquarie Park - Marsfield,126021500,2019,23994
Marsfield,NSW,2122,Macquarie Park - Marsfield,126021500,2020,24227
Marsfield,NSW,2122,Macquarie Park - Marsfield,126021500,2021,24028
Marsfield,NSW,2122,Macquarie Park - Marsfield,126021500,2022,24848
Marsfield,NSW,2122,Macquarie Park - Marsfield,126021500,2023,26428
Mortdale,NSW,2223,Mortdale - Oatley,119031666,2019,15199
Mortdale,NSW,2223,Mortdale - Oatley,119031666,2020,15049
Mortdale,NSW,2223,Mortdale - Oatley,119031666,2021,14719
Mortdale,NSW,2223,Mortdale - Oatley,119031666,2022,14781
Mortdale,NSW,2223,Mortdale - Oatley,119031666,2023,15014
Mullumbimby,NSW,2482,Mullumbimby,112011243,2019,8709
Mullumbimby,NSW,2482,Mullumbimby,112011243,2020,8795
Mullumbimby,NSW,2482,Mullumbimby,112011243,2021,8869
Mullumbimby,NSW,2482,Mullumbimby,112011243,2022,9003
Mullumbimby,NSW,2482,Mullumbimby,112011243,2023,9199
North Narrabeen,NSW,2101,North Narrabeen - Warriewood (South),122021691,2019,10935
North Narrabeen,NSW,2101,North Narrabeen - Warriewood (South),122021691,2020,10929
North Narrabeen,NSW,2101,North Narrabeen - Warriewood (South),122021691,2021,10898
North Narrabeen,NSW,2101,North Narrabeen - Warriewood (South),122021691,2022,10907
North Narrabeen,NSW,2101,North Narrabeen - Warriewood (South),122021691,2023,11098
Sawtell,NSW,2452,Sawtell - Boambee,104021089,2019,20083
Sawtell,NSW,2452,Sawtell - Boambee,104021089,2020,20120
Sawtell,NSW,2452,Sawtell - Boambee,104021089,2021,20119
Sawtell,NSW,2452,Sawtell - Boambee,104021089,2022,20216
Sawtell,NSW,2452,Sawtell - Boambee,104021089,2023,20277
Sylvania,NSW,2224,Sylvania - Taren Point,128011531,2019,16602
Sylvania,NSW,2224,Sylvania - Taren Point,128011531,2020,16537
Sylvania,NSW,2224,Sylvania - Taren Point,128011531,2021,16469
Sylvania,NSW,2224,Sylvania - Taren Point,128011531,2022,16431
Sylvania,NSW,2224,Sylvania - Taren Point,128011531,2023,16456
Telarah,NSW,2320,Rutherford (South) - Telarah,106021616,2019,7433
Telarah,NSW,2320,Rutherford (South) - Telarah,106021616,2020,7692
Telarah,NSW,2320,Rutherford (South) - Telarah,106021616,2021,8046
Telarah,NSW,2320,Rutherford (South) - Telarah,106021616,2022,8397
Telarah,NSW,2320,Rutherford (South) - Telarah,106021616,2023,8745
Berry,NSW,2535,Berry - Kangaroo Valley,114011272,2019,9180
Berry,NSW,2535,Berry - Kangaroo Valley,114011272,2020,9279
Berry,NSW,2535,Berry - Kangaroo Valley,114011272,2021,9418
Berry,NSW,2535,Berry - Kangaroo Valley,114011272,2022,9366
Berry,NSW,2535,Berry - Kangaroo Valley,114011272,2023,9380
Bossley Park,NSW,2176,Bossley Park - Abbotsbury,127021510,2019,20004
Bossley Park,NSW,2176,Bossley Park - Abbotsbury,127021510,2020,19992
Bossley Park,NSW,2176,Bossley Park - Abbotsbury,127021510,2021,19746
Bossley Park,NSW,2176,Bossley Park - Abbotsbury,127021510,2022,19417
Bossley Park,NSW,2176,Bossley Park - Abbotsbury,127021510,2023,19614
Canterbury,NSW,2193,Canterbury - South,119021661,2019,11436
Canterbury,NSW,2193,Canterbury - South,119021661,2020,11945
Canterbury,NSW,2193,Canterbury - South,119021661,2021,12276
Canterbury,NSW,2193,Canterbury - South,119021661,2022,12531
Canterbury,NSW,2193,Canterbury - South,119021661,2023,12940
Canterbury,NSW,2193,Canterbury (North) - Ashbury,120031392,2019,12106
Canterbury,NSW,2193,Canterbury (North) - Ashbury,120031392,2020,12275
Canterbury,NSW,2193,Canterbury (North) - Ashbury,120031392,2021,12055
Canterbury,NSW,2193,Canterbury (North) - Ashbury,120031392,2022,12105
Canterbury,NSW,2193,Canterbury (North) - Ashbury,120031392,2023,12321
Canterbury,NSW,2193,Surrey Hills (West) - Canterbury,207011155,2019,17097
Canterbury,NSW,2193,Surrey Hills (West) - Canterbury,207011155,2020,16786
Canterbury,NSW,2193,Surrey Hills (West) - Canterbury,207011155,2021,16083
Canterbury,NSW,2193,Surrey Hills (West) - Canterbury,207011155,2022,15908
Canterbury,NSW,2193,Surrey Hills (West) - Canterbury,207011155,2023,16182
Colyton,NSW,2760,Colyton - Oxley Park,124051580,2019,12557
Colyton,NSW,2760,Colyton - Oxley Park,124051580,2020,12860
Colyton,NSW,2760,Colyton - Oxley Park,124051580,2021,13095
Colyton,NSW,2760,Colyton - Oxley Park,124051580,2022,13177
Colyton,NSW,2760,Colyton - Oxley Park,124051580,2023,13418
Gloucester,NSW,2422,Gloucester,108051167,2019,5212
Gloucester,NSW,2422,Gloucester,108051167,2020,5244
Gloucester,NSW,2422,Gloucester,108051167,2021,5279
Gloucester,NSW,2422,Gloucester,108051167,2022,5310
Gloucester,NSW,2422,Gloucester,108051167,2023,5346
Kirrawee,NSW,2232,Sutherland - Kirrawee,128021538,2019,22399
Kirrawee,NSW,2232,Sutherland - Kirrawee,128021538,2020,22870
Kirrawee,NSW,2232,Sutherland - Kirrawee,128021538,2021,23385
Kirrawee,NSW,2232,Sutherland - Kirrawee,128021538,2022,23576
Kirrawee,NSW,2232,Sutherland - Kirrawee,128021538,2023,23976
Kotara,NSW,2289,Adamstown - Kotara,111031222,2019,16463
Kotara,NSW,2289,Adamstown - Kotara,111031222,2020,16572
Kotara,NSW,2289,Adamstown - Kotara,111031222,2021,16633
Kotara,NSW,2289,Adamstown - Kotara,111031222,2022,16816
Kotara,NSW,2289,Adamstown - Kotara,111031222,2023,17083
Lisarow,NSW,2250,Niagara Park - Lisarow,102011036,2019,8240
Lisarow,NSW,2250,Niagara Park - Lisarow,102011036,2020,8235
Lisarow,NSW,2250,Niagara Park - Lisarow,102011036,2021,8237
Lisarow,NSW,2250,Niagara Park - Lisarow,102011036,2022,8193
Lisarow,NSW,2250,Niagara Park - Lisarow,102011036,2023,8254
Rockdale,NSW,2216,Rockdale - Banksia,119041381,2019,20996
Rockdale,NSW,2216,Rockdale - Banksia,119041381,2020,20731
Rockdale,NSW,2216,Rockdale - Banksia,119041381,2021,20010
Rockdale,NSW,2216,Rockdale - Banksia,119041381,2022,20222
Rockdale,NSW,2216,Rockdale - Banksia,119041381,2023,21613
Sussex Inlet,NSW,2540,Sussex Inlet - Berrara,114011280,2019,4552
Sussex Inlet,NSW,2540,Sussex Inlet - Berrara,114011280,2020,4589
Sussex Inlet,NSW,2540,Sussex Inlet - Berrara,114011280,2021,4656
Sussex Inlet,NSW,2540,Sussex Inlet - Berrara,114011280,2022,4685
Sussex Inlet,NSW,2540,Sussex Inlet - Berrara,114011280,2023,4758
Tighes Hill,NSW,2297,Wickham - Carrington - Tighes Hill,111031235,2019,8720
Tighes Hill,NSW,2297,Wickham - Carrington - Tighes Hill,111031235,2020,8935
Tighes Hill,NSW,2297,Wickham - Carrington - Tighes Hill,111031235,2021,9209
Tighes Hill,NSW,2297,Wickham - Carrington - Tighes Hill,111031235,2022,9513
Tighes Hill,NSW,2297,Wickham - Carrington - Tighes Hill,111031235,2023,9906
Ashbury,NSW,2193,Canterbury (North) - Ashbury,120031392,2019,12106
Ashbury,NSW,2193,Canterbury (North) - Ashbury,120031392,2020,12275
Ashbury,NSW,2193,Canterbury (North) - Ashbury,120031392,2021,12055
Ashbury,NSW,2193,Canterbury (North) - Ashbury,120031392,2022,12105
Ashbury,NSW,2193,Canterbury (North) - Ashbury,120031392,2023,12321
Blakehurst,NSW,2221,South Hurstville - Blakehurst,119031374,2019,25674
Blakehurst,NSW,2221,South Hurstville - Blakehurst,119031374,2020,25744
Blakehurst,NSW,2221,South Hurstville - Blakehurst,119031374,2021,25415
Blakehurst,NSW,2221,South Hurstville - Blakehurst,119031374,2022,25617
Blakehurst,NSW,2221,South Hurstville - Blakehurst,119031374,2023,26481
Bulli,NSW,2516,Woonona - Bulli - Russell Vale,107041150,2019,20757
Bulli,NSW,2516,Woonona - Bulli - Russell Vale,107041150,2020,20814
Bulli,NSW,2516,Woonona - Bulli - Russell Vale,107041150,2021,20782
Bulli,NSW,2516,Woonona - Bulli - Russell Vale,107041150,2022,20622
Bulli,NSW,2516,Woonona - Bulli - Russell Vale,107041150,2023,20698
Carlton,NSW,2218,Carlton North - Princes Hill,206071140,2019,8994
Carlton,NSW,2218,Carlton North - Princes Hill,206071140,2020,8899
Carlton,NSW,2218,Carlton North - Princes Hill,206071140,2021,8290
Carlton,NSW,2218,Carlton North - Princes Hill,206071140,2022,8158
Carlton,NSW,2218,Carlton North - Princes Hill,206071140,2023,8531
Carlton,NSW,2218,Kogarah Bay - Carlton - Allawah,119041379,2019,16833
Carlton,NSW,2218,Kogarah Bay - Carlton - Allawah,119041379,2020,16699
Carlton,NSW,2218,Kogarah Bay - Carlton - Allawah,119041379,2021,16246
Carlton,NSW,2218,Kogarah Bay - Carlton - Allawah,119041379,2022,16365
Carlton,NSW,2218,Kogarah Bay - Carlton - Allawah,119041379,2023,16902
Carlton,NSW,2218,Carlton,206041117,2019,21029
Carlton,NSW,2218,Carlton,206041117,2020,20865
Carlton,NSW,2218,Carlton,206041117,2021,17064
Carlton,NSW,2218,Carlton,206041117,2022,18057
Carlton,NSW,2218,Carlton,206041117,2023,21376
Corrimal,NSW,2518,Corrimal - Tarrawanna - Bellambi,107041145,2019,16096
Corrimal,NSW,2518,Corrimal - Tarrawanna - Bellambi,107041145,2020,16060
Corrimal,NSW,2518,Corrimal - Tarrawanna - Bellambi,107041145,2021,16022
Corrimal,NSW,2518,Corrimal - Tarrawanna - Bellambi,107041145,2022,16112
Corrimal,NSW,2518,Corrimal - Tarrawanna - Bellambi,107041145,2023,16340
Lismore,NSW,2480,Lismore Surrounds,112021249,2019,15592
Lismore,NSW,2480,Lismore Surrounds,112021249,2020,15678
Lismore,NSW,2480,Lismore Surrounds,112021249,2021,15772
Lismore,NSW,2480,Lismore Surrounds,112021249,2022,15855
Lismore,NSW,2480,Lismore Surrounds,112021249,2023,15976
Lismore,NSW,2480,Lismore,112021248,2019,15416
Lismore,NSW,2480,Lismore,112021248,2020,15351
Lismore,NSW,2480,Lismore,112021248,2021,15255
Lismore,NSW,2480,Lismore,112021248,2022,14903
Lismore,NSW,2480,Lismore,112021248,2023,14337
Macquarie Fields,NSW,2564,Macquarie Fields,123021706,2019,14456
Macquarie Fields,NSW,2564,Macquarie Fields,123021706,2020,14389
Macquarie Fields,NSW,2564,Macquarie Fields,123021706,2021,14263
Macquarie Fields,NSW,2564,Macquarie Fields,123021706,2022,14137
Macquarie Fields,NSW,2564,Macquarie Fields,123021706,2023,14440
Mount Druitt,NSW,2770,Mount Druitt - Whalan,116031317,2019,23745
Mount Druitt,NSW,2770,Mount Druitt - Whalan,116031317,2020,23501
Mount Druitt,NSW,2770,Mount Druitt - Whalan,116031317,2021,23182
Mount Druitt,NSW,2770,Mount Druitt - Whalan,116031317,2022,23213
Mount Druitt,NSW,2770,Mount Druitt - Whalan,116031317,2023,23691
Newington,NSW,2127,Silverwater - Newington,125011709,2019,10192
Newington,NSW,2127,Silverwater - Newington,125011709,2020,9924
Newington,NSW,2127,Silverwater - Newington,125011709,2021,9341
Newington,NSW,2127,Silverwater - Newington,125011709,2022,9078
Newington,NSW,2127,Silverwater - Newington,125011709,2023,9010
Normanhurst,NSW,2076,Normanhurst - Thornleigh - Westleigh,121021406,2019,19322
Normanhurst,NSW,2076,Normanhurst - Thornleigh - Westleigh,121021406,2020,19363
Normanhurst,NSW,2076,Normanhurst - Thornleigh - Westleigh,121021406,2021,19205
Normanhurst,NSW,2076,Normanhurst - Thornleigh - Westleigh,121021406,2022,19213
Normanhurst,NSW,2076,Normanhurst - Thornleigh - Westleigh,121021406,2023,19585
Northbridge,NSW,1560,Castle Cove - Northbridge,121011683,2019,13799
Northbridge,NSW,1560,Castle Cove - Northbridge,121011683,2020,13736
Northbridge,NSW,1560,Castle Cove - Northbridge,121011683,2021,13470
Northbridge,NSW,1560,Castle Cove - Northbridge,121011683,2022,13338
Northbridge,NSW,1560,Castle Cove - Northbridge,121011683,2023,13516
Northbridge,NSW,1560,Perth (West) - Northbridge,503021297,2019,11571
Northbridge,NSW,1560,Perth (West) - Northbridge,503021297,2020,12516
Northbridge,NSW,1560,Perth (West) - Northbridge,503021297,2021,12628
Northbridge,NSW,1560,Perth (West) - Northbridge,503021297,2022,13140
Northbridge,NSW,1560,Perth (West) - Northbridge,503021297,2023,14366
Paddington,NSW,2021,Paddington - Moore Park,118011345,2019,15946
Paddington,NSW,2021,Paddington - Moore Park,118011345,2020,15653
Paddington,NSW,2021,Paddington - Moore Park,118011345,2021,14931
Paddington,NSW,2021,Paddington - Moore Park,118011345,2022,14826
Paddington,NSW,2021,Paddington - Moore Park,118011345,2023,15278
Paddington,NSW,2021,Paddington - Milton,305041135,2019,12472
Paddington,NSW,2021,Paddington - Milton,305041135,2020,12558
Paddington,NSW,2021,Paddington - Milton,305041135,2021,12427
Paddington,NSW,2021,Paddington - Milton,305041135,2022,12518
Paddington,NSW,2021,Paddington - Milton,305041135,2023,13052
Toukley,NSW,2263,Toukley - Norah Head,102021054,2019,10123
Toukley,NSW,2263,Toukley - Norah Head,102021054,2020,10049
Toukley,NSW,2263,Toukley - Norah Head,102021054,2021,9975
Toukley,NSW,2263,Toukley - Norah Head,102021054,2022,9905
Toukley,NSW,2263,Toukley - Norah Head,102021054,2023,9865
Tura Beach,NSW,2548,Merimbula - Tura Beach,101041025,2019,11275
Tura Beach,NSW,2548,Merimbula - Tura Beach,101041025,2020,11380
Tura Beach,NSW,2548,Merimbula - Tura Beach,101041025,2021,11429
Tura Beach,NSW,2548,Merimbula - Tura Beach,101041025,2022,11505
Tura Beach,NSW,2548,Merimbula - Tura Beach,101041025,2023,11597
Acacia Gardens,NSW,2763,Acacia Gardens,116021562,2019,3832
Acacia Gardens,NSW,2763,Acacia Gardens,116021562,2020,3784
Acacia Gardens,NSW,2763,Acacia Gardens,116021562,2021,3681
Acacia Gardens,NSW,2763,Acacia Gardens,116021562,2022,3609
Acacia Gardens,NSW,2763,Acacia Gardens,116021562,2023,3694
Boolaroo,NSW,2284,Warners Bay - Boolaroo,111011214,2019,14132
Boolaroo,NSW,2284,Warners Bay - Boolaroo,111011214,2020,14388
Boolaroo,NSW,2284,Warners Bay - Boolaroo,111011214,2021,14643
Boolaroo,NSW,2284,Warners Bay - Boolaroo,111011214,2022,14898
Boolaroo,NSW,2284,Warners Bay - Boolaroo,111011214,2023,15138
Concord West,NSW,2138,Concord West - North Strathfield,120011672,2019,13602
Concord West,NSW,2138,Concord West - North Strathfield,120011672,2020,13411
Concord West,NSW,2138,Concord West - North Strathfield,120011672,2021,12905
Concord West,NSW,2138,Concord West - North Strathfield,120011672,2022,12751
Concord West,NSW,2138,Concord West - North Strathfield,120011672,2023,13111
Condell Park,NSW,2200,Condell Park,119011356,2019,12726
Condell Park,NSW,2200,Condell Park,119011356,2020,12791
Condell Park,NSW,2200,Condell Park,119011356,2021,12799
Condell Park,NSW,2200,Condell Park,119011356,2022,12893
Condell Park,NSW,2200,Condell Park,119011356,2023,13190
Eagle Vale,NSW,2558,Claymore - Eagle Vale - Raby,123021438,2019,20911
Eagle Vale,NSW,2558,Claymore - Eagle Vale - Raby,123021438,2020,20776
Eagle Vale,NSW,2558,Claymore - Eagle Vale - Raby,123021438,2021,20390
Eagle Vale,NSW,2558,Claymore - Eagle Vale - Raby,123021438,2022,20120
Eagle Vale,NSW,2558,Claymore - Eagle Vale - Raby,123021438,2023,20308
Glendale,NSW,2285,Glendale - Cardiff - Hillsborough,111011209,2019,24466
Glendale,NSW,2285,Glendale - Cardiff - Hillsborough,111011209,2020,24626
Glendale,NSW,2285,Glendale - Cardiff - Hillsborough,111011209,2021,24734
Glendale,NSW,2285,Glendale - Cardiff - Hillsborough,111011209,2022,24966
Glendale,NSW,2285,Glendale - Cardiff - Hillsborough,111011209,2023,25197
Mannering Park,NSW,2259,Lake Munmorah - Mannering Park,102021050,2019,11017
Mannering Park,NSW,2259,Lake Munmorah - Mannering Park,102021050,2020,11028
Mannering Park,NSW,2259,Lake Munmorah - Mannering Park,102021050,2021,11013
Mannering Park,NSW,2259,Lake Munmorah - Mannering Park,102021050,2022,11038
Mannering Park,NSW,2259,Lake Munmorah - Mannering Park,102021050,2023,11082
Oatlands,NSW,2117,Oatlands - Dundas Valley,125021478,2019,19178
Oatlands,NSW,2117,Oatlands - Dundas Valley,125021478,2020,19019
Oatlands,NSW,2117,Oatlands - Dundas Valley,125021478,2021,18563
Oatlands,NSW,2117,Oatlands - Dundas Valley,125021478,2022,18639
Oatlands,NSW,2117,Oatlands - Dundas Valley,125021478,2023,19032
Penshurst,NSW,2222,Penshurst,119031667,2019,9901
Penshurst,NSW,2222,Penshurst,119031667,2020,9759
Penshurst,NSW,2222,Penshurst,119031667,2021,9560
Penshurst,NSW,2222,Penshurst,119031667,2022,9510
Penshurst,NSW,2222,Penshurst,119031667,2023,9813
Point Clare,NSW,2250,Point Clare - Koolewong,102011037,2019,6513
Point Clare,NSW,2250,Point Clare - Koolewong,102011037,2020,6598
Point Clare,NSW,2250,Point Clare - Koolewong,102011037,2021,6577
Point Clare,NSW,2250,Point Clare - Koolewong,102011037,2022,6612
Point Clare,NSW,2250,Point Clare - Koolewong,102011037,2023,6632
Tempe,NSW,2044,Sydenham - Tempe - St Peters,117021328,2019,8346
Tempe,NSW,2044,Sydenham - Tempe - St Peters,117021328,2020,8358
Tempe,NSW,2044,Sydenham - Tempe - St Peters,117021328,2021,8340
Tempe,NSW,2044,Sydenham - Tempe - St Peters,117021328,2022,8397
Tempe,NSW,2044,Sydenham - Tempe - St Peters,117021328,2023,8675
Tweed Heads South,NSW,2486,Tweed Heads South,112031552,2019,8367
Tweed Heads South,NSW,2486,Tweed Heads South,112031552,2020,8422
Tweed Heads South,NSW,2486,Tweed Heads South,112031552,2021,8416
Tweed Heads South,NSW,2486,Tweed Heads South,112031552,2022,8429
Tweed Heads South,NSW,2486,Tweed Heads South,112031552,2023,8490
Blayney,NSW,2799,Blayney,103041076,2019,7471
Blayney,NSW,2799,Blayney,103041076,2020,7504
Blayney,NSW,2799,Blayney,103041076,2021,7531
Blayney,NSW,2799,Blayney,103041076,2022,7611
Blayney,NSW,2799,Blayney,103041076,2023,7662
Caves Beach,NSW,2281,Swansea - Caves Beach,111011212,2019,12222
Caves Beach,NSW,2281,Swansea - Caves Beach,111011212,2020,12390
Caves Beach,NSW,2281,Swansea - Caves Beach,111011212,2021,12517
Caves Beach,NSW,2281,Swansea - Caves Beach,111011212,2022,12689
Caves Beach,NSW,2281,Swansea - Caves Beach,111011212,2023,12847
Chittaway Bay,NSW,2261,Chittaway Bay - Tumbi Umbi,102021047,2019,15963
Chittaway Bay,NSW,2261,Chittaway Bay - Tumbi Umbi,102021047,2020,16008
Chittaway Bay,NSW,2261,Chittaway Bay - Tumbi Umbi,102021047,2021,16080
Chittaway Bay,NSW,2261,Chittaway Bay - Tumbi Umbi,102021047,2022,16197
Chittaway Bay,NSW,2261,Chittaway Bay - Tumbi Umbi,102021047,2023,16225
Harrington,NSW,2427,Harrington Park,123011700,2019,11266
Harrington,NSW,2427,Harrington Park,123011700,2020,11302
Harrington,NSW,2427,Harrington Park,123011700,2021,11288
Harrington,NSW,2427,Harrington Park,123011700,2022,11306
Harrington,NSW,2427,Harrington Park,123011700,2023,11375
Illawong,NSW,2234,Illawong - Alfords Point,128021534,2019,10664
Illawong,NSW,2234,Illawong - Alfords Point,128021534,2020,10637
Illawong,NSW,2234,Illawong - Alfords Point,128021534,2021,10571
Illawong,NSW,2234,Illawong - Alfords Point,128021534,2022,10500
Illawong,NSW,2234,Illawong - Alfords Point,128021534,2023,10554
Kogarah,NSW,1485,Kogarah,119041378,2019,12716
Kogarah,NSW,1485,Kogarah,119041378,2020,13019
Kogarah,NSW,1485,Kogarah,119041378,2021,13133
Kogarah,NSW,1485,Kogarah,119041378,2022,13471
Kogarah,NSW,1485,Kogarah,119041378,2023,14272
Kogarah,NSW,1485,Kogarah Bay - Carlton - Allawah,119041379,2019,16833
Kogarah,NSW,1485,Kogarah Bay - Carlton - Allawah,119041379,2020,16699
Kogarah,NSW,1485,Kogarah Bay - Carlton - Allawah,119041379,2021,16246
Kogarah,NSW,1485,Kogarah Bay - Carlton - Allawah,119041379,2022,16365
Kogarah,NSW,1485,Kogarah Bay - Carlton - Allawah,119041379,2023,16902
Lalor Park,NSW,2147,Lalor Park - Kings Langley,116011307,2019,25947
Lalor Park,NSW,2147,Lalor Park - Kings Langley,116011307,2020,25868
Lalor Park,NSW,2147,Lalor Park - Kings Langley,116011307,2021,25568
Lalor Park,NSW,2147,Lalor Park - Kings Langley,116011307,2022,25556
Lalor Park,NSW,2147,Lalor Park - Kings Langley,116011307,2023,25777
Lilli Pilli,NSW,2229,Lilli Pilli - Port Hacking - Dolans Bay,128011605,2019,3348
Lilli Pilli,NSW,2229,Lilli Pilli - Port Hacking - Dolans Bay,128011605,2020,3368
Lilli Pilli,NSW,2229,Lilli Pilli - Port Hacking - Dolans Bay,128011605,2021,3371
Lilli Pilli,NSW,2229,Lilli Pilli - Port Hacking - Dolans Bay,128011605,2022,3425
Lilli Pilli,NSW,2229,Lilli Pilli - Port Hacking - Dolans Bay,128011605,2023,3427
North Epping,NSW,2121,Epping (East) - North Epping,126011720,2019,13695
North Epping,NSW,2121,Epping (East) - North Epping,126011720,2020,14318
North Epping,NSW,2121,Epping (East) - North Epping,126011720,2021,14463
North Epping,NSW,2121,Epping (East) - North Epping,126011720,2022,14860
North Epping,NSW,2121,Epping (East) - North Epping,126011720,2023,15277
Oak Flats,NSW,2529,Shellharbour - Oak Flats,107031142,2019,10404
Oak Flats,NSW,2529,Shellharbour - Oak Flats,107031142,2020,10496
Oak Flats,NSW,2529,Shellharbour - Oak Flats,107031142,2021,10570
Oak Flats,NSW,2529,Shellharbour - Oak Flats,107031142,2022,10655
Oak Flats,NSW,2529,Shellharbour - Oak Flats,107031142,2023,10736
Parramatta,NSW,1740,Parramatta - South,125041718,2019,11101
Parramatta,NSW,1740,Parramatta - South,125041718,2020,10761
Parramatta,NSW,1740,Parramatta - South,125041718,2021,9983
Parramatta,NSW,1740,Parramatta - South,125041718,2022,9821
Parramatta,NSW,1740,Parramatta - South,125041718,2023,10728
Parramatta,NSW,1740,Parramatta - North,125041717,2019,11904
Parramatta,NSW,1740,Parramatta - North,125041717,2020,12332
Parramatta,NSW,1740,Parramatta - North,125041717,2021,12247
Parramatta,NSW,1740,Parramatta - North,125041717,2022,12481
Parramatta,NSW,1740,Parramatta - North,125041717,2023,13457
Parramatta,NSW,1740,North Parramatta,125041489,2019,24252
Parramatta,NSW,1740,North Parramatta,125041489,2020,24013
Parramatta,NSW,1740,North Parramatta,125041489,2021,23080
Parramatta,NSW,1740,North Parramatta,125041489,2022,22930
Parramatta,NSW,1740,North Parramatta,125041489,2023,23536
Rathmines,NSW,2283,Wangi Wangi - Rathmines,111021220,2019,9332
Rathmines,NSW,2283,Wangi Wangi - Rathmines,111021220,2020,9406
Rathmines,NSW,2283,Wangi Wangi - Rathmines,111021220,2021,9458
Rathmines,NSW,2283,Wangi Wangi - Rathmines,111021220,2022,9495
Rathmines,NSW,2283,Wangi Wangi - Rathmines,111021220,2023,9596
Shortland,NSW,2307,Shortland - Jesmond,111031231,2019,12508
Shortland,NSW,2307,Shortland - Jesmond,111031231,2020,12625
Shortland,NSW,2307,Shortland - Jesmond,111031231,2021,12702
Shortland,NSW,2307,Shortland - Jesmond,111031231,2022,12980
Shortland,NSW,2307,Shortland - Jesmond,111031231,2023,13524
Tanilba Bay,NSW,2319,Lemon Tree Passage - Tanilba Bay,106031120,2019,6803
Tanilba Bay,NSW,2319,Lemon Tree Passage - Tanilba Bay,106031120,2020,6882
Tanilba Bay,NSW,2319,Lemon Tree Passage - Tanilba Bay,106031120,2021,6893
Tanilba Bay,NSW,2319,Lemon Tree Passage - Tanilba Bay,106031120,2022,6934
Tanilba Bay,NSW,2319,Lemon Tree Passage - Tanilba Bay,106031120,2023,6973
Vaucluse,NSW,2030,Rose Bay - Vaucluse - Watsons Bay,118011346,2019,12392
Vaucluse,NSW,2030,Rose Bay - Vaucluse - Watsons Bay,118011346,2020,12288
Vaucluse,NSW,2030,Rose Bay - Vaucluse - Watsons Bay,118011346,2021,12034
Vaucluse,NSW,2030,Rose Bay - Vaucluse - Watsons Bay,118011346,2022,11850
Vaucluse,NSW,2030,Rose Bay - Vaucluse - Watsons Bay,118011346,2023,11843
Bella Vista,NSW,2153,Baulkham Hills (West) - Bella Vista,115011291,2019,21590
Bella Vista,NSW,2153,Baulkham Hills (West) - Bella Vista,115011291,2020,21737
Bella Vista,NSW,2153,Baulkham Hills (West) - Bella Vista,115011291,2021,21801
Bella Vista,NSW,2153,Baulkham Hills (West) - Bella Vista,115011291,2022,22133
Bella Vista,NSW,2153,Baulkham Hills (West) - Bella Vista,115011291,2023,22806
Cooks Hill,NSW,2300,Newcastle - Cooks Hill,111031229,2019,12273
Cooks Hill,NSW,2300,Newcastle - Cooks Hill,111031229,2020,12680
Cooks Hill,NSW,2300,Newcastle - Cooks Hill,111031229,2021,12847
Cooks Hill,NSW,2300,Newcastle - Cooks Hill,111031229,2022,13307
Cooks Hill,NSW,2300,Newcastle - Cooks Hill,111031229,2023,13764
Dee Why,NSW,2099,Dee Why (South) - North Curl Curl,122031694,2019,9370
Dee Why,NSW,2099,Dee Why (South) - North Curl Curl,122031694,2020,9388
Dee Why,NSW,2099,Dee Why (South) - North Curl Curl,122031694,2021,9155
Dee Why,NSW,2099,Dee Why (South) - North Curl Curl,122031694,2022,9106
Dee Why,NSW,2099,Dee Why (South) - North Curl Curl,122031694,2023,9364
Dee Why,NSW,2099,Dee Why - North,122031695,2019,17961
Dee Why,NSW,2099,Dee Why - North,122031695,2020,18044
Dee Why,NSW,2099,Dee Why - North,122031695,2021,17921
Dee Why,NSW,2099,Dee Why - North,122031695,2022,18032
Dee Why,NSW,2099,Dee Why - North,122031695,2023,18556
Elanora Heights,NSW,2101,Bayview - Elanora Heights,122021421,2019,11360
Elanora Heights,NSW,2101,Bayview - Elanora Heights,122021421,2020,11344
Elanora Heights,NSW,2101,Bayview - Elanora Heights,122021421,2021,11261
Elanora Heights,NSW,2101,Bayview - Elanora Heights,122021421,2022,11175
Elanora Heights,NSW,2101,Bayview - Elanora Heights,122021421,2023,11295
Fairfield,NSW,1860,Fairfield,127021515,2019,19115
Fairfield,NSW,1860,Fairfield,127021515,2020,18888
Fairfield,NSW,1860,Fairfield,127021515,2021,18288
Fairfield,NSW,1860,Fairfield,127021515,2022,17969
Fairfield,NSW,1860,Fairfield,127021515,2023,18613
Fairfield,NSW,1860,Fairfield - East,125031480,2019,16450
Fairfield,NSW,1860,Fairfield - East,125031480,2020,16224
Fairfield,NSW,1860,Fairfield - East,125031480,2021,15794
Fairfield,NSW,1860,Fairfield - East,125031480,2022,15767
Fairfield,NSW,1860,Fairfield - East,125031480,2023,15954
Fairfield,NSW,1860,Fairfield - West,127021516,2019,21262
Fairfield,NSW,1860,Fairfield - West,127021516,2020,21424
Fairfield,NSW,1860,Fairfield - West,127021516,2021,21309
Fairfield,NSW,1860,Fairfield - West,127021516,2022,21332
Fairfield,NSW,1860,Fairfield - West,127021516,2023,21749
Fairfield,NSW,1860,Alphington - Fairfield,206021110,2019,9467
Fairfield,NSW,1860,Alphington - Fairfield,206021110,2020,9538
Fairfield,NSW,1860,Alphington - Fairfield,206021110,2021,9069
Fairfield,NSW,1860,Alphington - Fairfield,206021110,2022,9163
Fairfield,NSW,1860,Alphington - Fairfield,206021110,2023,9491
Fairfield,NSW,1860,Fairfield - Dutton Park,303021054,2019,5200
Fairfield,NSW,1860,Fairfield - Dutton Park,303021054,2020,5233
Fairfield,NSW,1860,Fairfield - Dutton Park,303021054,2021,5094
Fairfield,NSW,1860,Fairfield - Dutton Park,303021054,2022,5171
Fairfield,NSW,1860,Fairfield - Dutton Park,303021054,2023,5306
Hill Top,NSW,2575,Hill Top - Colo Vale,114021285,2019,6331
Hill Top,NSW,2575,Hill Top - Colo Vale,114021285,2020,6372
Hill Top,NSW,2575,Hill Top - Colo Vale,114021285,2021,6400
Hill Top,NSW,2575,Hill Top - Colo Vale,114021285,2022,6466
Hill Top,NSW,2575,Hill Top - Colo Vale,114021285,2023,6540
Redhead,NSW,2290,Redhead,111011211,2019,3709
Redhead,NSW,2290,Redhead,111011211,2020,3750
Redhead,NSW,2290,Redhead,111011211,2021,3776
Redhead,NSW,2290,Redhead,111011211,2022,3781
Redhead,NSW,2290,Redhead,111011211,2023,3769
Rosemeadow,NSW,2560,Rosemeadow - Glen Alpine,123021444,2019,21407
Rosemeadow,NSW,2560,Rosemeadow - Glen Alpine,123021444,2020,21386
Rosemeadow,NSW,2560,Rosemeadow - Glen Alpine,123021444,2021,21302
Rosemeadow,NSW,2560,Rosemeadow - Glen Alpine,123021444,2022,21253
Rosemeadow,NSW,2560,Rosemeadow - Glen Alpine,123021444,2023,21579
South Coogee,NSW,2034,South Coogee,118021654,2019,5911
South Coogee,NSW,2034,South Coogee,118021654,2020,5825
South Coogee,NSW,2034,South Coogee,118021654,2021,5636
South Coogee,NSW,2034,South Coogee,118021654,2022,5636
South Coogee,NSW,2034,South Coogee,118021654,2023,5728
South West Rocks,NSW,2431,South West Rocks,108021160,2019,5452
South West Rocks,NSW,2431,South West Rocks,108021160,2020,5534
South West Rocks,NSW,2431,South West Rocks,108021160,2021,5592
South West Rocks,NSW,2431,South West Rocks,108021160,2022,5682
South West Rocks,NSW,2431,South West Rocks,108021160,2023,5818
Tumbi Umbi,NSW,2261,Chittaway Bay - Tumbi Umbi,102021047,2019,15963
Tumbi Umbi,NSW,2261,Chittaway Bay - Tumbi Umbi,102021047,2020,16008
Tumbi Umbi,NSW,2261,Chittaway Bay - Tumbi Umbi,102021047,2021,16080
Tumbi Umbi,NSW,2261,Chittaway Bay - Tumbi Umbi,102021047,2022,16197
Tumbi Umbi,NSW,2261,Chittaway Bay - Tumbi Umbi,102021047,2023,16225
Tweed Heads,NSW,2485,Tweed Heads,112031254,2019,20229
Tweed Heads,NSW,2485,Tweed Heads,112031254,2020,20386
Tweed Heads,NSW,2485,Tweed Heads,112031254,2021,20570
Tweed Heads,NSW,2485,Tweed Heads,112031254,2022,20770
Tweed Heads,NSW,2485,Tweed Heads,112031254,2023,21016
Tweed Heads,NSW,2485,Tweed Heads South,112031552,2019,8367
Tweed Heads,NSW,2485,Tweed Heads South,112031552,2020,8422
Tweed Heads,NSW,2485,Tweed Heads South,112031552,2021,8416
Tweed Heads,NSW,2485,Tweed Heads South,112031552,2022,8429
Tweed Heads,NSW,2485,Tweed Heads South,112031552,2023,8490
Urunga,NSW,2455,Urunga,104021090,2019,4813
Urunga,NSW,2455,Urunga,104021090,2020,4849
Urunga,NSW,2455,Urunga,104021090,2021,4888
Urunga,NSW,2455,Urunga,104021090,2022,4925
Urunga,NSW,2455,Urunga,104021090,2023,4929
Westleigh,NSW,2120,Normanhurst - Thornleigh - Westleigh,121021406,2019,19322
Westleigh,NSW,2120,Normanhurst - Thornleigh - Westleigh,121021406,2020,19363
Westleigh,NSW,2120,Normanhurst - Thornleigh - Westleigh,121021406,2021,19205
Westleigh,NSW,2120,Normanhurst - Thornleigh - Westleigh,121021406,2022,19213
Westleigh,NSW,2120,Normanhurst - Thornleigh - Westleigh,121021406,2023,19585
Albury,NSW,2640,Albury Surrounds,109011175,2019,12134
Albury,NSW,2640,Albury Surrounds,109011175,2020,12283
Albury,NSW,2640,Albury Surrounds,109011175,2021,12453
Albury,NSW,2640,Albury Surrounds,109011175,2022,12696
Albury,NSW,2640,Albury Surrounds,109011175,2023,12927
Albury,NSW,2640,Albury - East,109011172,2019,16753
Albury,NSW,2640,Albury - East,109011172,2020,17306
Albury,NSW,2640,Albury - East,109011172,2021,17861
Albury,NSW,2640,Albury - East,109011172,2022,18480
Albury,NSW,2640,Albury - East,109011172,2023,19276
Albury,NSW,2640,Albury - North,109011173,2019,10437
Albury,NSW,2640,Albury - North,109011173,2020,10514
Albury,NSW,2640,Albury - North,109011173,2021,10529
Albury,NSW,2640,Albury - North,109011173,2022,10505
Albury,NSW,2640,Albury - North,109011173,2023,10535
Albury,NSW,2640,Albury - South,109011174,2019,10591
Albury,NSW,2640,Albury - South,109011174,2020,10565
Albury,NSW,2640,Albury - South,109011174,2021,10493
Albury,NSW,2640,Albury - South,109011174,2022,10445
Albury,NSW,2640,Albury - South,109011174,2023,10376
Avoca Beach,NSW,2251,Avoca Beach - Copacabana,102011028,2019,7644
Avoca Beach,NSW,2251,Avoca Beach - Copacabana,102011028,2020,7615
Avoca Beach,NSW,2251,Avoca Beach - Copacabana,102011028,2021,7532
Avoca Beach,NSW,2251,Avoca Beach - Copacabana,102011028,2022,7482
Avoca Beach,NSW,2251,Avoca Beach - Copacabana,102011028,2023,7494
Banksia,NSW,2216,Rockdale - Banksia,119041381,2019,20996
Banksia,NSW,2216,Rockdale - Banksia,119041381,2020,20731
Banksia,NSW,2216,Rockdale - Banksia,119041381,2021,20010
Banksia,NSW,2216,Rockdale - Banksia,119041381,2022,20222
Banksia,NSW,2216,Rockdale - Banksia,119041381,2023,21613
Bellevue Hill,NSW,2023,Bellevue Hill,118011649,2019,15298
Bellevue Hill,NSW,2023,Bellevue Hill,118011649,2020,15038
Bellevue Hill,NSW,2023,Bellevue Hill,118011649,2021,14519
Bellevue Hill,NSW,2023,Bellevue Hill,118011649,2022,14440
Bellevue Hill,NSW,2023,Bellevue Hill,118011649,2023,14866
Berkeley,NSW,2506,Berkeley - Lake Heights - Cringila,107011545,2019,14280
Berkeley,NSW,2506,Berkeley - Lake Heights - Cringila,107011545,2020,14252
Berkeley,NSW,2506,Berkeley - Lake Heights - Cringila,107011545,2021,14191
Berkeley,NSW,2506,Berkeley - Lake Heights - Cringila,107011545,2022,14141
Berkeley,NSW,2506,Berkeley - Lake Heights - Cringila,107011545,2023,14173
Jesmond,NSW,2299,Shortland - Jesmond,111031231,2019,12508
Jesmond,NSW,2299,Shortland - Jesmond,111031231,2020,12625
Jesmond,NSW,2299,Shortland - Jesmond,111031231,2021,12702
Jesmond,NSW,2299,Shortland - Jesmond,111031231,2022,12980
Jesmond,NSW,2299,Shortland - Jesmond,111031231,2023,13524
Springfield,NSW,2250,Gosford - Springfield,102011032,2019,20442
Springfield,NSW,2250,Gosford - Springfield,102011032,2020,20968
Springfield,NSW,2250,Gosford - Springfield,102011032,2021,21359
Springfield,NSW,2250,Gosford - Springfield,102011032,2022,21703
Springfield,NSW,2250,Gosford - Springfield,102011032,2023,22088
Springfield,NSW,2250,Springfield,310041303,2019,7371
Springfield,NSW,2250,Springfield,310041303,2020,7415
Springfield,NSW,2250,Springfield,310041303,2021,7439
Springfield,NSW,2250,Springfield,310041303,2022,7728
Springfield,NSW,2250,Springfield,310041303,2023,8100
Springfield,NSW,2250,Springfield Lakes,310041304,2019,20943
Springfield,NSW,2250,Springfield Lakes,310041304,2020,22678
Springfield,NSW,2250,Springfield Lakes,310041304,2021,24040
Springfield,NSW,2250,Springfield Lakes,310041304,2022,25980
Springfield,NSW,2250,Springfield Lakes,310041304,2023,27149
Sutherland,NSW,1499,Sutherland - Kirrawee,128021538,2019,22399
Sutherland,NSW,1499,Sutherland - Kirrawee,128021538,2020,22870
Sutherland,NSW,1499,Sutherland - Kirrawee,128021538,2021,23385
Sutherland,NSW,1499,Sutherland - Kirrawee,128021538,2022,23576
Sutherland,NSW,1499,Sutherland - Kirrawee,128021538,2023,23976
Caringbah,NSW,1495,Caringbah,128011602,2019,12698
Caringbah,NSW,1495,Caringbah,128011602,2020,12871
Caringbah,NSW,1495,Caringbah,128011602,2021,12890
Caringbah,NSW,1495,Caringbah,128011602,2022,13067
Caringbah,NSW,1495,Caringbah,128011602,2023,13432
Caringbah,NSW,1495,Caringbah South,128011603,2019,12837
Caringbah,NSW,1495,Caringbah South,128011603,2020,12946
Caringbah,NSW,1495,Caringbah South,128011603,2021,13032
Caringbah,NSW,1495,Caringbah South,128011603,2022,13049
Caringbah,NSW,1495,Caringbah South,128011603,2023,13370
Haberfield,NSW,2045,Haberfield - Summer Hill,120031395,2019,13998
Haberfield,NSW,2045,Haberfield - Summer Hill,120031395,2020,13926
Haberfield,NSW,2045,Haberfield - Summer Hill,120031395,2021,13560
Haberfield,NSW,2045,Haberfield - Summer Hill,120031395,2022,13526
Haberfield,NSW,2045,Haberfield - Summer Hill,120031395,2023,13887
Karabar,NSW,2620,Karabar,101021008,2019,8500
Karabar,NSW,2620,Karabar,101021008,2020,8535
Karabar,NSW,2620,Karabar,101021008,2021,8548
Karabar,NSW,2620,Karabar,101021008,2022,8528
Karabar,NSW,2620,Karabar,101021008,2023,8483
Kensington,NSW,1465,Kensington (NSW),118021564,2019,14925
Kensington,NSW,1465,Kensington (NSW),118021564,2020,14269
Kensington,NSW,1465,Kensington (NSW),118021564,2021,11944
Kensington,NSW,1465,Kensington (NSW),118021564,2022,12315
Kensington,NSW,1465,Kensington (NSW),118021564,2023,13810
Kensington,NSW,1465,Kensington (Vic.),206041121,2019,11611
Kensington,NSW,1465,Kensington (Vic.),206041121,2020,11416
Kensington,NSW,1465,Kensington (Vic.),206041121,2021,10872
Kensington,NSW,1465,Kensington (Vic.),206041121,2022,11011
Kensington,NSW,1465,Kensington (Vic.),206041121,2023,11404
Kensington,NSW,1465,Branyan - Kensington,319011494,2019,5175
Kensington,NSW,1465,Branyan - Kensington,319011494,2020,5327
Kensington,NSW,1465,Branyan - Kensington,319011494,2021,5421
Kensington,NSW,1465,Branyan - Kensington,319011494,2022,5606
Kensington,NSW,1465,Branyan - Kensington,319011494,2023,5745
Kensington,NSW,1465,South Perth - Kensington,506071147,2019,17698
Kensington,NSW,1465,South Perth - Kensington,506071147,2020,17972
Kensington,NSW,1465,South Perth - Kensington,506071147,2021,17876
Kensington,NSW,1465,South Perth - Kensington,506071147,2022,17993
Kensington,NSW,1465,South Perth - Kensington,506071147,2023,18575
Manly Vale,NSW,2093,Manly Vale - Allambie Heights,122031430,2019,17888
Manly Vale,NSW,2093,Manly Vale - Allambie Heights,122031430,2020,17849
Manly Vale,NSW,2093,Manly Vale - Allambie Heights,122031430,2021,17623
Manly Vale,NSW,2093,Manly Vale - Allambie Heights,122031430,2022,17418
Manly Vale,NSW,2093,Manly Vale - Allambie Heights,122031430,2023,17668
Narwee,NSW,2209,Narwee - Beverly Hills,119031370,2019,14353
Narwee,NSW,2209,Narwee - Beverly Hills,119031370,2020,14202
Narwee,NSW,2209,Narwee - Beverly Hills,119031370,2021,13822
Narwee,NSW,2209,Narwee - Beverly Hills,119031370,2022,13679
Narwee,NSW,2209,Narwee - Beverly Hills,119031370,2023,13822
Rosebery,NSW,1445,Rosebery - Bellamack,701041043,2019,6993
Rosebery,NSW,1445,Rosebery - Bellamack,701041043,2020,6975
Rosebery,NSW,1445,Rosebery - Bellamack,701041043,2021,6967
Rosebery,NSW,1445,Rosebery - Bellamack,701041043,2022,6966
Rosebery,NSW,1445,Rosebery - Bellamack,701041043,2023,6932
Rosebery,NSW,1445,Rosebery - Beaconsfield,117031643,2019,11449
Rosebery,NSW,1445,Rosebery - Beaconsfield,117031643,2020,12150
Rosebery,NSW,1445,Rosebery - Beaconsfield,117031643,2021,12391
Rosebery,NSW,1445,Rosebery - Beaconsfield,117031643,2022,12919
Rosebery,NSW,1445,Rosebery - Beaconsfield,117031643,2023,13337
St Georges Basin,NSW,2540,St Georges Basin - Erowal Bay,114011279,2019,14956
St Georges Basin,NSW,2540,St Georges Basin - Erowal Bay,114011279,2020,15125
St Georges Basin,NSW,2540,St Georges Basin - Erowal Bay,114011279,2021,15266
St Georges Basin,NSW,2540,St Georges Basin - Erowal Bay,114011279,2022,15408
St Georges Basin,NSW,2540,St Georges Basin - Erowal Bay,114011279,2023,15238
Teralba,NSW,2284,Bolton Point - Teralba,111021215,2019,9470
Teralba,NSW,2284,Bolton Point - Teralba,111021215,2020,9808
Teralba,NSW,2284,Bolton Point - Teralba,111021215,2021,10163
Teralba,NSW,2284,Bolton Point - Teralba,111021215,2022,10375
Teralba,NSW,2284,Bolton Point - Teralba,111021215,2023,10488
Wellington,NSW,2820,Wellington,105031106,2019,9022
Wellington,NSW,2820,Wellington,105031106,2020,8983
Wellington,NSW,2820,Wellington,105031106,2021,8924
Wellington,NSW,2820,Wellington,105031106,2022,8940
Wellington,NSW,2820,Wellington,105031106,2023,9068
Wellington,NSW,2820,Wellington Point,301011006,2019,12167
Wellington,NSW,2820,Wellington Point,301011006,2020,12178
Wellington,NSW,2820,Wellington Point,301011006,2021,12045
Wellington,NSW,2820,Wellington Point,301011006,2022,12030
Wellington,NSW,2820,Wellington Point,301011006,2023,12180
Wellington,NSW,2820,Mount Wellington,601041025,2019,0
Wellington,NSW,2820,Mount Wellington,601041025,2020,0
Wellington,NSW,2820,Mount Wellington,601041025,2021,0
Wellington,NSW,2820,Mount Wellington,601041025,2022,0
Wellington,NSW,2820,Mount Wellington,601041025,2023,0
West Wallsend,NSW,2286,West Wallsend - Barnsley - Killingworth,111021221,2019,7080
West Wallsend,NSW,2286,West Wallsend - Barnsley - Killingworth,111021221,2020,7171
West Wallsend,NSW,2286,West Wallsend - Barnsley - Killingworth,111021221,2021,7275
West Wallsend,NSW,2286,West Wallsend - Barnsley - Killingworth,111021221,2022,7333
West Wallsend,NSW,2286,West Wallsend - Barnsley - Killingworth,111021221,2023,7383
Anna Bay,NSW,2316,Anna Bay,106031119,2019,6155
Anna Bay,NSW,2316,Anna Bay,106031119,2020,6260
Anna Bay,NSW,2316,Anna Bay,106031119,2021,6408
Anna Bay,NSW,2316,Anna Bay,106031119,2022,6591
Anna Bay,NSW,2316,Anna Bay,106031119,2023,6691
Bangalow,NSW,2479,Bangalow,112011238,2019,6537
Bangalow,NSW,2479,Bangalow,112011238,2020,6741
Bangalow,NSW,2479,Bangalow,112011238,2021,6961
Bangalow,NSW,2479,Bangalow,112011238,2022,7126
Bangalow,NSW,2479,Bangalow,112011238,2023,7251
Bardwell Park,NSW,2207,Kingsgrove (South) - Bardwell Park,119041377,2019,13320
Bardwell Park,NSW,2207,Kingsgrove (South) - Bardwell Park,119041377,2020,13262
Bardwell Park,NSW,2207,Kingsgrove (South) - Bardwell Park,119041377,2021,12996
Bardwell Park,NSW,2207,Kingsgrove (South) - Bardwell Park,119041377,2022,12930
Bardwell Park,NSW,2207,Kingsgrove (South) - Bardwell Park,119041377,2023,13204
Bass Hill,NSW,2197,Bass Hill - Georges Hall,119011354,2019,23855
Bass Hill,NSW,2197,Bass Hill - Georges Hall,119011354,2020,24050
Bass Hill,NSW,2197,Bass Hill - Georges Hall,119011354,2021,23971
Bass Hill,NSW,2197,Bass Hill - Georges Hall,119011354,2022,24030
Bass Hill,NSW,2197,Bass Hill - Georges Hall,119011354,2023,24193
Bondi Junction,NSW,1355,Bondi Junction - Waverly,118011341,2019,18345
Bondi Junction,NSW,1355,Bondi Junction - Waverly,118011341,2020,18323
Bondi Junction,NSW,1355,Bondi Junction - Waverly,118011341,2021,17861
Bondi Junction,NSW,1355,Bondi Junction - Waverly,118011341,2022,17859
Bondi Junction,NSW,1355,Bondi Junction - Waverly,118011341,2023,18373
Collaroy,NSW,2097,Collaroy - Collaroy Plateau,122031693,2019,14370
Collaroy,NSW,2097,Collaroy - Collaroy Plateau,122031693,2020,14260
Collaroy,NSW,2097,Collaroy - Collaroy Plateau,122031693,2021,13989
Collaroy,NSW,2097,Collaroy - Collaroy Plateau,122031693,2022,13794
Collaroy,NSW,2097,Collaroy - Collaroy Plateau,122031693,2023,13999
Eglinton,NSW,2795,Alkimos - Eglinton,505031255,2019,12339
Eglinton,NSW,2795,Alkimos - Eglinton,505031255,2020,13430
Eglinton,NSW,2795,Alkimos - Eglinton,505031255,2021,14418
Eglinton,NSW,2795,Alkimos - Eglinton,505031255,2022,15895
Eglinton,NSW,2795,Alkimos - Eglinton,505031255,2023,17706
Fairy Meadow,NSW,2519,Balgownie - Fairy Meadow,107041144,2019,21881
Fairy Meadow,NSW,2519,Balgownie - Fairy Meadow,107041144,2020,21840
Fairy Meadow,NSW,2519,Balgownie - Fairy Meadow,107041144,2021,21542
Fairy Meadow,NSW,2519,Balgownie - Fairy Meadow,107041144,2022,21573
Fairy Meadow,NSW,2519,Balgownie - Fairy Meadow,107041144,2023,21930
Georges Hall,NSW,2198,Bass Hill - Georges Hall,119011354,2019,23855
Georges Hall,NSW,2198,Bass Hill - Georges Hall,119011354,2020,24050
Georges Hall,NSW,2198,Bass Hill - Georges Hall,119011354,2021,23971
Georges Hall,NSW,2198,Bass Hill - Georges Hall,119011354,2022,24030
Georges Hall,NSW,2198,Bass Hill - Georges Hall,119011354,2023,24193
Lake Heights,NSW,2502,Berkeley - Lake Heights - Cringila,107011545,2019,14280
Lake Heights,NSW,2502,Berkeley - Lake Heights - Cringila,107011545,2020,14252
Lake Heights,NSW,2502,Berkeley - Lake Heights - Cringila,107011545,2021,14191
Lake Heights,NSW,2502,Berkeley - Lake Heights - Cringila,107011545,2022,14141
Lake Heights,NSW,2502,Berkeley - Lake Heights - Cringila,107011545,2023,14173
Lurnea,NSW,2170,Lurnea - Cartwright,127031599,2019,12662
Lurnea,NSW,2170,Lurnea - Cartwright,127031599,2020,12734
Lurnea,NSW,2170,Lurnea - Cartwright,127031599,2021,12745
Lurnea,NSW,2170,Lurnea - Cartwright,127031599,2022,12840
Lurnea,NSW,2170,Lurnea - Cartwright,127031599,2023,13250
Malabar,NSW,2036,Malabar - La Perouse,118021652,2019,11405
Malabar,NSW,2036,Malabar - La Perouse,118021652,2020,11133
Malabar,NSW,2036,Malabar - La Perouse,118021652,2021,10691
Malabar,NSW,2036,Malabar - La Perouse,118021652,2022,10612
Malabar,NSW,2036,Malabar - La Perouse,118021652,2023,10802
North Avoca,NSW,2260,Terrigal - North Avoca,102011039,2019,14541
North Avoca,NSW,2260,Terrigal - North Avoca,102011039,2020,14834
North Avoca,NSW,2260,Terrigal - North Avoca,102011039,2021,14894
North Avoca,NSW,2260,Terrigal - North Avoca,102011039,2022,14905
North Avoca,NSW,2260,Terrigal - North Avoca,102011039,2023,15231
St Peters,NSW,2044,Sydenham - Tempe - St Peters,117021328,2019,8346
St Peters,NSW,2044,Sydenham - Tempe - St Peters,117021328,2020,8358
St Peters,NSW,2044,Sydenham - Tempe - St Peters,117021328,2021,8340
St Peters,NSW,2044,Sydenham - Tempe - St Peters,117021328,2022,8397
St Peters,NSW,2044,Sydenham - Tempe - St Peters,117021328,2023,8675
St Peters,NSW,2044,St Peters - Marden,401051019,2019,13676
St Peters,NSW,2044,St Peters - Marden,401051019,2020,13768
St Peters,NSW,2044,St Peters - Marden,401051019,2021,13635
St Peters,NSW,2044,St Peters - Marden,401051019,2022,13698
St Peters,NSW,2044,St Peters - Marden,401051019,2023,14085
Sydney,NSW,1001,Sydney Airport,117011325,2019,41
Sydney,NSW,1001,Sydney Airport,117011325,2020,32
Sydney,NSW,1001,Sydney Airport,117011325,2021,23
Sydney,NSW,1001,Sydney Airport,117011325,2022,23
Sydney,NSW,1001,Sydney Airport,117011325,2023,23
Sydney,NSW,1001,Sydney (North) - Millers Point,117031644,2019,8874
Sydney,NSW,1001,Sydney (North) - Millers Point,117031644,2020,8743
Sydney,NSW,1001,Sydney (North) - Millers Point,117031644,2021,8188
Sydney,NSW,1001,Sydney (North) - Millers Point,117031644,2022,8190
Sydney,NSW,1001,Sydney (North) - Millers Point,117031644,2023,8738
Sydney,NSW,1001,Sydney (South) - Haymarket,117031645,2019,21797
Sydney,NSW,1001,Sydney (South) - Haymarket,117031645,2020,21817
Sydney,NSW,1001,Sydney (South) - Haymarket,117031645,2021,20306
Sydney,NSW,1001,Sydney (South) - Haymarket,117031645,2022,21076
Sydney,NSW,1001,Sydney (South) - Haymarket,117031645,2023,22653
Sydney,NSW,1001,North Sydney - Lavender Bay,121041417,2019,12519
Sydney,NSW,1001,North Sydney - Lavender Bay,121041417,2020,12739
Sydney,NSW,1001,North Sydney - Lavender Bay,121041417,2021,12585
Sydney,NSW,1001,North Sydney - Lavender Bay,121041417,2022,12658
Sydney,NSW,1001,North Sydney - Lavender Bay,121041417,2023,13292
Sydney,NSW,1001,Wentworth Point - Sydney Olympic Park,125011710,2019,16444
Sydney,NSW,1001,Wentworth Point - Sydney Olympic Park,125011710,2020,18598
Sydney,NSW,1001,Wentworth Point - Sydney Olympic Park,125011710,2021,20682
Sydney,NSW,1001,Wentworth Point - Sydney Olympic Park,125011710,2022,21993
Sydney,NSW,1001,Wentworth Point - Sydney Olympic Park,125011710,2023,22818
Wingham,NSW,2429,Wingham,108051171,2019,5483
Wingham,NSW,2429,Wingham,108051171,2020,5455
Wingham,NSW,2429,Wingham,108051171,2021,5396
Wingham,NSW,2429,Wingham,108051171,2022,5381
Wingham,NSW,2429,Wingham,108051171,2023,5420
Woodcroft,NSW,2767,Doonside - Woodcroft,116011306,2019,23805
Woodcroft,NSW,2767,Doonside - Woodcroft,116011306,2020,23763
Woodcroft,NSW,2767,Doonside - Woodcroft,116011306,2021,23605
Woodcroft,NSW,2767,Doonside - Woodcroft,116011306,2022,23461
Woodcroft,NSW,2767,Doonside - Woodcroft,116011306,2023,23743
Woodcroft,NSW,2767,Woodcroft,403041089,2019,11622
Woodcroft,NSW,2767,Woodcroft,403041089,2020,11647
Woodcroft,NSW,2767,Woodcroft,403041089,2021,11630
Woodcroft,NSW,2767,Woodcroft,403041089,2022,11668
Woodcroft,NSW,2767,Woodcroft,403041089,2023,11692
Alexandria,NSW,1435,Erskineville - Alexandria,117031330,2019,19122
Alexandria,NSW,1435,Erskineville - Alexandria,117031330,2020,19461
Alexandria,NSW,1435,Erskineville - Alexandria,117031330,2021,19374
Alexandria,NSW,1435,Erskineville - Alexandria,117031330,2022,19978
Alexandria,NSW,1435,Erskineville - Alexandria,117031330,2023,20661
Canley Vale,NSW,2166,Canley Vale - Canley Heights,127021513,2019,22543
Canley Vale,NSW,2166,Canley Vale - Canley Heights,127021513,2020,22554
Canley Vale,NSW,2166,Canley Vale - Canley Heights,127021513,2021,22367
Canley Vale,NSW,2166,Canley Vale - Canley Heights,127021513,2022,22087
Canley Vale,NSW,2166,Canley Vale - Canley Heights,127021513,2023,22269
Chifley,NSW,2036,Matraville - Chifley,118021653,2019,13661
Chifley,NSW,2036,Matraville - Chifley,118021653,2020,13647
Chifley,NSW,2036,Matraville - Chifley,118021653,2021,13474
Chifley,NSW,2036,Matraville - Chifley,118021653,2022,13428
Chifley,NSW,2036,Matraville - Chifley,118021653,2023,13749
Chifley,NSW,2036,Chifley,801091099,2019,2576
Chifley,NSW,2036,Chifley,801091099,2020,2639
Chifley,NSW,2036,Chifley,801091099,2021,2663
Chifley,NSW,2036,Chifley,801091099,2022,2613
Chifley,NSW,2036,Chifley,801091099,2023,2659
Cobar,NSW,2835,Cobar,105011093,2019,4485
Cobar,NSW,2835,Cobar,105011093,2020,4290
Cobar,NSW,2835,Cobar,105011093,2021,4169
Cobar,NSW,2835,Cobar,105011093,2022,4125
Cobar,NSW,2835,Cobar,105011093,2023,4156
East Ryde,NSW,2113,North Ryde - East Ryde,126021501,2019,14919
East Ryde,NSW,2113,North Ryde - East Ryde,126021501,2020,15418
East Ryde,NSW,2113,North Ryde - East Ryde,126021501,2021,15675
East Ryde,NSW,2113,North Ryde - East Ryde,126021501,2022,15689
East Ryde,NSW,2113,North Ryde - East Ryde,126021501,2023,15970
Gerringong,NSW,2534,Kiama Hinterland - Gerringong,107031140,2019,8120
Gerringong,NSW,2534,Kiama Hinterland - Gerringong,107031140,2020,8124
Gerringong,NSW,2534,Kiama Hinterland - Gerringong,107031140,2021,8110
Gerringong,NSW,2534,Kiama Hinterland - Gerringong,107031140,2022,8057
Gerringong,NSW,2534,Kiama Hinterland - Gerringong,107031140,2023,8057
Glen Alpine,NSW,2560,Rosemeadow - Glen Alpine,123021444,2019,21407
Glen Alpine,NSW,2560,Rosemeadow - Glen Alpine,123021444,2020,21386
Glen Alpine,NSW,2560,Rosemeadow - Glen Alpine,123021444,2021,21302
Glen Alpine,NSW,2560,Rosemeadow - Glen Alpine,123021444,2022,21253
Glen Alpine,NSW,2560,Rosemeadow - Glen Alpine,123021444,2023,21579
Hazelbrook,NSW,2779,Lawson - Hazelbrook - Linden,124011453,2019,11540
Hazelbrook,NSW,2779,Lawson - Hazelbrook - Linden,124011453,2020,11536
Hazelbrook,NSW,2779,Lawson - Hazelbrook - Linden,124011453,2021,11481
Hazelbrook,NSW,2779,Lawson - Hazelbrook - Linden,124011453,2022,11498
Hazelbrook,NSW,2779,Lawson - Hazelbrook - Linden,124011453,2023,11512
Jannali,NSW,2226,Oyster Bay - Como - Jannali,128021536,2019,22178
Jannali,NSW,2226,Oyster Bay - Como - Jannali,128021536,2020,22206
Jannali,NSW,2226,Oyster Bay - Como - Jannali,128021536,2021,22157
Jannali,NSW,2226,Oyster Bay - Como - Jannali,128021536,2022,22249
Jannali,NSW,2226,Oyster Bay - Como - Jannali,128021536,2023,22531
Kanwal,NSW,2259,Gorokan - Kanwal - Charmhaven,102021048,2019,22870
Kanwal,NSW,2259,Gorokan - Kanwal - Charmhaven,102021048,2020,22779
Kanwal,NSW,2259,Gorokan - Kanwal - Charmhaven,102021048,2021,22588
Kanwal,NSW,2259,Gorokan - Kanwal - Charmhaven,102021048,2022,22584
Kanwal,NSW,2259,Gorokan - Kanwal - Charmhaven,102021048,2023,22633
Leumeah,NSW,2560,Leumeah - Minto Heights,123021441,2019,16934
Leumeah,NSW,2560,Leumeah - Minto Heights,123021441,2020,16904
Leumeah,NSW,2560,Leumeah - Minto Heights,123021441,2021,16809
Leumeah,NSW,2560,Leumeah - Minto Heights,123021441,2022,16798
Leumeah,NSW,2560,Leumeah - Minto Heights,123021441,2023,17054
Neutral Bay,NSW,2089,Neutral Bay - Kirribilli,121041416,2019,18479
Neutral Bay,NSW,2089,Neutral Bay - Kirribilli,121041416,2020,18010
Neutral Bay,NSW,2089,Neutral Bay - Kirribilli,121041416,2021,17340
Neutral Bay,NSW,2089,Neutral Bay - Kirribilli,121041416,2022,17221
Neutral Bay,NSW,2089,Neutral Bay - Kirribilli,121041416,2023,17973
North Curl Curl,NSW,2099,Dee Why (South) - North Curl Curl,122031694,2019,9370
North Curl Curl,NSW,2099,Dee Why (South) - North Curl Curl,122031694,2020,9388
North Curl Curl,NSW,2099,Dee Why (South) - North Curl Curl,122031694,2021,9155
North Curl Curl,NSW,2099,Dee Why (South) - North Curl Curl,122031694,2022,9106
North Curl Curl,NSW,2099,Dee Why (South) - North Curl Curl,122031694,2023,9364
North Rocks,NSW,2151,North Rocks,125041490,2019,8397
North Rocks,NSW,2151,North Rocks,125041490,2020,8467
North Rocks,NSW,2151,North Rocks,125041490,2021,8469
North Rocks,NSW,2151,North Rocks,125041490,2022,8470
North Rocks,NSW,2151,North Rocks,125041490,2023,8645
Port Kembla,NSW,2505,Port Kembla Industrial,107011133,2019,9
Port Kembla,NSW,2505,Port Kembla Industrial,107011133,2020,8
Port Kembla,NSW,2505,Port Kembla Industrial,107011133,2021,7
Port Kembla,NSW,2505,Port Kembla Industrial,107011133,2022,7
Port Kembla,NSW,2505,Port Kembla Industrial,107011133,2023,7
Port Kembla,NSW,2505,Port Kembla - Warrawong,107011546,2019,10023
Port Kembla,NSW,2505,Port Kembla - Warrawong,107011546,2020,9862
Port Kembla,NSW,2505,Port Kembla - Warrawong,107011546,2021,9740
Port Kembla,NSW,2505,Port Kembla - Warrawong,107011546,2022,9651
Port Kembla,NSW,2505,Port Kembla - Warrawong,107011546,2023,9734
Queens Park,NSW,2022,Cannington - Queens Park,506031127,2019,20410
Queens Park,NSW,2022,Cannington - Queens Park,506031127,2020,21124
Queens Park,NSW,2022,Cannington - Queens Park,506031127,2021,21477
Queens Park,NSW,2022,Cannington - Queens Park,506031127,2022,21826
Queens Park,NSW,2022,Cannington - Queens Park,506031127,2023,23155
Richmond,NSW,2753,Richmond - Clarendon,124041466,2019,14775
Richmond,NSW,2753,Richmond - Clarendon,124041466,2020,15045
Richmond,NSW,2753,Richmond - Clarendon,124041466,2021,15312
Richmond,NSW,2753,Richmond - Clarendon,124041466,2022,15531
Richmond,NSW,2753,Richmond - Clarendon,124041466,2023,15892
Richmond,NSW,2753,Richmond (South) - Cremorne,206071517,2019,19082
Richmond,NSW,2753,Richmond (South) - Cremorne,206071517,2020,18929
Richmond,NSW,2753,Richmond (South) - Cremorne,206071517,2021,17977
Richmond,NSW,2753,Richmond (South) - Cremorne,206071517,2022,17857
Richmond,NSW,2753,Richmond (South) - Cremorne,206071517,2023,18684
Richmond,NSW,2753,Richmond - North,206071518,2019,15077
Richmond,NSW,2753,Richmond - North,206071518,2020,15025
Richmond,NSW,2753,Richmond - North,206071518,2021,14074
Richmond,NSW,2753,Richmond - North,206071518,2022,14073
Richmond,NSW,2753,Richmond - North,206071518,2023,14884
Richmond,NSW,2753,Richmond (SA),404031108,2019,17290
Richmond,NSW,2753,Richmond (SA),404031108,2020,17491
Richmond,NSW,2753,Richmond (SA),404031108,2021,17252
Richmond,NSW,2753,Richmond (SA),404031108,2022,17414
Richmond,NSW,2753,Richmond (SA),404031108,2023,17916
Richmond,NSW,2753,Sorell - Richmond,601061035,2019,9527
Richmond,NSW,2753,Sorell - Richmond,601061035,2020,9888
Richmond,NSW,2753,Sorell - Richmond,601061035,2021,10131
Richmond,NSW,2753,Sorell - Richmond,601061035,2022,10389
Richmond,NSW,2753,Sorell - Richmond,601061035,2023,10539
Saratoga,NSW,2251,Saratoga - Davistown,102011038,2019,7246
Saratoga,NSW,2251,Saratoga - Davistown,102011038,2020,7227
Saratoga,NSW,2251,Saratoga - Davistown,102011038,2021,7180
Saratoga,NSW,2251,Saratoga - Davistown,102011038,2022,7207
Saratoga,NSW,2251,Saratoga - Davistown,102011038,2023,7282
Warilla,NSW,2528,Warilla,107031143,2019,20946
Warilla,NSW,2528,Warilla,107031143,2020,20766
Warilla,NSW,2528,Warilla,107031143,2021,20500
Warilla,NSW,2528,Warilla,107031143,2022,20347
Warilla,NSW,2528,Warilla,107031143,2023,20425
Wentworthville,NSW,2145,South Wentworthville,125031716,2019,7311
Wentworthville,NSW,2145,South Wentworthville,125031716,2020,7341
Wentworthville,NSW,2145,South Wentworthville,125031716,2021,7337
Wentworthville,NSW,2145,South Wentworthville,125031716,2022,7409
Wentworthville,NSW,2145,South Wentworthville,125031716,2023,7559
Wentworthville,NSW,2145,Wentworthville - Westmead,125041589,2019,20415
Wentworthville,NSW,2145,Wentworthville - Westmead,125041589,2020,21327
Wentworthville,NSW,2145,Wentworthville - Westmead,125041589,2021,21769
Wentworthville,NSW,2145,Wentworthville - Westmead,125041589,2022,22156
Wentworthville,NSW,2145,Wentworthville - Westmead,125041589,2023,23054
Albion Park Rail,NSW,2527,Albion Park Rail,107031137,2019,6965
Albion Park Rail,NSW,2527,Albion Park Rail,107031137,2020,6940
Albion Park Rail,NSW,2527,Albion Park Rail,107031137,2021,6930
Albion Park Rail,NSW,2527,Albion Park Rail,107031137,2022,6879
Albion Park Rail,NSW,2527,Albion Park Rail,107031137,2023,6838
Bardwell Valley,NSW,2207,Arncliffe - Bardwell Valley,119041668,2019,16648
Bardwell Valley,NSW,2207,Arncliffe - Bardwell Valley,119041668,2020,16696
Bardwell Valley,NSW,2207,Arncliffe - Bardwell Valley,119041668,2021,16676
Bardwell Valley,NSW,2207,Arncliffe - Bardwell Valley,119041668,2022,16756
Bardwell Valley,NSW,2207,Arncliffe - Bardwell Valley,119041668,2023,17437
Bellbird,NSW,2325,Bellbird Park,310041566,2019,8595
Bellbird,NSW,2325,Bellbird Park,310041566,2020,8946
Bellbird,NSW,2325,Bellbird Park,310041566,2021,9340
Bellbird,NSW,2325,Bellbird Park,310041566,2022,9768
Bellbird,NSW,2325,Bellbird Park,310041566,2023,10249
Bellingen,NSW,2454,Bellingen,104021083,2019,6046
Bellingen,NSW,2454,Bellingen,104021083,2020,6108
Bellingen,NSW,2454,Bellingen,104021083,2021,6148
Bellingen,NSW,2454,Bellingen,104021083,2022,6163
Bellingen,NSW,2454,Bellingen,104021083,2023,6160
Berowra,NSW,2081,Berowra - Brooklyn - Cowan,121021404,2019,12025
Berowra,NSW,2081,Berowra - Brooklyn - Cowan,121021404,2020,11985
Berowra,NSW,2081,Berowra - Brooklyn - Cowan,121021404,2021,11795
Berowra,NSW,2081,Berowra - Brooklyn - Cowan,121021404,2022,11759
Berowra,NSW,2081,Berowra - Brooklyn - Cowan,121021404,2023,11769
Brunswick Heads,NSW,2483,Brunswick Heads - Ocean Shores,112011239,2019,8885
Brunswick Heads,NSW,2483,Brunswick Heads - Ocean Shores,112011239,2020,9046
Brunswick Heads,NSW,2483,Brunswick Heads - Ocean Shores,112011239,2021,9148
Brunswick Heads,NSW,2483,Brunswick Heads - Ocean Shores,112011239,2022,9284
Brunswick Heads,NSW,2483,Brunswick Heads - Ocean Shores,112011239,2023,9428
Castle Cove,NSW,2069,Castle Cove - Northbridge,121011683,2019,13799
Castle Cove,NSW,2069,Castle Cove - Northbridge,121011683,2020,13736
Castle Cove,NSW,2069,Castle Cove - Northbridge,121011683,2021,13470
Castle Cove,NSW,2069,Castle Cove - Northbridge,121011683,2022,13338
Castle Cove,NSW,2069,Castle Cove - Northbridge,121011683,2023,13516
Casuarina,NSW,2487,Casuarina - Wandi,507031261,2019,8299
Casuarina,NSW,2487,Casuarina - Wandi,507031261,2020,8769
Casuarina,NSW,2487,Casuarina - Wandi,507031261,2021,9470
Casuarina,NSW,2487,Casuarina - Wandi,507031261,2022,10268
Casuarina,NSW,2487,Casuarina - Wandi,507031261,2023,11273
Cromer,NSW,2099,Cromer,122031425,2019,8029
Cromer,NSW,2099,Cromer,122031425,2020,8064
Cromer,NSW,2099,Cromer,122031425,2021,8052
Cromer,NSW,2099,Cromer,122031425,2022,8131
Cromer,NSW,2099,Cromer,122031425,2023,8231
Gordon,NSW,2072,Gordonvale - Trinity,306021148,2019,9506
Gordon,NSW,2072,Gordonvale - Trinity,306021148,2020,9720
Gordon,NSW,2072,Gordonvale - Trinity,306021148,2021,9964
Gordon,NSW,2072,Gordonvale - Trinity,306021148,2022,10336
Gordon,NSW,2072,Gordonvale - Trinity,306021148,2023,10722
Gordon,NSW,2072,Gordon - Killara,121031407,2019,23090
Gordon,NSW,2072,Gordon - Killara,121031407,2020,23048
Gordon,NSW,2072,Gordon - Killara,121031407,2021,22602
Gordon,NSW,2072,Gordon - Killara,121031407,2022,22444
Gordon,NSW,2072,Gordon - Killara,121031407,2023,23277
Gordon,NSW,2072,Gordon (Vic.),201021012,2019,6122
Gordon,NSW,2072,Gordon (Vic.),201021012,2020,6247
Gordon,NSW,2072,Gordon (Vic.),201021012,2021,6340
Gordon,NSW,2072,Gordon (Vic.),201021012,2022,6379
Gordon,NSW,2072,Gordon (Vic.),201021012,2023,6408
Gordon,NSW,2072,Kedron - Gordon Park,302021031,2019,14568
Gordon,NSW,2072,Kedron - Gordon Park,302021031,2020,14669
Gordon,NSW,2072,Kedron - Gordon Park,302021031,2021,14686
Gordon,NSW,2072,Kedron - Gordon Park,302021031,2022,14817
Gordon,NSW,2072,Kedron - Gordon Park,302021031,2023,15113
Gordon,NSW,2072,Gordon (ACT),801071078,2019,7692
Gordon,NSW,2072,Gordon (ACT),801071078,2020,7809
Gordon,NSW,2072,Gordon (ACT),801071078,2021,7873
Gordon,NSW,2072,Gordon (ACT),801071078,2022,7820
Gordon,NSW,2072,Gordon (ACT),801071078,2023,7785
Heathcote,NSW,2233,Heathcote,202021029,2019,4790
Heathcote,NSW,2233,Heathcote,202021029,2020,4902
Heathcote,NSW,2233,Heathcote,202021029,2021,5026
Heathcote,NSW,2233,Heathcote,202021029,2022,5157
Heathcote,NSW,2233,Heathcote,202021029,2023,5261
Heathcote,NSW,2233,Heathcote - Waterfall,128021533,2019,6746
Heathcote,NSW,2233,Heathcote - Waterfall,128021533,2020,6725
Heathcote,NSW,2233,Heathcote - Waterfall,128021533,2021,6680
Heathcote,NSW,2233,Heathcote - Waterfall,128021533,2022,6710
Heathcote,NSW,2233,Heathcote - Waterfall,128021533,2023,6707
Horningsea Park,NSW,2171,Hoxton Park - Carnes Hill - Horningsea Park,127011596,2019,13049
Horningsea Park,NSW,2171,Hoxton Park - Carnes Hill - Horningsea Park,127011596,2020,13254
Horningsea Park,NSW,2171,Hoxton Park - Carnes Hill - Horningsea Park,127011596,2021,13306
Horningsea Park,NSW,2171,Hoxton Park - Carnes Hill - Horningsea Park,127011596,2022,13544
Horningsea Park,NSW,2171,Hoxton Park - Carnes Hill - Horningsea Park,127011596,2023,13792
Monterey,NSW,2217,Monterey - Brighton-le-Sands - Kyeemagh,119041380,2019,14636
Monterey,NSW,2217,Monterey - Brighton-le-Sands - Kyeemagh,119041380,2020,14414
Monterey,NSW,2217,Monterey - Brighton-le-Sands - Kyeemagh,119041380,2021,13915
Monterey,NSW,2217,Monterey - Brighton-le-Sands - Kyeemagh,119041380,2022,13650
Monterey,NSW,2217,Monterey - Brighton-le-Sands - Kyeemagh,119041380,2023,13758
Moruya,NSW,2537,Moruya - Tuross Head,101041026,2019,8366
Moruya,NSW,2537,Moruya - Tuross Head,101041026,2020,8467
Moruya,NSW,2537,Moruya - Tuross Head,101041026,2021,8559
Moruya,NSW,2537,Moruya - Tuross Head,101041026,2022,8587
Moruya,NSW,2537,Moruya - Tuross Head,101041026,2023,8643
Oyster Bay,NSW,2225,Oyster Bay - Como - Jannali,128021536,2019,22178
Oyster Bay,NSW,2225,Oyster Bay - Como - Jannali,128021536,2020,22206
Oyster Bay,NSW,2225,Oyster Bay - Como - Jannali,128021536,2021,22157
Oyster Bay,NSW,2225,Oyster Bay - Como - Jannali,128021536,2022,22249
Oyster Bay,NSW,2225,Oyster Bay - Como - Jannali,128021536,2023,22531
San Remo,NSW,2262,Blue Haven - San Remo,102021045,2019,11471
San Remo,NSW,2262,Blue Haven - San Remo,102021045,2020,11402
San Remo,NSW,2262,Blue Haven - San Remo,102021045,2021,11392
San Remo,NSW,2262,Blue Haven - San Remo,102021045,2022,11467
San Remo,NSW,2262,Blue Haven - San Remo,102021045,2023,11560
Dudley,NSW,2290,Charlestown - Dudley,111011208,2019,25053
Dudley,NSW,2290,Charlestown - Dudley,111011208,2020,25206
Dudley,NSW,2290,Charlestown - Dudley,111011208,2021,25365
Dudley,NSW,2290,Charlestown - Dudley,111011208,2022,25513
Dudley,NSW,2290,Charlestown - Dudley,111011208,2023,25756
Eastlakes,NSW,2018,Eastlakes,117011634,2019,9865
Eastlakes,NSW,2018,Eastlakes,117011634,2020,9552
Eastlakes,NSW,2018,Eastlakes,117011634,2021,8975
Eastlakes,NSW,2018,Eastlakes,117011634,2022,8825
Eastlakes,NSW,2018,Eastlakes,117011634,2023,9005
Eden,NSW,2551,Bega-Eden Hinterland,101041020,2019,9242
Eden,NSW,2551,Bega-Eden Hinterland,101041020,2020,9378
Eden,NSW,2551,Bega-Eden Hinterland,101041020,2021,9530
Eden,NSW,2551,Bega-Eden Hinterland,101041020,2022,9630
Eden,NSW,2551,Bega-Eden Hinterland,101041020,2023,9711
Eden,NSW,2551,Edens Landing - Holmview,311021308,2019,8951
Eden,NSW,2551,Edens Landing - Holmview,311021308,2020,9368
Eden,NSW,2551,Edens Landing - Holmview,311021308,2021,9692
Eden,NSW,2551,Edens Landing - Holmview,311021308,2022,10144
Eden,NSW,2551,Edens Landing - Holmview,311021308,2023,10673
Eden,NSW,2551,Eden,101041023,2019,3332
Eden,NSW,2551,Eden,101041023,2020,3364
Eden,NSW,2551,Eden,101041023,2021,3409
Eden,NSW,2551,Eden,101041023,2022,3416
Eden,NSW,2551,Eden,101041023,2023,3424
Eden,NSW,2551,Edensor Park,127021514,2019,10526
Eden,NSW,2551,Edensor Park,127021514,2020,10453
Eden,NSW,2551,Edensor Park,127021514,2021,10292
Eden,NSW,2551,Edensor Park,127021514,2022,10189
Eden,NSW,2551,Edensor Park,127021514,2023,10183
Eden,NSW,2551,Bassendean - Eden Hill - Ashfield,504011044,2019,16089
Eden,NSW,2551,Bassendean - Eden Hill - Ashfield,504011044,2020,16326
Eden,NSW,2551,Bassendean - Eden Hill - Ashfield,504011044,2021,16500
Eden,NSW,2551,Bassendean - Eden Hill - Ashfield,504011044,2022,16612
Eden,NSW,2551,Bassendean - Eden Hill - Ashfield,504011044,2023,16914
Forest Hill,NSW,2651,Forest Hill,211041269,2019,11204
Forest Hill,NSW,2651,Forest Hill,211041269,2020,11166
Forest Hill,NSW,2651,Forest Hill,211041269,2021,10866
Forest Hill,NSW,2651,Forest Hill,211041269,2022,10867
Forest Hill,NSW,2651,Forest Hill,211041269,2023,11023
Glen Innes,NSW,2370,Glen Innes,110021190,2019,8947
Glen Innes,NSW,2370,Glen Innes,110021190,2020,8946
Glen Innes,NSW,2370,Glen Innes,110021190,2021,8925
Glen Innes,NSW,2370,Glen Innes,110021190,2022,8944
Glen Innes,NSW,2370,Glen Innes,110021190,2023,8989
Glenroy,NSW,2640,Glenroy - West,210031536,2019,9077
Glenroy,NSW,2640,Glenroy - West,210031536,2020,9246
Glenroy,NSW,2640,Glenroy - West,210031536,2021,8976
Glenroy,NSW,2640,Glenroy - West,210031536,2022,9022
Glenroy,NSW,2640,Glenroy - West,210031536,2023,9349
Glenroy,NSW,2640,Glenroy - East,210031535,2019,15554
Glenroy,NSW,2640,Glenroy - East,210031535,2020,15565
Glenroy,NSW,2640,Glenroy - East,210031535,2021,14980
Glenroy,NSW,2640,Glenroy - East,210031535,2022,14870
Glenroy,NSW,2640,Glenroy - East,210031535,2023,15431
Gundagai,NSW,2722,Gundagai,113031264,2019,3674
Gundagai,NSW,2722,Gundagai,113031264,2020,3702
Gundagai,NSW,2722,Gundagai,113031264,2021,3713
Gundagai,NSW,2722,Gundagai,113031264,2022,3713
Gundagai,NSW,2722,Gundagai,113031264,2023,3735
Homebush,NSW,2140,Homebush,120031396,2019,19993
Homebush,NSW,2140,Homebush,120031396,2020,20719
Homebush,NSW,2140,Homebush,120031396,2021,21056
Homebush,NSW,2140,Homebush,120031396,2022,21408
Homebush,NSW,2140,Homebush,120031396,2023,22262
Hoxton Park,NSW,2171,Hoxton Park - Carnes Hill - Horningsea Park,127011596,2019,13049
Hoxton Park,NSW,2171,Hoxton Park - Carnes Hill - Horningsea Park,127011596,2020,13254
Hoxton Park,NSW,2171,Hoxton Park - Carnes Hill - Horningsea Park,127011596,2021,13306
Hoxton Park,NSW,2171,Hoxton Park - Carnes Hill - Horningsea Park,127011596,2022,13544
Hoxton Park,NSW,2171,Hoxton Park - Carnes Hill - Horningsea Park,127011596,2023,13792
Kiama Downs,NSW,2533,Kiama Downs - Minnamurra,107031139,2019,6091
Kiama Downs,NSW,2533,Kiama Downs - Minnamurra,107031139,2020,6080
Kiama Downs,NSW,2533,Kiama Downs - Minnamurra,107031139,2021,6044
Kiama Downs,NSW,2533,Kiama Downs - Minnamurra,107031139,2022,5960
Kiama Downs,NSW,2533,Kiama Downs - Minnamurra,107031139,2023,5936
Laurieton,NSW,2443,Laurieton - Bonny Hills,108041162,2019,17941
Laurieton,NSW,2443,Laurieton - Bonny Hills,108041162,2020,18238
Laurieton,NSW,2443,Laurieton - Bonny Hills,108041162,2021,18418
Laurieton,NSW,2443,Laurieton - Bonny Hills,108041162,2022,18656
Laurieton,NSW,2443,Laurieton - Bonny Hills,108041162,2023,19000
Lemon Tree Passage,NSW,2319,Lemon Tree Passage - Tanilba Bay,106031120,2019,6803
Lemon Tree Passage,NSW,2319,Lemon Tree Passage - Tanilba Bay,106031120,2020,6882
Lemon Tree Passage,NSW,2319,Lemon Tree Passage - Tanilba Bay,106031120,2021,6893
Lemon Tree Passage,NSW,2319,Lemon Tree Passage - Tanilba Bay,106031120,2022,6934
Lemon Tree Passage,NSW,2319,Lemon Tree Passage - Tanilba Bay,106031120,2023,6973
Lewisham,NSW,2049,Dulwich Hill - Lewisham,120031394,2019,18429
Lewisham,NSW,2049,Dulwich Hill - Lewisham,120031394,2020,18388
Lewisham,NSW,2049,Dulwich Hill - Lewisham,120031394,2021,18054
Lewisham,NSW,2049,Dulwich Hill - Lewisham,120031394,2022,18089
Lewisham,NSW,2049,Dulwich Hill - Lewisham,120031394,2023,18486
Lewisham,NSW,2049,Dodges Ferry - Lewisham,601061034,2019,8172
Lewisham,NSW,2049,Dodges Ferry - Lewisham,601061034,2020,8381
Lewisham,NSW,2049,Dodges Ferry - Lewisham,601061034,2021,8642
Lewisham,NSW,2049,Dodges Ferry - Lewisham,601061034,2022,8871
Lewisham,NSW,2049,Dodges Ferry - Lewisham,601061034,2023,8946
Mount Pritchard,NSW,2170,Cabramatta West - Mount Pritchard,127021512,2019,18531
Mount Pritchard,NSW,2170,Cabramatta West - Mount Pritchard,127021512,2020,18472
Mount Pritchard,NSW,2170,Cabramatta West - Mount Pritchard,127021512,2021,18299
Mount Pritchard,NSW,2170,Cabramatta West - Mount Pritchard,127021512,2022,18138
Mount Pritchard,NSW,2170,Cabramatta West - Mount Pritchard,127021512,2023,18325
North Parramatta,NSW,1750,North Parramatta,125041489,2019,24252
North Parramatta,NSW,1750,North Parramatta,125041489,2020,24013
North Parramatta,NSW,1750,North Parramatta,125041489,2021,23080
North Parramatta,NSW,1750,North Parramatta,125041489,2022,22930
North Parramatta,NSW,1750,North Parramatta,125041489,2023,23536
Regents Park,NSW,2143,Regents Park,125011587,2019,5364
Regents Park,NSW,2143,Regents Park,125011587,2020,5306
Regents Park,NSW,2143,Regents Park,125011587,2021,5163
Regents Park,NSW,2143,Regents Park,125011587,2022,5103
Regents Park,NSW,2143,Regents Park,125011587,2023,5229
Regents Park,NSW,2143,Regents Park - Heritage Park,311031319,2019,16523
Regents Park,NSW,2143,Regents Park - Heritage Park,311031319,2020,16461
Regents Park,NSW,2143,Regents Park - Heritage Park,311031319,2021,16357
Regents Park,NSW,2143,Regents Park - Heritage Park,311031319,2022,16378
Regents Park,NSW,2143,Regents Park - Heritage Park,311031319,2023,16710
Shellharbour,NSW,2529,Shellharbour - Oak Flats,107031142,2019,10404
Shellharbour,NSW,2529,Shellharbour - Oak Flats,107031142,2020,10496
Shellharbour,NSW,2529,Shellharbour - Oak Flats,107031142,2021,10570
Shellharbour,NSW,2529,Shellharbour - Oak Flats,107031142,2022,10655
Shellharbour,NSW,2529,Shellharbour - Oak Flats,107031142,2023,10736
Shellharbour,NSW,2529,Shellharbour - Flinders,107031141,2019,18779
Shellharbour,NSW,2529,Shellharbour - Flinders,107031141,2020,19104
Shellharbour,NSW,2529,Shellharbour - Flinders,107031141,2021,19376
Shellharbour,NSW,2529,Shellharbour - Flinders,107031141,2022,19815
Shellharbour,NSW,2529,Shellharbour - Flinders,107031141,2023,20118
Skennars Head,NSW,2478,Lennox Head - Skennars Head,112011242,2019,8728
Skennars Head,NSW,2478,Lennox Head - Skennars Head,112011242,2020,9016
Skennars Head,NSW,2478,Lennox Head - Skennars Head,112011242,2021,9207
Skennars Head,NSW,2478,Lennox Head - Skennars Head,112011242,2022,9393
Skennars Head,NSW,2478,Lennox Head - Skennars Head,112011242,2023,9650
Warrawee,NSW,2074,Wahroonga (East) - Warrawee,121031412,2019,18476
Warrawee,NSW,2074,Wahroonga (East) - Warrawee,121031412,2020,18424
Warrawee,NSW,2074,Wahroonga (East) - Warrawee,121031412,2021,18251
Warrawee,NSW,2074,Wahroonga (East) - Warrawee,121031412,2022,18153
Warrawee,NSW,2074,Wahroonga (East) - Warrawee,121031412,2023,18204
Werrington,NSW,2747,Kingswood - Werrington,124031462,2019,23114
Werrington,NSW,2747,Kingswood - Werrington,124031462,2020,24065
Werrington,NSW,2747,Kingswood - Werrington,124031462,2021,24895
Werrington,NSW,2747,Kingswood - Werrington,124031462,2022,25269
Werrington,NSW,2747,Kingswood - Werrington,124031462,2023,26075
Weston,NSW,2326,Weston,801081098,2019,3861
Weston,NSW,2326,Weston,801081098,2020,3928
Weston,NSW,2326,Weston,801081098,2021,3982
Weston,NSW,2326,Weston,801081098,2022,3934
Weston,NSW,2326,Weston,801081098,2023,3967
Beacon Hill,NSW,2100,Beacon Hill - Narraweena,122031424,2019,14787
Beacon Hill,NSW,2100,Beacon Hill - Narraweena,122031424,2020,14757
Beacon Hill,NSW,2100,Beacon Hill - Narraweena,122031424,2021,14555
Beacon Hill,NSW,2100,Beacon Hill - Narraweena,122031424,2022,14473
Beacon Hill,NSW,2100,Beacon Hill - Narraweena,122031424,2023,14597
Bondi,NSW,2026,Bondi - Tamarama - Bronte,118011339,2019,19701
Bondi,NSW,2026,Bondi - Tamarama - Bronte,118011339,2020,19685
Bondi,NSW,2026,Bondi - Tamarama - Bronte,118011339,2021,19294
Bondi,NSW,2026,Bondi - Tamarama - Bronte,118011339,2022,19268
Bondi,NSW,2026,Bondi - Tamarama - Bronte,118011339,2023,19749
Bondi,NSW,2026,Bondi Beach - North Bondi,118011340,2019,22892
Bondi,NSW,2026,Bondi Beach - North Bondi,118011340,2020,22429
Bondi,NSW,2026,Bondi Beach - North Bondi,118011340,2021,21052
Bondi,NSW,2026,Bondi Beach - North Bondi,118011340,2022,21109
Bondi,NSW,2026,Bondi Beach - North Bondi,118011340,2023,21996
Bondi,NSW,2026,Bondi Junction - Waverly,118011341,2019,18345
Bondi,NSW,2026,Bondi Junction - Waverly,118011341,2020,18323
Bondi,NSW,2026,Bondi Junction - Waverly,118011341,2021,17861
Bondi,NSW,2026,Bondi Junction - Waverly,118011341,2022,17859
Bondi,NSW,2026,Bondi Junction - Waverly,118011341,2023,18373
Bonnyrigg,NSW,2177,Bonnyrigg Heights - Bonnyrigg,127021509,2019,17203
Bonnyrigg,NSW,2177,Bonnyrigg Heights - Bonnyrigg,127021509,2020,17290
Bonnyrigg,NSW,2177,Bonnyrigg Heights - Bonnyrigg,127021509,2021,17200
Bonnyrigg,NSW,2177,Bonnyrigg Heights - Bonnyrigg,127021509,2022,17134
Bonnyrigg,NSW,2177,Bonnyrigg Heights - Bonnyrigg,127021509,2023,17305
Broadmeadow,NSW,2292,Hamilton - Broadmeadow,111031224,2019,12619
Broadmeadow,NSW,2292,Hamilton - Broadmeadow,111031224,2020,12711
Broadmeadow,NSW,2292,Hamilton - Broadmeadow,111031224,2021,12775
Broadmeadow,NSW,2292,Hamilton - Broadmeadow,111031224,2022,12857
Broadmeadow,NSW,2292,Hamilton - Broadmeadow,111031224,2023,12981
Broadmeadow,NSW,2292,Broadmeadows,210051242,2019,14765
Broadmeadow,NSW,2292,Broadmeadows,210051242,2020,14747
Broadmeadow,NSW,2292,Broadmeadows,210051242,2021,14063
Broadmeadow,NSW,2292,Broadmeadows,210051242,2022,13948
Broadmeadow,NSW,2292,Broadmeadows,210051242,2023,14343
Carnes Hill,NSW,2171,Hoxton Park - Carnes Hill - Horningsea Park,127011596,2019,13049
Carnes Hill,NSW,2171,Hoxton Park - Carnes Hill - Horningsea Park,127011596,2020,13254
Carnes Hill,NSW,2171,Hoxton Park - Carnes Hill - Horningsea Park,127011596,2021,13306
Carnes Hill,NSW,2171,Hoxton Park - Carnes Hill - Horningsea Park,127011596,2022,13544
Carnes Hill,NSW,2171,Hoxton Park - Carnes Hill - Horningsea Park,127011596,2023,13792
Clovelly,NSW,2031,Coogee - Clovelly,118021651,2019,20833
Clovelly,NSW,2031,Coogee - Clovelly,118021651,2020,20474
Clovelly,NSW,2031,Coogee - Clovelly,118021651,2021,19734
Clovelly,NSW,2031,Coogee - Clovelly,118021651,2022,19435
Clovelly,NSW,2031,Coogee - Clovelly,118021651,2023,20166
Greta,NSW,2334,Branxton - Greta - Pokolbin,106011107,2019,11751
Greta,NSW,2334,Branxton - Greta - Pokolbin,106011107,2020,12240
Greta,NSW,2334,Branxton - Greta - Pokolbin,106011107,2021,12793
Greta,NSW,2334,Branxton - Greta - Pokolbin,106011107,2022,13521
Greta,NSW,2334,Branxton - Greta - Pokolbin,106011107,2023,14366
Killarney Heights,NSW,2087,Forestville - Killarney Heights,122031427,2019,13335
Killarney Heights,NSW,2087,Forestville - Killarney Heights,122031427,2020,13290
Killarney Heights,NSW,2087,Forestville - Killarney Heights,122031427,2021,13161
Killarney Heights,NSW,2087,Forestville - Killarney Heights,122031427,2022,13189
Killarney Heights,NSW,2087,Forestville - Killarney Heights,122031427,2023,13377
Liverpool,NSW,1871,Liverpool - East,127031731,2019,16698
Liverpool,NSW,1871,Liverpool - East,127031731,2020,17556
Liverpool,NSW,1871,Liverpool - East,127031731,2021,17670
Liverpool,NSW,1871,Liverpool - East,127031731,2022,18633
Liverpool,NSW,1871,Liverpool - East,127031731,2023,19531
Liverpool,NSW,1871,Liverpool - West,127031732,2019,14048
Liverpool,NSW,1871,Liverpool - West,127031732,2020,14056
Liverpool,NSW,1871,Liverpool - West,127031732,2021,13774
Liverpool,NSW,1871,Liverpool - West,127031732,2022,13731
Liverpool,NSW,1871,Liverpool - West,127031732,2023,14339
Newtown,NSW,2042,Newtown (Vic.),203021046,2019,10624
Newtown,NSW,2042,Newtown (Vic.),203021046,2020,10555
Newtown,NSW,2042,Newtown (Vic.),203021046,2021,10408
Newtown,NSW,2042,Newtown (Vic.),203021046,2022,10305
Newtown,NSW,2042,Newtown (Vic.),203021046,2023,10362
Newtown,NSW,2042,Newtown (NSW),117031640,2019,16303
Newtown,NSW,2042,Newtown (NSW),117031640,2020,15979
Newtown,NSW,2042,Newtown (NSW),117031640,2021,14864
Newtown,NSW,2042,Newtown (NSW),117031640,2022,14860
Newtown,NSW,2042,Newtown (NSW),117031640,2023,15397
Newtown,NSW,2042,Newtown (Qld),317011453,2019,9946
Newtown,NSW,2042,Newtown (Qld),317011453,2020,10004
Newtown,NSW,2042,Newtown (Qld),317011453,2021,10156
Newtown,NSW,2042,Newtown (Qld),317011453,2022,10296
Newtown,NSW,2042,Newtown (Qld),317011453,2023,10501
Niagara Park,NSW,2250,Niagara Park - Lisarow,102011036,2019,8240
Niagara Park,NSW,2250,Niagara Park - Lisarow,102011036,2020,8235
Niagara Park,NSW,2250,Niagara Park - Lisarow,102011036,2021,8237
Niagara Park,NSW,2250,Niagara Park - Lisarow,102011036,2022,8193
Niagara Park,NSW,2250,Niagara Park - Lisarow,102011036,2023,8254
North Sydney,NSW,2055,North Sydney - Lavender Bay,121041417,2019,12519
North Sydney,NSW,2055,North Sydney - Lavender Bay,121041417,2020,12739
North Sydney,NSW,2055,North Sydney - Lavender Bay,121041417,2021,12585
North Sydney,NSW,2055,North Sydney - Lavender Bay,121041417,2022,12658
North Sydney,NSW,2055,North Sydney - Lavender Bay,121041417,2023,13292
Portland,NSW,2847,Portland,217011422,2019,11150
Portland,NSW,2847,Portland,217011422,2020,11198
Portland,NSW,2847,Portland,217011422,2021,11183
Portland,NSW,2847,Portland,217011422,2022,11175
Portland,NSW,2847,Portland,217011422,2023,11181
Rodd Point,NSW,2046,Drummoyne - Rodd Point,120011385,2019,18984
Rodd Point,NSW,2046,Drummoyne - Rodd Point,120011385,2020,18832
Rodd Point,NSW,2046,Drummoyne - Rodd Point,120011385,2021,18409
Rodd Point,NSW,2046,Drummoyne - Rodd Point,120011385,2022,18238
Rodd Point,NSW,2046,Drummoyne - Rodd Point,120011385,2023,18629
The Entrance,NSW,2261,The Entrance,102021053,2019,15925
The Entrance,NSW,2261,The Entrance,102021053,2020,15996
The Entrance,NSW,2261,The Entrance,102021053,2021,15938
The Entrance,NSW,2261,The Entrance,102021053,2022,15831
The Entrance,NSW,2261,The Entrance,102021053,2023,15970
The Hill,NSW,2300,The Hills District,314011386,2019,24644
The Hill,NSW,2300,The Hills District,314011386,2020,24760
The Hill,NSW,2300,The Hills District,314011386,2021,24772
The Hill,NSW,2300,The Hills District,314011386,2022,25046
The Hill,NSW,2300,The Hills District,314011386,2023,25469
Unanderra,NSW,2526,Unanderra - Mount Kembla,107011134,2019,15655
Unanderra,NSW,2526,Unanderra - Mount Kembla,107011134,2020,15480
Unanderra,NSW,2526,Unanderra - Mount Kembla,107011134,2021,15243
Unanderra,NSW,2526,Unanderra - Mount Kembla,107011134,2022,15236
Unanderra,NSW,2526,Unanderra - Mount Kembla,107011134,2023,15282
Waverley,NSW,2024,Glen Waverley - East,212051321,2019,22712
Waverley,NSW,2024,Glen Waverley - East,212051321,2020,22684
Waverley,NSW,2024,Glen Waverley - East,212051321,2021,21882
Waverley,NSW,2024,Glen Waverley - East,212051321,2022,21755
Waverley,NSW,2024,Glen Waverley - East,212051321,2023,22429
Waverley,NSW,2024,Mount Waverley - North,212051323,2019,16471
Waverley,NSW,2024,Mount Waverley - North,212051323,2020,16649
Waverley,NSW,2024,Mount Waverley - North,212051323,2021,16238
Waverley,NSW,2024,Mount Waverley - North,212051323,2022,16302
Waverley,NSW,2024,Mount Waverley - North,212051323,2023,16796
Waverley,NSW,2024,Mount Waverley - South,212051324,2019,20087
Waverley,NSW,2024,Mount Waverley - South,212051324,2020,20062
Waverley,NSW,2024,Mount Waverley - South,212051324,2021,19471
Waverley,NSW,2024,Mount Waverley - South,212051324,2022,19608
Waverley,NSW,2024,Mount Waverley - South,212051324,2023,20236
Waverley,NSW,2024,Glen Waverley - West,212051322,2019,21349
Waverley,NSW,2024,Glen Waverley - West,212051322,2020,21761
Waverley,NSW,2024,Glen Waverley - West,212051322,2021,21324
Waverley,NSW,2024,Glen Waverley - West,212051322,2022,21545
Waverley,NSW,2024,Glen Waverley - West,212051322,2023,22533
Waverley,NSW,2024,Waverley - St Leonards,602011050,2019,3838
Waverley,NSW,2024,Waverley - St Leonards,602011050,2020,3917
Waverley,NSW,2024,Waverley - St Leonards,602011050,2021,4020
Waverley,NSW,2024,Waverley - St Leonards,602011050,2022,4065
Waverley,NSW,2024,Waverley - St Leonards,602011050,2023,4100
Whalan,NSW,2770,Mount Druitt - Whalan,116031317,2019,23745
Whalan,NSW,2770,Mount Druitt - Whalan,116031317,2020,23501
Whalan,NSW,2770,Mount Druitt - Whalan,116031317,2021,23182
Whalan,NSW,2770,Mount Druitt - Whalan,116031317,2022,23213
Whalan,NSW,2770,Mount Druitt - Whalan,116031317,2023,23691
Appin,NSW,2560,Douglas Park - Appin,123031446,2019,10906
Appin,NSW,2560,Douglas Park - Appin,123031446,2020,11065
Appin,NSW,2560,Douglas Park - Appin,123031446,2021,11147
Appin,NSW,2560,Douglas Park - Appin,123031446,2022,11531
Appin,NSW,2560,Douglas Park - Appin,123031446,2023,11854
Copacabana,NSW,2251,Avoca Beach - Copacabana,102011028,2019,7644
Copacabana,NSW,2251,Avoca Beach - Copacabana,102011028,2020,7615
Copacabana,NSW,2251,Avoca Beach - Copacabana,102011028,2021,7532
Copacabana,NSW,2251,Avoca Beach - Copacabana,102011028,2022,7482
Copacabana,NSW,2251,Avoca Beach - Copacabana,102011028,2023,7494
Denistone,NSW,2114,Denistone,126021722,2019,7239
Denistone,NSW,2114,Denistone,126021722,2020,7165
Denistone,NSW,2114,Denistone,126021722,2021,6986
Denistone,NSW,2114,Denistone,126021722,2022,6966
Denistone,NSW,2114,Denistone,126021722,2023,7079
Erina,NSW,2250,Erina - Green Point,102011031,2019,14824
Erina,NSW,2250,Erina - Green Point,102011031,2020,14859
Erina,NSW,2250,Erina - Green Point,102011031,2021,14804
Erina,NSW,2250,Erina - Green Point,102011031,2022,14652
Erina,NSW,2250,Erina - Green Point,102011031,2023,14673
Erskine Park,NSW,2759,Erskine Park,124051469,2019,6639
Erskine Park,NSW,2759,Erskine Park,124051469,2020,6605
Erskine Park,NSW,2759,Erskine Park,124051469,2021,6520
Erskine Park,NSW,2759,Erskine Park,124051469,2022,6503
Erskine Park,NSW,2759,Erskine Park,124051469,2023,6452
Korora,NSW,2450,Korora - Emerald Beach,104021088,2019,9897
Korora,NSW,2450,Korora - Emerald Beach,104021088,2020,10095
Korora,NSW,2450,Korora - Emerald Beach,104021088,2021,10218
Korora,NSW,2450,Korora - Emerald Beach,104021088,2022,10438
Korora,NSW,2450,Korora - Emerald Beach,104021088,2023,10635
Lethbridge Park,NSW,2770,Lethbridge Park - Tregear,116031316,2019,22425
Lethbridge Park,NSW,2770,Lethbridge Park - Tregear,116031316,2020,22238
Lethbridge Park,NSW,2770,Lethbridge Park - Tregear,116031316,2021,21873
Lethbridge Park,NSW,2770,Lethbridge Park - Tregear,116031316,2022,21918
Lethbridge Park,NSW,2770,Lethbridge Park - Tregear,116031316,2023,22239
McGraths Hill,NSW,2756,Pitt Town - McGraths Hill,115041301,2019,11225
McGraths Hill,NSW,2756,Pitt Town - McGraths Hill,115041301,2020,11374
McGraths Hill,NSW,2756,Pitt Town - McGraths Hill,115041301,2021,11457
McGraths Hill,NSW,2756,Pitt Town - McGraths Hill,115041301,2022,11688
McGraths Hill,NSW,2756,Pitt Town - McGraths Hill,115041301,2023,11796
Strathfield South,NSW,2136,Strathfield South,120031576,2019,3829
Strathfield South,NSW,2136,Strathfield South,120031576,2020,3758
Strathfield South,NSW,2136,Strathfield South,120031576,2021,3648
Strathfield South,NSW,2136,Strathfield South,120031576,2022,3598
Strathfield South,NSW,2136,Strathfield South,120031576,2023,3660
Tuross Head,NSW,2537,Moruya - Tuross Head,101041026,2019,8366
Tuross Head,NSW,2537,Moruya - Tuross Head,101041026,2020,8467
Tuross Head,NSW,2537,Moruya - Tuross Head,101041026,2021,8559
Tuross Head,NSW,2537,Moruya - Tuross Head,101041026,2022,8587
Tuross Head,NSW,2537,Moruya - Tuross Head,101041026,2023,8643
Artarmon,NSW,1570,Artarmon,121011682,2019,10036
Artarmon,NSW,1570,Artarmon,121011682,2020,10025
Artarmon,NSW,1570,Artarmon,121011682,2021,9461
Artarmon,NSW,1570,Artarmon,121011682,2022,9399
Artarmon,NSW,1570,Artarmon,121011682,2023,9683
Broulee,NSW,2537,Broulee - Tomakin,101041021,2019,3586
Broulee,NSW,2537,Broulee - Tomakin,101041021,2020,3687
Broulee,NSW,2537,Broulee - Tomakin,101041021,2021,3773
Broulee,NSW,2537,Broulee - Tomakin,101041021,2022,3829
Broulee,NSW,2537,Broulee - Tomakin,101041021,2023,3852
Clontarf,NSW,2093,Balgowlah - Clontarf - Seaforth,122011418,2019,21195
Clontarf,NSW,2093,Balgowlah - Clontarf - Seaforth,122011418,2020,21107
Clontarf,NSW,2093,Balgowlah - Clontarf - Seaforth,122011418,2021,20858
Clontarf,NSW,2093,Balgowlah - Clontarf - Seaforth,122011418,2022,20548
Clontarf,NSW,2093,Balgowlah - Clontarf - Seaforth,122011418,2023,20833
Clontarf,NSW,2093,Clontarf,313051377,2019,8486
Clontarf,NSW,2093,Clontarf,313051377,2020,8519
Clontarf,NSW,2093,Clontarf,313051377,2021,8494
Clontarf,NSW,2093,Clontarf,313051377,2022,8577
Clontarf,NSW,2093,Clontarf,313051377,2023,8744
Forest Lodge,NSW,2037,Glebe - Forest Lodge,117031331,2019,21582
Forest Lodge,NSW,2037,Glebe - Forest Lodge,117031331,2020,21334
Forest Lodge,NSW,2037,Glebe - Forest Lodge,117031331,2021,20494
Forest Lodge,NSW,2037,Glebe - Forest Lodge,117031331,2022,20639
Forest Lodge,NSW,2037,Glebe - Forest Lodge,117031331,2023,21505
Hurstville Grove,NSW,2220,Oatley - Hurstville Grove,119031371,2019,13053
Hurstville Grove,NSW,2220,Oatley - Hurstville Grove,119031371,2020,12878
Hurstville Grove,NSW,2220,Oatley - Hurstville Grove,119031371,2021,12588
Hurstville Grove,NSW,2220,Oatley - Hurstville Grove,119031371,2022,12516
Hurstville Grove,NSW,2220,Oatley - Hurstville Grove,119031371,2023,12688
Keiraville,NSW,2500,Figtree - Keiraville,107041146,2019,22682
Keiraville,NSW,2500,Figtree - Keiraville,107041146,2020,22865
Keiraville,NSW,2500,Figtree - Keiraville,107041146,2021,22823
Keiraville,NSW,2500,Figtree - Keiraville,107041146,2022,23020
Keiraville,NSW,2500,Figtree - Keiraville,107041146,2023,23396
Kings Park,NSW,2148,Blacktown (East) - Kings Park,116011303,2019,17673
Kings Park,NSW,2148,Blacktown (East) - Kings Park,116011303,2020,17661
Kings Park,NSW,2148,Blacktown (East) - Kings Park,116011303,2021,17188
Kings Park,NSW,2148,Blacktown (East) - Kings Park,116011303,2022,17249
Kings Park,NSW,2148,Blacktown (East) - Kings Park,116011303,2023,17843
Kings Park,NSW,2148,Kings Park (Vic.),213011333,2019,14651
Kings Park,NSW,2148,Kings Park (Vic.),213011333,2020,14477
Kings Park,NSW,2148,Kings Park (Vic.),213011333,2021,14076
Kings Park,NSW,2148,Kings Park (Vic.),213011333,2022,13845
Kings Park,NSW,2148,Kings Park (Vic.),213011333,2023,13879
Kings Park,NSW,2148,Kings Park (WA),503021037,2019,44
Kings Park,NSW,2148,Kings Park (WA),503021037,2020,47
Kings Park,NSW,2148,Kings Park (WA),503021037,2021,50
Kings Park,NSW,2148,Kings Park (WA),503021037,2022,50
Kings Park,NSW,2148,Kings Park (WA),503021037,2023,50
Kingswood,NSW,2340,Kingswood - Werrington,124031462,2019,23114
Kingswood,NSW,2340,Kingswood - Werrington,124031462,2020,24065
Kingswood,NSW,2340,Kingswood - Werrington,124031462,2021,24895
Kingswood,NSW,2340,Kingswood - Werrington,124031462,2022,25269
Kingswood,NSW,2340,Kingswood - Werrington,124031462,2023,26075
Lugarno,NSW,2210,Peakhurst - Lugarno,119031372,2019,19998
Lugarno,NSW,2210,Peakhurst - Lugarno,119031372,2020,20180
Lugarno,NSW,2210,Peakhurst - Lugarno,119031372,2021,20274
Lugarno,NSW,2210,Peakhurst - Lugarno,119031372,2022,20322
Lugarno,NSW,2210,Peakhurst - Lugarno,119031372,2023,20711
Macksville,NSW,2447,Macksville - Scotts Head,108021157,2019,5147
Macksville,NSW,2447,Macksville - Scotts Head,108021157,2020,5174
Macksville,NSW,2447,Macksville - Scotts Head,108021157,2021,5178
Macksville,NSW,2447,Macksville - Scotts Head,108021157,2022,5279
Macksville,NSW,2447,Macksville - Scotts Head,108021157,2023,5345
Tea Gardens,NSW,2324,Tea Gardens - Hawks Nest,106031124,2019,5473
Tea Gardens,NSW,2324,Tea Gardens - Hawks Nest,106031124,2020,5595
Tea Gardens,NSW,2324,Tea Gardens - Hawks Nest,106031124,2021,5738
Tea Gardens,NSW,2324,Tea Gardens - Hawks Nest,106031124,2022,5791
Tea Gardens,NSW,2324,Tea Gardens - Hawks Nest,106031124,2023,5790
Warabrook,NSW,2304,Mayfield - Warabrook,111031227,2019,15550
Warabrook,NSW,2304,Mayfield - Warabrook,111031227,2020,15575
Warabrook,NSW,2304,Mayfield - Warabrook,111031227,2021,15598
Warabrook,NSW,2304,Mayfield - Warabrook,111031227,2022,15674
Warabrook,NSW,2304,Mayfield - Warabrook,111031227,2023,15810
Winston Hills,NSW,2153,Winston Hills,125041494,2019,11232
Winston Hills,NSW,2153,Winston Hills,125041494,2020,11265
Winston Hills,NSW,2153,Winston Hills,125041494,2021,11203
Winston Hills,NSW,2153,Winston Hills,125041494,2022,11061
Winston Hills,NSW,2153,Winston Hills,125041494,2023,11181
Avondale,NSW,2530,Dapto - Avondale,107011131,2019,24320
Avondale,NSW,2530,Dapto - Avondale,107011131,2020,24334
Avondale,NSW,2530,Dapto - Avondale,107011131,2021,24285
Avondale,NSW,2530,Dapto - Avondale,107011131,2022,24451
Avondale,NSW,2530,Dapto - Avondale,107011131,2023,24651
Avondale,NSW,2530,Avondale Heights,210011533,2019,12628
Avondale,NSW,2530,Avondale Heights,210011533,2020,12642
Avondale,NSW,2530,Avondale Heights,210011533,2021,12473
Avondale,NSW,2530,Avondale Heights,210011533,2022,12393
Avondale,NSW,2530,Avondale Heights,210011533,2023,12570
Barnsley,NSW,2278,West Wallsend - Barnsley - Killingworth,111021221,2019,7080
Barnsley,NSW,2278,West Wallsend - Barnsley - Killingworth,111021221,2020,7171
Barnsley,NSW,2278,West Wallsend - Barnsley - Killingworth,111021221,2021,7275
Barnsley,NSW,2278,West Wallsend - Barnsley - Killingworth,111021221,2022,7333
Barnsley,NSW,2278,West Wallsend - Barnsley - Killingworth,111021221,2023,7383
Belfield,NSW,2191,Belmore - Belfield,119021362,2019,20538
Belfield,NSW,2191,Belmore - Belfield,119021362,2020,20651
Belfield,NSW,2191,Belmore - Belfield,119021362,2021,20406
Belfield,NSW,2191,Belmore - Belfield,119021362,2022,20503
Belfield,NSW,2191,Belmore - Belfield,119021362,2023,20875
Bolton Point,NSW,2283,Bolton Point - Teralba,111021215,2019,9470
Bolton Point,NSW,2283,Bolton Point - Teralba,111021215,2020,9808
Bolton Point,NSW,2283,Bolton Point - Teralba,111021215,2021,10163
Bolton Point,NSW,2283,Bolton Point - Teralba,111021215,2022,10375
Bolton Point,NSW,2283,Bolton Point - Teralba,111021215,2023,10488
Buff Point,NSW,2262,Budgewoi - Buff Point - Halekulani,102021046,2019,9708
Buff Point,NSW,2262,Budgewoi - Buff Point - Halekulani,102021046,2020,9749
Buff Point,NSW,2262,Budgewoi - Buff Point - Halekulani,102021046,2021,9793
Buff Point,NSW,2262,Budgewoi - Buff Point - Halekulani,102021046,2022,9876
Buff Point,NSW,2262,Budgewoi - Buff Point - Halekulani,102021046,2023,9912
Cabarita,NSW,2137,Concord - Mortlake - Cabarita,120011383,2019,23494
Cabarita,NSW,2137,Concord - Mortlake - Cabarita,120011383,2020,23500
Cabarita,NSW,2137,Concord - Mortlake - Cabarita,120011383,2021,23214
Cabarita,NSW,2137,Concord - Mortlake - Cabarita,120011383,2022,23172
Cabarita,NSW,2137,Concord - Mortlake - Cabarita,120011383,2023,23547
Cabramatta West,NSW,2166,Cabramatta West - Mount Pritchard,127021512,2019,18531
Cabramatta West,NSW,2166,Cabramatta West - Mount Pritchard,127021512,2020,18472
Cabramatta West,NSW,2166,Cabramatta West - Mount Pritchard,127021512,2021,18299
Cabramatta West,NSW,2166,Cabramatta West - Mount Pritchard,127021512,2022,18138
Cabramatta West,NSW,2166,Cabramatta West - Mount Pritchard,127021512,2023,18325
Callala Bay,NSW,2540,Callala Bay - Currarong,114011273,2019,3698
Callala Bay,NSW,2540,Callala Bay - Currarong,114011273,2020,3670
Callala Bay,NSW,2540,Callala Bay - Currarong,114011273,2021,3627
Callala Bay,NSW,2540,Callala Bay - Currarong,114011273,2022,3595
Callala Bay,NSW,2540,Callala Bay - Currarong,114011273,2023,3594
Denman,NSW,2328,Denman Prospect,801101136,2019,742
Denman,NSW,2328,Denman Prospect,801101136,2020,1508
Denman,NSW,2328,Denman Prospect,801101136,2021,2740
Denman,NSW,2328,Denman Prospect,801101136,2022,3487
Denman,NSW,2328,Denman Prospect,801101136,2023,4191
Dover Heights,NSW,2030,Dover Heights,118011344,2019,11547
Dover Heights,NSW,2030,Dover Heights,118011344,2020,11443
Dover Heights,NSW,2030,Dover Heights,118011344,2021,11190
Dover Heights,NSW,2030,Dover Heights,118011344,2022,11121
Dover Heights,NSW,2030,Dover Heights,118011344,2023,11296
Dundas Valley,NSW,2117,Oatlands - Dundas Valley,125021478,2019,19178
Dundas Valley,NSW,2117,Oatlands - Dundas Valley,125021478,2020,19019
Dundas Valley,NSW,2117,Oatlands - Dundas Valley,125021478,2021,18563
Dundas Valley,NSW,2117,Oatlands - Dundas Valley,125021478,2022,18639
Dundas Valley,NSW,2117,Oatlands - Dundas Valley,125021478,2023,19032
Evans Head,NSW,2473,Evans Head,112011241,2019,5496
Evans Head,NSW,2473,Evans Head,112011241,2020,5567
Evans Head,NSW,2473,Evans Head,112011241,2021,5638
Evans Head,NSW,2473,Evans Head,112011241,2022,5722
Evans Head,NSW,2473,Evans Head,112011241,2023,5809
Lawson,NSW,2783,Lawson - Hazelbrook - Linden,124011453,2019,11540
Lawson,NSW,2783,Lawson - Hazelbrook - Linden,124011453,2020,11536
Lawson,NSW,2783,Lawson - Hazelbrook - Linden,124011453,2021,11481
Lawson,NSW,2783,Lawson - Hazelbrook - Linden,124011453,2022,11498
Lawson,NSW,2783,Lawson - Hazelbrook - Linden,124011453,2023,11512
Lawson,NSW,2783,Lawson,801011018,2019,2325
Lawson,NSW,2783,Lawson,801011018,2020,2545
Lawson,NSW,2783,Lawson,801011018,2021,2741
Lawson,NSW,2783,Lawson,801011018,2022,2813
Lawson,NSW,2783,Lawson,801011018,2023,2854
Loftus,NSW,2232,Loftus - Yarrawarrah,128021608,2019,7424
Loftus,NSW,2232,Loftus - Yarrawarrah,128021608,2020,7402
Loftus,NSW,2232,Loftus - Yarrawarrah,128021608,2021,7357
Loftus,NSW,2232,Loftus - Yarrawarrah,128021608,2022,7354
Loftus,NSW,2232,Loftus - Yarrawarrah,128021608,2023,7379
Marayong,NSW,2148,Blacktown (North) - Marayong,116011304,2019,20541
Marayong,NSW,2148,Blacktown (North) - Marayong,116011304,2020,20744
Marayong,NSW,2148,Blacktown (North) - Marayong,116011304,2021,20746
Marayong,NSW,2148,Blacktown (North) - Marayong,116011304,2022,20813
Marayong,NSW,2148,Blacktown (North) - Marayong,116011304,2023,21051
Narrandera,NSW,2700,Narrandera,113011259,2019,6032
Narrandera,NSW,2700,Narrandera,113011259,2020,5989
Narrandera,NSW,2700,Narrandera,113011259,2021,5937
Narrandera,NSW,2700,Narrandera,113011259,2022,5911
Narrandera,NSW,2700,Narrandera,113011259,2023,5891
Narraweena,NSW,2099,Beacon Hill - Narraweena,122031424,2019,14787
Narraweena,NSW,2099,Beacon Hill - Narraweena,122031424,2020,14757
Narraweena,NSW,2099,Beacon Hill - Narraweena,122031424,2021,14555
Narraweena,NSW,2099,Beacon Hill - Narraweena,122031424,2022,14473
Narraweena,NSW,2099,Beacon Hill - Narraweena,122031424,2023,14597
Pagewood,NSW,2035,Pagewood - Hillsdale - Daceyville,117011323,2019,13410
Pagewood,NSW,2035,Pagewood - Hillsdale - Daceyville,117011323,2020,14137
Pagewood,NSW,2035,Pagewood - Hillsdale - Daceyville,117011323,2021,14843
Pagewood,NSW,2035,Pagewood - Hillsdale - Daceyville,117011323,2022,15400
Pagewood,NSW,2035,Pagewood - Hillsdale - Daceyville,117011323,2023,15777
Quirindi,NSW,2343,Quirindi,110041201,2019,7780
Quirindi,NSW,2343,Quirindi,110041201,2020,7702
Quirindi,NSW,2343,Quirindi,110041201,2021,7608
Quirindi,NSW,2343,Quirindi,110041201,2022,7659
Quirindi,NSW,2343,Quirindi,110041201,2023,7667
Wiley Park,NSW,2195,Wiley Park,119021574,2019,10834
Wiley Park,NSW,2195,Wiley Park,119021574,2020,10638
Wiley Park,NSW,2195,Wiley Park,119021574,2021,10212
Wiley Park,NSW,2195,Wiley Park,119021574,2022,10071
Wiley Park,NSW,2195,Wiley Park,119021574,2023,10468
Abermain,NSW,2326,Kurri Kurri - Abermain,106011111,2019,19225
Abermain,NSW,2326,Kurri Kurri - Abermain,106011111,2020,20045
Abermain,NSW,2326,Kurri Kurri - Abermain,106011111,2021,20838
Abermain,NSW,2326,Kurri Kurri - Abermain,106011111,2022,21573
Abermain,NSW,2326,Kurri Kurri - Abermain,106011111,2023,22197
Burraneer,NSW,2230,Woolooware - Burraneer,128011606,2019,8497
Burraneer,NSW,2230,Woolooware - Burraneer,128011606,2020,8750
Burraneer,NSW,2230,Woolooware - Burraneer,128011606,2021,8973
Burraneer,NSW,2230,Woolooware - Burraneer,128011606,2022,9097
Burraneer,NSW,2230,Woolooware - Burraneer,128011606,2023,9335
Camperdown,NSW,1450,Camperdown - Darlington,117031638,2019,10121
Camperdown,NSW,1450,Camperdown - Darlington,117031638,2020,9551
Camperdown,NSW,1450,Camperdown - Darlington,117031638,2021,8442
Camperdown,NSW,1450,Camperdown - Darlington,117031638,2022,8464
Camperdown,NSW,1450,Camperdown - Darlington,117031638,2023,9426
Camperdown,NSW,1450,Camperdown,217031471,2019,3540
Camperdown,NSW,1450,Camperdown,217031471,2020,3497
Camperdown,NSW,1450,Camperdown,217031471,2021,3471
Camperdown,NSW,1450,Camperdown,217031471,2022,3454
Camperdown,NSW,1450,Camperdown,217031471,2023,3410
Como,NSW,2226,Oyster Bay - Como - Jannali,128021536,2019,22178
Como,NSW,2226,Oyster Bay - Como - Jannali,128021536,2020,22206
Como,NSW,2226,Oyster Bay - Como - Jannali,128021536,2021,22157
Como,NSW,2226,Oyster Bay - Como - Jannali,128021536,2022,22249
Como,NSW,2226,Oyster Bay - Como - Jannali,128021536,2023,22531
Como,NSW,2226,Como,506071145,2019,14890
Como,NSW,2226,Como,506071145,2020,15039
Como,NSW,2226,Como,506071145,2021,15077
Como,NSW,2226,Como,506071145,2022,15122
Como,NSW,2226,Como,506071145,2023,15544
Darlinghurst,NSW,1300,Darlinghurst,117031329,2019,11904
Darlinghurst,NSW,1300,Darlinghurst,117031329,2020,11664
Darlinghurst,NSW,1300,Darlinghurst,117031329,2021,10776
Darlinghurst,NSW,1300,Darlinghurst,117031329,2022,10624
Darlinghurst,NSW,1300,Darlinghurst,117031329,2023,11124
Davistown,NSW,2251,Saratoga - Davistown,102011038,2019,7246
Davistown,NSW,2251,Saratoga - Davistown,102011038,2020,7227
Davistown,NSW,2251,Saratoga - Davistown,102011038,2021,7180
Davistown,NSW,2251,Saratoga - Davistown,102011038,2022,7207
Davistown,NSW,2251,Saratoga - Davistown,102011038,2023,7282
Dungog,NSW,2420,Dungog,106011110,2019,9329
Dungog,NSW,2420,Dungog,106011110,2020,9450
Dungog,NSW,2420,Dungog,106011110,2021,9532
Dungog,NSW,2420,Dungog,106011110,2022,9721
Dungog,NSW,2420,Dungog,106011110,2023,9767
Dural,NSW,2158,Dural - Kenthurst - Wisemans Ferry,115021297,2019,22471
Dural,NSW,2158,Dural - Kenthurst - Wisemans Ferry,115021297,2020,22609
Dural,NSW,2158,Dural - Kenthurst - Wisemans Ferry,115021297,2021,22596
Dural,NSW,2158,Dural - Kenthurst - Wisemans Ferry,115021297,2022,22550
Dural,NSW,2158,Dural - Kenthurst - Wisemans Ferry,115021297,2023,22778
Gymea,NSW,2227,Gymea - Grays Point,128011529,2019,18200
Gymea,NSW,2227,Gymea - Grays Point,128011529,2020,18221
Gymea,NSW,2227,Gymea - Grays Point,128011529,2021,18189
Gymea,NSW,2227,Gymea - Grays Point,128011529,2022,18196
Gymea,NSW,2227,Gymea - Grays Point,128011529,2023,18472
Huntley,NSW,2530,Gladesville - Huntleys Point,126021498,2019,15492
Huntley,NSW,2530,Gladesville - Huntleys Point,126021498,2020,15529
Huntley,NSW,2530,Gladesville - Huntleys Point,126021498,2021,15493
Huntley,NSW,2530,Gladesville - Huntleys Point,126021498,2022,15523
Huntley,NSW,2530,Gladesville - Huntleys Point,126021498,2023,15814
Jindabyne,NSW,2627,Jindabyne - Berridale,101031016,2019,7574
Jindabyne,NSW,2627,Jindabyne - Berridale,101031016,2020,7787
Jindabyne,NSW,2627,Jindabyne - Berridale,101031016,2021,8050
Jindabyne,NSW,2627,Jindabyne - Berridale,101031016,2022,8225
Jindabyne,NSW,2627,Jindabyne - Berridale,101031016,2023,8381
Karuah,NSW,2324,Williamtown - Medowie - Karuah,106031125,2019,14547
Karuah,NSW,2324,Williamtown - Medowie - Karuah,106031125,2020,14783
Karuah,NSW,2324,Williamtown - Medowie - Karuah,106031125,2021,15065
Karuah,NSW,2324,Williamtown - Medowie - Karuah,106031125,2022,15565
Karuah,NSW,2324,Williamtown - Medowie - Karuah,106031125,2023,16058
Lake Munmorah,NSW,2259,Lake Munmorah - Mannering Park,102021050,2019,11017
Lake Munmorah,NSW,2259,Lake Munmorah - Mannering Park,102021050,2020,11028
Lake Munmorah,NSW,2259,Lake Munmorah - Mannering Park,102021050,2021,11013
Lake Munmorah,NSW,2259,Lake Munmorah - Mannering Park,102021050,2022,11038
Lake Munmorah,NSW,2259,Lake Munmorah - Mannering Park,102021050,2023,11082
Lakemba,NSW,2195,Lakemba,119021573,2019,18065
Lakemba,NSW,2195,Lakemba,119021573,2020,17768
Lakemba,NSW,2195,Lakemba,119021573,2021,17232
Lakemba,NSW,2195,Lakemba,119021573,2022,16898
Lakemba,NSW,2195,Lakemba,119021573,2023,17338
Largs,NSW,2320,Largs Bay - Semaphore,404021099,2019,14913
Largs,NSW,2320,Largs Bay - Semaphore,404021099,2020,14976
Largs,NSW,2320,Largs Bay - Semaphore,404021099,2021,14958
Largs,NSW,2320,Largs Bay - Semaphore,404021099,2022,15044
Largs,NSW,2320,Largs Bay - Semaphore,404021099,2023,15372
Lorn,NSW,2320,Lorne - Anglesea,203031049,2019,5679
Lorn,NSW,2320,Lorne - Anglesea,203031049,2020,5892
Lorn,NSW,2320,Lorne - Anglesea,203031049,2021,6192
Lorn,NSW,2320,Lorne - Anglesea,203031049,2022,6273
Lorn,NSW,2320,Lorne - Anglesea,203031049,2023,6215
Milperra,NSW,1891,Panania (North) - Milperra,119011657,2019,11334
Milperra,NSW,1891,Panania (North) - Milperra,119011657,2020,11448
Milperra,NSW,1891,Panania (North) - Milperra,119011657,2021,11375
Milperra,NSW,1891,Panania (North) - Milperra,119011657,2022,11350
Milperra,NSW,1891,Panania (North) - Milperra,119011657,2023,11516
Morisset,NSW,2264,Morisset - Cooranbong,111021218,2019,17069
Morisset,NSW,2264,Morisset - Cooranbong,111021218,2020,17598
Morisset,NSW,2264,Morisset - Cooranbong,111021218,2021,18089
Morisset,NSW,2264,Morisset - Cooranbong,111021218,2022,18685
Morisset,NSW,2264,Morisset - Cooranbong,111021218,2023,19393
Narellan,NSW,2567,Elderslie - Narellan,123011699,2019,13236
Narellan,NSW,2567,Elderslie - Narellan,123011699,2020,13673
Narellan,NSW,2567,Elderslie - Narellan,123011699,2021,14090
Narellan,NSW,2567,Elderslie - Narellan,123011699,2022,14238
Narellan,NSW,2567,Elderslie - Narellan,123011699,2023,14540
Newcastle,NSW,2300,Newcastle Port - Kooragang,111031230,2019,23
Newcastle,NSW,2300,Newcastle Port - Kooragang,111031230,2020,25
Newcastle,NSW,2300,Newcastle Port - Kooragang,111031230,2021,28
Newcastle,NSW,2300,Newcastle Port - Kooragang,111031230,2022,28
Newcastle,NSW,2300,Newcastle Port - Kooragang,111031230,2023,28
Newcastle,NSW,2300,Newcastle - Cooks Hill,111031229,2019,12273
Newcastle,NSW,2300,Newcastle - Cooks Hill,111031229,2020,12680
Newcastle,NSW,2300,Newcastle - Cooks Hill,111031229,2021,12847
Newcastle,NSW,2300,Newcastle - Cooks Hill,111031229,2022,13307
Newcastle,NSW,2300,Newcastle - Cooks Hill,111031229,2023,13764
Oakdale,NSW,2570,The Oaks - Oakdale,123031448,2019,9781
Oakdale,NSW,2570,The Oaks - Oakdale,123031448,2020,9825
Oakdale,NSW,2570,The Oaks - Oakdale,123031448,2021,9836
Oakdale,NSW,2570,The Oaks - Oakdale,123031448,2022,10041
Oakdale,NSW,2570,The Oaks - Oakdale,123031448,2023,10220
Oxley Park,NSW,2760,Colyton - Oxley Park,124051580,2019,12557
Oxley Park,NSW,2760,Colyton - Oxley Park,124051580,2020,12860
Oxley Park,NSW,2760,Colyton - Oxley Park,124051580,2021,13095
Oxley Park,NSW,2760,Colyton - Oxley Park,124051580,2022,13177
Oxley Park,NSW,2760,Colyton - Oxley Park,124051580,2023,13418
Pokolbin,NSW,2320,Branxton - Greta - Pokolbin,106011107,2019,11751
Pokolbin,NSW,2320,Branxton - Greta - Pokolbin,106011107,2020,12240
Pokolbin,NSW,2320,Branxton - Greta - Pokolbin,106011107,2021,12793
Pokolbin,NSW,2320,Branxton - Greta - Pokolbin,106011107,2022,13521
Pokolbin,NSW,2320,Branxton - Greta - Pokolbin,106011107,2023,14366
Prospect,NSW,2148,Seven Hills - Prospect,116011626,2019,15232
Prospect,NSW,2148,Seven Hills - Prospect,116011626,2020,15164
Prospect,NSW,2148,Seven Hills - Prospect,116011626,2021,14929
Prospect,NSW,2148,Seven Hills - Prospect,116011626,2022,14868
Prospect,NSW,2148,Seven Hills - Prospect,116011626,2023,15172
Prospect,NSW,2148,Prospect Reservoir,116031318,2019,27
Prospect,NSW,2148,Prospect Reservoir,116031318,2020,22
Prospect,NSW,2148,Prospect Reservoir,116031318,2021,16
Prospect,NSW,2148,Prospect Reservoir,116031318,2022,16
Prospect,NSW,2148,Prospect Reservoir,116031318,2023,16
Prospect,NSW,2148,Prospect,401061021,2019,15446
Prospect,NSW,2148,Prospect,401061021,2020,15751
Prospect,NSW,2148,Prospect,401061021,2021,15950
Prospect,NSW,2148,Prospect,401061021,2022,16216
Prospect,NSW,2148,Prospect,401061021,2023,16605
Prospect,NSW,2148,Summerhill - Prospect,602011048,2019,4896
Prospect,NSW,2148,Summerhill - Prospect,602011048,2020,4957
Prospect,NSW,2148,Summerhill - Prospect,602011048,2021,5071
Prospect,NSW,2148,Summerhill - Prospect,602011048,2022,5079
Prospect,NSW,2148,Summerhill - Prospect,602011048,2023,5056
Prospect,NSW,2148,Prospect Vale - Blackstone,602011044,2019,6736
Prospect,NSW,2148,Prospect Vale - Blackstone,602011044,2020,6835
Prospect,NSW,2148,Prospect Vale - Blackstone,602011044,2021,6922
Prospect,NSW,2148,Prospect Vale - Blackstone,602011044,2022,6930
Prospect,NSW,2148,Prospect Vale - Blackstone,602011044,2023,6948
Prospect,NSW,2148,Denman Prospect,801101136,2019,742
Prospect,NSW,2148,Denman Prospect,801101136,2020,1508
Prospect,NSW,2148,Denman Prospect,801101136,2021,2740
Prospect,NSW,2148,Denman Prospect,801101136,2022,3487
Prospect,NSW,2148,Denman Prospect,801101136,2023,4191
Rydalmere,NSW,2116,Ermington - Rydalmere,125021477,2019,24052
Rydalmere,NSW,2116,Ermington - Rydalmere,125021477,2020,24507
Rydalmere,NSW,2116,Ermington - Rydalmere,125021477,2021,24826
Rydalmere,NSW,2116,Ermington - Rydalmere,125021477,2022,25196
Rydalmere,NSW,2116,Ermington - Rydalmere,125021477,2023,25926
Tenambit,NSW,2323,Tenambit - East Maitland,106021617,2019,9881
Tenambit,NSW,2323,Tenambit - East Maitland,106021617,2020,9994
Tenambit,NSW,2323,Tenambit - East Maitland,106021617,2021,10092
Tenambit,NSW,2323,Tenambit - East Maitland,106021617,2022,10290
Tenambit,NSW,2323,Tenambit - East Maitland,106021617,2023,10400
Wentworth Point,NSW,2127,Wentworth Point - Sydney Olympic Park,125011710,2019,16444
Wentworth Point,NSW,2127,Wentworth Point - Sydney Olympic Park,125011710,2020,18598
Wentworth Point,NSW,2127,Wentworth Point - Sydney Olympic Park,125011710,2021,20682
Wentworth Point,NSW,2127,Wentworth Point - Sydney Olympic Park,125011710,2022,21993
Wentworth Point,NSW,2127,Wentworth Point - Sydney Olympic Park,125011710,2023,22818
West Wyalong,NSW,2671,West Wyalong,103021069,2019,5729
West Wyalong,NSW,2671,West Wyalong,103021069,2020,5623
West Wyalong,NSW,2671,West Wyalong,103021069,2021,5517
West Wyalong,NSW,2671,West Wyalong,103021069,2022,5461
West Wyalong,NSW,2671,West Wyalong,103021069,2023,5434
Yarrawarrah,NSW,2233,Loftus - Yarrawarrah,128021608,2019,7424
Yarrawarrah,NSW,2233,Loftus - Yarrawarrah,128021608,2020,7402
Yarrawarrah,NSW,2233,Loftus - Yarrawarrah,128021608,2021,7357
Yarrawarrah,NSW,2233,Loftus - Yarrawarrah,128021608,2022,7354
Yarrawarrah,NSW,2233,Loftus - Yarrawarrah,128021608,2023,7379
Yowie Bay,NSW,2228,Miranda - Yowie Bay,128011530,2019,19778
Yowie Bay,NSW,2228,Miranda - Yowie Bay,128011530,2020,20224
Yowie Bay,NSW,2228,Miranda - Yowie Bay,128011530,2021,20782
Yowie Bay,NSW,2228,Miranda - Yowie Bay,128011530,2022,21265
Yowie Bay,NSW,2228,Miranda - Yowie Bay,128011530,2023,21781
Balgownie,NSW,2519,Balgownie - Fairy Meadow,107041144,2019,21881
Balgownie,NSW,2519,Balgownie - Fairy Meadow,107041144,2020,21840
Balgownie,NSW,2519,Balgownie - Fairy Meadow,107041144,2021,21542
Balgownie,NSW,2519,Balgownie - Fairy Meadow,107041144,2022,21573
Balgownie,NSW,2519,Balgownie - Fairy Meadow,107041144,2023,21930
Bayview,NSW,2104,Woolner - Bayview - Winnellie,701011009,2019,3005
Bayview,NSW,2104,Woolner - Bayview - Winnellie,701011009,2020,3013
Bayview,NSW,2104,Woolner - Bayview - Winnellie,701011009,2021,2998
Bayview,NSW,2104,Woolner - Bayview - Winnellie,701011009,2022,2950
Bayview,NSW,2104,Woolner - Bayview - Winnellie,701011009,2023,2893
Bayview,NSW,2104,Bayview - Elanora Heights,122021421,2019,11360
Bayview,NSW,2104,Bayview - Elanora Heights,122021421,2020,11344
Bayview,NSW,2104,Bayview - Elanora Heights,122021421,2021,11261
Bayview,NSW,2104,Bayview - Elanora Heights,122021421,2022,11175
Bayview,NSW,2104,Bayview - Elanora Heights,122021421,2023,11295
Bayview,NSW,2104,Earlville - Bayview Heights,306021146,2019,8360
Bayview,NSW,2104,Earlville - Bayview Heights,306021146,2020,8385
Bayview,NSW,2104,Earlville - Bayview Heights,306021146,2021,8451
Bayview,NSW,2104,Earlville - Bayview Heights,306021146,2022,8569
Bayview,NSW,2104,Earlville - Bayview Heights,306021146,2023,8681
Birrong,NSW,2143,Yagoona - Birrong,119011361,2019,22498
Birrong,NSW,2143,Yagoona - Birrong,119011361,2020,22750
Birrong,NSW,2143,Yagoona - Birrong,119011361,2021,22584
Birrong,NSW,2143,Yagoona - Birrong,119011361,2022,22626
Birrong,NSW,2143,Yagoona - Birrong,119011361,2023,23042
Blackwall,NSW,2256,Woy Woy - Blackwall,102011042,2019,14469
Blackwall,NSW,2256,Woy Woy - Blackwall,102011042,2020,14458
Blackwall,NSW,2256,Woy Woy - Blackwall,102011042,2021,14406
Blackwall,NSW,2256,Woy Woy - Blackwall,102011042,2022,14282
Blackwall,NSW,2256,Woy Woy - Blackwall,102011042,2023,14438
Bonnyrigg Heights,NSW,2177,Bonnyrigg Heights - Bonnyrigg,127021509,2019,17203
Bonnyrigg Heights,NSW,2177,Bonnyrigg Heights - Bonnyrigg,127021509,2020,17290
Bonnyrigg Heights,NSW,2177,Bonnyrigg Heights - Bonnyrigg,127021509,2021,17200
Bonnyrigg Heights,NSW,2177,Bonnyrigg Heights - Bonnyrigg,127021509,2022,17134
Bonnyrigg Heights,NSW,2177,Bonnyrigg Heights - Bonnyrigg,127021509,2023,17305
Budgewoi,NSW,2262,Budgewoi - Buff Point - Halekulani,102021046,2019,9708
Budgewoi,NSW,2262,Budgewoi - Buff Point - Halekulani,102021046,2020,9749
Budgewoi,NSW,2262,Budgewoi - Buff Point - Halekulani,102021046,2021,9793
Budgewoi,NSW,2262,Budgewoi - Buff Point - Halekulani,102021046,2022,9876
Budgewoi,NSW,2262,Budgewoi - Buff Point - Halekulani,102021046,2023,9912
Coonabarabran,NSW,2357,Coonabarabran,105031099,2019,8011
Coonabarabran,NSW,2357,Coonabarabran,105031099,2020,7980
Coonabarabran,NSW,2357,Coonabarabran,105031099,2021,7948
Coonabarabran,NSW,2357,Coonabarabran,105031099,2022,7959
Coonabarabran,NSW,2357,Coonabarabran,105031099,2023,7948
Dean Park,NSW,2761,Glendenning - Dean Park,116031314,2019,8598
Dean Park,NSW,2761,Glendenning - Dean Park,116031314,2020,8529
Dean Park,NSW,2761,Glendenning - Dean Park,116031314,2021,8415
Dean Park,NSW,2761,Glendenning - Dean Park,116031314,2022,8392
Dean Park,NSW,2761,Glendenning - Dean Park,116031314,2023,8506
Edensor Park,NSW,2176,Edensor Park,127021514,2019,10526
Edensor Park,NSW,2176,Edensor Park,127021514,2020,10453
Edensor Park,NSW,2176,Edensor Park,127021514,2021,10292
Edensor Park,NSW,2176,Edensor Park,127021514,2022,10189
Edensor Park,NSW,2176,Edensor Park,127021514,2023,10183
Emerald Beach,NSW,2456,Korora - Emerald Beach,104021088,2019,9897
Emerald Beach,NSW,2456,Korora - Emerald Beach,104021088,2020,10095
Emerald Beach,NSW,2456,Korora - Emerald Beach,104021088,2021,10218
Emerald Beach,NSW,2456,Korora - Emerald Beach,104021088,2022,10438
Emerald Beach,NSW,2456,Korora - Emerald Beach,104021088,2023,10635
Girraween,NSW,2145,Pendle Hill - Girraween,125041588,2019,14103
Girraween,NSW,2145,Pendle Hill - Girraween,125041588,2020,14207
Girraween,NSW,2145,Pendle Hill - Girraween,125041588,2021,13994
Girraween,NSW,2145,Pendle Hill - Girraween,125041588,2022,13813
Girraween,NSW,2145,Pendle Hill - Girraween,125041588,2023,14123
Molong,NSW,2866,Molonglo Corridor,801011111,2019,14
Molong,NSW,2866,Molonglo Corridor,801011111,2020,15
Molong,NSW,2866,Molonglo Corridor,801011111,2021,16
Molong,NSW,2866,Molonglo Corridor,801011111,2022,16
Molong,NSW,2866,Molonglo Corridor,801011111,2023,16
Molong,NSW,2866,Molonglo,801101137,2019,0
Molong,NSW,2866,Molonglo,801101137,2020,0
Molong,NSW,2866,Molonglo,801101137,2021,0
Molong,NSW,2866,Molonglo,801101137,2022,0
Molong,NSW,2866,Molonglo,801101137,2023,0
Molong,NSW,2866,Molonglo - East,801101145,2019,3
Molong,NSW,2866,Molonglo - East,801101145,2020,3
Molong,NSW,2866,Molonglo - East,801101145,2021,3
Molong,NSW,2866,Molonglo - East,801101145,2022,3
Molong,NSW,2866,Molonglo - East,801101145,2023,3
Narromine,NSW,2821,Narromine,105031105,2019,6666
Narromine,NSW,2821,Narromine,105031105,2020,6622
Narromine,NSW,2821,Narromine,105031105,2021,6550
Narromine,NSW,2821,Narromine,105031105,2022,6533
Narromine,NSW,2821,Narromine,105031105,2023,6550
Ourimbah,NSW,2258,Ourimbah - Fountaindale,102021051,2019,5022
Ourimbah,NSW,2258,Ourimbah - Fountaindale,102021051,2020,4988
Ourimbah,NSW,2258,Ourimbah - Fountaindale,102021051,2021,4941
Ourimbah,NSW,2258,Ourimbah - Fountaindale,102021051,2022,4914
Ourimbah,NSW,2258,Ourimbah - Fountaindale,102021051,2023,4917
Queanbeyan West,NSW,2620,Queanbeyan West - Jerrabomberra,101021012,2019,12955
Queanbeyan West,NSW,2620,Queanbeyan West - Jerrabomberra,101021012,2020,12821
Queanbeyan West,NSW,2620,Queanbeyan West - Jerrabomberra,101021012,2021,12748
Queanbeyan West,NSW,2620,Queanbeyan West - Jerrabomberra,101021012,2022,12781
Queanbeyan West,NSW,2620,Queanbeyan West - Jerrabomberra,101021012,2023,12873
Raby,NSW,2566,Claymore - Eagle Vale - Raby,123021438,2019,20911
Raby,NSW,2566,Claymore - Eagle Vale - Raby,123021438,2020,20776
Raby,NSW,2566,Claymore - Eagle Vale - Raby,123021438,2021,20390
Raby,NSW,2566,Claymore - Eagle Vale - Raby,123021438,2022,20120
Raby,NSW,2566,Claymore - Eagle Vale - Raby,123021438,2023,20308
Summerland Point,NSW,2259,Summerland Point - Gwandalan,102021052,2019,6292
Summerland Point,NSW,2259,Summerland Point - Gwandalan,102021052,2020,6404
Summerland Point,NSW,2259,Summerland Point - Gwandalan,102021052,2021,6520
Summerland Point,NSW,2259,Summerland Point - Gwandalan,102021052,2022,6630
Summerland Point,NSW,2259,Summerland Point - Gwandalan,102021052,2023,6754
Wakeley,NSW,2176,St Johns Park - Wakeley,127021520,2019,11283
Wakeley,NSW,2176,St Johns Park - Wakeley,127021520,2020,11269
Wakeley,NSW,2176,St Johns Park - Wakeley,127021520,2021,11204
Wakeley,NSW,2176,St Johns Park - Wakeley,127021520,2022,11062
Wakeley,NSW,2176,St Johns Park - Wakeley,127021520,2023,11123
Warrimoo,NSW,2774,Blaxland - Warrimoo - Lapstone,124011450,2019,19358
Warrimoo,NSW,2774,Blaxland - Warrimoo - Lapstone,124011450,2020,19282
Warrimoo,NSW,2774,Blaxland - Warrimoo - Lapstone,124011450,2021,19045
Warrimoo,NSW,2774,Blaxland - Warrimoo - Lapstone,124011450,2022,19059
Warrimoo,NSW,2774,Blaxland - Warrimoo - Lapstone,124011450,2023,19196
Westmead,NSW,2145,Wentworthville - Westmead,125041589,2019,20415
Westmead,NSW,2145,Wentworthville - Westmead,125041589,2020,21327
Westmead,NSW,2145,Wentworthville - Westmead,125041589,2021,21769
Westmead,NSW,2145,Wentworthville - Westmead,125041589,2022,22156
Westmead,NSW,2145,Wentworthville - Westmead,125041589,2023,23054
Westmead,NSW,2145,Gladstone Park - Westmeadows,210051245,2019,18614
Westmead,NSW,2145,Gladstone Park - Westmeadows,210051245,2020,18598
Westmead,NSW,2145,Gladstone Park - Westmeadows,210051245,2021,18176
Westmead,NSW,2145,Gladstone Park - Westmeadows,210051245,2022,17994
Westmead,NSW,2145,Gladstone Park - Westmeadows,210051245,2023,18180
Abbotsbury,NSW,2176,Bossley Park - Abbotsbury,127021510,2019,20004
Abbotsbury,NSW,2176,Bossley Park - Abbotsbury,127021510,2020,19992
Abbotsbury,NSW,2176,Bossley Park - Abbotsbury,127021510,2021,19746
Abbotsbury,NSW,2176,Bossley Park - Abbotsbury,127021510,2022,19417
Abbotsbury,NSW,2176,Bossley Park - Abbotsbury,127021510,2023,19614
Ashcroft,NSW,2168,Ashcroft - Busby - Miller,127011504,2019,18216
Ashcroft,NSW,2168,Ashcroft - Busby - Miller,127011504,2020,18195
Ashcroft,NSW,2168,Ashcroft - Busby - Miller,127011504,2021,18086
Ashcroft,NSW,2168,Ashcroft - Busby - Miller,127011504,2022,18024
Ashcroft,NSW,2168,Ashcroft - Busby - Miller,127011504,2023,18128
Bermagui,NSW,2546,Narooma - Bermagui,101041027,2019,9541
Bermagui,NSW,2546,Narooma - Bermagui,101041027,2020,9682
Bermagui,NSW,2546,Narooma - Bermagui,101041027,2021,9832
Bermagui,NSW,2546,Narooma - Bermagui,101041027,2022,9924
Bermagui,NSW,2546,Narooma - Bermagui,101041027,2023,9946
Berridale,NSW,2628,Jindabyne - Berridale,101031016,2019,7574
Berridale,NSW,2628,Jindabyne - Berridale,101031016,2020,7787
Berridale,NSW,2628,Jindabyne - Berridale,101031016,2021,8050
Berridale,NSW,2628,Jindabyne - Berridale,101031016,2022,8225
Berridale,NSW,2628,Jindabyne - Berridale,101031016,2023,8381
Cabramatta,NSW,2166,Cabramatta - Lansvale,127021511,2019,25286
Cabramatta,NSW,2166,Cabramatta - Lansvale,127021511,2020,24929
Cabramatta,NSW,2166,Cabramatta - Lansvale,127021511,2021,24212
Cabramatta,NSW,2166,Cabramatta - Lansvale,127021511,2022,23678
Cabramatta,NSW,2166,Cabramatta - Lansvale,127021511,2023,24101
Cabramatta,NSW,2166,Cabramatta West - Mount Pritchard,127021512,2019,18531
Cabramatta,NSW,2166,Cabramatta West - Mount Pritchard,127021512,2020,18472
Cabramatta,NSW,2166,Cabramatta West - Mount Pritchard,127021512,2021,18299
Cabramatta,NSW,2166,Cabramatta West - Mount Pritchard,127021512,2022,18138
Cabramatta,NSW,2166,Cabramatta West - Mount Pritchard,127021512,2023,18325
Dorrigo,NSW,2453,Dorrigo,104021087,2019,3277
Dorrigo,NSW,2453,Dorrigo,104021087,2020,3261
Dorrigo,NSW,2453,Dorrigo,104021087,2021,3232
Dorrigo,NSW,2453,Dorrigo,104021087,2022,3230
Dorrigo,NSW,2453,Dorrigo,104021087,2023,3221
Emu Plains,NSW,2750,Emu Plains - Leonay,124031459,2019,14264
Emu Plains,NSW,2750,Emu Plains - Leonay,124031459,2020,14140
Emu Plains,NSW,2750,Emu Plains - Leonay,124031459,2021,13952
Emu Plains,NSW,2750,Emu Plains - Leonay,124031459,2022,13838
Emu Plains,NSW,2750,Emu Plains - Leonay,124031459,2023,13835
Forresters Beach,NSW,2260,Wamberal - Forresters Beach,102011041,2019,10534
Forresters Beach,NSW,2260,Wamberal - Forresters Beach,102011041,2020,10639
Forresters Beach,NSW,2260,Wamberal - Forresters Beach,102011041,2021,10693
Forresters Beach,NSW,2260,Wamberal - Forresters Beach,102011041,2022,10676
Forresters Beach,NSW,2260,Wamberal - Forresters Beach,102011041,2023,10790
Kogarah Bay,NSW,2217,Kogarah Bay - Carlton - Allawah,119041379,2019,16833
Kogarah Bay,NSW,2217,Kogarah Bay - Carlton - Allawah,119041379,2020,16699
Kogarah Bay,NSW,2217,Kogarah Bay - Carlton - Allawah,119041379,2021,16246
Kogarah Bay,NSW,2217,Kogarah Bay - Carlton - Allawah,119041379,2022,16365
Kogarah Bay,NSW,2217,Kogarah Bay - Carlton - Allawah,119041379,2023,16902
North Haven,NSW,2443,North Haven,404021100,2019,14675
North Haven,NSW,2443,North Haven,404021100,2020,14813
North Haven,NSW,2443,North Haven,404021100,2021,14947
North Haven,NSW,2443,North Haven,404021100,2022,15073
North Haven,NSW,2443,North Haven,404021100,2023,15268
North Strathfield,NSW,2137,Concord West - North Strathfield,120011672,2019,13602
North Strathfield,NSW,2137,Concord West - North Strathfield,120011672,2020,13411
North Strathfield,NSW,2137,Concord West - North Strathfield,120011672,2021,12905
North Strathfield,NSW,2137,Concord West - North Strathfield,120011672,2022,12751
North Strathfield,NSW,2137,Concord West - North Strathfield,120011672,2023,13111
Palm Beach,NSW,2108,Palm Beach,309021234,2019,15805
Palm Beach,NSW,2108,Palm Beach,309021234,2020,16340
Palm Beach,NSW,2108,Palm Beach,309021234,2021,16607
Palm Beach,NSW,2108,Palm Beach,309021234,2022,16862
Palm Beach,NSW,2108,Palm Beach,309021234,2023,17472
Palm Beach,NSW,2108,Avalon - Palm Beach,122021420,2019,13099
Palm Beach,NSW,2108,Avalon - Palm Beach,122021420,2020,13111
Palm Beach,NSW,2108,Avalon - Palm Beach,122021420,2021,13087
Palm Beach,NSW,2108,Avalon - Palm Beach,122021420,2022,12922
Palm Beach,NSW,2108,Avalon - Palm Beach,122021420,2023,13092
Redfern,NSW,2016,Redfern,117031642,2019,15033
Redfern,NSW,2016,Redfern,117031642,2020,14766
Redfern,NSW,2016,Redfern,117031642,2021,13849
Redfern,NSW,2016,Redfern,117031642,2022,14105
Redfern,NSW,2016,Redfern,117031642,2023,15005
South Wentworthville,NSW,2145,South Wentworthville,125031716,2019,7311
South Wentworthville,NSW,2145,South Wentworthville,125031716,2020,7341
South Wentworthville,NSW,2145,South Wentworthville,125031716,2021,7337
South Wentworthville,NSW,2145,South Wentworthville,125031716,2022,7409
South Wentworthville,NSW,2145,South Wentworthville,125031716,2023,7559
Sydenham,NSW,2044,Sydenham - Tempe - St Peters,117021328,2019,8346
Sydenham,NSW,2044,Sydenham - Tempe - St Peters,117021328,2020,8358
Sydenham,NSW,2044,Sydenham - Tempe - St Peters,117021328,2021,8340
Sydenham,NSW,2044,Sydenham - Tempe - St Peters,117021328,2022,8397
Sydenham,NSW,2044,Sydenham - Tempe - St Peters,117021328,2023,8675
Sydenham,NSW,2044,Sydenham,213011339,2019,12660
Sydenham,NSW,2044,Sydenham,213011339,2020,12432
Sydenham,NSW,2044,Sydenham,213011339,2021,11859
Sydenham,NSW,2044,Sydenham,213011339,2022,11606
Sydenham,NSW,2044,Sydenham,213011339,2023,11804
Tocumwal,NSW,2714,Tocumwal - Finley - Jerilderie,109031185,2019,9918
Tocumwal,NSW,2714,Tocumwal - Finley - Jerilderie,109031185,2020,9869
Tocumwal,NSW,2714,Tocumwal - Finley - Jerilderie,109031185,2021,9799
Tocumwal,NSW,2714,Tocumwal - Finley - Jerilderie,109031185,2022,9845
Tocumwal,NSW,2714,Tocumwal - Finley - Jerilderie,109031185,2023,9838
Wheeler Heights,NSW,2097,Narrabeen - Wheeler Heights,122031697,2019,11544
Wheeler Heights,NSW,2097,Narrabeen - Wheeler Heights,122031697,2020,11423
Wheeler Heights,NSW,2097,Narrabeen - Wheeler Heights,122031697,2021,11258
Wheeler Heights,NSW,2097,Narrabeen - Wheeler Heights,122031697,2022,11053
Wheeler Heights,NSW,2097,Narrabeen - Wheeler Heights,122031697,2023,11137
Austinmer,NSW,2515,Thirroul - Austinmer - Coalcliff,107041148,2019,11866
Austinmer,NSW,2515,Thirroul - Austinmer - Coalcliff,107041148,2020,11925
Austinmer,NSW,2515,Thirroul - Austinmer - Coalcliff,107041148,2021,11912
Austinmer,NSW,2515,Thirroul - Austinmer - Coalcliff,107041148,2022,11946
Austinmer,NSW,2515,Thirroul - Austinmer - Coalcliff,107041148,2023,12023
Blair Athol,NSW,2560,Enfield - Blair Athol,402031036,2019,25212
Blair Athol,NSW,2560,Enfield - Blair Athol,402031036,2020,25801
Blair Athol,NSW,2560,Enfield - Blair Athol,402031036,2021,26018
Blair Athol,NSW,2560,Enfield - Blair Athol,402031036,2022,26608
Blair Athol,NSW,2560,Enfield - Blair Athol,402031036,2023,27221
Bondi Beach,NSW,2026,Bondi Beach - North Bondi,118011340,2019,22892
Bondi Beach,NSW,2026,Bondi Beach - North Bondi,118011340,2020,22429
Bondi Beach,NSW,2026,Bondi Beach - North Bondi,118011340,2021,21052
Bondi Beach,NSW,2026,Bondi Beach - North Bondi,118011340,2022,21109
Bondi Beach,NSW,2026,Bondi Beach - North Bondi,118011340,2023,21996
Braidwood,NSW,2622,Braidwood,101021007,2019,4218
Braidwood,NSW,2622,Braidwood,101021007,2020,4282
Braidwood,NSW,2622,Braidwood,101021007,2021,4332
Braidwood,NSW,2622,Braidwood,101021007,2022,4366
Braidwood,NSW,2622,Braidwood,101021007,2023,4396
Busby,NSW,2168,Ashcroft - Busby - Miller,127011504,2019,18216
Busby,NSW,2168,Ashcroft - Busby - Miller,127011504,2020,18195
Busby,NSW,2168,Ashcroft - Busby - Miller,127011504,2021,18086
Busby,NSW,2168,Ashcroft - Busby - Miller,127011504,2022,18024
Busby,NSW,2168,Ashcroft - Busby - Miller,127011504,2023,18128
Canley Heights,NSW,2166,Canley Vale - Canley Heights,127021513,2019,22543
Canley Heights,NSW,2166,Canley Vale - Canley Heights,127021513,2020,22554
Canley Heights,NSW,2166,Canley Vale - Canley Heights,127021513,2021,22367
Canley Heights,NSW,2166,Canley Vale - Canley Heights,127021513,2022,22087
Canley Heights,NSW,2166,Canley Vale - Canley Heights,127021513,2023,22269
Enfield,NSW,2136,Croydon Park - Enfield,120031393,2019,18014
Enfield,NSW,2136,Croydon Park - Enfield,120031393,2020,17816
Enfield,NSW,2136,Croydon Park - Enfield,120031393,2021,17468
Enfield,NSW,2136,Croydon Park - Enfield,120031393,2022,17432
Enfield,NSW,2136,Croydon Park - Enfield,120031393,2023,17835
Enfield,NSW,2136,Enfield - Blair Athol,402031036,2019,25212
Enfield,NSW,2136,Enfield - Blair Athol,402031036,2020,25801
Enfield,NSW,2136,Enfield - Blair Athol,402031036,2021,26018
Enfield,NSW,2136,Enfield - Blair Athol,402031036,2022,26608
Enfield,NSW,2136,Enfield - Blair Athol,402031036,2023,27221
Grays Point,NSW,2232,Gymea - Grays Point,128011529,2019,18200
Grays Point,NSW,2232,Gymea - Grays Point,128011529,2020,18221
Grays Point,NSW,2232,Gymea - Grays Point,128011529,2021,18189
Grays Point,NSW,2232,Gymea - Grays Point,128011529,2022,18196
Grays Point,NSW,2232,Gymea - Grays Point,128011529,2023,18472
Halekulani,NSW,2262,Budgewoi - Buff Point - Halekulani,102021046,2019,9708
Halekulani,NSW,2262,Budgewoi - Buff Point - Halekulani,102021046,2020,9749
Halekulani,NSW,2262,Budgewoi - Buff Point - Halekulani,102021046,2021,9793
Halekulani,NSW,2262,Budgewoi - Buff Point - Halekulani,102021046,2022,9876
Halekulani,NSW,2262,Budgewoi - Buff Point - Halekulani,102021046,2023,9912
Highfields,NSW,2289,Highfields,317011450,2019,14215
Highfields,NSW,2289,Highfields,317011450,2020,14492
Highfields,NSW,2289,Highfields,317011450,2021,14781
Highfields,NSW,2289,Highfields,317011450,2022,15475
Highfields,NSW,2289,Highfields,317011450,2023,16038
Holsworthy,NSW,2173,Holsworthy Military Area,123021439,2019,3
Holsworthy,NSW,2173,Holsworthy Military Area,123021439,2020,3
Holsworthy,NSW,2173,Holsworthy Military Area,123021439,2021,3
Holsworthy,NSW,2173,Holsworthy Military Area,123021439,2022,3
Holsworthy,NSW,2173,Holsworthy Military Area,123021439,2023,3
Holsworthy,NSW,2173,Holsworthy - Wattle Grove,127031524,2019,21666
Holsworthy,NSW,2173,Holsworthy - Wattle Grove,127031524,2020,21567
Holsworthy,NSW,2173,Holsworthy - Wattle Grove,127031524,2021,21301
Holsworthy,NSW,2173,Holsworthy - Wattle Grove,127031524,2022,21042
Holsworthy,NSW,2173,Holsworthy - Wattle Grove,127031524,2023,21181
Huskisson,NSW,2540,Huskisson - Vincentia,114011276,2019,4583
Huskisson,NSW,2540,Huskisson - Vincentia,114011276,2020,4707
Huskisson,NSW,2540,Huskisson - Vincentia,114011276,2021,4824
Huskisson,NSW,2540,Huskisson - Vincentia,114011276,2022,4914
Huskisson,NSW,2540,Huskisson - Vincentia,114011276,2023,4962
Maclean,NSW,2463,Maclean - Yamba - Iluka,104011082,2019,17100
Maclean,NSW,2463,Maclean - Yamba - Iluka,104011082,2020,17326
Maclean,NSW,2463,Maclean - Yamba - Iluka,104011082,2021,17487
Maclean,NSW,2463,Maclean - Yamba - Iluka,104011082,2022,17614
Maclean,NSW,2463,Maclean - Yamba - Iluka,104011082,2023,17859
Maclean,NSW,2463,Greenbank - North Maclean,311041569,2019,6909
Maclean,NSW,2463,Greenbank - North Maclean,311041569,2020,7190
Maclean,NSW,2463,Greenbank - North Maclean,311041569,2021,7725
Maclean,NSW,2463,Greenbank - North Maclean,311041569,2022,8754
Maclean,NSW,2463,Greenbank - North Maclean,311041569,2023,9886
Narooma,NSW,2546,Narooma - Bermagui,101041027,2019,9541
Narooma,NSW,2546,Narooma - Bermagui,101041027,2020,9682
Narooma,NSW,2546,Narooma - Bermagui,101041027,2021,9832
Narooma,NSW,2546,Narooma - Bermagui,101041027,2022,9924
Narooma,NSW,2546,Narooma - Bermagui,101041027,2023,9946
Narrabri,NSW,2390,Narrabri Surrounds,110031198,2019,4839
Narrabri,NSW,2390,Narrabri Surrounds,110031198,2020,4755
Narrabri,NSW,2390,Narrabri Surrounds,110031198,2021,4655
Narrabri,NSW,2390,Narrabri Surrounds,110031198,2022,4642
Narrabri,NSW,2390,Narrabri Surrounds,110031198,2023,4617
Narrabri,NSW,2390,Narrabri,110031197,2019,7149
Narrabri,NSW,2390,Narrabri,110031197,2020,7072
Narrabri,NSW,2390,Narrabri,110031197,2021,6966
Narrabri,NSW,2390,Narrabri,110031197,2022,6897
Narrabri,NSW,2390,Narrabri,110031197,2023,6966
Norah Head,NSW,2263,Toukley - Norah Head,102021054,2019,10123
Norah Head,NSW,2263,Toukley - Norah Head,102021054,2020,10049
Norah Head,NSW,2263,Toukley - Norah Head,102021054,2021,9975
Norah Head,NSW,2263,Toukley - Norah Head,102021054,2022,9905
Norah Head,NSW,2263,Toukley - Norah Head,102021054,2023,9865
Oberon,NSW,2787,Oberon,103011061,2019,4800
Oberon,NSW,2787,Oberon,103011061,2020,4825
Oberon,NSW,2787,Oberon,103011061,2021,4829
Oberon,NSW,2787,Oberon,103011061,2022,4853
Oberon,NSW,2787,Oberon,103011061,2023,4848
Picton,NSW,2571,Picton - Tahmoor - Buxton,123031447,2019,18222
Picton,NSW,2571,Picton - Tahmoor - Buxton,123031447,2020,18667
Picton,NSW,2571,Picton - Tahmoor - Buxton,123031447,2021,19076
Picton,NSW,2571,Picton - Tahmoor - Buxton,123031447,2022,19696
Picton,NSW,2571,Picton - Tahmoor - Buxton,123031447,2023,20448
Sefton,NSW,2162,Chester Hill - Sefton,125031479,2019,20518
Sefton,NSW,2162,Chester Hill - Sefton,125031479,2020,20833
Sefton,NSW,2162,Chester Hill - Sefton,125031479,2021,20934
Sefton,NSW,2162,Chester Hill - Sefton,125031479,2022,21018
Sefton,NSW,2162,Chester Hill - Sefton,125031479,2023,21396
South Granville,NSW,2142,Guildford - South Granville,125031483,2019,22998
South Granville,NSW,2142,Guildford - South Granville,125031483,2020,22980
South Granville,NSW,2142,Guildford - South Granville,125031483,2021,22560
South Granville,NSW,2142,Guildford - South Granville,125031483,2022,22546
South Granville,NSW,2142,Guildford - South Granville,125031483,2023,23198
South Hurstville,NSW,2221,South Hurstville - Blakehurst,119031374,2019,25674
South Hurstville,NSW,2221,South Hurstville - Blakehurst,119031374,2020,25744
South Hurstville,NSW,2221,South Hurstville - Blakehurst,119031374,2021,25415
South Hurstville,NSW,2221,South Hurstville - Blakehurst,119031374,2022,25617
South Hurstville,NSW,2221,South Hurstville - Blakehurst,119031374,2023,26481
Taren Point,NSW,2229,Sylvania - Taren Point,128011531,2019,16602
Taren Point,NSW,2229,Sylvania - Taren Point,128011531,2020,16537
Taren Point,NSW,2229,Sylvania - Taren Point,128011531,2021,16469
Taren Point,NSW,2229,Sylvania - Taren Point,128011531,2022,16431
Taren Point,NSW,2229,Sylvania - Taren Point,128011531,2023,16456
The Junction,NSW,2291,Merewether - The Junction,111031228,2019,14421
The Junction,NSW,2291,Merewether - The Junction,111031228,2020,14499
The Junction,NSW,2291,Merewether - The Junction,111031228,2021,14510
The Junction,NSW,2291,Merewether - The Junction,111031228,2022,14620
The Junction,NSW,2291,Merewether - The Junction,111031228,2023,14740
Tumbulgum,NSW,2490,Terranora - North Tumbulgum,112031551,2019,3368
Tumbulgum,NSW,2490,Terranora - North Tumbulgum,112031551,2020,3359
Tumbulgum,NSW,2490,Terranora - North Tumbulgum,112031551,2021,3321
Tumbulgum,NSW,2490,Terranora - North Tumbulgum,112031551,2022,3345
Tumbulgum,NSW,2490,Terranora - North Tumbulgum,112031551,2023,3382
Alfords Point,NSW,2234,Illawong - Alfords Point,128021534,2019,10664
Alfords Point,NSW,2234,Illawong - Alfords Point,128021534,2020,10637
Alfords Point,NSW,2234,Illawong - Alfords Point,128021534,2021,10571
Alfords Point,NSW,2234,Illawong - Alfords Point,128021534,2022,10500
Alfords Point,NSW,2234,Illawong - Alfords Point,128021534,2023,10554
Balmoral,NSW,2283,Balmoral,305021113,2019,4637
Balmoral,NSW,2283,Balmoral,305021113,2020,4626
Balmoral,NSW,2283,Balmoral,305021113,2021,4616
Balmoral,NSW,2283,Balmoral,305021113,2022,4654
Balmoral,NSW,2283,Balmoral,305021113,2023,4772
Bargo,NSW,2574,Bargo,123031445,2019,6004
Bargo,NSW,2574,Bargo,123031445,2020,6006
Bargo,NSW,2574,Bargo,123031445,2021,5967
Bargo,NSW,2574,Bargo,123031445,2022,6039
Bargo,NSW,2574,Bargo,123031445,2023,6100
Batemans Bay,NSW,2536,Batemans Bay,101041017,2019,8288
Batemans Bay,NSW,2536,Batemans Bay,101041017,2020,8486
Batemans Bay,NSW,2536,Batemans Bay,101041017,2021,8589
Batemans Bay,NSW,2536,Batemans Bay,101041017,2022,8650
Batemans Bay,NSW,2536,Batemans Bay,101041017,2023,8662
Batemans Bay,NSW,2536,Batemans Bay - South,101041018,2019,8678
Batemans Bay,NSW,2536,Batemans Bay - South,101041018,2020,8773
Batemans Bay,NSW,2536,Batemans Bay - South,101041018,2021,8906
Batemans Bay,NSW,2536,Batemans Bay - South,101041018,2022,8964
Batemans Bay,NSW,2536,Batemans Bay - South,101041018,2023,9030
Blacksmiths,NSW,2281,Belmont South - Blacksmiths,111011207,2019,5742
Blacksmiths,NSW,2281,Belmont South - Blacksmiths,111011207,2020,5718
Blacksmiths,NSW,2281,Belmont South - Blacksmiths,111011207,2021,5678
Blacksmiths,NSW,2281,Belmont South - Blacksmiths,111011207,2022,5667
Blacksmiths,NSW,2281,Belmont South - Blacksmiths,111011207,2023,5715
Condobolin,NSW,2877,Condobolin,103021062,2019,6579
Condobolin,NSW,2877,Condobolin,103021062,2020,6516
Condobolin,NSW,2877,Condobolin,103021062,2021,6435
Condobolin,NSW,2877,Condobolin,103021062,2022,6403
Condobolin,NSW,2877,Condobolin,103021062,2023,6392
Emerton,NSW,2770,Bidwill - Hebersham - Emerton,116031313,2019,18864
Emerton,NSW,2770,Bidwill - Hebersham - Emerton,116031313,2020,18828
Emerton,NSW,2770,Bidwill - Hebersham - Emerton,116031313,2021,18740
Emerton,NSW,2770,Bidwill - Hebersham - Emerton,116031313,2022,18538
Emerton,NSW,2770,Bidwill - Hebersham - Emerton,116031313,2023,18678
Fullerton Cove,NSW,2318,Stockton - Fullerton Cove,111031232,2019,8393
Fullerton Cove,NSW,2318,Stockton - Fullerton Cove,111031232,2020,8580
Fullerton Cove,NSW,2318,Stockton - Fullerton Cove,111031232,2021,8822
Fullerton Cove,NSW,2318,Stockton - Fullerton Cove,111031232,2022,9141
Fullerton Cove,NSW,2318,Stockton - Fullerton Cove,111031232,2023,9349
Greenwich,NSW,2065,Greenwich - Riverview,121011685,2019,13444
Greenwich,NSW,2065,Greenwich - Riverview,121011685,2020,13351
Greenwich,NSW,2065,Greenwich - Riverview,121011685,2021,12984
Greenwich,NSW,2065,Greenwich - Riverview,121011685,2022,12839
Greenwich,NSW,2065,Greenwich - Riverview,121011685,2023,13040
Hebersham,NSW,2770,Bidwill - Hebersham - Emerton,116031313,2019,18864
Hebersham,NSW,2770,Bidwill - Hebersham - Emerton,116031313,2020,18828
Hebersham,NSW,2770,Bidwill - Hebersham - Emerton,116031313,2021,18740
Hebersham,NSW,2770,Bidwill - Hebersham - Emerton,116031313,2022,18538
Hebersham,NSW,2770,Bidwill - Hebersham - Emerton,116031313,2023,18678
Kembla Grange,NSW,2526,Horsley - Kembla Grange,107011132,2019,10491
Kembla Grange,NSW,2526,Horsley - Kembla Grange,107011132,2020,11192
Kembla Grange,NSW,2526,Horsley - Kembla Grange,107011132,2021,12184
Kembla Grange,NSW,2526,Horsley - Kembla Grange,107011132,2022,12989
Kembla Grange,NSW,2526,Horsley - Kembla Grange,107011132,2023,13531
Kyeemagh,NSW,2216,Monterey - Brighton-le-Sands - Kyeemagh,119041380,2019,14636
Kyeemagh,NSW,2216,Monterey - Brighton-le-Sands - Kyeemagh,119041380,2020,14414
Kyeemagh,NSW,2216,Monterey - Brighton-le-Sands - Kyeemagh,119041380,2021,13915
Kyeemagh,NSW,2216,Monterey - Brighton-le-Sands - Kyeemagh,119041380,2022,13650
Kyeemagh,NSW,2216,Monterey - Brighton-le-Sands - Kyeemagh,119041380,2023,13758
Mount Pleasant,NSW,2519,Mount Pleasant - Glenella,312021348,2019,11433
Mount Pleasant,NSW,2519,Mount Pleasant - Glenella,312021348,2020,11513
Mount Pleasant,NSW,2519,Mount Pleasant - Glenella,312021348,2021,11670
Mount Pleasant,NSW,2519,Mount Pleasant - Glenella,312021348,2022,11880
Mount Pleasant,NSW,2519,Mount Pleasant - Glenella,312021348,2023,11973
Parklea,NSW,2768,Stanhope Gardens - Parklea,116021633,2019,13324
Parklea,NSW,2768,Stanhope Gardens - Parklea,116021633,2020,13265
Parklea,NSW,2768,Stanhope Gardens - Parklea,116021633,2021,13104
Parklea,NSW,2768,Stanhope Gardens - Parklea,116021633,2022,13085
Parklea,NSW,2768,Stanhope Gardens - Parklea,116021633,2023,13152
Primbee,NSW,2502,Windang - Primbee,107011547,2019,4324
Primbee,NSW,2502,Windang - Primbee,107011547,2020,4267
Primbee,NSW,2502,Windang - Primbee,107011547,2021,4221
Primbee,NSW,2502,Windang - Primbee,107011547,2022,4195
Primbee,NSW,2502,Windang - Primbee,107011547,2023,4201
Queenscliff,NSW,2096,Point Lonsdale - Queenscliff,203031052,2019,4780
Queenscliff,NSW,2096,Point Lonsdale - Queenscliff,203031052,2020,5123
Queenscliff,NSW,2096,Point Lonsdale - Queenscliff,203031052,2021,5459
Queenscliff,NSW,2096,Point Lonsdale - Queenscliff,203031052,2022,5595
Queenscliff,NSW,2096,Point Lonsdale - Queenscliff,203031052,2023,5725
Riverview,NSW,2066,Greenwich - Riverview,121011685,2019,13444
Riverview,NSW,2066,Greenwich - Riverview,121011685,2020,13351
Riverview,NSW,2066,Greenwich - Riverview,121011685,2021,12984
Riverview,NSW,2066,Greenwich - Riverview,121011685,2022,12839
Riverview,NSW,2066,Greenwich - Riverview,121011685,2023,13040
Riverview,NSW,2066,Riverview,310031295,2019,3086
Riverview,NSW,2066,Riverview,310031295,2020,3078
Riverview,NSW,2066,Riverview,310031295,2021,3115
Riverview,NSW,2066,Riverview,310031295,2022,3127
Riverview,NSW,2066,Riverview,310031295,2023,3166
Russell Vale,NSW,2517,Woonona - Bulli - Russell Vale,107041150,2019,20757
Russell Vale,NSW,2517,Woonona - Bulli - Russell Vale,107041150,2020,20814
Russell Vale,NSW,2517,Woonona - Bulli - Russell Vale,107041150,2021,20782
Russell Vale,NSW,2517,Woonona - Bulli - Russell Vale,107041150,2022,20622
Russell Vale,NSW,2517,Woonona - Bulli - Russell Vale,107041150,2023,20698
St Andrews,NSW,2566,Minto - St Andrews,123021443,2019,21997
St Andrews,NSW,2566,Minto - St Andrews,123021443,2020,21862
St Andrews,NSW,2566,Minto - St Andrews,123021443,2021,21524
St Andrews,NSW,2566,Minto - St Andrews,123021443,2022,21470
St Andrews,NSW,2566,Minto - St Andrews,123021443,2023,21754
St Andrews,NSW,2566,Panton Hill - St Andrews,209031212,2019,5321
St Andrews,NSW,2566,Panton Hill - St Andrews,209031212,2020,5236
St Andrews,NSW,2566,Panton Hill - St Andrews,209031212,2021,5121
St Andrews,NSW,2566,Panton Hill - St Andrews,209031212,2022,5162
St Andrews,NSW,2566,Panton Hill - St Andrews,209031212,2023,5129
Tarrawanna,NSW,2518,Corrimal - Tarrawanna - Bellambi,107041145,2019,16096
Tarrawanna,NSW,2518,Corrimal - Tarrawanna - Bellambi,107041145,2020,16060
Tarrawanna,NSW,2518,Corrimal - Tarrawanna - Bellambi,107041145,2021,16022
Tarrawanna,NSW,2518,Corrimal - Tarrawanna - Bellambi,107041145,2022,16112
Tarrawanna,NSW,2518,Corrimal - Tarrawanna - Bellambi,107041145,2023,16340
Terranora,NSW,2486,Terranora - North Tumbulgum,112031551,2019,3368
Terranora,NSW,2486,Terranora - North Tumbulgum,112031551,2020,3359
Terranora,NSW,2486,Terranora - North Tumbulgum,112031551,2021,3321
Terranora,NSW,2486,Terranora - North Tumbulgum,112031551,2022,3345
Terranora,NSW,2486,Terranora - North Tumbulgum,112031551,2023,3382
Warrawong,NSW,2502,Port Kembla - Warrawong,107011546,2019,10023
Warrawong,NSW,2502,Port Kembla - Warrawong,107011546,2020,9862
Warrawong,NSW,2502,Port Kembla - Warrawong,107011546,2021,9740
Warrawong,NSW,2502,Port Kembla - Warrawong,107011546,2022,9651
Warrawong,NSW,2502,Port Kembla - Warrawong,107011546,2023,9734
Waterloo,NSW,1440,Waterloo,117031647,2019,16746
Waterloo,NSW,1440,Waterloo,117031647,2020,16861
Waterloo,NSW,1440,Waterloo,117031647,2021,16615
Waterloo,NSW,1440,Waterloo,117031647,2022,17020
Waterloo,NSW,1440,Waterloo,117031647,2023,17851
Waterloo,NSW,1440,Virginia - Waterloo Corner,402021035,2019,5030
Waterloo,NSW,1440,Virginia - Waterloo Corner,402021035,2020,5363
Waterloo,NSW,1440,Virginia - Waterloo Corner,402021035,2021,5739
Waterloo,NSW,1440,Virginia - Waterloo Corner,402021035,2022,6123
Waterloo,NSW,1440,Virginia - Waterloo Corner,402021035,2023,6581
Wetherill Park,NSW,2164,Smithfield - Wetherill Park,127021519,2019,19672
Wetherill Park,NSW,2164,Smithfield - Wetherill Park,127021519,2020,19754
Wetherill Park,NSW,2164,Smithfield - Wetherill Park,127021519,2021,19551
Wetherill Park,NSW,2164,Smithfield - Wetherill Park,127021519,2022,19438
Wetherill Park,NSW,2164,Smithfield - Wetherill Park,127021519,2023,19832
Wetherill Park,NSW,2164,Wetherill Park Industrial,127021521,2019,38
Wetherill Park,NSW,2164,Wetherill Park Industrial,127021521,2020,38
Wetherill Park,NSW,2164,Wetherill Park Industrial,127021521,2021,39
Wetherill Park,NSW,2164,Wetherill Park Industrial,127021521,2022,39
Wetherill Park,NSW,2164,Wetherill Park Industrial,127021521,2023,39
Woodbine,NSW,2560,Campbelltown - Woodbine,123021437,2019,20925
Woodbine,NSW,2560,Campbelltown - Woodbine,123021437,2020,21720
Woodbine,NSW,2560,Campbelltown - Woodbine,123021437,2021,22283
Woodbine,NSW,2560,Campbelltown - Woodbine,123021437,2022,22975
Woodbine,NSW,2560,Campbelltown - Woodbine,123021437,2023,23751
Woolgoolga,NSW,2456,Woolgoolga - Arrawarra,104021091,2019,13711
Woolgoolga,NSW,2456,Woolgoolga - Arrawarra,104021091,2020,13936
Woolgoolga,NSW,2456,Woolgoolga - Arrawarra,104021091,2021,14456
Woolgoolga,NSW,2456,Woolgoolga - Arrawarra,104021091,2022,14747
Woolgoolga,NSW,2456,Woolgoolga - Arrawarra,104021091,2023,14900
Woolooware,NSW,2230,Woolooware - Burraneer,128011606,2019,8497
Woolooware,NSW,2230,Woolooware - Burraneer,128011606,2020,8750
Woolooware,NSW,2230,Woolooware - Burraneer,128011606,2021,8973
Woolooware,NSW,2230,Woolooware - Burraneer,128011606,2022,9097
Woolooware,NSW,2230,Woolooware - Burraneer,128011606,2023,9335
Zetland,NSW,2017,Zetland,117031648,2019,12305
Zetland,NSW,2017,Zetland,117031648,2020,12823
Zetland,NSW,2017,Zetland,117031648,2021,12861
Zetland,NSW,2017,Zetland,117031648,2022,13362
Zetland,NSW,2017,Zetland,117031648,2023,13968
Brooklyn,NSW,2083,Berowra - Brooklyn - Cowan,121021404,2019,12025
Brooklyn,NSW,2083,Berowra - Brooklyn - Cowan,121021404,2020,11985
Brooklyn,NSW,2083,Berowra - Brooklyn - Cowan,121021404,2021,11795
Brooklyn,NSW,2083,Berowra - Brooklyn - Cowan,121021404,2022,11759
Brooklyn,NSW,2083,Berowra - Brooklyn - Cowan,121021404,2023,11769
Camden,NSW,2570,Camden - Ellis Lane,123011433,2019,13440
Camden,NSW,2570,Camden - Ellis Lane,123011433,2020,13405
Camden,NSW,2570,Camden - Ellis Lane,123011433,2021,13341
Camden,NSW,2570,Camden - Ellis Lane,123011433,2022,13421
Camden,NSW,2570,Camden - Ellis Lane,123011433,2023,13339
Cheltenham,NSW,2119,Highett (East) - Cheltenham ,208031188,2019,24520
Cheltenham,NSW,2119,Highett (East) - Cheltenham ,208031188,2020,24808
Cheltenham,NSW,2119,Highett (East) - Cheltenham ,208031188,2021,24354
Cheltenham,NSW,2119,Highett (East) - Cheltenham ,208031188,2022,24555
Cheltenham,NSW,2119,Highett (East) - Cheltenham ,208031188,2023,25282
Cheltenham,NSW,2119,Pennant Hills - Cheltenham,126011496,2019,21991
Cheltenham,NSW,2119,Pennant Hills - Cheltenham,126011496,2020,22033
Cheltenham,NSW,2119,Pennant Hills - Cheltenham,126011496,2021,21819
Cheltenham,NSW,2119,Pennant Hills - Cheltenham,126011496,2022,21797
Cheltenham,NSW,2119,Pennant Hills - Cheltenham,126011496,2023,22047
Cheltenham,NSW,2119,Highett (West) - Cheltenham,208011171,2019,12362
Cheltenham,NSW,2119,Highett (West) - Cheltenham,208011171,2020,12601
Cheltenham,NSW,2119,Highett (West) - Cheltenham,208011171,2021,12543
Cheltenham,NSW,2119,Highett (West) - Cheltenham,208011171,2022,12551
Cheltenham,NSW,2119,Highett (West) - Cheltenham,208011171,2023,12764
Cheltenham,NSW,2119,Woodville - Cheltenham,404011097,2019,19028
Cheltenham,NSW,2119,Woodville - Cheltenham,404011097,2020,19397
Cheltenham,NSW,2119,Woodville - Cheltenham,404011097,2021,19527
Cheltenham,NSW,2119,Woodville - Cheltenham,404011097,2022,19779
Cheltenham,NSW,2119,Woodville - Cheltenham,404011097,2023,20204
Claymore,NSW,2559,Claymore - Eagle Vale - Raby,123021438,2019,20911
Claymore,NSW,2559,Claymore - Eagle Vale - Raby,123021438,2020,20776
Claymore,NSW,2559,Claymore - Eagle Vale - Raby,123021438,2021,20390
Claymore,NSW,2559,Claymore - Eagle Vale - Raby,123021438,2022,20120
Claymore,NSW,2559,Claymore - Eagle Vale - Raby,123021438,2023,20308
Colo Vale,NSW,2575,Hill Top - Colo Vale,114021285,2019,6331
Colo Vale,NSW,2575,Hill Top - Colo Vale,114021285,2020,6372
Colo Vale,NSW,2575,Hill Top - Colo Vale,114021285,2021,6400
Colo Vale,NSW,2575,Hill Top - Colo Vale,114021285,2022,6466
Colo Vale,NSW,2575,Hill Top - Colo Vale,114021285,2023,6540
Constitution Hill,NSW,2145,Toongabbie - Constitution Hill,125041493,2019,23294
Constitution Hill,NSW,2145,Toongabbie - Constitution Hill,125041493,2020,23234
Constitution Hill,NSW,2145,Toongabbie - Constitution Hill,125041493,2021,23013
Constitution Hill,NSW,2145,Toongabbie - Constitution Hill,125041493,2022,23048
Constitution Hill,NSW,2145,Toongabbie - Constitution Hill,125041493,2023,23451
Coonamble,NSW,2829,Coonamble,105011094,2019,4125
Coonamble,NSW,2829,Coonamble,105011094,2020,4074
Coonamble,NSW,2829,Coonamble,105011094,2021,4038
Coonamble,NSW,2829,Coonamble,105011094,2022,4022
Coonamble,NSW,2829,Coonamble,105011094,2023,4058
Curl Curl,NSW,2096,Dee Why (South) - North Curl Curl,122031694,2019,9370
Curl Curl,NSW,2096,Dee Why (South) - North Curl Curl,122031694,2020,9388
Curl Curl,NSW,2096,Dee Why (South) - North Curl Curl,122031694,2021,9155
Curl Curl,NSW,2096,Dee Why (South) - North Curl Curl,122031694,2022,9106
Curl Curl,NSW,2096,Dee Why (South) - North Curl Curl,122031694,2023,9364
Currarong,NSW,2540,Callala Bay - Currarong,114011273,2019,3698
Currarong,NSW,2540,Callala Bay - Currarong,114011273,2020,3670
Currarong,NSW,2540,Callala Bay - Currarong,114011273,2021,3627
Currarong,NSW,2540,Callala Bay - Currarong,114011273,2022,3595
Currarong,NSW,2540,Callala Bay - Currarong,114011273,2023,3594
Double Bay,NSW,1360,Double Bay - Darling Point,118011650,2019,10605
Double Bay,NSW,1360,Double Bay - Darling Point,118011650,2020,10477
Double Bay,NSW,1360,Double Bay - Darling Point,118011650,2021,10051
Double Bay,NSW,1360,Double Bay - Darling Point,118011650,2022,9991
Double Bay,NSW,1360,Double Bay - Darling Point,118011650,2023,10250
Dundas,NSW,2117,Oatlands - Dundas Valley,125021478,2019,19178
Dundas,NSW,2117,Oatlands - Dundas Valley,125021478,2020,19019
Dundas,NSW,2117,Oatlands - Dundas Valley,125021478,2021,18563
Dundas,NSW,2117,Oatlands - Dundas Valley,125021478,2022,18639
Dundas,NSW,2117,Oatlands - Dundas Valley,125021478,2023,19032
Erskineville,NSW,2043,Erskineville - Alexandria,117031330,2019,19122
Erskineville,NSW,2043,Erskineville - Alexandria,117031330,2020,19461
Erskineville,NSW,2043,Erskineville - Alexandria,117031330,2021,19374
Erskineville,NSW,2043,Erskineville - Alexandria,117031330,2022,19978
Erskineville,NSW,2043,Erskineville - Alexandria,117031330,2023,20661
Harris Park,NSW,2150,Rosehill - Harris Park,125041719,2019,10125
Harris Park,NSW,2150,Rosehill - Harris Park,125041719,2020,9852
Harris Park,NSW,2150,Rosehill - Harris Park,125041719,2021,9136
Harris Park,NSW,2150,Rosehill - Harris Park,125041719,2022,8927
Harris Park,NSW,2150,Rosehill - Harris Park,125041719,2023,9721
Hay,NSW,2711,Hay,109021177,2019,2946
Hay,NSW,2711,Hay,109021177,2020,2923
Hay,NSW,2711,Hay,109021177,2021,2898
Hay,NSW,2711,Hay,109021177,2022,2854
Hay,NSW,2711,Hay,109021177,2023,2848
Hay,NSW,2711,Sydney (South) - Haymarket,117031645,2019,21797
Hay,NSW,2711,Sydney (South) - Haymarket,117031645,2020,21817
Hay,NSW,2711,Sydney (South) - Haymarket,117031645,2021,20306
Hay,NSW,2711,Sydney (South) - Haymarket,117031645,2022,21076
Hay,NSW,2711,Sydney (South) - Haymarket,117031645,2023,22653
Kurnell,NSW,2231,Cronulla - Kurnell - Bundeena,128011604,2019,24694
Kurnell,NSW,2231,Cronulla - Kurnell - Bundeena,128011604,2020,24668
Kurnell,NSW,2231,Cronulla - Kurnell - Bundeena,128011604,2021,24546
Kurnell,NSW,2231,Cronulla - Kurnell - Bundeena,128011604,2022,24583
Kurnell,NSW,2231,Cronulla - Kurnell - Bundeena,128011604,2023,25025
Kurrajong Heights,NSW,2758,Kurrajong Heights - Ebenezer,115031300,2019,22413
Kurrajong Heights,NSW,2758,Kurrajong Heights - Ebenezer,115031300,2020,22377
Kurrajong Heights,NSW,2758,Kurrajong Heights - Ebenezer,115031300,2021,22302
Kurrajong Heights,NSW,2758,Kurrajong Heights - Ebenezer,115031300,2022,22325
Kurrajong Heights,NSW,2758,Kurrajong Heights - Ebenezer,115031300,2023,22364
Lansvale,NSW,2166,Cabramatta - Lansvale,127021511,2019,25286
Lansvale,NSW,2166,Cabramatta - Lansvale,127021511,2020,24929
Lansvale,NSW,2166,Cabramatta - Lansvale,127021511,2021,24212
Lansvale,NSW,2166,Cabramatta - Lansvale,127021511,2022,23678
Lansvale,NSW,2166,Cabramatta - Lansvale,127021511,2023,24101
Merrylands West,NSW,2160,Guildford West - Merrylands West,125031484,2019,23056
Merrylands West,NSW,2160,Guildford West - Merrylands West,125031484,2020,23277
Merrylands West,NSW,2160,Guildford West - Merrylands West,125031484,2021,23127
Merrylands West,NSW,2160,Guildford West - Merrylands West,125031484,2022,23289
Merrylands West,NSW,2160,Guildford West - Merrylands West,125031484,2023,23921
Milton,NSW,2538,Paddington - Milton,305041135,2019,12472
Milton,NSW,2538,Paddington - Milton,305041135,2020,12558
Milton,NSW,2538,Paddington - Milton,305041135,2021,12427
Milton,NSW,2538,Paddington - Milton,305041135,2022,12518
Milton,NSW,2538,Paddington - Milton,305041135,2023,13052
Pendle Hill,NSW,2145,Pendle Hill - Girraween,125041588,2019,14103
Pendle Hill,NSW,2145,Pendle Hill - Girraween,125041588,2020,14207
Pendle Hill,NSW,2145,Pendle Hill - Girraween,125041588,2021,13994
Pendle Hill,NSW,2145,Pendle Hill - Girraween,125041588,2022,13813
Pendle Hill,NSW,2145,Pendle Hill - Girraween,125041588,2023,14123
Rhodes,NSW,2138,Rhodes,120011673,2019,12315
Rhodes,NSW,2138,Rhodes,120011673,2020,12062
Rhodes,NSW,2138,Rhodes,120011673,2021,11650
Rhodes,NSW,2138,Rhodes,120011673,2022,11738
Rhodes,NSW,2138,Rhodes,120011673,2023,12263
Silverdale,NSW,2752,Warragamba - Silverdale,124031465,2019,5730
Silverdale,NSW,2752,Warragamba - Silverdale,124031465,2020,5891
Silverdale,NSW,2752,Warragamba - Silverdale,124031465,2021,6058
Silverdale,NSW,2752,Warragamba - Silverdale,124031465,2022,6446
Silverdale,NSW,2752,Warragamba - Silverdale,124031465,2023,6936
St Leonards,NSW,1590,St Leonards - Naremburn,121011401,2019,11786
St Leonards,NSW,1590,St Leonards - Naremburn,121011401,2020,12007
St Leonards,NSW,1590,St Leonards - Naremburn,121011401,2021,11993
St Leonards,NSW,1590,St Leonards - Naremburn,121011401,2022,12237
St Leonards,NSW,1590,St Leonards - Naremburn,121011401,2023,12913
St Leonards,NSW,1590,Waverley - St Leonards,602011050,2019,3838
St Leonards,NSW,1590,Waverley - St Leonards,602011050,2020,3917
St Leonards,NSW,1590,Waverley - St Leonards,602011050,2021,4020
St Leonards,NSW,1590,Waverley - St Leonards,602011050,2022,4065
St Leonards,NSW,1590,Waverley - St Leonards,602011050,2023,4100
Surry Hills,NSW,2010,Surry Hills,117031336,2019,17346
Surry Hills,NSW,2010,Surry Hills,117031336,2020,17039
Surry Hills,NSW,2010,Surry Hills,117031336,2021,16060
Surry Hills,NSW,2010,Surry Hills,117031336,2022,15963
Surry Hills,NSW,2010,Surry Hills,117031336,2023,16781
Tamarama,NSW,2026,Bondi - Tamarama - Bronte,118011339,2019,19701
Tamarama,NSW,2026,Bondi - Tamarama - Bronte,118011339,2020,19685
Tamarama,NSW,2026,Bondi - Tamarama - Bronte,118011339,2021,19294
Tamarama,NSW,2026,Bondi - Tamarama - Bronte,118011339,2022,19268
Tamarama,NSW,2026,Bondi - Tamarama - Bronte,118011339,2023,19749
Tathra,NSW,2550,Bega - Tathra,101041019,2019,8754
Tathra,NSW,2550,Bega - Tathra,101041019,2020,8821
Tathra,NSW,2550,Bega - Tathra,101041019,2021,8847
Tathra,NSW,2550,Bega - Tathra,101041019,2022,8869
Tathra,NSW,2550,Bega - Tathra,101041019,2023,8926
The Oaks,NSW,2570,The Oaks - Oakdale,123031448,2019,9781
The Oaks,NSW,2570,The Oaks - Oakdale,123031448,2020,9825
The Oaks,NSW,2570,The Oaks - Oakdale,123031448,2021,9836
The Oaks,NSW,2570,The Oaks - Oakdale,123031448,2022,10041
The Oaks,NSW,2570,The Oaks - Oakdale,123031448,2023,10220
Wickham,NSW,2293,Wickham - Carrington - Tighes Hill,111031235,2019,8720
Wickham,NSW,2293,Wickham - Carrington - Tighes Hill,111031235,2020,8935
Wickham,NSW,2293,Wickham - Carrington - Tighes Hill,111031235,2021,9209
Wickham,NSW,2293,Wickham - Carrington - Tighes Hill,111031235,2022,9513
Wickham,NSW,2293,Wickham - Carrington - Tighes Hill,111031235,2023,9906
Windang,NSW,2528,Windang - Primbee,107011547,2019,4324
Windang,NSW,2528,Windang - Primbee,107011547,2020,4267
Windang,NSW,2528,Windang - Primbee,107011547,2021,4221
Windang,NSW,2528,Windang - Primbee,107011547,2022,4195
Windang,NSW,2528,Windang - Primbee,107011547,2023,4201
Asquith,NSW,2077,Asquith - Mount Colah,121021403,2019,21059
Asquith,NSW,2077,Asquith - Mount Colah,121021403,2020,21883
Asquith,NSW,2077,Asquith - Mount Colah,121021403,2021,22145
Asquith,NSW,2077,Asquith - Mount Colah,121021403,2022,22372
Asquith,NSW,2077,Asquith - Mount Colah,121021403,2023,22837
Belmont South,NSW,2280,Belmont South - Blacksmiths,111011207,2019,5742
Belmont South,NSW,2280,Belmont South - Blacksmiths,111011207,2020,5718
Belmont South,NSW,2280,Belmont South - Blacksmiths,111011207,2021,5678
Belmont South,NSW,2280,Belmont South - Blacksmiths,111011207,2022,5667
Belmont South,NSW,2280,Belmont South - Blacksmiths,111011207,2023,5715
Bourke,NSW,2840,Bourke - Brewarrina,105011092,2019,3828
Bourke,NSW,2840,Bourke - Brewarrina,105011092,2020,3718
Bourke,NSW,2840,Bourke - Brewarrina,105011092,2021,3616
Bourke,NSW,2840,Bourke - Brewarrina,105011092,2022,3515
Bourke,NSW,2840,Bourke - Brewarrina,105011092,2023,3514
Branxton,NSW,2335,Branxton - Greta - Pokolbin,106011107,2019,11751
Branxton,NSW,2335,Branxton - Greta - Pokolbin,106011107,2020,12240
Branxton,NSW,2335,Branxton - Greta - Pokolbin,106011107,2021,12793
Branxton,NSW,2335,Branxton - Greta - Pokolbin,106011107,2022,13521
Branxton,NSW,2335,Branxton - Greta - Pokolbin,106011107,2023,14366
Centennial Park,NSW,2021,Centennial Park,118011342,2019,0
Centennial Park,NSW,2021,Centennial Park,118011342,2020,0
Centennial Park,NSW,2021,Centennial Park,118011342,2021,0
Centennial Park,NSW,2021,Centennial Park,118011342,2022,0
Centennial Park,NSW,2021,Centennial Park,118011342,2023,0
Greenfield Park,NSW,2176,Greenfield Park - Prairiewood,127021517,2019,8920
Greenfield Park,NSW,2176,Greenfield Park - Prairiewood,127021517,2020,8919
Greenfield Park,NSW,2176,Greenfield Park - Prairiewood,127021517,2021,8871
Greenfield Park,NSW,2176,Greenfield Park - Prairiewood,127021517,2022,8703
Greenfield Park,NSW,2176,Greenfield Park - Prairiewood,127021517,2023,8789
Grenfell,NSW,2810,Grenfell,103021066,2019,3621
Grenfell,NSW,2810,Grenfell,103021066,2020,3604
Grenfell,NSW,2810,Grenfell,103021066,2021,3578
Grenfell,NSW,2810,Grenfell,103021066,2022,3600
Grenfell,NSW,2810,Grenfell,103021066,2023,3597
Haymarket,NSW,1208,Sydney (South) - Haymarket,117031645,2019,21797
Haymarket,NSW,1208,Sydney (South) - Haymarket,117031645,2020,21817
Haymarket,NSW,1208,Sydney (South) - Haymarket,117031645,2021,20306
Haymarket,NSW,1208,Sydney (South) - Haymarket,117031645,2022,21076
Haymarket,NSW,1208,Sydney (South) - Haymarket,117031645,2023,22653
Mount Kembla,NSW,2526,Unanderra - Mount Kembla,107011134,2019,15655
Mount Kembla,NSW,2526,Unanderra - Mount Kembla,107011134,2020,15480
Mount Kembla,NSW,2526,Unanderra - Mount Kembla,107011134,2021,15243
Mount Kembla,NSW,2526,Unanderra - Mount Kembla,107011134,2022,15236
Mount Kembla,NSW,2526,Unanderra - Mount Kembla,107011134,2023,15282
Narrabeen,NSW,2101,North Narrabeen - Warriewood (South),122021691,2019,10935
Narrabeen,NSW,2101,North Narrabeen - Warriewood (South),122021691,2020,10929
Narrabeen,NSW,2101,North Narrabeen - Warriewood (South),122021691,2021,10898
Narrabeen,NSW,2101,North Narrabeen - Warriewood (South),122021691,2022,10907
Narrabeen,NSW,2101,North Narrabeen - Warriewood (South),122021691,2023,11098
Narrabeen,NSW,2101,Narrabeen - Wheeler Heights,122031697,2019,11544
Narrabeen,NSW,2101,Narrabeen - Wheeler Heights,122031697,2020,11423
Narrabeen,NSW,2101,Narrabeen - Wheeler Heights,122031697,2021,11258
Narrabeen,NSW,2101,Narrabeen - Wheeler Heights,122031697,2022,11053
Narrabeen,NSW,2101,Narrabeen - Wheeler Heights,122031697,2023,11137
Prairiewood,NSW,2176,Greenfield Park - Prairiewood,127021517,2019,8920
Prairiewood,NSW,2176,Greenfield Park - Prairiewood,127021517,2020,8919
Prairiewood,NSW,2176,Greenfield Park - Prairiewood,127021517,2021,8871
Prairiewood,NSW,2176,Greenfield Park - Prairiewood,127021517,2022,8703
Prairiewood,NSW,2176,Greenfield Park - Prairiewood,127021517,2023,8789
Sandringham,NSW,2219,Sandringham - Black Rock,208011173,2019,17994
Sandringham,NSW,2219,Sandringham - Black Rock,208011173,2020,17912
Sandringham,NSW,2219,Sandringham - Black Rock,208011173,2021,17521
Sandringham,NSW,2219,Sandringham - Black Rock,208011173,2022,17504
Sandringham,NSW,2219,Sandringham - Black Rock,208011173,2023,17861
St Johns Park,NSW,2176,St Johns Park - Wakeley,127021520,2019,11283
St Johns Park,NSW,2176,St Johns Park - Wakeley,127021520,2020,11269
St Johns Park,NSW,2176,St Johns Park - Wakeley,127021520,2021,11204
St Johns Park,NSW,2176,St Johns Park - Wakeley,127021520,2022,11062
St Johns Park,NSW,2176,St Johns Park - Wakeley,127021520,2023,11123
Tenterfield,NSW,2372,Tenterfield,110021194,2019,6794
Tenterfield,NSW,2372,Tenterfield,110021194,2020,6779
Tenterfield,NSW,2372,Tenterfield,110021194,2021,6800
Tenterfield,NSW,2372,Tenterfield,110021194,2022,6878
Tenterfield,NSW,2372,Tenterfield,110021194,2023,6973
Tuggerah,NSW,2259,Tuggerah - Kangy Angy,102021055,2019,5376
Tuggerah,NSW,2259,Tuggerah - Kangy Angy,102021055,2020,5336
Tuggerah,NSW,2259,Tuggerah - Kangy Angy,102021055,2021,5259
Tuggerah,NSW,2259,Tuggerah - Kangy Angy,102021055,2022,5243
Tuggerah,NSW,2259,Tuggerah - Kangy Angy,102021055,2023,5283
Waitara,NSW,2077,Wahroonga (West) - Waitara,121021579,2019,11632
Waitara,NSW,2077,Wahroonga (West) - Waitara,121021579,2020,11906
Waitara,NSW,2077,Wahroonga (West) - Waitara,121021579,2021,11893
Waitara,NSW,2077,Wahroonga (West) - Waitara,121021579,2022,12006
Waitara,NSW,2077,Wahroonga (West) - Waitara,121021579,2023,12324
Warwick Farm,NSW,2170,Warwick Farm,127031601,2019,6312
Warwick Farm,NSW,2170,Warwick Farm,127031601,2020,6235
Warwick Farm,NSW,2170,Warwick Farm,127031601,2021,5965
Warwick Farm,NSW,2170,Warwick Farm,127031601,2022,5958
Warwick Farm,NSW,2170,Warwick Farm,127031601,2023,6237
Waverton,NSW,2060,Crows Nest - Waverton,121041414,2019,18936
Waverton,NSW,2060,Crows Nest - Waverton,121041414,2020,18659
Waverton,NSW,2060,Crows Nest - Waverton,121041414,2021,18037
Waverton,NSW,2060,Crows Nest - Waverton,121041414,2022,17944
Waverton,NSW,2060,Crows Nest - Waverton,121041414,2023,18608
Wolli Creek,NSW,2205,Wolli Creek,119041671,2019,9388
Wolli Creek,NSW,2205,Wolli Creek,119041671,2020,10287
Wolli Creek,NSW,2205,Wolli Creek,119041671,2021,10897
Wolli Creek,NSW,2205,Wolli Creek,119041671,2022,11417
Wolli Creek,NSW,2205,Wolli Creek,119041671,2023,11872
Woodford,NSW,2463,Woodford - D'Aguilar,313031371,2019,8663
Woodford,NSW,2463,Woodford - D'Aguilar,313031371,2020,8934
Woodford,NSW,2463,Woodford - D'Aguilar,313031371,2021,9245
Woodford,NSW,2463,Woodford - D'Aguilar,313031371,2022,9626
Woodford,NSW,2463,Woodford - D'Aguilar,313031371,2023,10012
Woronora,NSW,2232,Menai - Lucas Heights - Woronora,128021535,2019,21431
Woronora,NSW,2232,Menai - Lucas Heights - Woronora,128021535,2020,21274
Woronora,NSW,2232,Menai - Lucas Heights - Woronora,128021535,2021,21011
Woronora,NSW,2232,Menai - Lucas Heights - Woronora,128021535,2022,20818
Woronora,NSW,2232,Menai - Lucas Heights - Woronora,128021535,2023,20896
Woronora,NSW,2232,Woronora Heights,128021609,2019,3618
Woronora,NSW,2232,Woronora Heights,128021609,2020,3577
Woronora,NSW,2232,Woronora Heights,128021609,2021,3551
Woronora,NSW,2232,Woronora Heights,128021609,2022,3536
Woronora,NSW,2232,Woronora Heights,128021609,2023,3556
Bellambi,NSW,2518,Corrimal - Tarrawanna - Bellambi,107041145,2019,16096
Bellambi,NSW,2518,Corrimal - Tarrawanna - Bellambi,107041145,2020,16060
Bellambi,NSW,2518,Corrimal - Tarrawanna - Bellambi,107041145,2021,16022
Bellambi,NSW,2518,Corrimal - Tarrawanna - Bellambi,107041145,2022,16112
Bellambi,NSW,2518,Corrimal - Tarrawanna - Bellambi,107041145,2023,16340
Booker Bay,NSW,2257,Umina - Booker Bay - Patonga,102011040,2019,24676
Booker Bay,NSW,2257,Umina - Booker Bay - Patonga,102011040,2020,24872
Booker Bay,NSW,2257,Umina - Booker Bay - Patonga,102011040,2021,24863
Booker Bay,NSW,2257,Umina - Booker Bay - Patonga,102011040,2022,24845
Booker Bay,NSW,2257,Umina - Booker Bay - Patonga,102011040,2023,24919
Bundeena,NSW,2230,Cronulla - Kurnell - Bundeena,128011604,2019,24694
Bundeena,NSW,2230,Cronulla - Kurnell - Bundeena,128011604,2020,24668
Bundeena,NSW,2230,Cronulla - Kurnell - Bundeena,128011604,2021,24546
Bundeena,NSW,2230,Cronulla - Kurnell - Bundeena,128011604,2022,24583
Bundeena,NSW,2230,Cronulla - Kurnell - Bundeena,128011604,2023,25025
Buxton,NSW,2571,Picton - Tahmoor - Buxton,123031447,2019,18222
Buxton,NSW,2571,Picton - Tahmoor - Buxton,123031447,2020,18667
Buxton,NSW,2571,Picton - Tahmoor - Buxton,123031447,2021,19076
Buxton,NSW,2571,Picton - Tahmoor - Buxton,123031447,2022,19696
Buxton,NSW,2571,Picton - Tahmoor - Buxton,123031447,2023,20448
Carramar,NSW,2163,Carramar,505031100,2019,18562
Carramar,NSW,2163,Carramar,505031100,2020,18957
Carramar,NSW,2163,Carramar,505031100,2021,19345
Carramar,NSW,2163,Carramar,505031100,2022,19877
Carramar,NSW,2163,Carramar,505031100,2023,20724
Clunes,NSW,2480,Creswick - Clunes,201021010,2019,7992
Clunes,NSW,2480,Creswick - Clunes,201021010,2020,8031
Clunes,NSW,2480,Creswick - Clunes,201021010,2021,8041
Clunes,NSW,2480,Creswick - Clunes,201021010,2022,7969
Clunes,NSW,2480,Creswick - Clunes,201021010,2023,7987
Guildford West,NSW,2161,Guildford West - Merrylands West,125031484,2019,23056
Guildford West,NSW,2161,Guildford West - Merrylands West,125031484,2020,23277
Guildford West,NSW,2161,Guildford West - Merrylands West,125031484,2021,23127
Guildford West,NSW,2161,Guildford West - Merrylands West,125031484,2022,23289
Guildford West,NSW,2161,Guildford West - Merrylands West,125031484,2023,23921
Hassall Grove,NSW,2761,Hassall Grove - Plumpton,116031315,2019,21898
Hassall Grove,NSW,2761,Hassall Grove - Plumpton,116031315,2020,21811
Hassall Grove,NSW,2761,Hassall Grove - Plumpton,116031315,2021,21576
Hassall Grove,NSW,2761,Hassall Grove - Plumpton,116031315,2022,21333
Hassall Grove,NSW,2761,Hassall Grove - Plumpton,116031315,2023,21424
Jamisontown,NSW,2750,Jamisontown - South Penrith,124031461,2019,17551
Jamisontown,NSW,2750,Jamisontown - South Penrith,124031461,2020,17503
Jamisontown,NSW,2750,Jamisontown - South Penrith,124031461,2021,17411
Jamisontown,NSW,2750,Jamisontown - South Penrith,124031461,2022,17403
Jamisontown,NSW,2750,Jamisontown - South Penrith,124031461,2023,17500
Kirribilli,NSW,2061,Neutral Bay - Kirribilli,121041416,2019,18479
Kirribilli,NSW,2061,Neutral Bay - Kirribilli,121041416,2020,18010
Kirribilli,NSW,2061,Neutral Bay - Kirribilli,121041416,2021,17340
Kirribilli,NSW,2061,Neutral Bay - Kirribilli,121041416,2022,17221
Kirribilli,NSW,2061,Neutral Bay - Kirribilli,121041416,2023,17973
Kurrajong,NSW,2758,Kurrajong Heights - Ebenezer,115031300,2019,22413
Kurrajong,NSW,2758,Kurrajong Heights - Ebenezer,115031300,2020,22377
Kurrajong,NSW,2758,Kurrajong Heights - Ebenezer,115031300,2021,22302
Kurrajong,NSW,2758,Kurrajong Heights - Ebenezer,115031300,2022,22325
Kurrajong,NSW,2758,Kurrajong Heights - Ebenezer,115031300,2023,22364
Lapstone,NSW,2773,Blaxland - Warrimoo - Lapstone,124011450,2019,19358
Lapstone,NSW,2773,Blaxland - Warrimoo - Lapstone,124011450,2020,19282
Lapstone,NSW,2773,Blaxland - Warrimoo - Lapstone,124011450,2021,19045
Lapstone,NSW,2773,Blaxland - Warrimoo - Lapstone,124011450,2022,19059
Lapstone,NSW,2773,Blaxland - Warrimoo - Lapstone,124011450,2023,19196
Minchinbury,NSW,2770,Rooty Hill - Minchinbury,116031319,2019,22946
Minchinbury,NSW,2770,Rooty Hill - Minchinbury,116031319,2020,23120
Minchinbury,NSW,2770,Rooty Hill - Minchinbury,116031319,2021,22990
Minchinbury,NSW,2770,Rooty Hill - Minchinbury,116031319,2022,22833
Minchinbury,NSW,2770,Rooty Hill - Minchinbury,116031319,2023,23133
North St Marys,NSW,2760,St Marys - North St Marys,124051581,2019,17304
North St Marys,NSW,2760,St Marys - North St Marys,124051581,2020,17434
North St Marys,NSW,2760,St Marys - North St Marys,124051581,2021,17474
North St Marys,NSW,2760,St Marys - North St Marys,124051581,2022,17678
North St Marys,NSW,2760,St Marys - North St Marys,124051581,2023,17945
Robertson,NSW,2577,Robertson - Fitzroy Falls,114021288,2019,3782
Robertson,NSW,2577,Robertson - Fitzroy Falls,114021288,2020,3821
Robertson,NSW,2577,Robertson - Fitzroy Falls,114021288,2021,3812
Robertson,NSW,2577,Robertson - Fitzroy Falls,114021288,2022,3842
Robertson,NSW,2577,Robertson - Fitzroy Falls,114021288,2023,3867
Robertson,NSW,2577,Robertson,303041069,2019,5212
Robertson,NSW,2577,Robertson,303041069,2020,5122
Robertson,NSW,2577,Robertson,303041069,2021,4941
Robertson,NSW,2577,Robertson,303041069,2022,5006
Robertson,NSW,2577,Robertson,303041069,2023,5320
Rosedale,NSW,2536,Rosedale,205051102,2019,4920
Rosedale,NSW,2536,Rosedale,205051102,2020,4870
Rosedale,NSW,2536,Rosedale,205051102,2021,4912
Rosedale,NSW,2536,Rosedale,205051102,2022,4870
Rosedale,NSW,2536,Rosedale,205051102,2023,4888
Terrey Hills,NSW,2084,Terrey Hills - Duffys Forest,122031432,2019,3856
Terrey Hills,NSW,2084,Terrey Hills - Duffys Forest,122031432,2020,3835
Terrey Hills,NSW,2084,Terrey Hills - Duffys Forest,122031432,2021,3796
Terrey Hills,NSW,2084,Terrey Hills - Duffys Forest,122031432,2022,3719
Terrey Hills,NSW,2084,Terrey Hills - Duffys Forest,122031432,2023,3686
Windale,NSW,2306,Mount Hutton - Windale,111011210,2019,9397
Windale,NSW,2306,Mount Hutton - Windale,111011210,2020,9484
Windale,NSW,2306,Mount Hutton - Windale,111011210,2021,9545
Windale,NSW,2306,Mount Hutton - Windale,111011210,2022,9596
Windale,NSW,2306,Mount Hutton - Windale,111011210,2023,9618
Windsor,NSW,2756,Windsor - Bligh Park,124041467,2019,15582
Windsor,NSW,2756,Windsor - Bligh Park,124041467,2020,15535
Windsor,NSW,2756,Windsor - Bligh Park,124041467,2021,15394
Windsor,NSW,2756,Windsor - Bligh Park,124041467,2022,15359
Windsor,NSW,2756,Windsor - Bligh Park,124041467,2023,15398
Windsor,NSW,2756,Windsor,305031130,2019,8137
Windsor,NSW,2756,Windsor,305031130,2020,8214
Windsor,NSW,2756,Windsor,305031130,2021,8117
Windsor,NSW,2756,Windsor,305031130,2022,8263
Windsor,NSW,2756,Windsor,305031130,2023,8736
Windsor,NSW,2756,Prahran - Windsor,206061136,2019,21092
Windsor,NSW,2756,Prahran - Windsor,206061136,2020,20847
Windsor,NSW,2756,Prahran - Windsor,206061136,2021,19444
Windsor,NSW,2756,Prahran - Windsor,206061136,2022,19291
Windsor,NSW,2756,Prahran - Windsor,206061136,2023,20268
Windsor,NSW,2756,Windsor Gardens,402031038,2019,22253
Windsor,NSW,2756,Windsor Gardens,402031038,2020,22809
Windsor,NSW,2756,Windsor Gardens,402031038,2021,22890
Windsor,NSW,2756,Windsor Gardens,402031038,2022,22978
Windsor,NSW,2756,Windsor Gardens,402031038,2023,23419
Allawah,NSW,2218,Kogarah Bay - Carlton - Allawah,119041379,2019,16833
Allawah,NSW,2218,Kogarah Bay - Carlton - Allawah,119041379,2020,16699
Allawah,NSW,2218,Kogarah Bay - Carlton - Allawah,119041379,2021,16246
Allawah,NSW,2218,Kogarah Bay - Carlton - Allawah,119041379,2022,16365
Allawah,NSW,2218,Kogarah Bay - Carlton - Allawah,119041379,2023,16902
Balranald,NSW,2715,Wentworth-Balranald Region,109021179,2019,3694
Balranald,NSW,2715,Wentworth-Balranald Region,109021179,2020,3683
Balranald,NSW,2715,Wentworth-Balranald Region,109021179,2021,3652
Balranald,NSW,2715,Wentworth-Balranald Region,109021179,2022,3632
Balranald,NSW,2715,Wentworth-Balranald Region,109021179,2023,3650
Berrara,NSW,2540,Sussex Inlet - Berrara,114011280,2019,4552
Berrara,NSW,2540,Sussex Inlet - Berrara,114011280,2020,4589
Berrara,NSW,2540,Sussex Inlet - Berrara,114011280,2021,4656
Berrara,NSW,2540,Sussex Inlet - Berrara,114011280,2022,4685
Berrara,NSW,2540,Sussex Inlet - Berrara,114011280,2023,4758
Brookvale,NSW,2100,Freshwater - Brookvale,122031429,2019,22581
Brookvale,NSW,2100,Freshwater - Brookvale,122031429,2020,22439
Brookvale,NSW,2100,Freshwater - Brookvale,122031429,2021,22014
Brookvale,NSW,2100,Freshwater - Brookvale,122031429,2022,22011
Brookvale,NSW,2100,Freshwater - Brookvale,122031429,2023,22682
Buronga,NSW,2739,Wentworth - Buronga,109021178,2019,6363
Buronga,NSW,2739,Wentworth - Buronga,109021178,2020,6459
Buronga,NSW,2739,Wentworth - Buronga,109021178,2021,6543
Buronga,NSW,2739,Wentworth - Buronga,109021178,2022,6634
Buronga,NSW,2739,Wentworth - Buronga,109021178,2023,6697
Gosford,NSW,2250,Gosford - Springfield,102011032,2019,20442
Gosford,NSW,2250,Gosford - Springfield,102011032,2020,20968
Gosford,NSW,2250,Gosford - Springfield,102011032,2021,21359
Gosford,NSW,2250,Gosford - Springfield,102011032,2022,21703
Gosford,NSW,2250,Gosford - Springfield,102011032,2023,22088
Hillsborough,NSW,2290,Glendale - Cardiff - Hillsborough,111011209,2019,24466
Hillsborough,NSW,2290,Glendale - Cardiff - Hillsborough,111011209,2020,24626
Hillsborough,NSW,2290,Glendale - Cardiff - Hillsborough,111011209,2021,24734
Hillsborough,NSW,2290,Glendale - Cardiff - Hillsborough,111011209,2022,24966
Hillsborough,NSW,2290,Glendale - Cardiff - Hillsborough,111011209,2023,25197
Hillsdale,NSW,2036,Pagewood - Hillsdale - Daceyville,117011323,2019,13410
Hillsdale,NSW,2036,Pagewood - Hillsdale - Daceyville,117011323,2020,14137
Hillsdale,NSW,2036,Pagewood - Hillsdale - Daceyville,117011323,2021,14843
Hillsdale,NSW,2036,Pagewood - Hillsdale - Daceyville,117011323,2022,15400
Hillsdale,NSW,2036,Pagewood - Hillsdale - Daceyville,117011323,2023,15777
Kew,NSW,2439,Kew East,207011154,2019,6784
Kew,NSW,2439,Kew East,207011154,2020,6783
Kew,NSW,2439,Kew East,207011154,2021,6555
Kew,NSW,2439,Kew East,207011154,2022,6572
Kew,NSW,2439,Kew East,207011154,2023,6636
Kew,NSW,2439,Kew - South,207011521,2019,12597
Kew,NSW,2439,Kew - South,207011521,2020,12385
Kew,NSW,2439,Kew - South,207011521,2021,11717
Kew,NSW,2439,Kew - South,207011521,2022,11741
Kew,NSW,2439,Kew - South,207011521,2023,12113
Kew,NSW,2439,Kew - West,207011522,2019,13991
Kew,NSW,2439,Kew - West,207011522,2020,13752
Kew,NSW,2439,Kew - West,207011522,2021,13143
Kew,NSW,2439,Kew - West,207011522,2022,13188
Kew,NSW,2439,Kew - West,207011522,2023,13438
Kew,NSW,2439,Kewdale Commercial,506021120,2019,3
Kew,NSW,2439,Kewdale Commercial,506021120,2020,0
Kew,NSW,2439,Kewdale Commercial,506021120,2021,0
Kew,NSW,2439,Kewdale Commercial,506021120,2022,0
Kew,NSW,2439,Kewdale Commercial,506021120,2023,0
Kew,NSW,2439,Clifton Beach - Kewarra Beach,306011139,2019,11737
Kew,NSW,2439,Clifton Beach - Kewarra Beach,306011139,2020,11853
Kew,NSW,2439,Clifton Beach - Kewarra Beach,306011139,2021,11913
Kew,NSW,2439,Clifton Beach - Kewarra Beach,306011139,2022,12137
Kew,NSW,2439,Clifton Beach - Kewarra Beach,306011139,2023,12414
Kew,NSW,2439,Kewdale,506021310,2019,7455
Kew,NSW,2439,Kewdale,506021310,2020,7635
Kew,NSW,2439,Kewdale,506021310,2021,7643
Kew,NSW,2439,Kewdale,506021310,2022,7713
Kew,NSW,2439,Kewdale,506021310,2023,7999
Koolewong,NSW,2256,Point Clare - Koolewong,102011037,2019,6513
Koolewong,NSW,2256,Point Clare - Koolewong,102011037,2020,6598
Koolewong,NSW,2256,Point Clare - Koolewong,102011037,2021,6577
Koolewong,NSW,2256,Point Clare - Koolewong,102011037,2022,6612
Koolewong,NSW,2256,Point Clare - Koolewong,102011037,2023,6632
Kyogle,NSW,2474,Kyogle,112021247,2019,7532
Kyogle,NSW,2474,Kyogle,112021247,2020,7571
Kyogle,NSW,2474,Kyogle,112021247,2021,7603
Kyogle,NSW,2474,Kyogle,112021247,2022,7658
Kyogle,NSW,2474,Kyogle,112021247,2023,7657
Manning Point,NSW,2430,Old Bar - Manning Point - Red Head,108051168,2019,11735
Manning Point,NSW,2430,Old Bar - Manning Point - Red Head,108051168,2020,12147
Manning Point,NSW,2430,Old Bar - Manning Point - Red Head,108051168,2021,12433
Manning Point,NSW,2430,Old Bar - Manning Point - Red Head,108051168,2022,12707
Manning Point,NSW,2430,Old Bar - Manning Point - Red Head,108051168,2023,13007
Minmi,NSW,2287,Maryland - Fletcher - Minmi,111031226,2019,15730
Minmi,NSW,2287,Maryland - Fletcher - Minmi,111031226,2020,16168
Minmi,NSW,2287,Maryland - Fletcher - Minmi,111031226,2021,16520
Minmi,NSW,2287,Maryland - Fletcher - Minmi,111031226,2022,16951
Minmi,NSW,2287,Maryland - Fletcher - Minmi,111031226,2023,17263
Patonga,NSW,2256,Umina - Booker Bay - Patonga,102011040,2019,24676
Patonga,NSW,2256,Umina - Booker Bay - Patonga,102011040,2020,24872
Patonga,NSW,2256,Umina - Booker Bay - Patonga,102011040,2021,24863
Patonga,NSW,2256,Umina - Booker Bay - Patonga,102011040,2022,24845
Patonga,NSW,2256,Umina - Booker Bay - Patonga,102011040,2023,24919
Rosehill,NSW,2142,Rosehill - Harris Park,125041719,2019,10125
Rosehill,NSW,2142,Rosehill - Harris Park,125041719,2020,9852
Rosehill,NSW,2142,Rosehill - Harris Park,125041719,2021,9136
Rosehill,NSW,2142,Rosehill - Harris Park,125041719,2022,8927
Rosehill,NSW,2142,Rosehill - Harris Park,125041719,2023,9721
Sunshine,NSW,2264,Sunshine Beach,316051437,2019,6900
Sunshine,NSW,2264,Sunshine Beach,316051437,2020,6996
Sunshine,NSW,2264,Sunshine Beach,316051437,2021,6927
Sunshine,NSW,2264,Sunshine Beach,316051437,2022,7047
Sunshine,NSW,2264,Sunshine Beach,316051437,2023,7258
Sunshine,NSW,2264,Sunshine,213011336,2019,10306
Sunshine,NSW,2264,Sunshine,213011336,2020,10100
Sunshine,NSW,2264,Sunshine,213011336,2021,9568
Sunshine,NSW,2264,Sunshine,213011336,2022,9629
Sunshine,NSW,2264,Sunshine,213011336,2023,9940
Sunshine,NSW,2264,Sunshine North,213011337,2019,12490
Sunshine,NSW,2264,Sunshine North,213011337,2020,12451
Sunshine,NSW,2264,Sunshine North,213011337,2021,12161
Sunshine,NSW,2264,Sunshine North,213011337,2022,11990
Sunshine,NSW,2264,Sunshine North,213011337,2023,12214
Sunshine,NSW,2264,Sunshine West,213011338,2019,19915
Sunshine,NSW,2264,Sunshine West,213011338,2020,19633
Sunshine,NSW,2264,Sunshine West,213011338,2021,18770
Sunshine,NSW,2264,Sunshine West,213011338,2022,18307
Sunshine,NSW,2264,Sunshine West,213011338,2023,18572
Tomakin,NSW,2537,Broulee - Tomakin,101041021,2019,3586
Tomakin,NSW,2537,Broulee - Tomakin,101041021,2020,3687
Tomakin,NSW,2537,Broulee - Tomakin,101041021,2021,3773
Tomakin,NSW,2537,Broulee - Tomakin,101041021,2022,3829
Tomakin,NSW,2537,Broulee - Tomakin,101041021,2023,3852
Tumbarumba,NSW,2653,Tumbarumba,113021260,2019,3508
Tumbarumba,NSW,2653,Tumbarumba,113021260,2020,3517
Tumbarumba,NSW,2653,Tumbarumba,113021260,2021,3514
Tumbarumba,NSW,2653,Tumbarumba,113021260,2022,3517
Tumbarumba,NSW,2653,Tumbarumba,113021260,2023,3526
Warnervale,NSW,2259,Warnervale - Wadalba,102021056,2019,18415
Warnervale,NSW,2259,Warnervale - Wadalba,102021056,2020,19280
Warnervale,NSW,2259,Warnervale - Wadalba,102021056,2021,20228
Warnervale,NSW,2259,Warnervale - Wadalba,102021056,2022,20973
Warnervale,NSW,2259,Warnervale - Wadalba,102021056,2023,21707
Woollamia,NSW,2540,Tomerong - Wandandian - Woollamia,114011281,2019,3609
Woollamia,NSW,2540,Tomerong - Wandandian - Woollamia,114011281,2020,3659
Woollamia,NSW,2540,Tomerong - Wandandian - Woollamia,114011281,2021,3702
Woollamia,NSW,2540,Tomerong - Wandandian - Woollamia,114011281,2022,3747
Woollamia,NSW,2540,Tomerong - Wandandian - Woollamia,114011281,2023,3744
Woronora Heights,NSW,2233,Woronora Heights,128021609,2019,3618
Woronora Heights,NSW,2233,Woronora Heights,128021609,2020,3577
Woronora Heights,NSW,2233,Woronora Heights,128021609,2021,3551
Woronora Heights,NSW,2233,Woronora Heights,128021609,2022,3536
Woronora Heights,NSW,2233,Woronora Heights,128021609,2023,3556
Bidwill,NSW,2770,Bidwill - Hebersham - Emerton,116031313,2019,18864
Bidwill,NSW,2770,Bidwill - Hebersham - Emerton,116031313,2020,18828
Bidwill,NSW,2770,Bidwill - Hebersham - Emerton,116031313,2021,18740
Bidwill,NSW,2770,Bidwill - Hebersham - Emerton,116031313,2022,18538
Bidwill,NSW,2770,Bidwill - Hebersham - Emerton,116031313,2023,18678
Cartwright,NSW,2168,Lurnea - Cartwright,127031599,2019,12662
Cartwright,NSW,2168,Lurnea - Cartwright,127031599,2020,12734
Cartwright,NSW,2168,Lurnea - Cartwright,127031599,2021,12745
Cartwright,NSW,2168,Lurnea - Cartwright,127031599,2022,12840
Cartwright,NSW,2168,Lurnea - Cartwright,127031599,2023,13250
Charmhaven,NSW,2263,Gorokan - Kanwal - Charmhaven,102021048,2019,22870
Charmhaven,NSW,2263,Gorokan - Kanwal - Charmhaven,102021048,2020,22779
Charmhaven,NSW,2263,Gorokan - Kanwal - Charmhaven,102021048,2021,22588
Charmhaven,NSW,2263,Gorokan - Kanwal - Charmhaven,102021048,2022,22584
Charmhaven,NSW,2263,Gorokan - Kanwal - Charmhaven,102021048,2023,22633
Erowal Bay,NSW,2540,St Georges Basin - Erowal Bay,114011279,2019,14956
Erowal Bay,NSW,2540,St Georges Basin - Erowal Bay,114011279,2020,15125
Erowal Bay,NSW,2540,St Georges Basin - Erowal Bay,114011279,2021,15266
Erowal Bay,NSW,2540,St Georges Basin - Erowal Bay,114011279,2022,15408
Erowal Bay,NSW,2540,St Georges Basin - Erowal Bay,114011279,2023,15238
Fingal Head,NSW,2487,Kingscliff - Fingal Head,112031250,2019,14440
Fingal Head,NSW,2487,Kingscliff - Fingal Head,112031250,2020,14711
Fingal Head,NSW,2487,Kingscliff - Fingal Head,112031250,2021,14811
Fingal Head,NSW,2487,Kingscliff - Fingal Head,112031250,2022,14888
Fingal Head,NSW,2487,Kingscliff - Fingal Head,112031250,2023,15028
Finley,NSW,2713,Tocumwal - Finley - Jerilderie,109031185,2019,9918
Finley,NSW,2713,Tocumwal - Finley - Jerilderie,109031185,2020,9869
Finley,NSW,2713,Tocumwal - Finley - Jerilderie,109031185,2021,9799
Finley,NSW,2713,Tocumwal - Finley - Jerilderie,109031185,2022,9845
Finley,NSW,2713,Tocumwal - Finley - Jerilderie,109031185,2023,9838
Gilgandra,NSW,2827,Gilgandra,105031104,2019,4436
Gilgandra,NSW,2827,Gilgandra,105031104,2020,4436
Gilgandra,NSW,2827,Gilgandra,105031104,2021,4423
Gilgandra,NSW,2827,Gilgandra,105031104,2022,4409
Gilgandra,NSW,2827,Gilgandra,105031104,2023,4423
Hawks Nest,NSW,2324,Tea Gardens - Hawks Nest,106031124,2019,5473
Hawks Nest,NSW,2324,Tea Gardens - Hawks Nest,106031124,2020,5595
Hawks Nest,NSW,2324,Tea Gardens - Hawks Nest,106031124,2021,5738
Hawks Nest,NSW,2324,Tea Gardens - Hawks Nest,106031124,2022,5791
Hawks Nest,NSW,2324,Tea Gardens - Hawks Nest,106031124,2023,5790
Huntleys Point,NSW,2111,Gladesville - Huntleys Point,126021498,2019,15492
Huntleys Point,NSW,2111,Gladesville - Huntleys Point,126021498,2020,15529
Huntleys Point,NSW,2111,Gladesville - Huntleys Point,126021498,2021,15493
Huntleys Point,NSW,2111,Gladesville - Huntleys Point,126021498,2022,15523
Huntleys Point,NSW,2111,Gladesville - Huntleys Point,126021498,2023,15814
Kangaroo Point,NSW,2224,Kangaroo Point,305011108,2019,9579
Kangaroo Point,NSW,2224,Kangaroo Point,305011108,2020,9932
Kangaroo Point,NSW,2224,Kangaroo Point,305011108,2021,9954
Kangaroo Point,NSW,2224,Kangaroo Point,305011108,2022,10536
Kangaroo Point,NSW,2224,Kangaroo Point,305011108,2023,11427
La Perouse,NSW,2036,Malabar - La Perouse,118021652,2019,11405
La Perouse,NSW,2036,Malabar - La Perouse,118021652,2020,11133
La Perouse,NSW,2036,Malabar - La Perouse,118021652,2021,10691
La Perouse,NSW,2036,Malabar - La Perouse,118021652,2022,10612
La Perouse,NSW,2036,Malabar - La Perouse,118021652,2023,10802
Merriwa,NSW,2329,Butler - Merriwa - Ridgewood,505031099,2019,24401
Merriwa,NSW,2329,Butler - Merriwa - Ridgewood,505031099,2020,24594
Merriwa,NSW,2329,Butler - Merriwa - Ridgewood,505031099,2021,24594
Merriwa,NSW,2329,Butler - Merriwa - Ridgewood,505031099,2022,24833
Merriwa,NSW,2329,Butler - Merriwa - Ridgewood,505031099,2023,25259
Mortlake,NSW,2137,Concord - Mortlake - Cabarita,120011383,2019,23494
Mortlake,NSW,2137,Concord - Mortlake - Cabarita,120011383,2020,23500
Mortlake,NSW,2137,Concord - Mortlake - Cabarita,120011383,2021,23214
Mortlake,NSW,2137,Concord - Mortlake - Cabarita,120011383,2022,23172
Mortlake,NSW,2137,Concord - Mortlake - Cabarita,120011383,2023,23547
Pelican,NSW,2281,Golden Beach - Pelican Waters,316021421,2019,12842
Pelican,NSW,2281,Golden Beach - Pelican Waters,316021421,2020,12996
Pelican,NSW,2281,Golden Beach - Pelican Waters,316021421,2021,13150
Pelican,NSW,2281,Golden Beach - Pelican Waters,316021421,2022,13368
Pelican,NSW,2281,Golden Beach - Pelican Waters,316021421,2023,13645
Pelican,NSW,2281,Eaton - Pelican Point,501021012,2019,12388
Pelican,NSW,2281,Eaton - Pelican Point,501021012,2020,12577
Pelican,NSW,2281,Eaton - Pelican Point,501021012,2021,12789
Pelican,NSW,2281,Eaton - Pelican Point,501021012,2022,12901
Pelican,NSW,2281,Eaton - Pelican Point,501021012,2023,13122
Pitt Town,NSW,2756,Pitt Town - McGraths Hill,115041301,2019,11225
Pitt Town,NSW,2756,Pitt Town - McGraths Hill,115041301,2020,11374
Pitt Town,NSW,2756,Pitt Town - McGraths Hill,115041301,2021,11457
Pitt Town,NSW,2756,Pitt Town - McGraths Hill,115041301,2022,11688
Pitt Town,NSW,2756,Pitt Town - McGraths Hill,115041301,2023,11796
Ramsgate,NSW,2217,Sans Souci - Ramsgate,119041382,2019,16951
Ramsgate,NSW,2217,Sans Souci - Ramsgate,119041382,2020,16877
Ramsgate,NSW,2217,Sans Souci - Ramsgate,119041382,2021,16675
Ramsgate,NSW,2217,Sans Souci - Ramsgate,119041382,2022,16517
Ramsgate,NSW,2217,Sans Souci - Ramsgate,119041382,2023,16720
Richmond,VIC,3121,Richmond - Clarendon,124041466,2019,14775
Richmond,VIC,3121,Richmond - Clarendon,124041466,2020,15045
Richmond,VIC,3121,Richmond - Clarendon,124041466,2021,15312
Richmond,VIC,3121,Richmond - Clarendon,124041466,2022,15531
Richmond,VIC,3121,Richmond - Clarendon,124041466,2023,15892
Richmond,VIC,3121,Richmond (South) - Cremorne,206071517,2019,19082
Richmond,VIC,3121,Richmond (South) - Cremorne,206071517,2020,18929
Richmond,VIC,3121,Richmond (South) - Cremorne,206071517,2021,17977
Richmond,VIC,3121,Richmond (South) - Cremorne,206071517,2022,17857
Richmond,VIC,3121,Richmond (South) - Cremorne,206071517,2023,18684
Richmond,VIC,3121,Richmond - North,206071518,2019,15077
Richmond,VIC,3121,Richmond - North,206071518,2020,15025
Richmond,VIC,3121,Richmond - North,206071518,2021,14074
Richmond,VIC,3121,Richmond - North,206071518,2022,14073
Richmond,VIC,3121,Richmond - North,206071518,2023,14884
Richmond,VIC,3121,Richmond (SA),404031108,2019,17290
Richmond,VIC,3121,Richmond (SA),404031108,2020,17491
Richmond,VIC,3121,Richmond (SA),404031108,2021,17252
Richmond,VIC,3121,Richmond (SA),404031108,2022,17414
Richmond,VIC,3121,Richmond (SA),404031108,2023,17916
Richmond,VIC,3121,Sorell - Richmond,601061035,2019,9527
Richmond,VIC,3121,Sorell - Richmond,601061035,2020,9888
Richmond,VIC,3121,Sorell - Richmond,601061035,2021,10131
Richmond,VIC,3121,Sorell - Richmond,601061035,2022,10389
Richmond,VIC,3121,Sorell - Richmond,601061035,2023,10539
Silverwater,NSW,1811,Bonnells Bay - Silverwater,111021216,2019,9370
Silverwater,NSW,1811,Bonnells Bay - Silverwater,111021216,2020,9537
Silverwater,NSW,1811,Bonnells Bay - Silverwater,111021216,2021,9698
Silverwater,NSW,1811,Bonnells Bay - Silverwater,111021216,2022,9928
Silverwater,NSW,1811,Bonnells Bay - Silverwater,111021216,2023,10028
Silverwater,NSW,1811,Silverwater - Newington,125011709,2019,10192
Silverwater,NSW,1811,Silverwater - Newington,125011709,2020,9924
Silverwater,NSW,1811,Silverwater - Newington,125011709,2021,9341
Silverwater,NSW,1811,Silverwater - Newington,125011709,2022,9078
Silverwater,NSW,1811,Silverwater - Newington,125011709,2023,9010
Stroud,NSW,2425,Bulahdelah - Stroud,108011151,2019,5006
Stroud,NSW,2425,Bulahdelah - Stroud,108011151,2020,5099
Stroud,NSW,2425,Bulahdelah - Stroud,108011151,2021,5228
Stroud,NSW,2425,Bulahdelah - Stroud,108011151,2022,5283
Stroud,NSW,2425,Bulahdelah - Stroud,108011151,2023,5361
Willow Vale,NSW,2534,Willow Vale - Pimpama (West),309071558,2019,6326
Willow Vale,NSW,2534,Willow Vale - Pimpama (West),309071558,2020,6814
Willow Vale,NSW,2534,Willow Vale - Pimpama (West),309071558,2021,7126
Willow Vale,NSW,2534,Willow Vale - Pimpama (West),309071558,2022,7584
Willow Vale,NSW,2534,Willow Vale - Pimpama (West),309071558,2023,7995
Yarramalong,NSW,2259,Jilliby - Yarramalong,102021049,2019,3480
Yarramalong,NSW,2259,Jilliby - Yarramalong,102021049,2020,3445
Yarramalong,NSW,2259,Jilliby - Yarramalong,102021049,2021,3427
Yarramalong,NSW,2259,Jilliby - Yarramalong,102021049,2022,3451
Yarramalong,NSW,2259,Jilliby - Yarramalong,102021049,2023,3499
Yennora,NSW,2161,Yennora Industrial,125031487,2019,13
Yennora,NSW,2161,Yennora Industrial,125031487,2020,13
Yennora,NSW,2161,Yennora Industrial,125031487,2021,13
Yennora,NSW,2161,Yennora Industrial,125031487,2022,13
Yennora,NSW,2161,Yennora Industrial,125031487,2023,13
Beaconsfield,NSW,2015,Beaconsfield - Officer,212011546,2019,20259
Beaconsfield,NSW,2015,Beaconsfield - Officer,212011546,2020,22381
Beaconsfield,NSW,2015,Beaconsfield - Officer,212011546,2021,23966
Beaconsfield,NSW,2015,Beaconsfield - Officer,212011546,2022,25775
Beaconsfield,NSW,2015,Beaconsfield - Officer,212011546,2023,26967
Beaconsfield,NSW,2015,Beauty Point - Beaconsfield,602021053,2019,3964
Beaconsfield,NSW,2015,Beauty Point - Beaconsfield,602021053,2020,4032
Beaconsfield,NSW,2015,Beauty Point - Beaconsfield,602021053,2021,4118
Beaconsfield,NSW,2015,Beauty Point - Beaconsfield,602021053,2022,4158
Beaconsfield,NSW,2015,Beauty Point - Beaconsfield,602021053,2023,4165
Beaconsfield,NSW,2015,Rosebery - Beaconsfield,117031643,2019,11449
Beaconsfield,NSW,2015,Rosebery - Beaconsfield,117031643,2020,12150
Beaconsfield,NSW,2015,Rosebery - Beaconsfield,117031643,2021,12391
Beaconsfield,NSW,2015,Rosebery - Beaconsfield,117031643,2022,12919
Beaconsfield,NSW,2015,Rosebery - Beaconsfield,117031643,2023,13337
Beaconsfield,NSW,2015,Andergrove - Beaconsfield,312021342,2019,15689
Beaconsfield,NSW,2015,Andergrove - Beaconsfield,312021342,2020,15969
Beaconsfield,NSW,2015,Andergrove - Beaconsfield,312021342,2021,16117
Beaconsfield,NSW,2015,Andergrove - Beaconsfield,312021342,2022,16343
Beaconsfield,NSW,2015,Andergrove - Beaconsfield,312021342,2023,16656
Bombala,NSW,2632,Bombala,101031013,2019,2448
Bombala,NSW,2632,Bombala,101031013,2020,2458
Bombala,NSW,2632,Bombala,101031013,2021,2449
Bombala,NSW,2632,Bombala,101031013,2022,2467
Bombala,NSW,2632,Bombala,101031013,2023,2468
Broken Hill,NSW,2880,Broken Hill,105021097,2019,17801
Broken Hill,NSW,2880,Broken Hill,105021097,2020,17718
Broken Hill,NSW,2880,Broken Hill,105021097,2021,17662
Broken Hill,NSW,2880,Broken Hill,105021097,2022,17567
Broken Hill,NSW,2880,Broken Hill,105021097,2023,17624
Bulahdelah,NSW,2423,Bulahdelah - Stroud,108011151,2019,5006
Bulahdelah,NSW,2423,Bulahdelah - Stroud,108011151,2020,5099
Bulahdelah,NSW,2423,Bulahdelah - Stroud,108011151,2021,5228
Bulahdelah,NSW,2423,Bulahdelah - Stroud,108011151,2022,5283
Bulahdelah,NSW,2423,Bulahdelah - Stroud,108011151,2023,5361
Coalcliff,NSW,2508,Thirroul - Austinmer - Coalcliff,107041148,2019,11866
Coalcliff,NSW,2508,Thirroul - Austinmer - Coalcliff,107041148,2020,11925
Coalcliff,NSW,2508,Thirroul - Austinmer - Coalcliff,107041148,2021,11912
Coalcliff,NSW,2508,Thirroul - Austinmer - Coalcliff,107041148,2022,11946
Coalcliff,NSW,2508,Thirroul - Austinmer - Coalcliff,107041148,2023,12023
Cringila,NSW,2502,Berkeley - Lake Heights - Cringila,107011545,2019,14280
Cringila,NSW,2502,Berkeley - Lake Heights - Cringila,107011545,2020,14252
Cringila,NSW,2502,Berkeley - Lake Heights - Cringila,107011545,2021,14191
Cringila,NSW,2502,Berkeley - Lake Heights - Cringila,107011545,2022,14141
Cringila,NSW,2502,Berkeley - Lake Heights - Cringila,107011545,2023,14173
Daceyville,NSW,2032,Pagewood - Hillsdale - Daceyville,117011323,2019,13410
Daceyville,NSW,2032,Pagewood - Hillsdale - Daceyville,117011323,2020,14137
Daceyville,NSW,2032,Pagewood - Hillsdale - Daceyville,117011323,2021,14843
Daceyville,NSW,2032,Pagewood - Hillsdale - Daceyville,117011323,2022,15400
Daceyville,NSW,2032,Pagewood - Hillsdale - Daceyville,117011323,2023,15777
Dolans Bay,NSW,2229,Lilli Pilli - Port Hacking - Dolans Bay,128011605,2019,3348
Dolans Bay,NSW,2229,Lilli Pilli - Port Hacking - Dolans Bay,128011605,2020,3368
Dolans Bay,NSW,2229,Lilli Pilli - Port Hacking - Dolans Bay,128011605,2021,3371
Dolans Bay,NSW,2229,Lilli Pilli - Port Hacking - Dolans Bay,128011605,2022,3425
Dolans Bay,NSW,2229,Lilli Pilli - Port Hacking - Dolans Bay,128011605,2023,3427
Lavender Bay,NSW,2060,North Sydney - Lavender Bay,121041417,2019,12519
Lavender Bay,NSW,2060,North Sydney - Lavender Bay,121041417,2020,12739
Lavender Bay,NSW,2060,North Sydney - Lavender Bay,121041417,2021,12585
Lavender Bay,NSW,2060,North Sydney - Lavender Bay,121041417,2022,12658
Lavender Bay,NSW,2060,North Sydney - Lavender Bay,121041417,2023,13292
Luddenham,NSW,2745,Mulgoa - Luddenham - Orchard Hills,124031463,2019,11378
Luddenham,NSW,2745,Mulgoa - Luddenham - Orchard Hills,124031463,2020,11763
Luddenham,NSW,2745,Mulgoa - Luddenham - Orchard Hills,124031463,2021,12099
Luddenham,NSW,2745,Mulgoa - Luddenham - Orchard Hills,124031463,2022,12362
Luddenham,NSW,2745,Mulgoa - Luddenham - Orchard Hills,124031463,2023,12801
Macquarie Park,NSW,2113,Macquarie Park - Marsfield,126021500,2019,23994
Macquarie Park,NSW,2113,Macquarie Park - Marsfield,126021500,2020,24227
Macquarie Park,NSW,2113,Macquarie Park - Marsfield,126021500,2021,24028
Macquarie Park,NSW,2113,Macquarie Park - Marsfield,126021500,2022,24848
Macquarie Park,NSW,2113,Macquarie Park - Marsfield,126021500,2023,26428
Meadowbank,NSW,2114,West Ryde - Meadowbank,126021503,2019,20825
Meadowbank,NSW,2114,West Ryde - Meadowbank,126021503,2020,20783
Meadowbank,NSW,2114,West Ryde - Meadowbank,126021503,2021,20213
Meadowbank,NSW,2114,West Ryde - Meadowbank,126021503,2022,20294
Meadowbank,NSW,2114,West Ryde - Meadowbank,126021503,2023,21225
Mirrabooka,NSW,2264,Balga - Mirrabooka,505021085,2019,21297
Mirrabooka,NSW,2264,Balga - Mirrabooka,505021085,2020,21870
Mirrabooka,NSW,2264,Balga - Mirrabooka,505021085,2021,21905
Mirrabooka,NSW,2264,Balga - Mirrabooka,505021085,2022,21986
Mirrabooka,NSW,2264,Balga - Mirrabooka,505021085,2023,22719
Moree,NSW,2400,Moree Surrounds,110031196,2019,5541
Moree,NSW,2400,Moree Surrounds,110031196,2020,5490
Moree,NSW,2400,Moree Surrounds,110031196,2021,5420
Moree,NSW,2400,Moree Surrounds,110031196,2022,5311
Moree,NSW,2400,Moree Surrounds,110031196,2023,5288
Moree,NSW,2400,Moree,110031195,2019,8148
Moree,NSW,2400,Moree,110031195,2020,8020
Moree,NSW,2400,Moree,110031195,2021,7996
Moree,NSW,2400,Moree,110031195,2022,8008
Moree,NSW,2400,Moree,110031195,2023,8035
Mulgoa,NSW,2745,Mulgoa - Luddenham - Orchard Hills,124031463,2019,11378
Mulgoa,NSW,2745,Mulgoa - Luddenham - Orchard Hills,124031463,2020,11763
Mulgoa,NSW,2745,Mulgoa - Luddenham - Orchard Hills,124031463,2021,12099
Mulgoa,NSW,2745,Mulgoa - Luddenham - Orchard Hills,124031463,2022,12362
Mulgoa,NSW,2745,Mulgoa - Luddenham - Orchard Hills,124031463,2023,12801
Port Hacking,NSW,2229,Lilli Pilli - Port Hacking - Dolans Bay,128011605,2019,3348
Port Hacking,NSW,2229,Lilli Pilli - Port Hacking - Dolans Bay,128011605,2020,3368
Port Hacking,NSW,2229,Lilli Pilli - Port Hacking - Dolans Bay,128011605,2021,3371
Port Hacking,NSW,2229,Lilli Pilli - Port Hacking - Dolans Bay,128011605,2022,3425
Port Hacking,NSW,2229,Lilli Pilli - Port Hacking - Dolans Bay,128011605,2023,3427
Potts Point,NSW,1335,Potts Point - Woolloomooloo,117031333,2019,22055
Potts Point,NSW,1335,Potts Point - Woolloomooloo,117031333,2020,20731
Potts Point,NSW,1335,Potts Point - Woolloomooloo,117031333,2021,18445
Potts Point,NSW,1335,Potts Point - Woolloomooloo,117031333,2022,18267
Potts Point,NSW,1335,Potts Point - Woolloomooloo,117031333,2023,19076
Red Head,NSW,2430,Old Bar - Manning Point - Red Head,108051168,2019,11735
Red Head,NSW,2430,Old Bar - Manning Point - Red Head,108051168,2020,12147
Red Head,NSW,2430,Old Bar - Manning Point - Red Head,108051168,2021,12433
Red Head,NSW,2430,Old Bar - Manning Point - Red Head,108051168,2022,12707
Red Head,NSW,2430,Old Bar - Manning Point - Red Head,108051168,2023,13007
Tottenham,NSW,2873,West Footscray - Tottenham,213031351,2019,12447
Tottenham,NSW,2873,West Footscray - Tottenham,213031351,2020,12370
Tottenham,NSW,2873,West Footscray - Tottenham,213031351,2021,11881
Tottenham,NSW,2873,West Footscray - Tottenham,213031351,2022,11996
Tottenham,NSW,2873,West Footscray - Tottenham,213031351,2023,12592
Tregear,NSW,2770,Lethbridge Park - Tregear,116031316,2019,22425
Tregear,NSW,2770,Lethbridge Park - Tregear,116031316,2020,22238
Tregear,NSW,2770,Lethbridge Park - Tregear,116031316,2021,21873
Tregear,NSW,2770,Lethbridge Park - Tregear,116031316,2022,21918
Tregear,NSW,2770,Lethbridge Park - Tregear,116031316,2023,22239
Ultimo,NSW,2007,Ultimo,117031646,2019,8912
Ultimo,NSW,2007,Ultimo,117031646,2020,8478
Ultimo,NSW,2007,Ultimo,117031646,2021,7540
Ultimo,NSW,2007,Ultimo,117031646,2022,7818
Ultimo,NSW,2007,Ultimo,117031646,2023,9316
Walcha,NSW,2354,Walcha,110011189,2019,3212
Walcha,NSW,2354,Walcha,110011189,2020,3182
Walcha,NSW,2354,Walcha,110011189,2021,3146
Walcha,NSW,2354,Walcha,110011189,2022,3148
Walcha,NSW,2354,Walcha,110011189,2023,3111
Warragamba,NSW,2752,Warragamba - Silverdale,124031465,2019,5730
Warragamba,NSW,2752,Warragamba - Silverdale,124031465,2020,5891
Warragamba,NSW,2752,Warragamba - Silverdale,124031465,2021,6058
Warragamba,NSW,2752,Warragamba - Silverdale,124031465,2022,6446
Warragamba,NSW,2752,Warragamba - Silverdale,124031465,2023,6936
Arrawarra,NSW,2456,Woolgoolga - Arrawarra,104021091,2019,13711
Arrawarra,NSW,2456,Woolgoolga - Arrawarra,104021091,2020,13936
Arrawarra,NSW,2456,Woolgoolga - Arrawarra,104021091,2021,14456
Arrawarra,NSW,2456,Woolgoolga - Arrawarra,104021091,2022,14747
Arrawarra,NSW,2456,Woolgoolga - Arrawarra,104021091,2023,14900
Banksmeadow,NSW,2019,Banksmeadow,117011320,2019,29
Banksmeadow,NSW,2019,Banksmeadow,117011320,2020,302
Banksmeadow,NSW,2019,Banksmeadow,117011320,2021,509
Banksmeadow,NSW,2019,Banksmeadow,117011320,2022,594
Banksmeadow,NSW,2019,Banksmeadow,117011320,2023,626
Bray Park,NSW,2484,Bray Park,314031391,2019,10521
Bray Park,NSW,2484,Bray Park,314031391,2020,10501
Bray Park,NSW,2484,Bray Park,314031391,2021,10419
Bray Park,NSW,2484,Bray Park,314031391,2022,10455
Bray Park,NSW,2484,Bray Park,314031391,2023,10617
Brewarrina,NSW,2839,Bourke - Brewarrina,105011092,2019,3828
Brewarrina,NSW,2839,Bourke - Brewarrina,105011092,2020,3718
Brewarrina,NSW,2839,Bourke - Brewarrina,105011092,2021,3616
Brewarrina,NSW,2839,Bourke - Brewarrina,105011092,2022,3515
Brewarrina,NSW,2839,Bourke - Brewarrina,105011092,2023,3514
Darling Point,NSW,2027,Double Bay - Darling Point,118011650,2019,10605
Darling Point,NSW,2027,Double Bay - Darling Point,118011650,2020,10477
Darling Point,NSW,2027,Double Bay - Darling Point,118011650,2021,10051
Darling Point,NSW,2027,Double Bay - Darling Point,118011650,2022,9991
Darling Point,NSW,2027,Double Bay - Darling Point,118011650,2023,10250
Ebenezer,NSW,2756,Kurrajong Heights - Ebenezer,115031300,2019,22413
Ebenezer,NSW,2756,Kurrajong Heights - Ebenezer,115031300,2020,22377
Ebenezer,NSW,2756,Kurrajong Heights - Ebenezer,115031300,2021,22302
Ebenezer,NSW,2756,Kurrajong Heights - Ebenezer,115031300,2022,22325
Ebenezer,NSW,2756,Kurrajong Heights - Ebenezer,115031300,2023,22364
Fitzroy Falls,NSW,2577,Robertson - Fitzroy Falls,114021288,2019,3782
Fitzroy Falls,NSW,2577,Robertson - Fitzroy Falls,114021288,2020,3821
Fitzroy Falls,NSW,2577,Robertson - Fitzroy Falls,114021288,2021,3812
Fitzroy Falls,NSW,2577,Robertson - Fitzroy Falls,114021288,2022,3842
Fitzroy Falls,NSW,2577,Robertson - Fitzroy Falls,114021288,2023,3867
Galston,NSW,2159,Galston - Laughtondale,115021298,2019,5472
Galston,NSW,2159,Galston - Laughtondale,115021298,2020,5434
Galston,NSW,2159,Galston - Laughtondale,115021298,2021,5438
Galston,NSW,2159,Galston - Laughtondale,115021298,2022,5458
Galston,NSW,2159,Galston - Laughtondale,115021298,2023,5450
Gladstone,NSW,2440,Gladstone Hinterland,308051535,2019,11595
Gladstone,NSW,2440,Gladstone Hinterland,308051535,2020,11584
Gladstone,NSW,2440,Gladstone Hinterland,308051535,2021,11668
Gladstone,NSW,2440,Gladstone Hinterland,308051535,2022,11847
Gladstone,NSW,2440,Gladstone Hinterland,308051535,2023,12000
Gladstone,NSW,2440,West Gladstone,308051539,2019,4793
Gladstone,NSW,2440,West Gladstone,308051539,2020,4802
Gladstone,NSW,2440,West Gladstone,308051539,2021,4881
Gladstone,NSW,2440,West Gladstone,308051539,2022,4999
Gladstone,NSW,2440,West Gladstone,308051539,2023,5042
Gladstone,NSW,2440,Gladstone Park - Westmeadows,210051245,2019,18614
Gladstone,NSW,2440,Gladstone Park - Westmeadows,210051245,2020,18598
Gladstone,NSW,2440,Gladstone Park - Westmeadows,210051245,2021,18176
Gladstone,NSW,2440,Gladstone Park - Westmeadows,210051245,2022,17994
Gladstone,NSW,2440,Gladstone Park - Westmeadows,210051245,2023,18180
Gladstone,NSW,2440,Gladstone,308051534,2019,6168
Gladstone,NSW,2440,Gladstone,308051534,2020,6271
Gladstone,NSW,2440,Gladstone,308051534,2021,6237
Gladstone,NSW,2440,Gladstone,308051534,2022,6302
Gladstone,NSW,2440,Gladstone,308051534,2023,6516
Henley,NSW,2111,Henley Beach,404011092,2019,15683
Henley,NSW,2111,Henley Beach,404011092,2020,15795
Henley,NSW,2111,Henley Beach,404011092,2021,15753
Henley,NSW,2111,Henley Beach,404011092,2022,15918
Henley,NSW,2111,Henley Beach,404011092,2023,16253
Henley,NSW,2111,Brabham - Henley Brook,504031299,2019,9559
Henley,NSW,2111,Brabham - Henley Brook,504031299,2020,10570
Henley,NSW,2111,Brabham - Henley Brook,504031299,2021,11597
Henley,NSW,2111,Brabham - Henley Brook,504031299,2022,12818
Henley,NSW,2111,Brabham - Henley Brook,504031299,2023,14337
Hexham,NSW,2322,Beresfield - Hexham,111031223,2019,8644
Hexham,NSW,2322,Beresfield - Hexham,111031223,2020,8623
Hexham,NSW,2322,Beresfield - Hexham,111031223,2021,8612
Hexham,NSW,2322,Beresfield - Hexham,111031223,2022,8659
Hexham,NSW,2322,Beresfield - Hexham,111031223,2023,8640
Iluka,NSW,2466,Maclean - Yamba - Iluka,104011082,2019,17100
Iluka,NSW,2466,Maclean - Yamba - Iluka,104011082,2020,17326
Iluka,NSW,2466,Maclean - Yamba - Iluka,104011082,2021,17487
Iluka,NSW,2466,Maclean - Yamba - Iluka,104011082,2022,17614
Iluka,NSW,2466,Maclean - Yamba - Iluka,104011082,2023,17859
Iluka,NSW,2466,Iluka - Burns Beach,505011076,2019,9653
Iluka,NSW,2466,Iluka - Burns Beach,505011076,2020,9884
Iluka,NSW,2466,Iluka - Burns Beach,505011076,2021,10048
Iluka,NSW,2466,Iluka - Burns Beach,505011076,2022,10231
Iluka,NSW,2466,Iluka - Burns Beach,505011076,2023,10585
Jerilderie,NSW,2716,Tocumwal - Finley - Jerilderie,109031185,2019,9918
Jerilderie,NSW,2716,Tocumwal - Finley - Jerilderie,109031185,2020,9869
Jerilderie,NSW,2716,Tocumwal - Finley - Jerilderie,109031185,2021,9799
Jerilderie,NSW,2716,Tocumwal - Finley - Jerilderie,109031185,2022,9845
Jerilderie,NSW,2716,Tocumwal - Finley - Jerilderie,109031185,2023,9838
Kempsey,NSW,2440,Kempsey,108021155,2019,15615
Kempsey,NSW,2440,Kempsey,108021155,2020,15701
Kempsey,NSW,2440,Kempsey,108021155,2021,15816
Kempsey,NSW,2440,Kempsey,108021155,2022,16043
Kempsey,NSW,2440,Kempsey,108021155,2023,16143
Kempsey,NSW,2440,Kempsey Surrounds,108021156,2019,9340
Kempsey,NSW,2440,Kempsey Surrounds,108021156,2020,9429
Kempsey,NSW,2440,Kempsey Surrounds,108021156,2021,9486
Kempsey,NSW,2440,Kempsey Surrounds,108021156,2022,9514
Kempsey,NSW,2440,Kempsey Surrounds,108021156,2023,9551
Kenthurst,NSW,2156,Dural - Kenthurst - Wisemans Ferry,115021297,2019,22471
Kenthurst,NSW,2156,Dural - Kenthurst - Wisemans Ferry,115021297,2020,22609
Kenthurst,NSW,2156,Dural - Kenthurst - Wisemans Ferry,115021297,2021,22596
Kenthurst,NSW,2156,Dural - Kenthurst - Wisemans Ferry,115021297,2022,22550
Kenthurst,NSW,2156,Dural - Kenthurst - Wisemans Ferry,115021297,2023,22778
Lane Cove North,NSW,2066,Chatswood (West) - Lane Cove North,121011399,2019,22417
Lane Cove North,NSW,2066,Chatswood (West) - Lane Cove North,121011399,2020,22187
Lane Cove North,NSW,2066,Chatswood (West) - Lane Cove North,121011399,2021,21417
Lane Cove North,NSW,2066,Chatswood (West) - Lane Cove North,121011399,2022,21622
Lane Cove North,NSW,2066,Chatswood (West) - Lane Cove North,121011399,2023,22564
Leonay,NSW,2750,Emu Plains - Leonay,124031459,2019,14264
Leonay,NSW,2750,Emu Plains - Leonay,124031459,2020,14140
Leonay,NSW,2750,Emu Plains - Leonay,124031459,2021,13952
Leonay,NSW,2750,Emu Plains - Leonay,124031459,2022,13838
Leonay,NSW,2750,Emu Plains - Leonay,124031459,2023,13835
Linden,NSW,2778,Lawson - Hazelbrook - Linden,124011453,2019,11540
Linden,NSW,2778,Lawson - Hazelbrook - Linden,124011453,2020,11536
Linden,NSW,2778,Lawson - Hazelbrook - Linden,124011453,2021,11481
Linden,NSW,2778,Lawson - Hazelbrook - Linden,124011453,2022,11498
Linden,NSW,2778,Lawson - Hazelbrook - Linden,124011453,2023,11512
Londonderry,NSW,2753,Yarramundi - Londonderry,124041468,2019,7628
Londonderry,NSW,2753,Yarramundi - Londonderry,124041468,2020,7628
Londonderry,NSW,2753,Yarramundi - Londonderry,124041468,2021,7564
Londonderry,NSW,2753,Yarramundi - Londonderry,124041468,2022,7461
Londonderry,NSW,2753,Yarramundi - Londonderry,124041468,2023,7600
Miller,NSW,2168,Thornton - Millers Forest,106021618,2019,13220
Miller,NSW,2168,Thornton - Millers Forest,106021618,2020,14555
Miller,NSW,2168,Thornton - Millers Forest,106021618,2021,15985
Miller,NSW,2168,Thornton - Millers Forest,106021618,2022,17065
Miller,NSW,2168,Thornton - Millers Forest,106021618,2023,18056
Miller,NSW,2168,Sydney (North) - Millers Point,117031644,2019,8874
Miller,NSW,2168,Sydney (North) - Millers Point,117031644,2020,8743
Miller,NSW,2168,Sydney (North) - Millers Point,117031644,2021,8188
Miller,NSW,2168,Sydney (North) - Millers Point,117031644,2022,8190
Miller,NSW,2168,Sydney (North) - Millers Point,117031644,2023,8738
Miller,NSW,2168,Ashcroft - Busby - Miller,127011504,2019,18216
Miller,NSW,2168,Ashcroft - Busby - Miller,127011504,2020,18195
Miller,NSW,2168,Ashcroft - Busby - Miller,127011504,2021,18086
Miller,NSW,2168,Ashcroft - Busby - Miller,127011504,2022,18024
Miller,NSW,2168,Ashcroft - Busby - Miller,127011504,2023,18128
Minnamurra,NSW,2533,Kiama Downs - Minnamurra,107031139,2019,6091
Minnamurra,NSW,2533,Kiama Downs - Minnamurra,107031139,2020,6080
Minnamurra,NSW,2533,Kiama Downs - Minnamurra,107031139,2021,6044
Minnamurra,NSW,2533,Kiama Downs - Minnamurra,107031139,2022,5960
Minnamurra,NSW,2533,Kiama Downs - Minnamurra,107031139,2023,5936
Nyngan,NSW,2825,Nyngan - Warren,105011095,2019,4830
Nyngan,NSW,2825,Nyngan - Warren,105011095,2020,4716
Nyngan,NSW,2825,Nyngan - Warren,105011095,2021,4632
Nyngan,NSW,2825,Nyngan - Warren,105011095,2022,4594
Nyngan,NSW,2825,Nyngan - Warren,105011095,2023,4561
Rand,NSW,2642,Randwick - North,118021569,2019,17309
Rand,NSW,2642,Randwick - North,118021569,2020,16985
Rand,NSW,2642,Randwick - North,118021569,2021,16289
Rand,NSW,2642,Randwick - North,118021569,2022,16178
Rand,NSW,2642,Randwick - North,118021569,2023,16517
Rand,NSW,2642,Randwick - South,118021570,2019,13499
Rand,NSW,2642,Randwick - South,118021570,2020,13348
Rand,NSW,2642,Randwick - South,118021570,2021,12841
Rand,NSW,2642,Randwick - South,118021570,2022,12797
Rand,NSW,2642,Randwick - South,118021570,2023,13320
Scarborough,NSW,2515,Scarborough - Newport,313051575,2019,13784
Scarborough,NSW,2515,Scarborough - Newport,313051575,2020,14631
Scarborough,NSW,2515,Scarborough - Newport,313051575,2021,15468
Scarborough,NSW,2515,Scarborough - Newport,313051575,2022,16185
Scarborough,NSW,2515,Scarborough - Newport,313051575,2023,16801
Scarborough,NSW,2515,Scarborough,505021092,2019,17356
Scarborough,NSW,2515,Scarborough,505021092,2020,17930
Scarborough,NSW,2515,Scarborough,505021092,2021,18212
Scarborough,NSW,2515,Scarborough,505021092,2022,18397
Scarborough,NSW,2515,Scarborough,505021092,2023,19243
Scotts Head,NSW,2447,Macksville - Scotts Head,108021157,2019,5147
Scotts Head,NSW,2447,Macksville - Scotts Head,108021157,2020,5174
Scotts Head,NSW,2447,Macksville - Scotts Head,108021157,2021,5178
Scotts Head,NSW,2447,Macksville - Scotts Head,108021157,2022,5279
Scotts Head,NSW,2447,Macksville - Scotts Head,108021157,2023,5345
Seaham,NSW,2324,Seaham - Woodville,106031123,2019,5621
Seaham,NSW,2324,Seaham - Woodville,106031123,2020,5663
Seaham,NSW,2324,Seaham - Woodville,106031123,2021,5689
Seaham,NSW,2324,Seaham - Woodville,106031123,2022,5743
Seaham,NSW,2324,Seaham - Woodville,106031123,2023,5800
Sydney Olympic Park,NSW,2127,Wentworth Point - Sydney Olympic Park,125011710,2019,16444
Sydney Olympic Park,NSW,2127,Wentworth Point - Sydney Olympic Park,125011710,2020,18598
Sydney Olympic Park,NSW,2127,Wentworth Point - Sydney Olympic Park,125011710,2021,20682
Sydney Olympic Park,NSW,2127,Wentworth Point - Sydney Olympic Park,125011710,2022,21993
Sydney Olympic Park,NSW,2127,Wentworth Point - Sydney Olympic Park,125011710,2023,22818
Warren,NSW,2824,Narre Warren North,212021299,2019,8383
Warren,NSW,2824,Narre Warren North,212021299,2020,8365
Warren,NSW,2824,Narre Warren North,212021299,2021,8308
Warren,NSW,2824,Narre Warren North,212021299,2022,8236
Warren,NSW,2824,Narre Warren North,212021299,2023,8206
Warren,NSW,2824,Nyngan - Warren,105011095,2019,4830
Warren,NSW,2824,Nyngan - Warren,105011095,2020,4716
Warren,NSW,2824,Nyngan - Warren,105011095,2021,4632
Warren,NSW,2824,Nyngan - Warren,105011095,2022,4594
Warren,NSW,2824,Nyngan - Warren,105011095,2023,4561
Warren,NSW,2824,Narre Warren - North East,212021455,2019,14010
Warren,NSW,2824,Narre Warren - North East,212021455,2020,13888
Warren,NSW,2824,Narre Warren - North East,212021455,2021,13617
Warren,NSW,2824,Narre Warren - North East,212021455,2022,13500
Warren,NSW,2824,Narre Warren - North East,212021455,2023,13656
Warren,NSW,2824,Ballarat East - Warrenheip,201011481,2019,9632
Warren,NSW,2824,Ballarat East - Warrenheip,201011481,2020,9650
Warren,NSW,2824,Ballarat East - Warrenheip,201011481,2021,9654
Warren,NSW,2824,Ballarat East - Warrenheip,201011481,2022,9641
Warren,NSW,2824,Ballarat East - Warrenheip,201011481,2023,9628
Warren,NSW,2824,Narre Warren South - East,212031457,2019,13611
Warren,NSW,2824,Narre Warren South - East,212031457,2020,13417
Warren,NSW,2824,Narre Warren South - East,212031457,2021,13270
Warren,NSW,2824,Narre Warren South - East,212031457,2022,13168
Warren,NSW,2824,Narre Warren South - East,212031457,2023,13162
Warren,NSW,2824,Narre Warren South - West,212031458,2019,17539
Warren,NSW,2824,Narre Warren South - West,212031458,2020,17356
Warren,NSW,2824,Narre Warren South - West,212031458,2021,16930
Warren,NSW,2824,Narre Warren South - West,212031458,2022,16777
Warren,NSW,2824,Narre Warren South - West,212031458,2023,17099
Warren,NSW,2824,Narre Warren - South West,212021456,2019,15097
Warren,NSW,2824,Narre Warren - South West,212021456,2020,15170
Warren,NSW,2824,Narre Warren - South West,212021456,2021,14900
Warren,NSW,2824,Narre Warren - South West,212021456,2022,14955
Warren,NSW,2824,Narre Warren - South West,212021456,2023,15266
Warren,NSW,2824,Mount Warren Park,311021309,2019,5888
Warren,NSW,2824,Mount Warren Park,311021309,2020,5908
Warren,NSW,2824,Mount Warren Park,311021309,2021,5804
Warren,NSW,2824,Mount Warren Park,311021309,2022,5804
Warren,NSW,2824,Mount Warren Park,311021309,2023,5917
Waterfall,NSW,2233,Heathcote - Waterfall,128021533,2019,6746
Waterfall,NSW,2233,Heathcote - Waterfall,128021533,2020,6725
Waterfall,NSW,2233,Heathcote - Waterfall,128021533,2021,6680
Waterfall,NSW,2233,Heathcote - Waterfall,128021533,2022,6710
Waterfall,NSW,2233,Heathcote - Waterfall,128021533,2023,6707
