suburb,state,postcode,domain_slug,property_category,bedrooms,median_sold_price,days_on_market,auction_clearance_rate,number_sold,median_rent_price,rental_yield_pct,entry_level_price,luxury_level_price
Orange,NSW,2800,orange-nsw-2800,House,2,600000,36,0,58,500,4.33,379250,797500
Orange,NSW,2800,orange-nsw-2800,House,3,675000,30,0,422,560,4.31,434500,1000000
Orange,NSW,2800,orange-nsw-2800,House,4,875000,45,0,318,680,4.04,630800,1510000
Orange,NSW,2800,orange-nsw-2800,House,5,1000000,70,0,63,760,3.95,745500,1995000
Orange,NSW,2800,orange-nsw-2800,Unit,1,0,0,0,4,390,,0,0
Orange,NSW,2800,orange-nsw-2800,Unit,2,487500,36,0,60,470,5.01,379750,622750
Orange,NSW,2800,orange-nsw-2800,Unit,3,605000,43,0,13,540,4.64,519000,788000
Box Hill,NSW,2765,box-hill-nsw-2765,House,2,0,0,0,4,550,,0,0
Box Hill,NSW,2765,box-hill-nsw-2765,House,3,1158000,30,0,27,750,3.37,883500,1315000
Box Hill,NSW,2765,box-hill-nsw-2765,House,4,1250000,61,0.59375,299,820,3.41,975550,1561500
Box Hill,NSW,2765,box-hill-nsw-2765,House,5,1475000,62,0.5102040816326531,220,900,3.17,1187000,1823000
Box Hill,NSW,2765,box-hill-nsw-2765,Unit,1,0,0,0,3,495,,0,0
Box Hill,NSW,2765,box-hill-nsw-2765,Unit,2,0,0,0,5,0,,0,0
Box Hill,NSW,2765,box-hill-nsw-2765,Unit,3,807000,0,0,11,0,,667500,1002500
Port Macquarie,NSW,2444,port-macquarie-nsw-2444,House,2,630000,40,0,58,530,4.37,333000,1170000
Port Macquarie,NSW,2444,port-macquarie-nsw-2444,House,3,840000,25,0.42857142857142855,352,648,4.01,614750,1400000
Port Macquarie,NSW,2444,port-macquarie-nsw-2444,House,4,1050000,33,0.4230769230769231,302,755,3.74,819425,1859000
Port Macquarie,NSW,2444,port-macquarie-nsw-2444,House,5,1252500,61,0.14285714285714285,55,875,3.63,853750,2658750
Port Macquarie,NSW,2444,port-macquarie-nsw-2444,Unit,1,355000,166,0,18,400,5.86,186500,507250
Port Macquarie,NSW,2444,port-macquarie-nsw-2444,Unit,2,590000,35,0,230,495,4.36,409575,927750
Port Macquarie,NSW,2444,port-macquarie-nsw-2444,Unit,3,770000,38,0,113,600,4.05,579000,2060000
Schofields,NSW,2762,schofields-nsw-2762,House,2,0,0,0,5,620,,0,0
Schofields,NSW,2762,schofields-nsw-2762,House,3,1155000,24,0.5882352941176471,48,750,3.38,885733,1573000
Schofields,NSW,2762,schofields-nsw-2762,House,4,1251115,29,0.6626506024096386,193,830,3.45,899545,1534500
Schofields,NSW,2762,schofields-nsw-2762,House,5,1400000,37,0.5428571428571428,57,900,3.34,1225000,1747000
Schofields,NSW,2762,schofields-nsw-2762,Unit,1,510000,69,0,53,550,5.61,368000,800000
Schofields,NSW,2762,schofields-nsw-2762,Unit,2,615250,61,0,211,660,5.58,550450,744600
Schofields,NSW,2762,schofields-nsw-2762,Unit,3,761000,121,0,69,750,5.12,684600,929280
Tamworth,NSW,2340,tamworth-nsw-2340,House,2,0,0,0,1,445,,0,0
Tamworth,NSW,2340,tamworth-nsw-2340,House,3,0,0,0,2,540,,0,0
Tamworth,NSW,2340,tamworth-nsw-2340,House,4,0,0,0,4,0,,0,0
Tamworth,NSW,2340,tamworth-nsw-2340,House,5,0,0,0,2,0,,0,0
Tamworth,NSW,2340,tamworth-nsw-2340,Unit,1,0,0,0,1,0,,0,0
Tamworth,NSW,2340,tamworth-nsw-2340,Unit,2,0,0,0,0,430,,0,0
Tamworth,NSW,2340,tamworth-nsw-2340,Unit,3,0,0,0,0,0,,0,0
Dubbo,NSW,2830,dubbo-nsw-2830,House,2,550000,32,0,68,430,4.07,370000,891250
Dubbo,NSW,2830,dubbo-nsw-2830,House,3,619500,23,0,378,550,4.62,434600,781000
Dubbo,NSW,2830,dubbo-nsw-2830,House,4,750000,31,0,451,650,4.51,523000,1188000
Dubbo,NSW,2830,dubbo-nsw-2830,House,5,880400,73,0,55,740,4.37,520000,1418000
Dubbo,NSW,2830,dubbo-nsw-2830,Unit,1,0,0,0,1,340,,0,0
Dubbo,NSW,2830,dubbo-nsw-2830,Unit,2,422500,44,0,34,390,4.8,303875,547000
Dubbo,NSW,2830,dubbo-nsw-2830,Unit,3,0,0,0,5,520,,0,0
Goulburn,NSW,2580,goulburn-nsw-2580,House,2,550000,32,0.6363636363636364,46,430,4.07,315000,708750
Goulburn,NSW,2580,goulburn-nsw-2580,House,3,649000,34,0.6363636363636364,275,500,4.01,496500,896750
Goulburn,NSW,2580,goulburn-nsw-2580,House,4,795000,54,0.38636363636363635,194,600,3.92,597200,1289000
Goulburn,NSW,2580,goulburn-nsw-2580,House,5,899000,77,0,43,560,3.24,551600,1718000
Goulburn,NSW,2580,goulburn-nsw-2580,Unit,1,0,0,0,2,340,,0,0
Goulburn,NSW,2580,goulburn-nsw-2580,Unit,2,370000,48,0,22,400,5.62,270000,594250
Goulburn,NSW,2580,goulburn-nsw-2580,Unit,3,635000,0,0,14,0,,300000,760000
Marsden Park,NSW,2765,marsden-park-nsw-2765,House,2,815000,26,0,17,680,4.34,369000,872500
Marsden Park,NSW,2765,marsden-park-nsw-2765,House,3,900000,47,0,83,750,4.33,850300,1149000
Marsden Park,NSW,2765,marsden-park-nsw-2765,House,4,1199500,44,0.45,215,840,3.64,923250,1429000
Marsden Park,NSW,2765,marsden-park-nsw-2765,House,5,1425000,50,0.4411764705882353,113,900,3.28,1163750,1741750
Marsden Park,NSW,2765,marsden-park-nsw-2765,Unit,1,589990,0,0,10,500,4.41,544680,645490
Marsden Park,NSW,2765,marsden-park-nsw-2765,Unit,2,719990,0,0,12,665,4.8,709990,719990
Marsden Park,NSW,2765,marsden-park-nsw-2765,Unit,3,0,0,0,7,0,,0,0
Austral,NSW,2179,austral-nsw-2179,House,2,0,0,0,5,550,,0,0
Austral,NSW,2179,austral-nsw-2179,House,3,1017500,36,0,40,720,3.68,679850,1407500
Austral,NSW,2179,austral-nsw-2179,House,4,1135000,30,0.4222222222222222,248,800,3.67,665000,1606100
Austral,NSW,2179,austral-nsw-2179,House,5,1309000,38,0.5,139,900,3.58,1078000,1565420
Austral,NSW,2179,austral-nsw-2179,Unit,1,0,0,0,0,425,,0,0
Austral,NSW,2179,austral-nsw-2179,Unit,2,0,0,0,1,550,,0,0
Austral,NSW,2179,austral-nsw-2179,Unit,3,0,0,0,0,0,,0,0
Googong,NSW,2620,googong-nsw-2620,House,2,675000,0,0,13,625,4.81,597447,717940
Googong,NSW,2620,googong-nsw-2620,House,3,835000,33,0,44,700,4.36,702000,1072600
Googong,NSW,2620,googong-nsw-2620,House,4,1110000,78,0,180,845,3.96,918000,1381000
Googong,NSW,2620,googong-nsw-2620,House,5,1300000,57,0,21,880,3.52,1020000,1950000
Googong,NSW,2620,googong-nsw-2620,Unit,1,0,0,0,2,0,,0,0
Googong,NSW,2620,googong-nsw-2620,Unit,2,560000,49,0,17,590,5.48,482000,607000
Googong,NSW,2620,googong-nsw-2620,Unit,3,0,0,0,1,0,,0,0
Glenmore Park,NSW,2745,glenmore-park-nsw-2745,House,2,760000,0,0,15,570,3.9,738000,820000
Glenmore Park,NSW,2745,glenmore-park-nsw-2745,House,3,1005000,9,0,99,680,3.52,830000,1161500
Glenmore Park,NSW,2745,glenmore-park-nsw-2745,House,4,1295000,16,0,168,815,3.27,938750,1697500
Glenmore Park,NSW,2745,glenmore-park-nsw-2745,House,5,1628000,17,0,58,990,3.16,1340400,2245000
Glenmore Park,NSW,2745,glenmore-park-nsw-2745,Unit,1,0,0,0,1,455,,0,0
Glenmore Park,NSW,2745,glenmore-park-nsw-2745,Unit,2,740000,39,0,36,660,4.64,547500,806250
Glenmore Park,NSW,2745,glenmore-park-nsw-2745,Unit,3,900000,0,0,13,0,,802000,1013000
Oran Park,NSW,2570,oran-park-nsw-2570,House,2,875000,18,0,15,550,3.27,754000,1535000
Oran Park,NSW,2570,oran-park-nsw-2570,House,3,1020000,18,0,29,720,3.67,913800,1231000
Oran Park,NSW,2570,oran-park-nsw-2570,House,4,1195250,25,0.5625,222,780,3.39,971000,1560500
Oran Park,NSW,2570,oran-park-nsw-2570,House,5,1370000,40,0,72,900,3.42,1088750,1686250
Oran Park,NSW,2570,oran-park-nsw-2570,Unit,1,0,0,0,6,450,,0,0
Oran Park,NSW,2570,oran-park-nsw-2570,Unit,2,775000,56,0,17,650,4.36,661900,832500
Oran Park,NSW,2570,oran-park-nsw-2570,Unit,3,0,0,0,0,0,,0,0
Armidale,NSW,2350,armidale-nsw-2350,House,2,450000,55,0,50,420,4.85,298500,739250
Armidale,NSW,2350,armidale-nsw-2350,House,3,570000,28,0.4,272,500,4.56,390000,767500
Armidale,NSW,2350,armidale-nsw-2350,House,4,700000,48,0.3333333333333333,226,575,4.27,500625,1035000
Armidale,NSW,2350,armidale-nsw-2350,House,5,810000,61,0,61,650,4.17,553000,1350000
Armidale,NSW,2350,armidale-nsw-2350,Unit,1,0,0,0,5,295,,0,0
Armidale,NSW,2350,armidale-nsw-2350,Unit,2,335000,65,0,33,370,5.74,253800,556500
Armidale,NSW,2350,armidale-nsw-2350,Unit,3,512500,0,0,21,480,4.87,370500,670500
St Ives,NSW,2075,st-ives-nsw-2075,House,2,0,0,0,7,0,,0,0
St Ives,NSW,2075,st-ives-nsw-2075,House,3,2100000,61,0.5476190476190477,41,1200,2.97,1550000,3800000
St Ives,NSW,2075,st-ives-nsw-2075,House,4,3100000,56,0.47959183673469385,81,1500,2.52,2099000,4462200
St Ives,NSW,2075,st-ives-nsw-2075,House,5,3888000,91,0.46875,94,1800,2.41,2607000,7290000
St Ives,NSW,2075,st-ives-nsw-2075,Unit,1,630000,99,0,16,690,5.7,557000,727000
St Ives,NSW,2075,st-ives-nsw-2075,Unit,2,962500,45,0.43859649122807015,85,850,4.59,770000,1346025
St Ives,NSW,2075,st-ives-nsw-2075,Unit,3,1630000,43,0.41935483870967744,37,1150,3.67,1114000,3065000
Muswellbrook,NSW,2333,muswellbrook-nsw-2333,House,2,405000,49,0,18,420,5.39,296750,679500
Muswellbrook,NSW,2333,muswellbrook-nsw-2333,House,3,530000,26,0,160,520,5.1,380000,718200
Muswellbrook,NSW,2333,muswellbrook-nsw-2333,House,4,665000,33,0,151,620,4.85,520000,830000
Muswellbrook,NSW,2333,muswellbrook-nsw-2333,House,5,767500,41,0,32,680,4.61,590725,1091050
Muswellbrook,NSW,2333,muswellbrook-nsw-2333,Unit,1,0,0,0,0,280,,0,0
Muswellbrook,NSW,2333,muswellbrook-nsw-2333,Unit,2,322500,0,0,14,390,6.29,274750,413500
Muswellbrook,NSW,2333,muswellbrook-nsw-2333,Unit,3,462500,0,0,10,520,5.85,374500,549250
Coffs Harbour,NSW,2450,coffs-harbour-nsw-2450,House,2,589000,31,0,36,550,4.86,445000,1143750
Coffs Harbour,NSW,2450,coffs-harbour-nsw-2450,House,3,790000,30,0.5,237,660,4.34,606500,1342250
Coffs Harbour,NSW,2450,coffs-harbour-nsw-2450,House,4,923000,34,0,117,780,4.39,758750,1518750
Coffs Harbour,NSW,2450,coffs-harbour-nsw-2450,House,5,1001000,63,0,35,890,4.62,740800,1600500
Coffs Harbour,NSW,2450,coffs-harbour-nsw-2450,Unit,1,557500,106,0,18,450,4.2,352100,652900
Coffs Harbour,NSW,2450,coffs-harbour-nsw-2450,Unit,2,530000,40,0,177,520,5.1,409800,840000
Coffs Harbour,NSW,2450,coffs-harbour-nsw-2450,Unit,3,715000,40,0,64,650,4.73,499900,1319750
Jordan Springs,NSW,2747,jordan-springs-nsw-2747,House,2,0,0,0,0,470,,0,0
Jordan Springs,NSW,2747,jordan-springs-nsw-2747,House,3,983000,9,0,26,720,3.81,901000,1148000
Jordan Springs,NSW,2747,jordan-springs-nsw-2747,House,4,1125000,21,0,123,800,3.7,978550,1360250
Jordan Springs,NSW,2747,jordan-springs-nsw-2747,House,5,1323500,32,0,28,900,3.54,491707,1680000
Jordan Springs,NSW,2747,jordan-springs-nsw-2747,Unit,1,0,0,0,0,0,,0,0
Jordan Springs,NSW,2747,jordan-springs-nsw-2747,Unit,2,547500,41,0,25,630,5.98,513000,817000
Jordan Springs,NSW,2747,jordan-springs-nsw-2747,Unit,3,0,0,0,8,0,,0,0
Kellyville,NSW,2155,kellyville-nsw-2155,House,2,0,0,0,0,598,,0,0
Kellyville,NSW,2155,kellyville-nsw-2155,House,3,1368750,32,0.5384615384615384,46,850,3.23,1170000,1717500
Kellyville,NSW,2155,kellyville-nsw-2155,House,4,1832500,39,0.6534653465346535,150,950,2.7,1493500,2644300
Kellyville,NSW,2155,kellyville-nsw-2155,House,5,2281250,51,0.4880952380952381,108,1200,2.74,1800000,3632500
Kellyville,NSW,2155,kellyville-nsw-2155,Unit,1,600000,73,0,27,628,5.44,515000,681500
Kellyville,NSW,2155,kellyville-nsw-2155,Unit,2,810000,32,0,43,730,4.69,592500,910000
Kellyville,NSW,2155,kellyville-nsw-2155,Unit,3,0,0,0,7,850,,0,0
Mayfield,NSW,2304,mayfield-nsw-2304,House,2,920000,17,0,36,620,3.5,730000,1091250
Mayfield,NSW,2304,mayfield-nsw-2304,House,3,1042500,16,0.8918918918918919,122,730,3.64,820900,1400500
Mayfield,NSW,2304,mayfield-nsw-2304,House,4,1300000,46,0.7142857142857143,27,840,3.36,912000,1566000
Mayfield,NSW,2304,mayfield-nsw-2304,House,5,0,0,0,8,0,,0,0
Mayfield,NSW,2304,mayfield-nsw-2304,Unit,1,0,0,0,1,420,,0,0
Mayfield,NSW,2304,mayfield-nsw-2304,Unit,2,730000,26,0,17,590,4.2,528000,1206000
Mayfield,NSW,2304,mayfield-nsw-2304,Unit,3,0,0,0,7,0,,0,0
New Lambton,NSW,2305,new-lambton-nsw-2305,House,2,980000,23,0,19,650,3.45,742500,1282900
New Lambton,NSW,2305,new-lambton-nsw-2305,House,3,1227000,24,0.5526315789473685,101,773,3.28,895000,1810000
New Lambton,NSW,2305,new-lambton-nsw-2305,House,4,1630000,35,0.65,39,1000,3.19,1138500,2487500
New Lambton,NSW,2305,new-lambton-nsw-2305,House,5,2210000,0,0,14,0,,1167800,3060000
New Lambton,NSW,2305,new-lambton-nsw-2305,Unit,1,0,0,0,2,450,,0,0
New Lambton,NSW,2305,new-lambton-nsw-2305,Unit,2,750000,17,0,27,600,4.16,649250,926250
New Lambton,NSW,2305,new-lambton-nsw-2305,Unit,3,0,0,0,7,0,,0,0
Spring Farm,NSW,2570,spring-farm-nsw-2570,House,2,0,0,0,1,505,,0,0
Spring Farm,NSW,2570,spring-farm-nsw-2570,House,3,1015000,11,0,34,700,3.59,918250,1144394
Spring Farm,NSW,2570,spring-farm-nsw-2570,House,4,1142500,18,0,130,770,3.5,977250,1338750
Spring Farm,NSW,2570,spring-farm-nsw-2570,House,5,0,0,0,9,0,,0,0
Spring Farm,NSW,2570,spring-farm-nsw-2570,Unit,1,0,0,0,0,440,,0,0
Spring Farm,NSW,2570,spring-farm-nsw-2570,Unit,2,0,0,0,1,505,,0,0
Spring Farm,NSW,2570,spring-farm-nsw-2570,Unit,3,0,0,0,0,0,,0,0
Griffith,NSW,2680,griffith-nsw-2680,House,2,455000,0,0,17,450,5.14,299400,1160000
Griffith,NSW,2680,griffith-nsw-2680,House,3,590000,30,0.7272727272727273,134,500,4.41,430000,757975
Griffith,NSW,2680,griffith-nsw-2680,House,4,770000,49,0.6111111111111112,106,600,4.05,533000,1312000
Griffith,NSW,2680,griffith-nsw-2680,House,5,897500,46,0,15,0,,577750,1107000
Griffith,NSW,2680,griffith-nsw-2680,Unit,1,0,0,0,0,320,,0,0
Griffith,NSW,2680,griffith-nsw-2680,Unit,2,0,0,0,5,410,,0,0
Griffith,NSW,2680,griffith-nsw-2680,Unit,3,597000,0,0,12,480,4.18,492550,767750
Leppington,NSW,2179,leppington-nsw-2179,House,2,0,0,0,2,530,,0,0
Leppington,NSW,2179,leppington-nsw-2179,House,3,1034500,19,0,18,730,3.67,621250,4489312
Leppington,NSW,2179,leppington-nsw-2179,House,4,1243000,28,0.5555555555555556,122,810,3.39,1025750,1554750
Leppington,NSW,2179,leppington-nsw-2179,House,5,1430000,39,0,53,880,3.2,1125000,2691000
Leppington,NSW,2179,leppington-nsw-2179,Unit,1,0,0,0,0,0,,0,0
Leppington,NSW,2179,leppington-nsw-2179,Unit,2,0,0,0,3,0,,0,0
Leppington,NSW,2179,leppington-nsw-2179,Unit,3,0,0,0,0,0,,0,0
Mudgee,NSW,2850,mudgee-nsw-2850,House,2,575000,63,0,19,500,4.52,435100,948000
Mudgee,NSW,2850,mudgee-nsw-2850,House,3,680000,51,0,158,600,4.59,506600,887000
Mudgee,NSW,2850,mudgee-nsw-2850,House,4,820000,64,0,125,700,4.44,624000,1232000
Mudgee,NSW,2850,mudgee-nsw-2850,House,5,972500,106,0,19,790,4.22,785500,1402000
Mudgee,NSW,2850,mudgee-nsw-2850,Unit,1,0,0,0,0,340,,0,0
Mudgee,NSW,2850,mudgee-nsw-2850,Unit,2,470000,63,0,32,450,4.98,405050,588550
Mudgee,NSW,2850,mudgee-nsw-2850,Unit,3,594500,0,0,10,575,5.03,525750,758750
Rutherford,NSW,2320,rutherford-nsw-2320,House,2,630000,0,0,10,500,4.13,497750,841750
Rutherford,NSW,2320,rutherford-nsw-2320,House,3,750000,14,0,158,600,4.16,627000,846400
Rutherford,NSW,2320,rutherford-nsw-2320,House,4,830000,20,0,115,690,4.32,673150,1002700
Rutherford,NSW,2320,rutherford-nsw-2320,House,5,1005000,32,0,20,0,,688250,1202500
Rutherford,NSW,2320,rutherford-nsw-2320,Unit,1,0,0,0,1,0,,0,0
Rutherford,NSW,2320,rutherford-nsw-2320,Unit,2,535000,28,0,16,480,4.67,502500,585000
Rutherford,NSW,2320,rutherford-nsw-2320,Unit,3,0,0,0,9,0,,0,0
Cessnock,NSW,2325,cessnock-nsw-2325,House,2,570888,22,0,39,480,4.37,369500,684550
Cessnock,NSW,2325,cessnock-nsw-2325,House,3,706000,20,0,177,570,4.2,572500,901250
Cessnock,NSW,2325,cessnock-nsw-2325,House,4,780000,21,0,99,650,4.33,654300,1050000
Cessnock,NSW,2325,cessnock-nsw-2325,House,5,905000,39,0,21,0,,779000,1200000
Cessnock,NSW,2325,cessnock-nsw-2325,Unit,1,0,0,0,0,350,,0,0
Cessnock,NSW,2325,cessnock-nsw-2325,Unit,2,520000,23,0,27,465,4.65,407750,550000
Cessnock,NSW,2325,cessnock-nsw-2325,Unit,3,550000,0,0,11,550,5.2,515000,957500
Turramurra,NSW,2074,turramurra-nsw-2074,House,2,0,0,0,4,0,,0,0
Turramurra,NSW,2074,turramurra-nsw-2074,House,3,2400000,0,0.4772727272727273,32,1100,2.38,1589000,4722500
Turramurra,NSW,2074,turramurra-nsw-2074,House,4,2840000,110,0.4714285714285714,46,1395,2.55,2032500,4380000
Turramurra,NSW,2074,turramurra-nsw-2074,House,5,4230000,88,0.44554455445544555,68,1800,2.21,2621000,7240000
Turramurra,NSW,2074,turramurra-nsw-2074,Unit,1,626000,65,0,24,630,5.23,563000,689250
Turramurra,NSW,2074,turramurra-nsw-2074,Unit,2,850000,41,0.631578947368421,30,780,4.77,707150,1250000
Turramurra,NSW,2074,turramurra-nsw-2074,Unit,3,1380000,0,0.6666666666666666,15,1113,4.19,1122400,2687500
Maroubra,NSW,2035,maroubra-nsw-2035,House,2,2130000,0,0.5757575757575758,34,1000,2.44,1253000,3167000
Maroubra,NSW,2035,maroubra-nsw-2035,House,3,2510000,43,0.6344086021505376,99,1300,2.69,1715000,3453000
Maroubra,NSW,2035,maroubra-nsw-2035,House,4,3265444,64,0.425531914893617,76,1850,2.95,2321500,5325000
Maroubra,NSW,2035,maroubra-nsw-2035,House,5,3900000,55,0.48148148148148145,48,2040,2.72,2500000,6485000
Maroubra,NSW,2035,maroubra-nsw-2035,Unit,1,708750,59,0.47619047619047616,64,730,5.36,528750,1047000
Maroubra,NSW,2035,maroubra-nsw-2035,Unit,2,1167500,35,0.6019417475728155,114,900,4.01,880000,1649750
Maroubra,NSW,2035,maroubra-nsw-2035,Unit,3,1388000,67,0.5,37,1250,4.68,1141400,2010000
Merrylands,NSW,2160,merrylands-nsw-2160,House,2,1275000,23,0.7333333333333333,32,610,2.49,583500,1947500
Merrylands,NSW,2160,merrylands-nsw-2160,House,3,1220000,33,0.5178571428571429,101,750,3.2,865700,1802450
Merrylands,NSW,2160,merrylands-nsw-2160,House,4,1417500,50,0.6181818181818182,61,950,3.49,1100000,1986050
Merrylands,NSW,2160,merrylands-nsw-2160,House,5,1575000,54,0.6190476190476191,50,1300,4.29,1180750,2251750
Merrylands,NSW,2160,merrylands-nsw-2160,Unit,1,450000,37,0,44,610,7.05,367500,680000
Merrylands,NSW,2160,merrylands-nsw-2160,Unit,2,511898,34,0,251,620,6.3,430000,690000
Merrylands,NSW,2160,merrylands-nsw-2160,Unit,3,720000,26,0,41,750,5.42,585000,985000
East Maitland,NSW,2323,east-maitland-nsw-2323,House,2,690000,16,0,19,530,3.99,561000,876500
East Maitland,NSW,2323,east-maitland-nsw-2323,House,3,790000,21,0,121,620,4.08,658000,1100000
East Maitland,NSW,2323,east-maitland-nsw-2323,House,4,917500,34,0,59,720,4.08,788500,1367500
East Maitland,NSW,2323,east-maitland-nsw-2323,House,5,1100000,43,0,22,0,,786000,1977500
East Maitland,NSW,2323,east-maitland-nsw-2323,Unit,1,0,0,0,2,393,,0,0
East Maitland,NSW,2323,east-maitland-nsw-2323,Unit,2,550000,32,0,31,490,4.63,445000,645250
East Maitland,NSW,2323,east-maitland-nsw-2323,Unit,3,0,0,0,8,585,,0,0
Lithgow,NSW,2790,lithgow-nsw-2790,House,2,470000,31,0,45,405,4.48,370000,603000
Lithgow,NSW,2790,lithgow-nsw-2790,House,3,570000,51,0,70,480,4.38,429500,755500
Lithgow,NSW,2790,lithgow-nsw-2790,House,4,682500,37,0,32,530,4.04,505000,830750
Lithgow,NSW,2790,lithgow-nsw-2790,House,5,0,0,0,2,0,,0,0
Lithgow,NSW,2790,lithgow-nsw-2790,Unit,1,0,0,0,0,270,,0,0
Lithgow,NSW,2790,lithgow-nsw-2790,Unit,2,0,0,0,3,360,,0,0
Lithgow,NSW,2790,lithgow-nsw-2790,Unit,3,0,0,0,1,0,,0,0
Wallsend,NSW,2287,wallsend-nsw-2287,House,2,772500,19,0,30,600,4.04,640250,884500
Wallsend,NSW,2287,wallsend-nsw-2287,House,3,848750,16,0.8888888888888888,143,690,4.23,670000,1067000
Wallsend,NSW,2287,wallsend-nsw-2287,House,4,990000,29,0,42,780,4.1,682500,1408750
Wallsend,NSW,2287,wallsend-nsw-2287,House,5,0,0,0,8,0,,0,0
Wallsend,NSW,2287,wallsend-nsw-2287,Unit,1,0,0,0,9,420,,0,0
Wallsend,NSW,2287,wallsend-nsw-2287,Unit,2,662500,21,0,24,550,4.32,566000,734475
Wallsend,NSW,2287,wallsend-nsw-2287,Unit,3,738500,0,0,12,0,,691000,782500
Umina Beach,NSW,2257,umina-beach-nsw-2257,House,2,995000,23,0,32,550,2.87,733750,1372500
Umina Beach,NSW,2257,umina-beach-nsw-2257,House,3,1170000,30,0,110,700,3.11,857250,1638500
Umina Beach,NSW,2257,umina-beach-nsw-2257,House,4,1400000,50,0.18181818181818182,87,880,3.27,1015000,2226000
Umina Beach,NSW,2257,umina-beach-nsw-2257,House,5,1480000,51,0,33,1050,3.69,1132000,1922800
Umina Beach,NSW,2257,umina-beach-nsw-2257,Unit,1,0,0,0,1,400,,0,0
Umina Beach,NSW,2257,umina-beach-nsw-2257,Unit,2,757572,25,0,18,550,3.78,566450,1054500
Umina Beach,NSW,2257,umina-beach-nsw-2257,Unit,3,970000,52,0,26,700,3.75,736500,1425000
Singleton,NSW,2330,singleton-nsw-2330,House,2,610000,45,0,14,510,4.35,390750,928800
Singleton,NSW,2330,singleton-nsw-2330,House,3,690000,43,0,56,620,4.67,537500,812500
Singleton,NSW,2330,singleton-nsw-2330,House,4,797500,50,0,34,663,4.32,626500,1118750
Singleton,NSW,2330,singleton-nsw-2330,House,5,929000,54,0,11,0,,682500,1182500
Singleton,NSW,2330,singleton-nsw-2330,Unit,1,0,0,0,1,370,,0,0
Singleton,NSW,2330,singleton-nsw-2330,Unit,2,0,0,0,9,500,,0,0
Singleton,NSW,2330,singleton-nsw-2330,Unit,3,0,0,0,4,570,,0,0
Gregory Hills,NSW,2557,gregory-hills-nsw-2557,House,2,0,0,0,7,550,,0,0
Gregory Hills,NSW,2557,gregory-hills-nsw-2557,House,3,980000,15,0,33,700,3.71,875000,1121250
Gregory Hills,NSW,2557,gregory-hills-nsw-2557,House,4,1150000,20,0.5,119,780,3.53,985000,1507500
Gregory Hills,NSW,2557,gregory-hills-nsw-2557,House,5,1251250,19,0,18,860,3.57,1094850,1589500
Gledswood Hills,NSW,2557,gledswood-hills-nsw-2557,House,2,0,0,0,1,550,,0,0
Gledswood Hills,NSW,2557,gledswood-hills-nsw-2557,House,3,1192500,0,0,12,750,3.27,966400,1603000
Gledswood Hills,NSW,2557,gledswood-hills-nsw-2557,House,4,1370000,23,0,100,850,3.23,1169800,1900000
Gledswood Hills,NSW,2557,gledswood-hills-nsw-2557,House,5,1705000,63,0,45,1100,3.35,1323000,3016000
Merewether,NSW,2291,merewether-nsw-2291,House,2,1142500,27,0,18,700,3.19,878250,2360850
Merewether,NSW,2291,merewether-nsw-2291,House,3,1575000,35,0.45,88,930,3.07,1050000,2841000
Merewether,NSW,2291,merewether-nsw-2291,House,4,2350000,64,0.5909090909090909,57,1300,2.88,1389200,4002000
Merewether,NSW,2291,merewether-nsw-2291,House,5,3025000,57,0,27,1725,2.97,1671000,6905000
Merewether,NSW,2291,merewether-nsw-2291,Unit,1,0,0,0,8,490,,0,0
Merewether,NSW,2291,merewether-nsw-2291,Unit,2,850000,20,0.9,62,640,3.92,711750,1247000
Merewether,NSW,2291,merewether-nsw-2291,Unit,3,1101944,0,0,10,850,4.01,822500,1955000
Riverstone,NSW,2765,riverstone-nsw-2765,House,2,0,0,0,4,520,,0,0
Riverstone,NSW,2765,riverstone-nsw-2765,House,3,1025000,36,0,109,670,3.4,895250,1349000
Riverstone,NSW,2765,riverstone-nsw-2765,House,4,1200000,43,0.41935483870967744,139,780,3.38,905850,1628750
Riverstone,NSW,2765,riverstone-nsw-2765,House,5,1280000,46,0,59,900,3.66,969500,1700000
Riverstone,NSW,2765,riverstone-nsw-2765,Unit,1,0,0,0,0,0,,0,0
Riverstone,NSW,2765,riverstone-nsw-2765,Unit,2,0,0,0,0,550,,0,0
Riverstone,NSW,2765,riverstone-nsw-2765,Unit,3,0,0,0,0,0,,0,0
Denham Court,NSW,2565,denham-court-nsw-2565,House,2,865000,0,0,11,680,4.09,835000,885000
Denham Court,NSW,2565,denham-court-nsw-2565,House,3,1051250,14,0,15,740,3.66,954850,1257500
Denham Court,NSW,2565,denham-court-nsw-2565,House,4,1295000,24,0.4,84,850,3.41,1100000,1698500
Denham Court,NSW,2565,denham-court-nsw-2565,House,5,1680000,37,0,27,990,3.06,1151500,2990500
Denham Court,NSW,2565,denham-court-nsw-2565,Unit,1,0,0,0,0,0,,0,0
Denham Court,NSW,2565,denham-court-nsw-2565,Unit,2,0,0,0,0,0,,0,0
Denham Court,NSW,2565,denham-court-nsw-2565,Unit,3,0,0,0,0,0,,0,0
The Ponds,NSW,2769,the-ponds-nsw-2769,House,2,0,0,0,1,600,,0,0
The Ponds,NSW,2769,the-ponds-nsw-2769,House,3,1250000,0,0,17,820,3.41,1145000,1584000
The Ponds,NSW,2769,the-ponds-nsw-2769,House,4,1581000,35,0.6136363636363636,100,920,3.03,1349250,1830500
The Ponds,NSW,2769,the-ponds-nsw-2769,House,5,1757500,38,0.4090909090909091,44,1050,3.11,1435750,2210000
Earlwood,NSW,2206,earlwood-nsw-2206,House,2,1752500,0,0.6666666666666666,14,783,2.32,1173650,3611500
Earlwood,NSW,2206,earlwood-nsw-2206,House,3,2025000,50,0.6857142857142857,108,950,2.44,1457800,2800000
Earlwood,NSW,2206,earlwood-nsw-2206,House,4,2330000,0,0.4166666666666667,29,1250,2.79,1810000,3250000
Earlwood,NSW,2206,earlwood-nsw-2206,House,5,2950000,0,0.30303030303030304,19,1550,2.73,2129600,4048500
Earlwood,NSW,2206,earlwood-nsw-2206,Unit,1,0,0,0,2,558,,0,0
Earlwood,NSW,2206,earlwood-nsw-2206,Unit,2,870000,0,0.7,21,700,4.18,640000,1193000
Earlwood,NSW,2206,earlwood-nsw-2206,Unit,3,0,0,0,5,820,,0,0
Calderwood,NSW,2527,calderwood-nsw-2527,House,2,0,0,0,0,0,,0,0
Calderwood,NSW,2527,calderwood-nsw-2527,House,3,975000,0,0,11,0,,935000,1065000
Calderwood,NSW,2527,calderwood-nsw-2527,House,4,1140000,41,0,94,850,3.88,910000,1507500
Calderwood,NSW,2527,calderwood-nsw-2527,House,5,0,0,0,6,0,,0,0
Hamlyn Terrace,NSW,2259,hamlyn-terrace-nsw-2259,House,2,0,0,0,6,530,,0,0
Hamlyn Terrace,NSW,2259,hamlyn-terrace-nsw-2259,House,3,815000,25,0,33,670,4.27,685000,1033200
Hamlyn Terrace,NSW,2259,hamlyn-terrace-nsw-2259,House,4,995000,22,0,130,780,4.08,800000,1249650
Hamlyn Terrace,NSW,2259,hamlyn-terrace-nsw-2259,House,5,1210000,29,0,18,0,,988000,1443000
Leichhardt,NSW,2040,leichhardt-nsw-2040,House,2,1700000,36,0.7272727272727273,75,873,2.67,1321000,2203000
Leichhardt,NSW,2040,leichhardt-nsw-2040,House,3,2250000,41,0.7105263157894737,87,1150,2.66,1635500,2838000
Leichhardt,NSW,2040,leichhardt-nsw-2040,House,4,2720000,74,0.5294117647058824,49,1550,2.96,2093000,4230000
Leichhardt,NSW,2040,leichhardt-nsw-2040,House,5,0,0,0.35714285714285715,9,0,,0,0
Leichhardt,NSW,2040,leichhardt-nsw-2040,Unit,1,740000,30,0.7272727272727273,39,620,4.36,513500,925000
Leichhardt,NSW,2040,leichhardt-nsw-2040,Unit,2,980000,43,0.4,45,750,3.98,746000,1337000
Leichhardt,NSW,2040,leichhardt-nsw-2040,Unit,3,0,0,0,6,1000,,0,0
Goonellabah,NSW,2480,goonellabah-nsw-2480,House,2,570000,21,0,19,500,4.56,449050,867100
Goonellabah,NSW,2480,goonellabah-nsw-2480,House,3,689000,34,0,162,665,5.02,500900,851000
Goonellabah,NSW,2480,goonellabah-nsw-2480,House,4,830000,31,0,100,760,4.76,676000,1152000
Goonellabah,NSW,2480,goonellabah-nsw-2480,House,5,1050000,63,0,23,0,,740000,1297500
Goonellabah,NSW,2480,goonellabah-nsw-2480,Unit,1,0,0,0,0,0,,0,0
Goonellabah,NSW,2480,goonellabah-nsw-2480,Unit,2,477500,0,0,12,450,4.9,420000,540000
Goonellabah,NSW,2480,goonellabah-nsw-2480,Unit,3,0,0,0,7,550,,0,0
Mosman,NSW,2088,mosman-nsw-2088,House,2,2825000,0,0.5,11,1313,2.42,1742500,3600000
Mosman,NSW,2088,mosman-nsw-2088,House,3,3565500,86,0.47619047619047616,61,1800,2.63,2218000,6733750
Mosman,NSW,2088,mosman-nsw-2088,House,4,5087500,65,0.3953488372093023,76,2300,2.35,3282500,14240000
Mosman,NSW,2088,mosman-nsw-2088,House,5,7325000,81,0.4230769230769231,79,4500,3.19,3900000,17235000
Mosman,NSW,2088,mosman-nsw-2088,Unit,1,820000,31,0.7258064516129032,111,675,4.28,680000,1343000
Mosman,NSW,2088,mosman-nsw-2088,Unit,2,1340000,42,0.5157232704402516,188,880,3.41,937000,2250000
Mosman,NSW,2088,mosman-nsw-2088,Unit,3,2650000,43,0.32926829268292684,61,1500,2.94,1391875,4525000
Wyoming,NSW,2250,wyoming-nsw-2250,House,2,0,96,0,11,545,,0,0
Wyoming,NSW,2250,wyoming-nsw-2250,House,3,900000,19,0,104,693,4.0,732900,1119000
Wyoming,NSW,2250,wyoming-nsw-2250,House,4,1085500,20,0,60,800,3.83,878500,1400500
Wyoming,NSW,2250,wyoming-nsw-2250,House,5,1095000,14,0,17,0,,923800,1535000
Wyoming,NSW,2250,wyoming-nsw-2250,Unit,1,0,0,0,0,0,,0,0
Wyoming,NSW,2250,wyoming-nsw-2250,Unit,2,0,0,0,5,520,,0,0
Wyoming,NSW,2250,wyoming-nsw-2250,Unit,3,0,0,0,3,0,,0,0
Blacktown,NSW,2148,blacktown-nsw-2148,House,2,899500,29,0.7142857142857143,66,550,3.18,550000,1461250
Blacktown,NSW,2148,blacktown-nsw-2148,House,3,1060000,23,0.711764705882353,299,650,3.19,780900,1502000
Blacktown,NSW,2148,blacktown-nsw-2148,House,4,1200500,37,0.6276595744680851,151,770,3.34,922500,1577778
Blacktown,NSW,2148,blacktown-nsw-2148,House,5,1448800,62,0.4523809523809524,46,920,3.3,1188000,1712000
Blacktown,NSW,2148,blacktown-nsw-2148,Unit,1,435000,22,0,18,480,5.74,369000,495000
Blacktown,NSW,2148,blacktown-nsw-2148,Unit,2,464000,35,0,256,560,6.28,400000,625000
Blacktown,NSW,2148,blacktown-nsw-2148,Unit,3,741000,33,0,35,700,4.91,577750,915500
Shell Cove,NSW,2529,shell-cove-nsw-2529,House,2,0,0,0,1,0,,0,0
Shell Cove,NSW,2529,shell-cove-nsw-2529,House,3,1100000,61,0,23,850,4.02,965400,1395000
Shell Cove,NSW,2529,shell-cove-nsw-2529,House,4,1450000,51,0,81,950,3.41,1200000,2100000
Shell Cove,NSW,2529,shell-cove-nsw-2529,House,5,1740000,86,0,27,0,,1454500,2386500
Shell Cove,NSW,2529,shell-cove-nsw-2529,Unit,1,0,0,0,4,550,,0,0
Shell Cove,NSW,2529,shell-cove-nsw-2529,Unit,2,1237500,70,0,20,850,3.57,819250,2225000
Shell Cove,NSW,2529,shell-cove-nsw-2529,Unit,3,1888000,0,0,11,1000,2.75,1015000,2295000
Thornton,NSW,2322,thornton-nsw-2322,House,2,0,0,0,6,550,,0,0
Thornton,NSW,2322,thornton-nsw-2322,House,3,768750,15,0,74,650,4.4,629750,914000
Thornton,NSW,2322,thornton-nsw-2322,House,4,900000,21,0,122,700,4.04,742400,1223750
Thornton,NSW,2322,thornton-nsw-2322,House,5,1090000,37,0,20,0,,866500,1582500
Thornton,NSW,2322,thornton-nsw-2322,Unit,1,0,0,0,0,0,,0,0
Thornton,NSW,2322,thornton-nsw-2322,Unit,2,0,0,0,4,518,,0,0
Thornton,NSW,2322,thornton-nsw-2322,Unit,3,0,0,0,5,0,,0,0
Wilton,NSW,2571,wilton-nsw-2571,House,2,0,0,0,2,480,,0,0
Wilton,NSW,2571,wilton-nsw-2571,House,3,910000,20,0,15,670,3.83,846450,1417000
Wilton,NSW,2571,wilton-nsw-2571,House,4,1275000,55,0,120,790,3.22,917005,1821000
Wilton,NSW,2571,wilton-nsw-2571,House,5,1520000,66,0,33,900,3.08,1075000,2210000
Kelso,NSW,2795,kelso-nsw-2795,House,2,0,0,0,6,450,,0,0
Kelso,NSW,2795,kelso-nsw-2795,House,3,695000,22,0,53,570,4.26,453000,817000
Kelso,NSW,2795,kelso-nsw-2795,House,4,853250,65,0,132,650,3.96,661500,1140000
Kelso,NSW,2795,kelso-nsw-2795,House,5,962500,52,0,20,0,,752000,1500500
Rouse Hill,NSW,2155,rouse-hill-nsw-2155,House,2,0,0,0,3,640,,0,0
Rouse Hill,NSW,2155,rouse-hill-nsw-2155,House,3,1401000,22,0,27,860,3.19,975000,1635000
Rouse Hill,NSW,2155,rouse-hill-nsw-2155,House,4,1425000,40,0.5,109,850,3.1,926100,1910000
Rouse Hill,NSW,2155,rouse-hill-nsw-2155,House,5,1675000,50,0.4117647058823529,51,928,2.88,880900,2431000
Rouse Hill,NSW,2155,rouse-hill-nsw-2155,Unit,1,529000,71,0,51,620,6.09,460000,747500
Rouse Hill,NSW,2155,rouse-hill-nsw-2155,Unit,2,665000,45,0,223,700,5.47,575400,880000
Rouse Hill,NSW,2155,rouse-hill-nsw-2155,Unit,3,800000,46,0,37,800,5.2,674000,1161500
Cameron Park,NSW,2285,cameron-park-nsw-2285,House,2,0,0,0,1,555,,0,0
Cameron Park,NSW,2285,cameron-park-nsw-2285,House,3,912500,15,0,32,750,4.27,784250,1020750
Cameron Park,NSW,2285,cameron-park-nsw-2285,House,4,1028000,16,0,117,800,4.05,887000,1320225
Cameron Park,NSW,2285,cameron-park-nsw-2285,House,5,1212500,36,0,16,0,,983750,1800189
Cameron Park,NSW,2285,cameron-park-nsw-2285,Unit,1,0,0,0,3,0,,0,0
Cameron Park,NSW,2285,cameron-park-nsw-2285,Unit,2,0,0,0,4,0,,0,0
Cameron Park,NSW,2285,cameron-park-nsw-2285,Unit,3,0,0,0,0,0,,0,0
North Rothbury,NSW,2335,north-rothbury-nsw-2335,House,2,0,0,0,1,480,,0,0
North Rothbury,NSW,2335,north-rothbury-nsw-2335,House,3,800000,35,0,20,645,4.19,595000,882250
North Rothbury,NSW,2335,north-rothbury-nsw-2335,House,4,867000,34,0,145,720,4.32,740250,1249000
North Rothbury,NSW,2335,north-rothbury-nsw-2335,House,5,1026250,51,0,14,800,4.05,322100,1255250
North Rothbury,NSW,2335,north-rothbury-nsw-2335,Unit,1,0,0,0,0,0,,0,0
North Rothbury,NSW,2335,north-rothbury-nsw-2335,Unit,2,0,0,0,0,490,,0,0
North Rothbury,NSW,2335,north-rothbury-nsw-2335,Unit,3,0,0,0,0,0,,0,0
Taree,NSW,2430,taree-nsw-2430,House,2,490000,26,0,21,430,4.56,320000,680000
Taree,NSW,2430,taree-nsw-2430,House,3,559000,38,0.6363636363636364,165,510,4.74,318200,828100
Taree,NSW,2430,taree-nsw-2430,House,4,700000,73,0,100,600,4.46,430000,973000
Taree,NSW,2430,taree-nsw-2430,House,5,0,0,0,8,0,,0,0
Taree,NSW,2430,taree-nsw-2430,Unit,1,0,0,0,7,320,,0,0
Taree,NSW,2430,taree-nsw-2430,Unit,2,397000,33,0,47,400,5.24,269500,470000
Taree,NSW,2430,taree-nsw-2430,Unit,3,0,0,0,6,460,,0,0
Moss Vale,NSW,2577,moss-vale-nsw-2577,House,2,0,0,0,2,550,,0,0
Moss Vale,NSW,2577,moss-vale-nsw-2577,House,3,903000,44,0.36363636363636365,87,650,3.74,682900,1297000
Moss Vale,NSW,2577,moss-vale-nsw-2577,House,4,1225000,83,0.09523809523809523,112,810,3.44,847000,1913000
Moss Vale,NSW,2577,moss-vale-nsw-2577,House,5,1425000,81,0,28,0,,1057550,2247500
Moss Vale,NSW,2577,moss-vale-nsw-2577,Unit,1,0,0,0,1,395,,0,0
Moss Vale,NSW,2577,moss-vale-nsw-2577,Unit,2,632500,92,0,10,520,4.28,523750,755000
Moss Vale,NSW,2577,moss-vale-nsw-2577,Unit,3,0,0,0,8,0,,0,0
Wahroonga,NSW,2076,wahroonga-nsw-2076,House,2,0,0,0,8,668,,0,0
Wahroonga,NSW,2076,wahroonga-nsw-2076,House,3,2010000,40,0.6341463414634146,44,1000,2.59,1183000,3382500
Wahroonga,NSW,2076,wahroonga-nsw-2076,House,4,2355000,37,0.5666666666666667,86,1450,3.2,1860700,3729000
Wahroonga,NSW,2076,wahroonga-nsw-2076,House,5,3630000,43,0.45794392523364486,71,1800,2.58,2175000,8325000
Wahroonga,NSW,2076,wahroonga-nsw-2076,Unit,1,614444,0,0,10,620,5.25,591700,682000
Wahroonga,NSW,2076,wahroonga-nsw-2076,Unit,2,841000,15,0.7777777777777778,28,750,4.64,698500,1219500
Wahroonga,NSW,2076,wahroonga-nsw-2076,Unit,3,1650000,124,0.8,34,1025,3.23,1134250,3186250
Forster,NSW,2428,forster-nsw-2428,House,2,485000,55,0,22,520,5.58,305000,970000
Forster,NSW,2428,forster-nsw-2428,House,3,810000,39,0,130,630,4.04,605000,1320000
Forster,NSW,2428,forster-nsw-2428,House,4,1002500,69,0,102,720,3.73,710150,1692800
Forster,NSW,2428,forster-nsw-2428,House,5,1340000,52,0,25,0,,904000,1824000
Forster,NSW,2428,forster-nsw-2428,Unit,1,0,0,0,9,325,,0,0
Forster,NSW,2428,forster-nsw-2428,Unit,2,590000,38,0,105,450,3.97,380000,1134000
Forster,NSW,2428,forster-nsw-2428,Unit,3,745000,40,0,61,605,4.22,557500,1500000
Bardia,NSW,2565,bardia-nsw-2565,House,2,0,0,0,1,565,,0,0
Bardia,NSW,2565,bardia-nsw-2565,House,3,956000,25,0,25,720,3.92,892000,1046800
Bardia,NSW,2565,bardia-nsw-2565,House,4,1100000,25,0,71,800,3.78,950000,1564000
Bardia,NSW,2565,bardia-nsw-2565,House,5,1310000,35,0,18,850,3.37,1043255,1636500
Cobbitty,NSW,2570,cobbitty-nsw-2570,House,2,0,0,0,0,0,,0,0
Cobbitty,NSW,2570,cobbitty-nsw-2570,House,3,0,0,0,8,700,,0,0
Cobbitty,NSW,2570,cobbitty-nsw-2570,House,4,1252500,28,0,66,760,3.16,1000000,2045000
Cobbitty,NSW,2570,cobbitty-nsw-2570,House,5,1282500,45,0,26,800,3.24,978750,1773750
Cobbitty,NSW,2570,cobbitty-nsw-2570,Unit,1,0,0,0,0,0,,0,0
Cobbitty,NSW,2570,cobbitty-nsw-2570,Unit,2,0,0,0,0,0,,0,0
Cobbitty,NSW,2570,cobbitty-nsw-2570,Unit,3,0,0,0,0,0,,0,0
Raymond Terrace,NSW,2324,raymond-terrace-nsw-2324,House,2,571000,16,0,23,520,4.74,444000,715500
Raymond Terrace,NSW,2324,raymond-terrace-nsw-2324,House,3,725000,18,0,135,600,4.3,542000,845000
Raymond Terrace,NSW,2324,raymond-terrace-nsw-2324,House,4,832500,24,0,80,700,4.37,618000,956500
Raymond Terrace,NSW,2324,raymond-terrace-nsw-2324,House,5,885000,25,0,13,0,,626000,1078000
Raymond Terrace,NSW,2324,raymond-terrace-nsw-2324,Unit,1,0,0,0,1,0,,0,0
Raymond Terrace,NSW,2324,raymond-terrace-nsw-2324,Unit,2,520000,23,0,21,510,5.1,410000,595000
Raymond Terrace,NSW,2324,raymond-terrace-nsw-2324,Unit,3,0,0,0,1,0,,0,0
Edmondson Park,NSW,2174,edmondson-park-nsw-2174,House,2,0,0,0,6,550,,0,0
Edmondson Park,NSW,2174,edmondson-park-nsw-2174,House,3,1087050,32,0,24,800,3.83,856500,1218500
Edmondson Park,NSW,2174,edmondson-park-nsw-2174,House,4,1330000,28,0.7692307692307693,76,850,3.32,1109300,1651980
Edmondson Park,NSW,2174,edmondson-park-nsw-2174,House,5,1602500,35,0,28,1100,3.57,1348950,2065000
Edmondson Park,NSW,2174,edmondson-park-nsw-2174,Unit,1,610000,63,0,17,620,5.29,578000,643200
Edmondson Park,NSW,2174,edmondson-park-nsw-2174,Unit,2,755000,26,0,45,730,5.03,702000,822000
Edmondson Park,NSW,2174,edmondson-park-nsw-2174,Unit,3,0,0,0,9,0,,0,0
Grafton,NSW,2460,grafton-nsw-2460,House,2,425000,0,0.9,20,450,5.51,344625,592000
Grafton,NSW,2460,grafton-nsw-2460,House,3,502500,38,0.9024390243902439,118,530,5.48,394250,669000
Grafton,NSW,2460,grafton-nsw-2460,House,4,640000,45,0.7,81,600,4.88,445000,828000
Grafton,NSW,2460,grafton-nsw-2460,House,5,740000,51,0,17,0,,543600,994000
Grafton,NSW,2460,grafton-nsw-2460,Unit,1,0,0,0,6,350,,0,0
Grafton,NSW,2460,grafton-nsw-2460,Unit,2,367500,41,0,20,440,6.23,212250,428000
Grafton,NSW,2460,grafton-nsw-2460,Unit,3,505000,0,0,12,475,4.89,388275,850750
West Pennant Hills,NSW,2125,west-pennant-hills-nsw-2125,House,2,0,0,0,2,625,,0,0
West Pennant Hills,NSW,2125,west-pennant-hills-nsw-2125,House,3,1805000,38,0.5,34,900,2.59,1487750,2298000
West Pennant Hills,NSW,2125,west-pennant-hills-nsw-2125,House,4,2339000,37,0.23809523809523808,48,1150,2.56,1783809,3117000
West Pennant Hills,NSW,2125,west-pennant-hills-nsw-2125,House,5,3077500,32,0.4444444444444444,69,1500,2.53,2230500,4560611
West Pennant Hills,NSW,2125,west-pennant-hills-nsw-2125,Unit,1,0,0,0,2,0,,0,0
West Pennant Hills,NSW,2125,west-pennant-hills-nsw-2125,Unit,2,0,0,0,5,660,,0,0
West Pennant Hills,NSW,2125,west-pennant-hills-nsw-2125,Unit,3,0,0,0,1,0,,0,0
Quakers Hill,NSW,2763,quakers-hill-nsw-2763,House,2,812500,26,0.8181818181818182,18,550,3.52,687600,1649525
Quakers Hill,NSW,2763,quakers-hill-nsw-2763,House,3,1070000,23,0.6808510638297872,181,695,3.38,852853,1480000
Quakers Hill,NSW,2763,quakers-hill-nsw-2763,House,4,1395000,37,0.47474747474747475,133,790,2.94,933600,1668800
Quakers Hill,NSW,2763,quakers-hill-nsw-2763,House,5,1595000,59,0.6304347826086957,55,900,2.93,1138500,2050000
Quakers Hill,NSW,2763,quakers-hill-nsw-2763,Unit,1,0,0,0,0,0,,0,0
Quakers Hill,NSW,2763,quakers-hill-nsw-2763,Unit,2,0,0,0,6,560,,0,0
Quakers Hill,NSW,2763,quakers-hill-nsw-2763,Unit,3,908500,0,0,12,0,,690250,1196750
Bowral,NSW,2576,bowral-nsw-2576,House,2,850000,0,0,14,673,4.12,632000,1552000
Bowral,NSW,2576,bowral-nsw-2576,House,3,1200000,95,0.13333333333333333,84,800,3.47,845500,2290000
Bowral,NSW,2576,bowral-nsw-2576,House,4,1620000,78,0.1935483870967742,125,920,2.95,1100000,3020000
Bowral,NSW,2576,bowral-nsw-2576,House,5,1722500,92,0.21052631578947367,41,1100,3.32,1150000,4050000
Bowral,NSW,2576,bowral-nsw-2576,Unit,1,0,0,0,9,450,,0,0
Bowral,NSW,2576,bowral-nsw-2576,Unit,2,810000,70,0,19,600,3.85,571625,1339500
Bowral,NSW,2576,bowral-nsw-2576,Unit,3,1475000,76,0,28,895,3.16,838780,2231500
Middleton Grange,NSW,2171,middleton-grange-nsw-2171,House,2,0,0,0,0,0,,0,0
Middleton Grange,NSW,2171,middleton-grange-nsw-2171,House,3,1067500,0,0.6,18,750,3.65,897000,1389925
Middleton Grange,NSW,2171,middleton-grange-nsw-2171,House,4,1300000,31,0.6071428571428571,50,800,3.2,1034000,1592000
Middleton Grange,NSW,2171,middleton-grange-nsw-2171,House,5,1400000,0,0.25,10,0,,1209000,1977950
Bathurst,NSW,2795,bathurst-nsw-2795,House,2,590000,29,0,35,480,4.23,439100,726750
Bathurst,NSW,2795,bathurst-nsw-2795,House,3,665000,75,0,77,550,4.3,472000,1035000
Bathurst,NSW,2795,bathurst-nsw-2795,House,4,870000,75,0,29,650,3.89,550000,1258000
Bathurst,NSW,2795,bathurst-nsw-2795,House,5,0,0,0,6,0,,0,0
Bathurst,NSW,2795,bathurst-nsw-2795,Unit,1,0,0,0,5,330,,0,0
Bathurst,NSW,2795,bathurst-nsw-2795,Unit,2,482500,45,0,48,450,4.85,418700,616500
Bathurst,NSW,2795,bathurst-nsw-2795,Unit,3,0,0,0,8,500,,0,0
Harrington Park,NSW,2567,harrington-park-nsw-2567,House,2,0,0,0,0,550,,0,0
Harrington Park,NSW,2567,harrington-park-nsw-2567,House,3,0,0,0,7,0,,0,0
Harrington Park,NSW,2567,harrington-park-nsw-2567,House,4,1421500,24,0,112,850,3.11,1127500,2261500
Harrington Park,NSW,2567,harrington-park-nsw-2567,House,5,1832500,38,0,38,1250,3.55,1312500,2582500
Harrington Park,NSW,2567,harrington-park-nsw-2567,Unit,1,0,0,0,0,0,,0,0
Harrington Park,NSW,2567,harrington-park-nsw-2567,Unit,2,0,0,0,0,0,,0,0
Harrington Park,NSW,2567,harrington-park-nsw-2567,Unit,3,0,0,0,1,0,,0,0
Ballina,NSW,2478,ballina-nsw-2478,House,2,700000,43,0,19,600,4.46,607750,1216000
Ballina,NSW,2478,ballina-nsw-2478,House,3,877000,40,0,65,780,4.62,711000,1258000
Ballina,NSW,2478,ballina-nsw-2478,House,4,1130000,49,0,33,850,3.91,832500,1488000
Ballina,NSW,2478,ballina-nsw-2478,House,5,0,0,0,3,0,,0,0
Ballina,NSW,2478,ballina-nsw-2478,Unit,1,0,0,0,5,0,,0,0
Ballina,NSW,2478,ballina-nsw-2478,Unit,2,673750,29,0,54,598,4.62,455000,827875
Ballina,NSW,2478,ballina-nsw-2478,Unit,3,872500,35,0,20,725,4.32,793000,1658250
Carlingford,NSW,2118,carlingford-nsw-2118,House,2,0,0,0,4,650,,0,0
Carlingford,NSW,2118,carlingford-nsw-2118,House,3,1440000,41,0.6567164179104478,76,828,2.99,1118750,2510000
Carlingford,NSW,2118,carlingford-nsw-2118,House,4,2136500,46,0.660377358490566,104,1050,2.56,1500000,2706865
Carlingford,NSW,2118,carlingford-nsw-2118,House,5,2400000,94,0.4166666666666667,69,1150,2.49,1708750,3782500
Carlingford,NSW,2118,carlingford-nsw-2118,Unit,1,559000,57,0,22,615,5.72,485750,622850
Carlingford,NSW,2118,carlingford-nsw-2118,Unit,2,680000,41,0.32142857142857145,160,720,5.51,600000,871250
Carlingford,NSW,2118,carlingford-nsw-2118,Unit,3,905000,39,0,50,850,4.88,825000,1488800
Edgeworth,NSW,2285,edgeworth-nsw-2285,House,2,695750,0,0,10,600,4.48,644500,827250
Edgeworth,NSW,2285,edgeworth-nsw-2285,House,3,846000,15,0,56,680,4.18,698750,965025
Edgeworth,NSW,2285,edgeworth-nsw-2285,House,4,997500,14,0,43,810,4.22,845500,1179750
Edgeworth,NSW,2285,edgeworth-nsw-2285,House,5,1147500,45,0,19,0,,935500,1272000
Randwick,NSW,2031,randwick-nsw-2031,House,2,2362500,0,0.5714285714285714,12,950,2.09,1072550,6765500
Randwick,NSW,2031,randwick-nsw-2031,House,3,3110000,48,0.6229508196721312,61,1500,2.51,1925000,4150000
Randwick,NSW,2031,randwick-nsw-2031,House,4,4300000,43,0.5774647887323944,63,2000,2.42,2546000,6853000
Randwick,NSW,2031,randwick-nsw-2031,House,5,5065000,0,0.7272727272727273,19,0,,3419000,8580000
Randwick,NSW,2031,randwick-nsw-2031,Unit,1,900000,31,0.8490566037735849,83,750,4.33,677500,1179500
Randwick,NSW,2031,randwick-nsw-2031,Unit,2,1300000,43,0.75,279,900,3.6,941600,2004000
Randwick,NSW,2031,randwick-nsw-2031,Unit,3,1910000,46,0.5333333333333333,50,1325,3.61,1406750,3288750
Albion Park,NSW,2527,albion-park-nsw-2527,House,2,0,0,0,7,0,,0,0
Albion Park,NSW,2527,albion-park-nsw-2527,House,3,866000,21,0,114,695,4.17,756500,1065000
Albion Park,NSW,2527,albion-park-nsw-2527,House,4,1057000,23,0,73,768,3.78,868250,1391750
Albion Park,NSW,2527,albion-park-nsw-2527,House,5,1172500,36,0,26,0,,995000,1575000
Albion Park,NSW,2527,albion-park-nsw-2527,Unit,1,0,0,0,1,0,,0,0
Albion Park,NSW,2527,albion-park-nsw-2527,Unit,2,685000,32,0,13,605,4.59,636000,754000
Albion Park,NSW,2527,albion-park-nsw-2527,Unit,3,780000,22,0,21,0,,669000,865000
Concord,NSW,2137,concord-nsw-2137,House,2,0,0,0,9,810,,0,0
Concord,NSW,2137,concord-nsw-2137,House,3,2908000,64,0.6349206349206349,59,968,1.73,1590250,3925000
Concord,NSW,2137,concord-nsw-2137,House,4,3220000,43,0.4857142857142857,53,1400,2.26,2568500,5335000
Concord,NSW,2137,concord-nsw-2137,House,5,3924000,64,0.391304347826087,52,1750,2.32,2448500,6464000
Concord,NSW,2137,concord-nsw-2137,Unit,1,0,0,0,5,550,,0,0
Concord,NSW,2137,concord-nsw-2137,Unit,2,810000,0,0,15,705,4.53,702000,1906000
Concord,NSW,2137,concord-nsw-2137,Unit,3,1932000,0,0.6923076923076923,13,1000,2.69,1213000,2541200
Mount Annan,NSW,2567,mount-annan-nsw-2567,House,2,0,0,0,0,500,,0,0
Mount Annan,NSW,2567,mount-annan-nsw-2567,House,3,983888,10,0,39,680,3.59,858000,1197500
Mount Annan,NSW,2567,mount-annan-nsw-2567,House,4,1250000,13,0,84,800,3.33,999899,1497010
Mount Annan,NSW,2567,mount-annan-nsw-2567,House,5,1400000,26,0,37,950,3.53,1186400,1544000
Mount Annan,NSW,2567,mount-annan-nsw-2567,Unit,1,0,0,0,1,0,,0,0
Mount Annan,NSW,2567,mount-annan-nsw-2567,Unit,2,0,0,0,1,0,,0,0
Mount Annan,NSW,2567,mount-annan-nsw-2567,Unit,3,0,0,0,1,0,,0,0
Wagga Wagga,NSW,2650,wagga-wagga-nsw-2650,House,2,565500,27,0,22,450,4.14,380500,1252000
Wagga Wagga,NSW,2650,wagga-wagga-nsw-2650,House,3,739500,57,0,72,580,4.08,573000,1100700
Wagga Wagga,NSW,2650,wagga-wagga-nsw-2650,House,4,990000,70,0,30,710,3.73,711500,1927500
Wagga Wagga,NSW,2650,wagga-wagga-nsw-2650,House,5,0,0,0,5,0,,0,0
Wagga Wagga,NSW,2650,wagga-wagga-nsw-2650,Unit,1,0,0,0,4,365,,0,0
Wagga Wagga,NSW,2650,wagga-wagga-nsw-2650,Unit,2,433000,32,0,40,420,5.04,361900,620247
Wagga Wagga,NSW,2650,wagga-wagga-nsw-2650,Unit,3,0,0,0,7,550,,0,0
Queanbeyan,NSW,2620,queanbeyan-nsw-2620,House,2,620000,54,0,29,550,4.61,395400,903000
Queanbeyan,NSW,2620,queanbeyan-nsw-2620,House,3,827000,53,0.6666666666666666,47,658,4.14,656600,1050000
Queanbeyan,NSW,2620,queanbeyan-nsw-2620,House,4,932500,75,0.5,20,760,4.24,719600,1430500
Queanbeyan,NSW,2620,queanbeyan-nsw-2620,House,5,0,0,0,4,0,,0,0
Queanbeyan,NSW,2620,queanbeyan-nsw-2620,Unit,1,360000,47,0,20,380,5.49,239750,412500
Queanbeyan,NSW,2620,queanbeyan-nsw-2620,Unit,2,420000,45,0,39,450,5.57,320900,586500
Queanbeyan,NSW,2620,queanbeyan-nsw-2620,Unit,3,0,0,0,7,0,,0,0
Campbelltown,NSW,2560,campbelltown-nsw-2560,House,2,723000,17,0,28,500,3.6,452500,1580000
Campbelltown,NSW,2560,campbelltown-nsw-2560,House,3,945000,20,0,83,600,3.3,782000,1217000
Campbelltown,NSW,2560,campbelltown-nsw-2560,House,4,1100000,24,0,63,755,3.57,915500,1352850
Campbelltown,NSW,2560,campbelltown-nsw-2560,House,5,1185000,24,0,32,890,3.91,1051000,1517500
Campbelltown,NSW,2560,campbelltown-nsw-2560,Unit,1,490000,11,0,11,450,4.78,435000,635000
Campbelltown,NSW,2560,campbelltown-nsw-2560,Unit,2,585000,17,0,137,550,4.89,435000,711500
Campbelltown,NSW,2560,campbelltown-nsw-2560,Unit,3,737500,20,0,20,660,4.65,629275,891250
Nowra,NSW,2541,nowra-nsw-2541,House,2,522500,34,0,14,440,4.38,457750,735000
Nowra,NSW,2541,nowra-nsw-2541,House,3,670000,32,0,92,550,4.27,585000,847250
Nowra,NSW,2541,nowra-nsw-2541,House,4,800000,38,0,61,630,4.09,610000,982000
Nowra,NSW,2541,nowra-nsw-2541,House,5,0,0,0,5,0,,0,0
Nowra,NSW,2541,nowra-nsw-2541,Unit,1,0,0,0,2,350,,0,0
Nowra,NSW,2541,nowra-nsw-2541,Unit,2,425000,56,0,20,420,5.14,357250,535750
Nowra,NSW,2541,nowra-nsw-2541,Unit,3,0,0,0,4,565,,0,0
Woy Woy,NSW,2256,woy-woy-nsw-2256,House,2,900000,32,0,31,530,3.06,565000,1000000
Woy Woy,NSW,2256,woy-woy-nsw-2256,House,3,980000,25,0,71,690,3.66,800000,1600000
Woy Woy,NSW,2256,woy-woy-nsw-2256,House,4,1205000,33,0,29,793,3.42,930250,2021250
Woy Woy,NSW,2256,woy-woy-nsw-2256,House,5,1270000,60,0,19,0,,1017500,1840000
Woy Woy,NSW,2256,woy-woy-nsw-2256,Unit,1,0,0,0,0,410,,0,0
Woy Woy,NSW,2256,woy-woy-nsw-2256,Unit,2,690000,22,0,19,520,3.92,545000,746300
Woy Woy,NSW,2256,woy-woy-nsw-2256,Unit,3,880000,41,0,33,660,3.9,762800,1000000
Kingsford,NSW,2032,kingsford-nsw-2032,House,2,2110000,0,0.6363636363636364,11,900,2.22,1633000,2440000
Kingsford,NSW,2032,kingsford-nsw-2032,House,3,2723000,54,0.5833333333333334,42,1250,2.39,1703500,4955000
Kingsford,NSW,2032,kingsford-nsw-2032,House,4,3150000,0,0.5217391304347826,22,1600,2.64,2091000,4357250
Kingsford,NSW,2032,kingsford-nsw-2032,House,5,4455000,0,0.5,18,1975,2.31,3122000,6326250
Kingsford,NSW,2032,kingsford-nsw-2032,Unit,1,650000,0,0,13,600,4.8,527000,8259000
Kingsford,NSW,2032,kingsford-nsw-2032,Unit,2,1018000,47,0.6842105263157895,53,828,4.23,761000,1301800
Kingsford,NSW,2032,kingsford-nsw-2032,Unit,3,1515000,0,0.5714285714285714,10,1100,3.78,1264900,1750000
Tahmoor,NSW,2573,tahmoor-nsw-2573,House,2,626000,29,0,14,445,3.7,615000,1053000
Tahmoor,NSW,2573,tahmoor-nsw-2573,House,3,890000,16,0,53,600,3.51,781800,1052200
Tahmoor,NSW,2573,tahmoor-nsw-2573,House,4,1015000,45,0,114,700,3.59,848600,1510000
Tahmoor,NSW,2573,tahmoor-nsw-2573,House,5,1280000,64,0,13,0,,778000,2232000
Tahmoor,NSW,2573,tahmoor-nsw-2573,Unit,1,0,0,0,0,0,,0,0
Tahmoor,NSW,2573,tahmoor-nsw-2573,Unit,2,620000,36,0,14,450,3.77,492502,1009000
Tahmoor,NSW,2573,tahmoor-nsw-2573,Unit,3,0,0,0,1,0,,0,0
Lennox Head,NSW,2478,lennox-head-nsw-2478,House,2,0,0,0,9,700,,0,0
Lennox Head,NSW,2478,lennox-head-nsw-2478,House,3,1402500,42,0.5454545454545454,62,900,3.34,1021000,2395000
Lennox Head,NSW,2478,lennox-head-nsw-2478,House,4,1600000,63,0,61,1000,3.25,1275000,2100000
Lennox Head,NSW,2478,lennox-head-nsw-2478,House,5,2150000,52,0,25,0,,1466000,4012500
Lennox Head,NSW,2478,lennox-head-nsw-2478,Unit,1,0,0,0,5,0,,0,0
Lennox Head,NSW,2478,lennox-head-nsw-2478,Unit,2,855000,0,0,13,680,4.14,726480,2115000
Lennox Head,NSW,2478,lennox-head-nsw-2478,Unit,3,0,0,0,8,900,,0,0
Pemulwuy,NSW,2145,pemulwuy-nsw-2145,House,2,0,0,0,2,0,,0,0
Pemulwuy,NSW,2145,pemulwuy-nsw-2145,House,3,1260000,15,0,15,825,3.4,964500,1391000
Pemulwuy,NSW,2145,pemulwuy-nsw-2145,House,4,1475000,84,0.5454545454545454,37,1000,3.53,1185000,1849000
Pemulwuy,NSW,2145,pemulwuy-nsw-2145,House,5,1545003,0,0,10,1054,3.55,1265000,1877250
Pemulwuy,NSW,2145,pemulwuy-nsw-2145,Unit,1,0,0,0,1,0,,0,0
Pemulwuy,NSW,2145,pemulwuy-nsw-2145,Unit,2,624000,22,0,20,630,5.25,496175,725600
Pemulwuy,NSW,2145,pemulwuy-nsw-2145,Unit,3,0,0,0,5,0,,0,0
Sanctuary Point,NSW,2540,sanctuary-point-nsw-2540,House,2,607500,37,0,32,450,3.85,515500,731000
Sanctuary Point,NSW,2540,sanctuary-point-nsw-2540,House,3,705000,28,0,125,535,3.95,592875,1051750
Sanctuary Point,NSW,2540,sanctuary-point-nsw-2540,House,4,822500,63,0,80,640,4.05,690000,1162250
Sanctuary Point,NSW,2540,sanctuary-point-nsw-2540,House,5,875000,118,0,10,0,,645250,1069250
Sanctuary Point,NSW,2540,sanctuary-point-nsw-2540,Unit,1,0,0,0,0,0,,0,0
Sanctuary Point,NSW,2540,sanctuary-point-nsw-2540,Unit,2,0,0,0,5,0,,0,0
Sanctuary Point,NSW,2540,sanctuary-point-nsw-2540,Unit,3,0,0,0,2,0,,0,0
Prestons,NSW,2170,prestons-nsw-2170,House,2,0,0,0,0,545,,0,0
Prestons,NSW,2170,prestons-nsw-2170,House,3,1020000,12,0.8,36,750,3.82,842500,1271250
Prestons,NSW,2170,prestons-nsw-2170,House,4,1275000,19,0.631578947368421,54,820,3.34,995999,1624200
Prestons,NSW,2170,prestons-nsw-2170,House,5,1509667,0,0.7,16,1000,3.44,1265000,1771250
Pymble,NSW,2073,pymble-nsw-2073,House,2,0,0,0,1,0,,0,0
Pymble,NSW,2073,pymble-nsw-2073,House,3,2700000,0,0.4444444444444444,21,1200,2.31,1650000,3520000
Pymble,NSW,2073,pymble-nsw-2073,House,4,3450000,76,0.5666666666666667,55,1450,2.19,1838500,4703622
Pymble,NSW,2073,pymble-nsw-2073,House,5,4850000,76,0.4383561643835616,49,1900,2.04,2632000,6592000
Pymble,NSW,2073,pymble-nsw-2073,Unit,1,730000,0,0.3,17,680,4.84,643600,1075000
Pymble,NSW,2073,pymble-nsw-2073,Unit,2,947500,51,0.5,58,850,4.66,750000,2050000
Pymble,NSW,2073,pymble-nsw-2073,Unit,3,1475000,42,0.47619047619047616,27,1148,4.05,938600,2891000
Elderslie,NSW,2335,elderslie-nsw-2335,House,2,0,0,0,0,0,,0,0
Elderslie,NSW,2335,elderslie-nsw-2335,House,3,0,0,0,0,0,,0,0
Elderslie,NSW,2335,elderslie-nsw-2335,House,4,0,0,0,0,0,,0,0
Elderslie,NSW,2335,elderslie-nsw-2335,House,5,0,0,0,1,0,,0,0
Kurri Kurri,NSW,2327,kurri-kurri-nsw-2327,House,2,627000,16,0,21,490,4.06,420000,750000
Kurri Kurri,NSW,2327,kurri-kurri-nsw-2327,House,3,692500,17,0,74,580,4.36,543000,843500
Kurri Kurri,NSW,2327,kurri-kurri-nsw-2327,House,4,791000,17,0,27,0,,562200,883100
Kurri Kurri,NSW,2327,kurri-kurri-nsw-2327,House,5,0,0,0,7,0,,0,0
Kurri Kurri,NSW,2327,kurri-kurri-nsw-2327,Unit,1,0,0,0,4,350,,0,0
Kurri Kurri,NSW,2327,kurri-kurri-nsw-2327,Unit,2,440000,17,0,17,450,5.32,393000,560000
Kurri Kurri,NSW,2327,kurri-kurri-nsw-2327,Unit,3,0,0,0,5,0,,0,0
Lavington,NSW,2641,lavington-nsw-2641,House,2,517000,18,0,32,400,4.02,390500,1457500
Lavington,NSW,2641,lavington-nsw-2641,House,3,605000,25,0.7777777777777778,148,500,4.3,404500,707150
Lavington,NSW,2641,lavington-nsw-2641,House,4,675000,31,0,65,570,4.39,563000,800800
Lavington,NSW,2641,lavington-nsw-2641,House,5,0,0,0,4,0,,0,0
Lavington,NSW,2641,lavington-nsw-2641,Unit,1,0,0,0,4,330,,0,0
Lavington,NSW,2641,lavington-nsw-2641,Unit,2,350000,37,0,39,375,5.57,244325,520000
Lavington,NSW,2641,lavington-nsw-2641,Unit,3,487500,0,0,10,430,4.59,376750,544075
Adamstown,NSW,2289,adamstown-nsw-2289,House,2,922500,20,0,20,660,3.72,667250,1172500
Adamstown,NSW,2289,adamstown-nsw-2289,House,3,1230000,30,0.7647058823529411,56,780,3.3,881000,1637600
Adamstown,NSW,2289,adamstown-nsw-2289,House,4,1575000,54,0.75,19,950,3.14,1131500,2055000
Adamstown,NSW,2289,adamstown-nsw-2289,House,5,0,0,0,4,0,,0,0
Adamstown,NSW,2289,adamstown-nsw-2289,Unit,1,0,0,0,6,600,,0,0
Adamstown,NSW,2289,adamstown-nsw-2289,Unit,2,725000,22,0,51,628,4.5,580000,894500
Adamstown,NSW,2289,adamstown-nsw-2289,Unit,3,0,0,0,5,850,,0,0
Stanmore,NSW,2048,stanmore-nsw-2048,House,2,2096250,0,0,10,900,2.23,1733100,2991150
Stanmore,NSW,2048,stanmore-nsw-2048,House,3,2430000,0,0.7333333333333333,39,1200,2.57,1837000,3255000
Stanmore,NSW,2048,stanmore-nsw-2048,House,4,3005000,0,0.6521739130434783,20,1600,2.77,2020400,3597400
Stanmore,NSW,2048,stanmore-nsw-2048,House,5,0,0,0,6,0,,0,0
Stanmore,NSW,2048,stanmore-nsw-2048,Unit,1,765500,0,0.7857142857142857,18,600,4.08,631375,955375
Stanmore,NSW,2048,stanmore-nsw-2048,Unit,2,1080000,0,0.75,29,750,3.61,902000,1299200
Stanmore,NSW,2048,stanmore-nsw-2048,Unit,3,0,0,0,2,0,,0,0
Aberglasslyn,NSW,2320,aberglasslyn-nsw-2320,House,2,0,0,0,1,500,,0,0
Aberglasslyn,NSW,2320,aberglasslyn-nsw-2320,House,3,765000,14,0,34,600,4.08,654000,1086000
Aberglasslyn,NSW,2320,aberglasslyn-nsw-2320,House,4,880000,23,0,82,680,4.02,750000,1219750
Aberglasslyn,NSW,2320,aberglasslyn-nsw-2320,House,5,0,0,0,8,0,,0,0
Aberglasslyn,NSW,2320,aberglasslyn-nsw-2320,Unit,1,0,0,0,0,0,,0,0
Aberglasslyn,NSW,2320,aberglasslyn-nsw-2320,Unit,2,0,0,0,4,0,,0,0
Aberglasslyn,NSW,2320,aberglasslyn-nsw-2320,Unit,3,0,0,0,10,0,,0,0
Bateau Bay,NSW,2261,bateau-bay-nsw-2261,House,2,0,0,0,7,590,,0,0
Bateau Bay,NSW,2261,bateau-bay-nsw-2261,House,3,1075000,18,0.8,93,700,3.39,789000,1656000
Bateau Bay,NSW,2261,bateau-bay-nsw-2261,House,4,1295000,30,0.3333333333333333,74,850,3.41,993000,2303500
Bateau Bay,NSW,2261,bateau-bay-nsw-2261,House,5,1450000,63,0,17,870,3.12,1316000,2283000
Bateau Bay,NSW,2261,bateau-bay-nsw-2261,Unit,1,0,0,0,0,0,,0,0
Bateau Bay,NSW,2261,bateau-bay-nsw-2261,Unit,2,0,0,0,3,510,,0,0
Bateau Bay,NSW,2261,bateau-bay-nsw-2261,Unit,3,0,0,0,3,0,,0,0
Ropes Crossing,NSW,2760,ropes-crossing-nsw-2760,House,2,0,0,0,1,0,,0,0
Ropes Crossing,NSW,2760,ropes-crossing-nsw-2760,House,3,970005,18,0,22,688,3.69,786000,1103750
Ropes Crossing,NSW,2760,ropes-crossing-nsw-2760,House,4,1060000,29,0,56,780,3.83,889250,1273000
Ropes Crossing,NSW,2760,ropes-crossing-nsw-2760,House,5,1120000,27,0,11,0,,963050,1297500
Ropes Crossing,NSW,2760,ropes-crossing-nsw-2760,Unit,1,0,0,0,0,0,,0,0
Ropes Crossing,NSW,2760,ropes-crossing-nsw-2760,Unit,2,0,0,0,8,0,,0,0
Ropes Crossing,NSW,2760,ropes-crossing-nsw-2760,Unit,3,614000,51,0,16,603,5.11,580000,713250
Roselands,NSW,2196,roselands-nsw-2196,House,2,0,0,0,8,685,,0,0
Roselands,NSW,2196,roselands-nsw-2196,House,3,1511000,35,0.6304347826086957,52,850,2.93,1148650,1783500
Roselands,NSW,2196,roselands-nsw-2196,House,4,1665000,42,0.5454545454545454,38,1100,3.44,1250000,2008000
Roselands,NSW,2196,roselands-nsw-2196,House,5,2200000,0,0.5333333333333333,14,1400,3.31,1607800,2509000
Roselands,NSW,2196,roselands-nsw-2196,Unit,1,0,0,0,4,600,,0,0
Roselands,NSW,2196,roselands-nsw-2196,Unit,2,560000,22,0,43,580,5.39,461200,649050
Roselands,NSW,2196,roselands-nsw-2196,Unit,3,0,0,0,5,0,,0,0
Bexley,NSW,2207,bexley-nsw-2207,House,2,0,0,0,8,698,,0,0
Bexley,NSW,2207,bexley-nsw-2207,House,3,1625000,39,0.65,52,950,3.04,1290750,1950000
Bexley,NSW,2207,bexley-nsw-2207,House,4,1895000,48,0.7428571428571429,41,1100,3.02,1400000,3038500
Bexley,NSW,2207,bexley-nsw-2207,House,5,2300000,80,0.43333333333333335,24,1500,3.39,1857500,2842500
Bexley,NSW,2207,bexley-nsw-2207,Unit,1,586000,0,0,13,530,4.7,502000,615000
Bexley,NSW,2207,bexley-nsw-2207,Unit,2,765500,22,0.85,68,650,4.42,587400,1179000
Bexley,NSW,2207,bexley-nsw-2207,Unit,3,1212500,0,0.6153846153846154,18,835,3.58,1075750,1365000
Colebee,NSW,2761,colebee-nsw-2761,House,2,0,0,0,0,0,,0,0
Colebee,NSW,2761,colebee-nsw-2761,House,3,0,0,0,3,760,,0,0
Colebee,NSW,2761,colebee-nsw-2761,House,4,1332500,57,0,52,855,3.34,1093560,1640000
Colebee,NSW,2761,colebee-nsw-2761,House,5,1608000,38,0,24,980,3.17,1313500,1898000
Dulwich Hill,NSW,2203,dulwich-hill-nsw-2203,House,2,1915000,0,1,15,825,2.24,1591300,2485500
Dulwich Hill,NSW,2203,dulwich-hill-nsw-2203,House,3,2322500,44,0.6904761904761905,44,1098,2.46,1602250,3075000
Dulwich Hill,NSW,2203,dulwich-hill-nsw-2203,House,4,3000000,43,0.4722222222222222,30,1265,2.19,2014000,4024000
Dulwich Hill,NSW,2203,dulwich-hill-nsw-2203,House,5,0,0,0.2727272727272727,8,0,,0,0
Dulwich Hill,NSW,2203,dulwich-hill-nsw-2203,Unit,1,757500,22,0.6470588235294118,36,580,3.98,530000,944000
Dulwich Hill,NSW,2203,dulwich-hill-nsw-2203,Unit,2,1022500,37,0.6282051282051282,98,728,3.7,800000,1381250
Dulwich Hill,NSW,2203,dulwich-hill-nsw-2203,Unit,3,0,0,0,7,915,,0,0
Terrigal,NSW,2260,terrigal-nsw-2260,House,2,0,82,0,16,620,,0,0
Terrigal,NSW,2260,terrigal-nsw-2260,House,3,1310000,28,0.38095238095238093,58,800,3.18,917000,2345000
Terrigal,NSW,2260,terrigal-nsw-2260,House,4,1610000,40,0.3125,85,1028,3.32,1300000,2302000
Terrigal,NSW,2260,terrigal-nsw-2260,House,5,1800000,55,0.21428571428571427,38,1200,3.47,1403700,2635000
Terrigal,NSW,2260,terrigal-nsw-2260,Unit,1,0,0,0,7,500,,0,0
Terrigal,NSW,2260,terrigal-nsw-2260,Unit,2,995000,34,0,25,660,3.45,725000,2060000
Terrigal,NSW,2260,terrigal-nsw-2260,Unit,3,1360000,133,0,32,800,3.06,667250,2986250
Wattle Grove,NSW,2173,wattle-grove-nsw-2173,House,2,0,0,0,0,0,,0,0
Wattle Grove,NSW,2173,wattle-grove-nsw-2173,House,3,1267500,15,0,51,750,3.08,1072050,1441100
Wattle Grove,NSW,2173,wattle-grove-nsw-2173,House,4,1550000,31,0,29,885,2.97,1306000,1803900
Wattle Grove,NSW,2173,wattle-grove-nsw-2173,House,5,1665000,0,0.7,11,0,,1450000,2282500
Hamilton,NSW,2303,hamilton-nsw-2303,House,2,895000,17,0,13,700,4.07,760200,1293200
Hamilton,NSW,2303,hamilton-nsw-2303,House,3,1100000,29,0.782608695652174,45,785,3.71,863000,1700800
Hamilton,NSW,2303,hamilton-nsw-2303,House,4,1600000,0,0,16,935,3.04,972500,2085000
Hamilton,NSW,2303,hamilton-nsw-2303,House,5,0,0,0,0,0,,0,0
Hamilton,NSW,2303,hamilton-nsw-2303,Unit,1,0,0,0,4,480,,0,0
Hamilton,NSW,2303,hamilton-nsw-2303,Unit,2,755500,18,0,17,600,4.13,590000,921250
Hamilton,NSW,2303,hamilton-nsw-2303,Unit,3,0,0,0,4,740,,0,0
Young,NSW,2594,young-nsw-2594,House,2,402500,43,0,24,400,5.17,280750,515250
Young,NSW,2594,young-nsw-2594,House,3,475000,45,0,110,460,5.04,338180,713750
Young,NSW,2594,young-nsw-2594,House,4,640000,54,0,60,565,4.59,397000,1174000
Young,NSW,2594,young-nsw-2594,House,5,1066250,88,0,20,0,,654375,1251250
Young,NSW,2594,young-nsw-2594,Unit,1,0,0,0,0,0,,0,0
Young,NSW,2594,young-nsw-2594,Unit,2,0,0,0,5,375,,0,0
Young,NSW,2594,young-nsw-2594,Unit,3,0,0,0,4,450,,0,0
Caringbah South,NSW,2229,caringbah-south-nsw-2229,House,2,0,0,0,4,0,,0,0
Caringbah South,NSW,2229,caringbah-south-nsw-2229,House,3,2020000,34,0.6341463414634146,63,1200,3.09,1439350,2777250
Caringbah South,NSW,2229,caringbah-south-nsw-2229,House,4,2400000,49,0.4268292682926829,112,1500,3.25,1827500,3309450
Caringbah South,NSW,2229,caringbah-south-nsw-2229,House,5,2800000,35,0.4146341463414634,49,1700,3.16,2194000,4236000
Caringbah South,NSW,2229,caringbah-south-nsw-2229,Unit,1,0,0,0,5,0,,0,0
Caringbah South,NSW,2229,caringbah-south-nsw-2229,Unit,2,0,0,0,7,0,,0,0
Caringbah South,NSW,2229,caringbah-south-nsw-2229,Unit,3,1650000,0,0.5833333333333334,19,1095,3.45,1467000,2198000
Lambton,NSW,2299,lambton-nsw-2299,House,2,0,0,0,6,600,,0,0
Lambton,NSW,2299,lambton-nsw-2299,House,3,1156000,20,0.75,42,770,3.46,711000,1524250
Lambton,NSW,2299,lambton-nsw-2299,House,4,1430000,17,0,20,0,,924100,2188150
Lambton,NSW,2299,lambton-nsw-2299,House,5,0,0,0,5,0,,0,0
Lambton,NSW,2299,lambton-nsw-2299,Unit,1,0,0,0,5,450,,0,0
Lambton,NSW,2299,lambton-nsw-2299,Unit,2,0,0,0,9,590,,0,0
Lambton,NSW,2299,lambton-nsw-2299,Unit,3,0,0,0,3,0,,0,0
Strathfield,NSW,2135,strathfield-nsw-2135,House,2,0,0,0.4166666666666667,8,780,,0,0
Strathfield,NSW,2135,strathfield-nsw-2135,House,3,2760000,0,0.5806451612903226,27,995,1.87,1437500,4900000
Strathfield,NSW,2135,strathfield-nsw-2135,House,4,3500000,51,0.5909090909090909,39,1380,2.05,2166000,6237000
Strathfield,NSW,2135,strathfield-nsw-2135,House,5,4975000,50,0.5441176470588235,50,1550,1.62,3419000,7802500
Strathfield,NSW,2135,strathfield-nsw-2135,Unit,1,520000,43,0,46,620,6.2,260250,683750
Strathfield,NSW,2135,strathfield-nsw-2135,Unit,2,768250,41,0.5869565217391305,195,750,5.08,600000,930000
Strathfield,NSW,2135,strathfield-nsw-2135,Unit,3,939000,41,0.5333333333333333,21,950,5.26,720000,1540000
Banora Point,NSW,2486,banora-point-nsw-2486,House,2,886000,25,0,23,750,4.4,525500,1027240
Banora Point,NSW,2486,banora-point-nsw-2486,House,3,1065000,26,0.7692307692307693,142,870,4.25,840000,1389500
Banora Point,NSW,2486,banora-point-nsw-2486,House,4,1340000,28,0.5675675675675675,108,1100,4.27,1026750,1973250
Banora Point,NSW,2486,banora-point-nsw-2486,House,5,1595000,50,0,24,1265,4.12,1361750,2242500
Banora Point,NSW,2486,banora-point-nsw-2486,Unit,1,0,0,0,8,0,,0,0
Banora Point,NSW,2486,banora-point-nsw-2486,Unit,2,725000,35,0,32,0,,456000,882250
Banora Point,NSW,2486,banora-point-nsw-2486,Unit,3,865000,16,0,32,790,4.75,751875,1082915
Blue Haven,NSW,2262,blue-haven-nsw-2262,House,2,0,0,0,3,483,,0,0
Blue Haven,NSW,2262,blue-haven-nsw-2262,House,3,797500,9,0,60,630,4.11,736400,892000
Blue Haven,NSW,2262,blue-haven-nsw-2262,House,4,875000,18,0,52,730,4.34,787050,990000
Blue Haven,NSW,2262,blue-haven-nsw-2262,House,5,0,0,0,6,0,,0,0
Cardiff,NSW,2285,cardiff-nsw-2285,House,2,783000,14,0,19,585,3.89,670500,903800
Cardiff,NSW,2285,cardiff-nsw-2285,House,3,875000,14,0,75,695,4.13,741900,1115000
Cardiff,NSW,2285,cardiff-nsw-2285,House,4,969000,21,0,22,0,,745250,1348500
Cardiff,NSW,2285,cardiff-nsw-2285,House,5,0,0,0,4,0,,0,0
Cardiff,NSW,2285,cardiff-nsw-2285,Unit,1,0,0,0,0,390,,0,0
Cardiff,NSW,2285,cardiff-nsw-2285,Unit,2,0,0,0,8,0,,0,0
Cardiff,NSW,2285,cardiff-nsw-2285,Unit,3,0,0,0,2,0,,0,0
Engadine,NSW,2233,engadine-nsw-2233,House,2,0,0,0,6,810,,0,0
Engadine,NSW,2233,engadine-nsw-2233,House,3,1497500,17,0.8518518518518519,88,910,3.16,1144150,1766500
Engadine,NSW,2233,engadine-nsw-2233,House,4,1637500,16,0.7575757575757576,80,1100,3.49,1334250,1930000
Engadine,NSW,2233,engadine-nsw-2233,House,5,1812500,43,0.8,22,0,,1457500,2056850
Engadine,NSW,2233,engadine-nsw-2233,Unit,1,724500,0,0,10,583,4.18,700000,886660
Engadine,NSW,2233,engadine-nsw-2233,Unit,2,882625,14,0,62,670,3.95,728600,1175600
Engadine,NSW,2233,engadine-nsw-2233,Unit,3,1280000,0,0,13,0,,960600,1502402
Thurgoona,NSW,2640,thurgoona-nsw-2640,House,2,0,0,0,0,450,,0,0
Thurgoona,NSW,2640,thurgoona-nsw-2640,House,3,683750,26,0,64,550,4.18,599150,764250
Thurgoona,NSW,2640,thurgoona-nsw-2640,House,4,785000,34,0.5555555555555556,134,650,4.31,673800,1272000
Thurgoona,NSW,2640,thurgoona-nsw-2640,House,5,0,0,0,6,0,,0,0
Thurgoona,NSW,2640,thurgoona-nsw-2640,Unit,1,0,0,0,6,0,,0,0
Thurgoona,NSW,2640,thurgoona-nsw-2640,Unit,2,0,0,0,5,0,,0,0
Thurgoona,NSW,2640,thurgoona-nsw-2640,Unit,3,0,0,0,1,0,,0,0
Nelson Bay,NSW,2315,nelson-bay-nsw-2315,House,2,776000,0,0,11,555,3.72,642500,2025000
Nelson Bay,NSW,2315,nelson-bay-nsw-2315,House,3,950000,43,0.6666666666666666,62,700,3.83,780600,1885000
Nelson Bay,NSW,2315,nelson-bay-nsw-2315,House,4,1200000,69,0.3953488372093023,47,850,3.68,874600,2202000
Nelson Bay,NSW,2315,nelson-bay-nsw-2315,House,5,0,0,0.26666666666666666,8,0,,0,0
Nelson Bay,NSW,2315,nelson-bay-nsw-2315,Unit,1,305000,100,0,17,420,7.16,261800,770000
Nelson Bay,NSW,2315,nelson-bay-nsw-2315,Unit,2,700000,84,0.5294117647058824,76,550,4.09,343750,1250000
Nelson Bay,NSW,2315,nelson-bay-nsw-2315,Unit,3,1020000,67,0.1111111111111111,41,660,3.36,680000,1900000
Byron Bay,NSW,2481,byron-bay-nsw-2481,House,2,0,0,0,10,895,,0,0
Byron Bay,NSW,2481,byron-bay-nsw-2481,House,3,1570000,75,0,50,1200,3.97,902000,3438000
Byron Bay,NSW,2481,byron-bay-nsw-2481,House,4,2550000,63,0.5,48,1650,3.36,1448000,8405000
Byron Bay,NSW,2481,byron-bay-nsw-2481,House,5,4600000,0,0,13,2275,2.57,2086000,11686000
Byron Bay,NSW,2481,byron-bay-nsw-2481,Unit,1,825000,43,0,16,775,4.88,375750,1460000
Byron Bay,NSW,2481,byron-bay-nsw-2481,Unit,2,1250000,75,0,19,938,3.9,757000,2005000
Byron Bay,NSW,2481,byron-bay-nsw-2481,Unit,3,1700000,52,0,20,1200,3.67,995000,3685000
Catherine Field,NSW,2557,catherine-field-nsw-2557,House,2,0,0,0,0,520,,0,0
Catherine Field,NSW,2557,catherine-field-nsw-2557,House,3,1010000,23,0,11,720,3.71,943500,4275000
Catherine Field,NSW,2557,catherine-field-nsw-2557,House,4,1217500,30,0,64,800,3.42,1025300,1690000
Catherine Field,NSW,2557,catherine-field-nsw-2557,House,5,1450000,39,0,26,930,3.34,1188750,2645000
Catherine Field,NSW,2557,catherine-field-nsw-2557,Unit,1,0,0,0,0,0,,0,0
Catherine Field,NSW,2557,catherine-field-nsw-2557,Unit,2,0,0,0,0,0,,0,0
Catherine Field,NSW,2557,catherine-field-nsw-2557,Unit,3,0,0,0,0,0,,0,0
Cranebrook,NSW,2749,cranebrook-nsw-2749,House,2,0,0,0,7,520,,0,0
Cranebrook,NSW,2749,cranebrook-nsw-2749,House,3,1015000,9,0,102,650,3.33,875000,1249750
Cranebrook,NSW,2749,cranebrook-nsw-2749,House,4,1215250,13,0,70,800,3.42,987250,1770750
Cranebrook,NSW,2749,cranebrook-nsw-2749,House,5,1312500,24,0,20,870,3.45,1139000,2560750
Cranebrook,NSW,2749,cranebrook-nsw-2749,Unit,1,0,0,0,0,0,,0,0
Cranebrook,NSW,2749,cranebrook-nsw-2749,Unit,2,0,0,0,1,503,,0,0
Cranebrook,NSW,2749,cranebrook-nsw-2749,Unit,3,0,0,0,4,0,,0,0
Parkes,NSW,2870,parkes-nsw-2870,House,2,365000,38,0,23,370,5.27,224000,658700
Parkes,NSW,2870,parkes-nsw-2870,House,3,452500,58,0.725,151,430,4.94,300000,567750
Parkes,NSW,2870,parkes-nsw-2870,House,4,582500,67,0.7931034482758621,110,515,4.6,367076,883250
Parkes,NSW,2870,parkes-nsw-2870,House,5,750000,0,0,13,0,,329000,986000
Parkes,NSW,2870,parkes-nsw-2870,Unit,1,0,0,0,0,0,,0,0
Parkes,NSW,2870,parkes-nsw-2870,Unit,2,0,0,0,5,310,,0,0
Parkes,NSW,2870,parkes-nsw-2870,Unit,3,0,0,0,0,0,,0,0
Sans Souci,NSW,2219,sans-souci-nsw-2219,House,2,0,0,0,7,800,,0,0
Sans Souci,NSW,2219,sans-souci-nsw-2219,House,3,1970000,41,0.5714285714285714,36,1050,2.77,1550000,3100000
Sans Souci,NSW,2219,sans-souci-nsw-2219,House,4,2680000,52,0.4418604651162791,30,1400,2.72,1616250,4254750
Sans Souci,NSW,2219,sans-souci-nsw-2219,House,5,3750000,62,0.47619047619047616,25,1500,2.08,2233420,5865000
Sans Souci,NSW,2219,sans-souci-nsw-2219,Unit,1,0,0,0,7,660,,0,0
Sans Souci,NSW,2219,sans-souci-nsw-2219,Unit,2,953500,29,0.6285714285714286,53,720,3.93,648200,1444500
Sans Souci,NSW,2219,sans-souci-nsw-2219,Unit,3,1430000,0,0.7142857142857143,25,900,3.27,1176000,2050000
South Grafton,NSW,2460,south-grafton-nsw-2460,House,2,400000,0,0,17,450,5.85,341600,644600
South Grafton,NSW,2460,south-grafton-nsw-2460,House,3,457500,35,0.8620689655172413,78,500,5.68,340250,628750
South Grafton,NSW,2460,south-grafton-nsw-2460,House,4,595000,39,0.8333333333333334,39,600,5.24,429000,753000
South Grafton,NSW,2460,south-grafton-nsw-2460,House,5,0,0,0,6,0,,0,0
South Grafton,NSW,2460,south-grafton-nsw-2460,Unit,1,0,0,0,0,0,,0,0
South Grafton,NSW,2460,south-grafton-nsw-2460,Unit,2,0,0,0,2,360,,0,0
South Grafton,NSW,2460,south-grafton-nsw-2460,Unit,3,0,0,0,1,0,,0,0
Woongarrah,NSW,2259,woongarrah-nsw-2259,House,2,0,0,0,0,0,,0,0
Woongarrah,NSW,2259,woongarrah-nsw-2259,House,3,848000,20,0,16,690,4.23,778400,965928
Woongarrah,NSW,2259,woongarrah-nsw-2259,House,4,990000,18,0,85,800,4.2,826300,1295000
Woongarrah,NSW,2259,woongarrah-nsw-2259,House,5,1200000,27,0,26,940,4.07,1052500,1513750
Balmain,NSW,2041,balmain-nsw-2041,House,2,2075000,0,0.8064516129032258,44,975,2.44,1637250,2585000
Balmain,NSW,2041,balmain-nsw-2041,House,3,2850000,50,0.5797101449275363,63,1350,2.46,2077500,4275000
Balmain,NSW,2041,balmain-nsw-2041,House,4,3800000,47,0.75,43,1850,2.53,2308000,7210000
Balmain,NSW,2041,balmain-nsw-2041,House,5,0,0,0,5,0,,0,0
Balmain,NSW,2041,balmain-nsw-2041,Unit,1,925000,0,0,14,655,3.68,676550,1279250
Balmain,NSW,2041,balmain-nsw-2041,Unit,2,1472000,57,0.4827586206896552,31,890,3.14,1171000,2150000
Balmain,NSW,2041,balmain-nsw-2041,Unit,3,1910000,0,0,11,1140,3.1,1565000,3975000
Cooranbong,NSW,2265,cooranbong-nsw-2265,House,2,0,0,0,5,520,,0,0
Cooranbong,NSW,2265,cooranbong-nsw-2265,House,3,811000,23,0,28,625,4.01,680250,1055650
Cooranbong,NSW,2265,cooranbong-nsw-2265,House,4,1000000,31,0,83,800,4.16,809000,1258999
Cooranbong,NSW,2265,cooranbong-nsw-2265,House,5,1100000,37,0,17,950,4.49,915861,1955000
Cooranbong,NSW,2265,cooranbong-nsw-2265,Unit,1,0,0,0,0,360,,0,0
Cooranbong,NSW,2265,cooranbong-nsw-2265,Unit,2,0,0,0,1,495,,0,0
Cooranbong,NSW,2265,cooranbong-nsw-2265,Unit,3,0,0,0,1,0,,0,0
Corlette,NSW,2315,corlette-nsw-2315,House,2,0,0,0,2,0,,0,0
Corlette,NSW,2315,corlette-nsw-2315,House,3,981500,36,0.7096774193548387,49,690,3.66,794000,1353000
Corlette,NSW,2315,corlette-nsw-2315,House,4,1340000,67,0.5714285714285714,65,830,3.22,1002500,2258000
Corlette,NSW,2315,corlette-nsw-2315,House,5,1825000,0,0.4166666666666667,14,0,,1196000,4272500
Corlette,NSW,2315,corlette-nsw-2315,Unit,1,0,0,0,0,0,,0,0
Corlette,NSW,2315,corlette-nsw-2315,Unit,2,0,0,0,2,0,,0,0
Corlette,NSW,2315,corlette-nsw-2315,Unit,3,0,0,0,2,0,,0,0
Gorokan,NSW,2263,gorokan-nsw-2263,House,2,750500,22,0,46,520,3.6,537500,1018750
Gorokan,NSW,2263,gorokan-nsw-2263,House,3,820000,16,0,101,610,3.87,662500,980000
Gorokan,NSW,2263,gorokan-nsw-2263,House,4,887000,29,0,47,730,4.28,736000,1205000
Gorokan,NSW,2263,gorokan-nsw-2263,House,5,989889,0,0,10,0,,760750,1539250
Gorokan,NSW,2263,gorokan-nsw-2263,Unit,1,0,0,0,1,0,,0,0
Gorokan,NSW,2263,gorokan-nsw-2263,Unit,2,569500,21,0,25,480,4.38,500400,669000
Gorokan,NSW,2263,gorokan-nsw-2263,Unit,3,0,0,0,3,0,,0,0
Katoomba,NSW,2780,katoomba-nsw-2780,House,2,820000,21,0,44,560,3.55,680750,987750
Katoomba,NSW,2780,katoomba-nsw-2780,House,3,895000,38,0,92,630,3.66,702750,1259000
Katoomba,NSW,2780,katoomba-nsw-2780,House,4,1140000,37,0,32,750,3.42,827500,1935500
Katoomba,NSW,2780,katoomba-nsw-2780,House,5,0,0,0,9,0,,0,0
Katoomba,NSW,2780,katoomba-nsw-2780,Unit,1,0,0,0,0,380,,0,0
Katoomba,NSW,2780,katoomba-nsw-2780,Unit,2,0,0,0,9,490,,0,0
Katoomba,NSW,2780,katoomba-nsw-2780,Unit,3,0,0,0,1,0,,0,0
Lilyfield,NSW,2040,lilyfield-nsw-2040,House,2,1715000,0,0,16,900,2.73,1443750,2238750
Lilyfield,NSW,2040,lilyfield-nsw-2040,House,3,2350000,34,0.6,51,1200,2.66,1697500,3290000
Lilyfield,NSW,2040,lilyfield-nsw-2040,House,4,3250000,0,0.6666666666666666,23,1700,2.72,2379000,3844500
Lilyfield,NSW,2040,lilyfield-nsw-2040,House,5,4362500,0,0,10,0,,2203000,5137500
Lilyfield,NSW,2040,lilyfield-nsw-2040,Unit,1,0,0,0,4,595,,0,0
Lilyfield,NSW,2040,lilyfield-nsw-2040,Unit,2,0,0,0,6,735,,0,0
Lilyfield,NSW,2040,lilyfield-nsw-2040,Unit,3,0,0,0,2,0,,0,0
Matraville,NSW,2036,matraville-nsw-2036,House,2,0,0,0,5,0,,0,0
Matraville,NSW,2036,matraville-nsw-2036,House,3,2196250,0,0.48,26,1200,2.84,1332500,3715625
Matraville,NSW,2036,matraville-nsw-2036,House,4,2727500,47,0.5151515151515151,40,1800,3.43,2098000,3655000
Matraville,NSW,2036,matraville-nsw-2036,House,5,3210000,100,0.34375,27,2000,3.24,2530000,3737500
Matraville,NSW,2036,matraville-nsw-2036,Unit,1,0,0,0,7,710,,0,0
Matraville,NSW,2036,matraville-nsw-2036,Unit,2,910000,80,0.6923076923076923,37,785,4.49,724000,1184800
Matraville,NSW,2036,matraville-nsw-2036,Unit,3,0,0,0,3,0,,0,0
Berkeley Vale,NSW,2261,berkeley-vale-nsw-2261,House,2,801500,41,0,16,565,3.67,520000,1025875
Berkeley Vale,NSW,2261,berkeley-vale-nsw-2261,House,3,930000,21,0,67,650,3.63,722750,1281550
Berkeley Vale,NSW,2261,berkeley-vale-nsw-2261,House,4,1100000,20,0,56,825,3.9,862500,1450000
Berkeley Vale,NSW,2261,berkeley-vale-nsw-2261,House,5,1190000,43,0,20,900,3.93,924630,1445750
Berkeley Vale,NSW,2261,berkeley-vale-nsw-2261,Unit,1,0,0,0,2,0,,0,0
Berkeley Vale,NSW,2261,berkeley-vale-nsw-2261,Unit,2,573500,0,0,10,500,4.53,375750,605500
Berkeley Vale,NSW,2261,berkeley-vale-nsw-2261,Unit,3,0,0,0,2,0,,0,0
Cowra,NSW,2794,cowra-nsw-2794,House,2,372000,47,0,25,380,5.31,250000,511000
Cowra,NSW,2794,cowra-nsw-2794,House,3,440000,48,0,104,420,4.96,315750,680000
Cowra,NSW,2794,cowra-nsw-2794,House,4,577500,66,0,48,450,4.05,381750,996500
Cowra,NSW,2794,cowra-nsw-2794,House,5,695000,0,0,12,0,,287500,1085500
Cowra,NSW,2794,cowra-nsw-2794,Unit,1,0,0,0,0,0,,0,0
Cowra,NSW,2794,cowra-nsw-2794,Unit,2,0,0,0,7,300,,0,0
Cowra,NSW,2794,cowra-nsw-2794,Unit,3,0,0,0,2,0,,0,0
Croydon,NSW,2132,croydon-nsw-2132,House,2,1805000,0,0.5294117647058824,15,850,2.45,1287500,1957250
Croydon,NSW,2132,croydon-nsw-2132,House,3,2250000,0,0.6444444444444445,36,1000,2.31,1613000,4006250
Croydon,NSW,2132,croydon-nsw-2132,House,4,2795500,0,0.6785714285714286,26,1300,2.42,1776800,4004400
Croydon,NSW,2132,croydon-nsw-2132,House,5,0,0,0.4,8,0,,0,0
Croydon,NSW,2132,croydon-nsw-2132,Unit,1,0,0,0,6,585,,0,0
Croydon,NSW,2132,croydon-nsw-2132,Unit,2,890000,27,0.7222222222222222,29,700,4.09,694000,1082000
Croydon,NSW,2132,croydon-nsw-2132,Unit,3,0,0,0,2,0,,0,0
North Nowra,NSW,2541,north-nowra-nsw-2541,House,2,0,0,0,6,0,,0,0
North Nowra,NSW,2541,north-nowra-nsw-2541,House,3,753500,20,0,56,570,3.93,617063,898500
North Nowra,NSW,2541,north-nowra-nsw-2541,House,4,850000,37,0,41,650,3.98,700000,1200000
North Nowra,NSW,2541,north-nowra-nsw-2541,House,5,0,0,0,7,0,,0,0
Avalon Beach,NSW,2107,avalon-beach-nsw-2107,House,2,0,0,0,2,895,,0,0
Avalon Beach,NSW,2107,avalon-beach-nsw-2107,House,3,2375000,74,0.6060606060606061,44,1350,2.96,1750000,3650000
Avalon Beach,NSW,2107,avalon-beach-nsw-2107,House,4,2912500,95,0.39655172413793105,67,1798,3.21,2077500,5625000
Avalon Beach,NSW,2107,avalon-beach-nsw-2107,House,5,4450000,75,0.1388888888888889,25,2100,2.45,2567500,12303750
Avalon Beach,NSW,2107,avalon-beach-nsw-2107,Unit,1,880000,0,0,13,695,4.11,308600,1161000
Avalon Beach,NSW,2107,avalon-beach-nsw-2107,Unit,2,1250000,69,0.38461538461538464,24,795,3.31,915400,2465000
Avalon Beach,NSW,2107,avalon-beach-nsw-2107,Unit,3,0,0,0,6,0,,0,0
Beecroft,NSW,2119,beecroft-nsw-2119,House,2,0,0,0,2,0,,0,0
Beecroft,NSW,2119,beecroft-nsw-2119,House,3,2425000,0,0.782608695652174,26,990,2.12,1605000,3031000
Beecroft,NSW,2119,beecroft-nsw-2119,House,4,2595000,49,0.5294117647058824,49,1195,2.39,2170250,3163750
Beecroft,NSW,2119,beecroft-nsw-2119,House,5,2963445,49,0.5384615384615384,38,1480,2.6,2177000,4306350
Beecroft,NSW,2119,beecroft-nsw-2119,Unit,1,0,0,0,6,650,,0,0
Beecroft,NSW,2119,beecroft-nsw-2119,Unit,2,970000,0,0,16,865,4.64,843750,1126250
Beecroft,NSW,2119,beecroft-nsw-2119,Unit,3,0,0,0,6,1100,,0,0
Leeton,NSW,2705,leeton-nsw-2705,House,2,320000,0,0,13,350,5.69,213000,396000
Leeton,NSW,2705,leeton-nsw-2705,House,3,436500,45,0,80,450,5.36,309000,626000
Leeton,NSW,2705,leeton-nsw-2705,House,4,589000,46,0,44,550,4.86,304500,879250
Leeton,NSW,2705,leeton-nsw-2705,House,5,0,0,0,8,0,,0,0
Leeton,NSW,2705,leeton-nsw-2705,Unit,1,0,0,0,1,0,,0,0
Leeton,NSW,2705,leeton-nsw-2705,Unit,2,0,0,0,7,340,,0,0
Leeton,NSW,2705,leeton-nsw-2705,Unit,3,0,0,0,7,0,,0,0
Penrith,NSW,2750,penrith-nsw-2750,House,2,672500,36,0,45,550,4.25,320750,1055500
Penrith,NSW,2750,penrith-nsw-2750,House,3,985000,19,0.6923076923076923,114,605,3.19,744000,1400000
Penrith,NSW,2750,penrith-nsw-2750,House,4,1170000,31,0,42,725,3.22,900000,1421000
Penrith,NSW,2750,penrith-nsw-2750,House,5,0,0,0,8,895,,0,0
Penrith,NSW,2750,penrith-nsw-2750,Unit,1,570000,37,0,84,550,5.02,376250,660000
Penrith,NSW,2750,penrith-nsw-2750,Unit,2,626000,29,0,321,600,4.98,440000,860000
Penrith,NSW,2750,penrith-nsw-2750,Unit,3,795000,34,0,33,670,4.38,659400,1176000
St Clair,NSW,2330,st-clair-nsw-2330,House,2,0,0,0,0,0,,0,0
St Clair,NSW,2330,st-clair-nsw-2330,House,3,0,0,0,0,0,,0,0
St Clair,NSW,2330,st-clair-nsw-2330,House,4,0,0,0,0,0,,0,0
St Clair,NSW,2330,st-clair-nsw-2330,House,5,0,0,0,1,0,,0,0
Warners Bay,NSW,2282,warners-bay-nsw-2282,House,2,822500,0,0,11,600,3.79,703175,1548500
Warners Bay,NSW,2282,warners-bay-nsw-2282,House,3,1063527,22,0,44,730,3.57,834650,1500000
Warners Bay,NSW,2282,warners-bay-nsw-2282,House,4,1262500,24,0.5333333333333333,46,900,3.71,945000,2050000
Warners Bay,NSW,2282,warners-bay-nsw-2282,House,5,1832500,52,0,12,0,,1197500,2575000
Warners Bay,NSW,2282,warners-bay-nsw-2282,Unit,1,0,0,0,4,0,,0,0
Warners Bay,NSW,2282,warners-bay-nsw-2282,Unit,2,823000,30,0,37,650,4.11,650000,1254000
Warners Bay,NSW,2282,warners-bay-nsw-2282,Unit,3,1060000,18,0,19,735,3.61,830500,1655000
Arncliffe,NSW,2205,arncliffe-nsw-2205,House,2,0,0,0,6,780,,0,0
Arncliffe,NSW,2205,arncliffe-nsw-2205,House,3,1705000,0,0.6216216216216216,39,950,2.9,1192000,2580000
Arncliffe,NSW,2205,arncliffe-nsw-2205,House,4,2257500,0,0.5909090909090909,30,1200,2.76,1638000,3282500
Arncliffe,NSW,2205,arncliffe-nsw-2205,House,5,0,0,0.5454545454545454,8,0,,0,0
Arncliffe,NSW,2205,arncliffe-nsw-2205,Unit,1,605000,41,0,28,700,6.02,523750,682900
Arncliffe,NSW,2205,arncliffe-nsw-2205,Unit,2,800000,44,0.5517241379310345,107,850,5.53,656300,917400
Arncliffe,NSW,2205,arncliffe-nsw-2205,Unit,3,953250,51,0,20,1095,5.97,861050,1305000
Cherrybrook,NSW,2126,cherrybrook-nsw-2126,House,2,0,0,0,1,650,,0,0
Cherrybrook,NSW,2126,cherrybrook-nsw-2126,House,3,1750000,45,0.7368421052631579,38,950,2.82,1440000,2034000
Cherrybrook,NSW,2126,cherrybrook-nsw-2126,House,4,2375000,30,0.5952380952380952,75,1200,2.63,1953400,2991500
Cherrybrook,NSW,2126,cherrybrook-nsw-2126,House,5,2730000,49,0.3902439024390244,57,1350,2.57,1974000,3678000
Cherrybrook,NSW,2126,cherrybrook-nsw-2126,Unit,1,0,0,0,0,0,,0,0
Cherrybrook,NSW,2126,cherrybrook-nsw-2126,Unit,2,0,0,0,2,0,,0,0
Cherrybrook,NSW,2126,cherrybrook-nsw-2126,Unit,3,0,0,0,1,0,,0,0
Cooma,NSW,2630,cooma-nsw-2630,House,2,417500,75,0,12,400,4.98,357500,584500
Cooma,NSW,2630,cooma-nsw-2630,House,3,517000,52,0,83,500,5.03,401000,756500
Cooma,NSW,2630,cooma-nsw-2630,House,4,740000,75,0,43,650,4.57,509000,976800
Cooma,NSW,2630,cooma-nsw-2630,House,5,0,0,0,8,0,,0,0
Cooma,NSW,2630,cooma-nsw-2630,Unit,1,0,0,0,2,320,,0,0
Cooma,NSW,2630,cooma-nsw-2630,Unit,2,0,0,0,1,380,,0,0
Cooma,NSW,2630,cooma-nsw-2630,Unit,3,0,0,0,0,0,,0,0
Eastwood,NSW,2122,eastwood-nsw-2122,House,2,0,0,0,5,685,,0,0
Eastwood,NSW,2122,eastwood-nsw-2122,House,3,2650000,89,0.45454545454545453,38,900,1.77,1650400,3434000
Eastwood,NSW,2122,eastwood-nsw-2122,House,4,2440000,72,0.47368421052631576,47,1250,2.66,1841600,3357500
Eastwood,NSW,2122,eastwood-nsw-2122,House,5,2700000,61,0.41509433962264153,86,1550,2.99,2201250,3857500
Eastwood,NSW,2122,eastwood-nsw-2122,Unit,1,615000,28,0,31,660,5.58,462250,746730
Eastwood,NSW,2122,eastwood-nsw-2122,Unit,2,695000,41,0.5806451612903226,98,650,4.86,628200,1328750
Eastwood,NSW,2122,eastwood-nsw-2122,Unit,3,1502000,37,0.75,39,925,3.2,975200,1850000
Lake Cathie,NSW,2445,lake-cathie-nsw-2445,House,2,722500,183,0,20,530,3.81,632200,988250
Lake Cathie,NSW,2445,lake-cathie-nsw-2445,House,3,900000,54,0,41,680,3.93,700000,1050000
Lake Cathie,NSW,2445,lake-cathie-nsw-2445,House,4,1065000,67,0,43,715,3.49,787000,1693000
Lake Cathie,NSW,2445,lake-cathie-nsw-2445,House,5,1175000,146,0,11,0,,995000,1956250
Lake Cathie,NSW,2445,lake-cathie-nsw-2445,Unit,1,0,0,0,0,0,,0,0
Lake Cathie,NSW,2445,lake-cathie-nsw-2445,Unit,2,0,0,0,5,440,,0,0
Lake Cathie,NSW,2445,lake-cathie-nsw-2445,Unit,3,0,0,0,1,0,,0,0
Revesby,NSW,2212,revesby-nsw-2212,House,2,0,0,0,7,650,,0,0
Revesby,NSW,2212,revesby-nsw-2212,House,3,1470000,30,0.825,61,785,2.78,1100000,2000000
Revesby,NSW,2212,revesby-nsw-2212,House,4,1535000,24,0.8775510204081632,69,999,3.38,1262000,1988400
Revesby,NSW,2212,revesby-nsw-2212,House,5,1756000,44,0.46153846153846156,54,1273,3.77,1341675,2435750
Revesby,NSW,2212,revesby-nsw-2212,Unit,1,0,0,0,5,485,,0,0
Revesby,NSW,2212,revesby-nsw-2212,Unit,2,0,0,0,7,600,,0,0
Revesby,NSW,2212,revesby-nsw-2212,Unit,3,1200000,27,0,19,780,3.38,929500,1290500
Yamba,NSW,2464,yamba-nsw-2464,House,2,615000,37,0,14,520,4.4,346150,1857500
Yamba,NSW,2464,yamba-nsw-2464,House,3,842500,56,0.8421052631578947,90,650,4.01,640000,1631950
Yamba,NSW,2464,yamba-nsw-2464,House,4,1357500,97,0.6428571428571429,56,750,2.87,815000,2907500
Yamba,NSW,2464,yamba-nsw-2464,House,5,1640500,0,0,12,0,,1013400,5492500
Yamba,NSW,2464,yamba-nsw-2464,Unit,1,0,0,0,8,0,,0,0
Yamba,NSW,2464,yamba-nsw-2464,Unit,2,644500,80,0,20,525,4.24,540000,1400500
Yamba,NSW,2464,yamba-nsw-2464,Unit,3,940000,107,0,14,600,3.32,580750,3010500
Chisholm,NSW,2322,chisholm-nsw-2322,House,2,0,0,0,0,550,,0,0
Chisholm,NSW,2322,chisholm-nsw-2322,House,3,750000,40,0,12,670,4.65,717500,976000
Chisholm,NSW,2322,chisholm-nsw-2322,House,4,1050000,32,0,111,800,3.96,877750,1270500
Chisholm,NSW,2322,chisholm-nsw-2322,House,5,1125000,37,0,15,890,4.11,1099670,1357000
Chisholm,NSW,2322,chisholm-nsw-2322,Unit,1,0,0,0,0,0,,0,0
Chisholm,NSW,2322,chisholm-nsw-2322,Unit,2,0,0,0,0,0,,0,0
Chisholm,NSW,2322,chisholm-nsw-2322,Unit,3,0,0,0,1,0,,0,0
Killarney Vale,NSW,2261,killarney-vale-nsw-2261,House,2,0,0,0,8,550,,0,0
Killarney Vale,NSW,2261,killarney-vale-nsw-2261,House,3,940000,15,0,80,680,3.76,808500,1361500
Killarney Vale,NSW,2261,killarney-vale-nsw-2261,House,4,1087500,22,0,36,780,3.73,859500,1500000
Killarney Vale,NSW,2261,killarney-vale-nsw-2261,House,5,0,0,0,6,0,,0,0
Killarney Vale,NSW,2261,killarney-vale-nsw-2261,Unit,1,0,0,0,0,0,,0,0
Killarney Vale,NSW,2261,killarney-vale-nsw-2261,Unit,2,0,0,0,1,520,,0,0
Killarney Vale,NSW,2261,killarney-vale-nsw-2261,Unit,3,0,0,0,3,0,,0,0
Maryland,NSW,2287,maryland-nsw-2287,House,2,0,0,0,2,0,,0,0
Maryland,NSW,2287,maryland-nsw-2287,House,3,865000,13,0,57,700,4.21,712000,950200
Maryland,NSW,2287,maryland-nsw-2287,House,4,990000,14,0,35,773,4.06,888250,1189175
Maryland,NSW,2287,maryland-nsw-2287,House,5,0,0,0,7,0,,0,0
Maryland,NSW,2287,maryland-nsw-2287,Unit,1,0,0,0,0,0,,0,0
Maryland,NSW,2287,maryland-nsw-2287,Unit,2,0,0,0,1,0,,0,0
Maryland,NSW,2287,maryland-nsw-2287,Unit,3,0,0,0,0,0,,0,0
Blackheath,NSW,2785,blackheath-nsw-2785,House,2,827500,20,0,26,550,3.46,702500,1150000
Blackheath,NSW,2785,blackheath-nsw-2785,House,3,885000,17,0,71,600,3.53,562500,1377500
Blackheath,NSW,2785,blackheath-nsw-2785,House,4,1077500,33,0,36,650,3.14,718750,1750000
Blackheath,NSW,2785,blackheath-nsw-2785,House,5,0,0,0,3,0,,0,0
Collaroy Plateau,NSW,2097,collaroy-plateau-nsw-2097,House,2,0,0,0,2,0,,0,0
Collaroy Plateau,NSW,2097,collaroy-plateau-nsw-2097,House,3,2420000,0,1,22,1300,2.79,1981000,3040500
Collaroy Plateau,NSW,2097,collaroy-plateau-nsw-2097,House,4,2797500,0,0.38095238095238093,19,0,,2340600,4789400
Collaroy Plateau,NSW,2097,collaroy-plateau-nsw-2097,House,5,3625500,0,0.5238095238095238,18,0,,2817500,5222500
Thirlmere,NSW,2572,thirlmere-nsw-2572,House,2,0,0,0,2,450,,0,0
Thirlmere,NSW,2572,thirlmere-nsw-2572,House,3,905000,15,0,27,650,3.73,730000,1268750
Thirlmere,NSW,2572,thirlmere-nsw-2572,House,4,1002500,34,0,88,720,3.73,782200,1478250
Thirlmere,NSW,2572,thirlmere-nsw-2572,House,5,1195000,51,0,10,0,,1008750,2091250
Wauchope,NSW,2446,wauchope-nsw-2446,House,2,625000,35,0,15,480,3.99,421500,781500
Wauchope,NSW,2446,wauchope-nsw-2446,House,3,693000,26,0,85,595,4.46,582000,793000
Wauchope,NSW,2446,wauchope-nsw-2446,House,4,795750,29,0,46,685,4.48,607500,977500
Wauchope,NSW,2446,wauchope-nsw-2446,House,5,0,0,0,8,0,,0,0
Wauchope,NSW,2446,wauchope-nsw-2446,Unit,1,0,0,0,0,370,,0,0
Wauchope,NSW,2446,wauchope-nsw-2446,Unit,2,0,0,0,7,450,,0,0
Wauchope,NSW,2446,wauchope-nsw-2446,Unit,3,0,0,0,7,540,,0,0
Woonona,NSW,2517,woonona-nsw-2517,House,2,860000,16,0,19,650,3.93,774000,1082000
Woonona,NSW,2517,woonona-nsw-2517,House,3,1280000,26,0.9,83,830,3.37,935100,2107500
Woonona,NSW,2517,woonona-nsw-2517,House,4,1680000,40,0.5384615384615384,58,1198,3.71,1209950,2830000
Woonona,NSW,2517,woonona-nsw-2517,House,5,0,0,0,7,0,,0,0
Woonona,NSW,2517,woonona-nsw-2517,Unit,1,0,0,0,3,485,,0,0
Woonona,NSW,2517,woonona-nsw-2517,Unit,2,785000,20,0,25,580,3.84,622000,954000
Woonona,NSW,2517,woonona-nsw-2517,Unit,3,0,0,0,2,0,,0,0
Boambee East,NSW,2452,boambee-east-nsw-2452,House,2,0,0,0,2,0,,0,0
Boambee East,NSW,2452,boambee-east-nsw-2452,House,3,800000,19,0,47,665,4.32,617500,868500
Boambee East,NSW,2452,boambee-east-nsw-2452,House,4,885000,33,0,35,770,4.52,780000,1202500
Boambee East,NSW,2452,boambee-east-nsw-2452,House,5,0,0,0,8,0,,0,0
Boambee East,NSW,2452,boambee-east-nsw-2452,Unit,1,0,0,0,0,0,,0,0
Boambee East,NSW,2452,boambee-east-nsw-2452,Unit,2,0,0,0,2,540,,0,0
Boambee East,NSW,2452,boambee-east-nsw-2452,Unit,3,0,0,0,8,0,,0,0
Casula,NSW,2170,casula-nsw-2170,House,2,0,0,0,5,550,,0,0
Casula,NSW,2170,casula-nsw-2170,House,3,932500,25,0.6363636363636364,73,700,3.9,820000,1400000
Casula,NSW,2170,casula-nsw-2170,House,4,1293000,33,0.575,59,850,3.42,979500,1801500
Casula,NSW,2170,casula-nsw-2170,House,5,1455000,0,0.5714285714285714,23,1000,3.57,1287500,2156200
Casula,NSW,2170,casula-nsw-2170,Unit,1,0,0,0,0,0,,0,0
Casula,NSW,2170,casula-nsw-2170,Unit,2,0,0,0,2,520,,0,0
Casula,NSW,2170,casula-nsw-2170,Unit,3,0,0,0,6,0,,0,0
Fletcher,NSW,2287,fletcher-nsw-2287,House,2,0,0,0,8,580,,0,0
Fletcher,NSW,2287,fletcher-nsw-2287,House,3,835000,24,0,25,720,4.48,723800,963400
Fletcher,NSW,2287,fletcher-nsw-2287,House,4,1067500,22,0,76,850,4.14,881250,1346250
Fletcher,NSW,2287,fletcher-nsw-2287,House,5,1250000,49,0,19,0,,1005000,1710000
Jerrabomberra,NSW,2619,jerrabomberra-nsw-2619,House,2,0,0,0,8,0,,0,0
Jerrabomberra,NSW,2619,jerrabomberra-nsw-2619,House,3,900000,56,0.2857142857142857,41,730,4.22,720000,1085000
Jerrabomberra,NSW,2619,jerrabomberra-nsw-2619,House,4,1205000,44,0.36,72,850,3.67,954125,1666750
Jerrabomberra,NSW,2619,jerrabomberra-nsw-2619,House,5,1605000,84,0.32,30,1075,3.48,1185000,2250400
Jerrabomberra,NSW,2619,jerrabomberra-nsw-2619,Unit,1,0,0,0,0,0,,0,0
Jerrabomberra,NSW,2619,jerrabomberra-nsw-2619,Unit,2,0,0,0,0,0,,0,0
Jerrabomberra,NSW,2619,jerrabomberra-nsw-2619,Unit,3,0,0,0,1,0,,0,0
Kooringal,NSW,2650,kooringal-nsw-2650,House,2,0,0,0,7,410,,0,0
Kooringal,NSW,2650,kooringal-nsw-2650,House,3,615000,24,0,97,528,4.46,386000,749200
Kooringal,NSW,2650,kooringal-nsw-2650,House,4,700000,29,0,57,605,4.49,524000,882000
Kooringal,NSW,2650,kooringal-nsw-2650,House,5,848000,28,0,17,0,,716200,1124000
Kooringal,NSW,2650,kooringal-nsw-2650,Unit,1,0,0,0,0,0,,0,0
Kooringal,NSW,2650,kooringal-nsw-2650,Unit,2,364500,36,0,14,380,5.42,286250,443500
Kooringal,NSW,2650,kooringal-nsw-2650,Unit,3,0,0,0,3,0,,0,0
Panania,NSW,2213,panania-nsw-2213,House,2,1200000,0,0,10,650,2.82,831750,1967050
Panania,NSW,2213,panania-nsw-2213,House,3,1490000,34,0.7575757575757576,48,800,2.79,1208750,1813000
Panania,NSW,2213,panania-nsw-2213,House,4,1583250,29,0.6041666666666666,60,1050,3.45,1300000,2359000
Panania,NSW,2213,panania-nsw-2213,House,5,1750000,65,0.3902439024390244,53,1250,3.71,1505600,2370500
Panania,NSW,2213,panania-nsw-2213,Unit,1,0,0,0,2,0,,0,0
Panania,NSW,2213,panania-nsw-2213,Unit,2,810000,0,0,11,640,4.11,783750,1007500
Panania,NSW,2213,panania-nsw-2213,Unit,3,0,0,0,5,0,,0,0
Riverwood,NSW,2210,riverwood-nsw-2210,House,2,0,0,0,9,630,,0,0
Riverwood,NSW,2210,riverwood-nsw-2210,House,3,1412500,0,0.8695652173913043,30,795,2.93,1182500,1817875
Riverwood,NSW,2210,riverwood-nsw-2210,House,4,1605000,0,0.9230769230769231,19,930,3.01,1389950,2015280
Riverwood,NSW,2210,riverwood-nsw-2210,House,5,1702000,31,0.6,23,1250,3.82,1471000,1925000
Riverwood,NSW,2210,riverwood-nsw-2210,Unit,1,0,0,0,7,560,,0,0
Riverwood,NSW,2210,riverwood-nsw-2210,Unit,2,648000,30,0,57,670,5.38,542000,781000
Riverwood,NSW,2210,riverwood-nsw-2210,Unit,3,895000,26,0,17,750,4.36,794000,1228000
Roseville,NSW,2069,roseville-nsw-2069,House,2,0,0,0,1,0,,0,0
Roseville,NSW,2069,roseville-nsw-2069,House,3,3194000,0,0.7857142857142857,16,1190,1.94,1987500,5432588
Roseville,NSW,2069,roseville-nsw-2069,House,4,3950000,0,0.4791666666666667,41,1565,2.06,2500000,7073772
Roseville,NSW,2069,roseville-nsw-2069,House,5,4460000,40,0.5862068965517241,26,1950,2.27,2200000,7770000
Roseville,NSW,2069,roseville-nsw-2069,Unit,1,724250,68,0.7,18,650,4.67,555500,978100
Roseville,NSW,2069,roseville-nsw-2069,Unit,2,985000,69,0.4583333333333333,59,900,4.75,833050,1709000
Roseville,NSW,2069,roseville-nsw-2069,Unit,3,1550000,65,0.47368421052631576,29,1100,3.69,1012000,3020000
Rozelle,NSW,2039,rozelle-nsw-2039,House,2,1855000,0,0.8285714285714286,42,950,2.66,1475000,2473600
Rozelle,NSW,2039,rozelle-nsw-2039,House,3,2370000,78,0.6545454545454545,53,1300,2.85,1985200,3708000
Rozelle,NSW,2039,rozelle-nsw-2039,House,4,3210000,0,0.7435897435897436,39,1600,2.59,2685000,4853350
Rozelle,NSW,2039,rozelle-nsw-2039,House,5,0,0,0,3,0,,0,0
Rozelle,NSW,2039,rozelle-nsw-2039,Unit,1,922500,27,0.8,40,750,4.23,568750,1283375
Rozelle,NSW,2039,rozelle-nsw-2039,Unit,2,1842500,0,0.7272727272727273,26,1075,3.03,1191250,2387500
Rozelle,NSW,2039,rozelle-nsw-2039,Unit,3,0,0,0,7,1600,,0,0
Ulladulla,NSW,2539,ulladulla-nsw-2539,House,2,750000,113,0,13,510,3.54,459000,997200
Ulladulla,NSW,2539,ulladulla-nsw-2539,House,3,822500,71,0,72,580,3.67,642000,1195000
Ulladulla,NSW,2539,ulladulla-nsw-2539,House,4,990000,54,0,54,685,3.6,798425,2040000
Ulladulla,NSW,2539,ulladulla-nsw-2539,House,5,1225000,0,0,10,0,,945000,2042500
Ulladulla,NSW,2539,ulladulla-nsw-2539,Unit,1,0,0,0,0,0,,0,0
Ulladulla,NSW,2539,ulladulla-nsw-2539,Unit,2,0,0,0,1,0,,0,0
Ulladulla,NSW,2539,ulladulla-nsw-2539,Unit,3,0,0,0,6,0,,0,0
West Hoxton,NSW,2171,west-hoxton-nsw-2171,House,2,0,0,0,0,0,,0,0
West Hoxton,NSW,2171,west-hoxton-nsw-2171,House,3,1177500,0,0,10,700,3.09,917250,1276150
West Hoxton,NSW,2171,west-hoxton-nsw-2171,House,4,1311500,30,0.65625,44,840,3.33,1057500,1677000
West Hoxton,NSW,2171,west-hoxton-nsw-2171,House,5,1405000,0,0.4444444444444444,17,950,3.52,1244000,2026000
Ashtonfield,NSW,2323,ashtonfield-nsw-2323,House,2,0,0,0,2,0,,0,0
Ashtonfield,NSW,2323,ashtonfield-nsw-2323,House,3,800000,18,0,22,675,4.39,631000,937000
Ashtonfield,NSW,2323,ashtonfield-nsw-2323,House,4,957500,22,0,58,750,4.07,805000,1256250
Ashtonfield,NSW,2323,ashtonfield-nsw-2323,House,5,0,0,0,6,0,,0,0
Ashtonfield,NSW,2323,ashtonfield-nsw-2323,Unit,1,0,0,0,0,0,,0,0
Ashtonfield,NSW,2323,ashtonfield-nsw-2323,Unit,2,0,0,0,0,0,,0,0
Ashtonfield,NSW,2323,ashtonfield-nsw-2323,Unit,3,0,0,0,2,0,,0,0
Bomaderry,NSW,2541,bomaderry-nsw-2541,House,2,555000,78,0,18,450,4.22,302500,768000
Bomaderry,NSW,2541,bomaderry-nsw-2541,House,3,720000,28,0,75,550,3.97,557750,850000
Bomaderry,NSW,2541,bomaderry-nsw-2541,House,4,880000,29,0,39,650,3.84,687700,1287500
Bomaderry,NSW,2541,bomaderry-nsw-2541,House,5,943750,41,0,14,0,,751525,1484750
Bomaderry,NSW,2541,bomaderry-nsw-2541,Unit,1,0,0,0,0,0,,0,0
Bomaderry,NSW,2541,bomaderry-nsw-2541,Unit,2,480000,0,0,13,430,4.66,365000,579500
Bomaderry,NSW,2541,bomaderry-nsw-2541,Unit,3,0,0,0,1,520,,0,0
Medowie,NSW,2318,medowie-nsw-2318,House,2,0,0,0,3,520,,0,0
Medowie,NSW,2318,medowie-nsw-2318,House,3,785000,21,0,63,620,4.11,670152,1307500
Medowie,NSW,2318,medowie-nsw-2318,House,4,1100000,27,0,120,725,3.43,794575,1476100
Medowie,NSW,2318,medowie-nsw-2318,House,5,1385500,29,0,23,0,,1001000,1687000
Medowie,NSW,2318,medowie-nsw-2318,Unit,1,0,0,0,0,0,,0,0
Medowie,NSW,2318,medowie-nsw-2318,Unit,2,0,0,0,2,495,,0,0
Medowie,NSW,2318,medowie-nsw-2318,Unit,3,0,0,0,0,0,,0,0
North Lambton,NSW,2299,north-lambton-nsw-2299,House,2,850000,0,0,11,640,3.92,691250,1025000
North Lambton,NSW,2299,north-lambton-nsw-2299,House,3,967500,16,0.8181818181818182,42,750,4.03,730600,1307700
North Lambton,NSW,2299,north-lambton-nsw-2299,House,4,1105500,17,0,14,718,3.38,935000,1597250
North Lambton,NSW,2299,north-lambton-nsw-2299,House,5,0,0,0,2,0,,0,0
North Lambton,NSW,2299,north-lambton-nsw-2299,Unit,1,0,0,0,0,385,,0,0
North Lambton,NSW,2299,north-lambton-nsw-2299,Unit,2,0,0,0,1,535,,0,0
North Lambton,NSW,2299,north-lambton-nsw-2299,Unit,3,0,0,0,1,0,,0,0
Punchbowl,NSW,2196,punchbowl-nsw-2196,House,2,0,0,0,7,650,,0,0
Punchbowl,NSW,2196,punchbowl-nsw-2196,House,3,1325000,35,0.7068965517241379,66,800,3.14,1023750,1818750
Punchbowl,NSW,2196,punchbowl-nsw-2196,House,4,1415000,62,0.5,48,980,3.6,1165250,2024750
Punchbowl,NSW,2196,punchbowl-nsw-2196,House,5,1750000,0,0.39285714285714285,19,1200,3.57,1215000,2155500
Punchbowl,NSW,2196,punchbowl-nsw-2196,Unit,1,465000,0,0,11,450,5.03,365000,637000
Punchbowl,NSW,2196,punchbowl-nsw-2196,Unit,2,540000,25,0,71,560,5.39,457500,675000
Punchbowl,NSW,2196,punchbowl-nsw-2196,Unit,3,0,0,0,8,750,,0,0
West Pymble,NSW,2073,west-pymble-nsw-2073,House,2,0,0,0,1,0,,0,0
West Pymble,NSW,2073,west-pymble-nsw-2073,House,3,2650000,0,0.6153846153846154,14,0,,1991250,5580000
West Pymble,NSW,2073,west-pymble-nsw-2073,House,4,2979500,0,0.5675675675675675,26,1350,2.36,2067500,3657500
West Pymble,NSW,2073,west-pymble-nsw-2073,House,5,3100888,0,0.41935483870967744,19,1500,2.52,2492000,6209800
Annandale,NSW,2038,annandale-nsw-2038,House,2,1855000,50,0.65,44,950,2.66,1546500,2485750
Annandale,NSW,2038,annandale-nsw-2038,House,3,2433000,32,0.6612903225806451,60,1250,2.67,1886100,3128400
Annandale,NSW,2038,annandale-nsw-2038,House,4,3232500,52,0.6046511627906976,40,1490,2.4,2209500,4443500
Annandale,NSW,2038,annandale-nsw-2038,House,5,0,0,0,9,0,,0,0
Annandale,NSW,2038,annandale-nsw-2038,Unit,1,720000,35,0.6875,22,585,4.23,610000,910000
Annandale,NSW,2038,annandale-nsw-2038,Unit,2,1062500,0,0.8666666666666667,18,800,3.92,897000,1775000
Annandale,NSW,2038,annandale-nsw-2038,Unit,3,0,0,0,2,0,,0,0
Bradbury,NSW,2560,bradbury-nsw-2560,House,2,0,0,0,2,480,,0,0
Bradbury,NSW,2560,bradbury-nsw-2560,House,3,930000,10,0,69,600,3.35,692400,1073000
Bradbury,NSW,2560,bradbury-nsw-2560,House,4,1030000,24,0,43,750,3.79,838300,1178000
Bradbury,NSW,2560,bradbury-nsw-2560,House,5,1140000,32,0,11,850,3.88,975000,1362500
Bradbury,NSW,2560,bradbury-nsw-2560,Unit,1,0,0,0,0,0,,0,0
Bradbury,NSW,2560,bradbury-nsw-2560,Unit,2,0,0,0,9,480,,0,0
Bradbury,NSW,2560,bradbury-nsw-2560,Unit,3,0,0,0,1,0,,0,0
Chester Hill,NSW,2162,chester-hill-nsw-2162,House,2,0,0,0,8,620,,0,0
Chester Hill,NSW,2162,chester-hill-nsw-2162,House,3,1300000,27,0.7,60,750,3.0,839500,1662950
Chester Hill,NSW,2162,chester-hill-nsw-2162,House,4,1439000,24,0.6,36,925,3.34,1219750,1689250
Chester Hill,NSW,2162,chester-hill-nsw-2162,House,5,1500000,51,0.4666666666666667,37,1195,4.14,1173000,2005000
Chester Hill,NSW,2162,chester-hill-nsw-2162,Unit,1,0,0,0,0,450,,0,0
Chester Hill,NSW,2162,chester-hill-nsw-2162,Unit,2,0,0,0,6,570,,0,0
Chester Hill,NSW,2162,chester-hill-nsw-2162,Unit,3,0,0,0,3,690,,0,0
Chipping Norton,NSW,2170,chipping-norton-nsw-2170,House,2,0,0,0,6,575,,0,0
Chipping Norton,NSW,2170,chipping-norton-nsw-2170,House,3,1420000,24,0,44,778,2.85,883000,1809000
Chipping Norton,NSW,2170,chipping-norton-nsw-2170,House,4,1455000,47,0.47058823529411764,66,985,3.52,1025000,1965000
Chipping Norton,NSW,2170,chipping-norton-nsw-2170,House,5,1630000,32,0.5,38,1025,3.27,1270000,2136000
Cliftleigh,NSW,2321,cliftleigh-nsw-2321,House,2,0,0,0,1,500,,0,0
Cliftleigh,NSW,2321,cliftleigh-nsw-2321,House,3,0,0,0,5,620,,0,0
Cliftleigh,NSW,2321,cliftleigh-nsw-2321,House,4,831000,20,0,39,690,4.32,758200,922350
Cliftleigh,NSW,2321,cliftleigh-nsw-2321,House,5,0,0,0,4,0,,0,0
Cliftleigh,NSW,2321,cliftleigh-nsw-2321,Unit,1,0,0,0,0,0,,0,0
Cliftleigh,NSW,2321,cliftleigh-nsw-2321,Unit,2,0,0,0,0,0,,0,0
Cliftleigh,NSW,2321,cliftleigh-nsw-2321,Unit,3,0,0,0,0,0,,0,0
Cootamundra,NSW,2590,cootamundra-nsw-2590,House,2,356250,88,0,14,0,,316500,425700
Cootamundra,NSW,2590,cootamundra-nsw-2590,House,3,415000,76,0,82,470,5.89,285250,631200
Cootamundra,NSW,2590,cootamundra-nsw-2590,House,4,592500,92,0,55,570,5.0,373000,824750
Cootamundra,NSW,2590,cootamundra-nsw-2590,House,5,0,0,0,7,0,,0,0
Cootamundra,NSW,2590,cootamundra-nsw-2590,Unit,1,0,0,0,0,0,,0,0
Cootamundra,NSW,2590,cootamundra-nsw-2590,Unit,2,0,0,0,3,0,,0,0
Cootamundra,NSW,2590,cootamundra-nsw-2590,Unit,3,0,0,0,6,0,,0,0
Horsley,NSW,2530,horsley-nsw-2530,House,2,0,0,0,0,0,,0,0
Horsley,NSW,2530,horsley-nsw-2530,House,3,875000,15,0,57,750,4.46,803500,1004800
Horsley,NSW,2530,horsley-nsw-2530,House,4,1070000,23,0,65,820,3.99,880000,1406000
Horsley,NSW,2530,horsley-nsw-2530,House,5,1200000,59,0,17,0,,913600,1463000
Narellan Vale,NSW,2567,narellan-vale-nsw-2567,House,2,0,0,0,0,0,,0,0
Narellan Vale,NSW,2567,narellan-vale-nsw-2567,House,3,1025000,10,0,39,680,3.45,798000,1225500
Narellan Vale,NSW,2567,narellan-vale-nsw-2567,House,4,1200000,14,0,61,763,3.31,990000,1420000
Narellan Vale,NSW,2567,narellan-vale-nsw-2567,House,5,0,0,0,5,0,,0,0
Narellan Vale,NSW,2567,narellan-vale-nsw-2567,Unit,1,0,0,0,0,0,,0,0
Narellan Vale,NSW,2567,narellan-vale-nsw-2567,Unit,2,0,0,0,0,0,,0,0
Narellan Vale,NSW,2567,narellan-vale-nsw-2567,Unit,3,0,0,0,1,0,,0,0
North Richmond,NSW,2754,north-richmond-nsw-2754,House,2,0,0,0,7,520,,0,0
North Richmond,NSW,2754,north-richmond-nsw-2754,House,3,915000,20,0,33,650,3.69,798000,1220600
North Richmond,NSW,2754,north-richmond-nsw-2754,House,4,1322000,54,0,57,810,3.19,958000,1880000
North Richmond,NSW,2754,north-richmond-nsw-2754,House,5,1460000,57,0,24,0,,1161250,1974250
North Richmond,NSW,2754,north-richmond-nsw-2754,Unit,1,0,0,0,0,0,,0,0
North Richmond,NSW,2754,north-richmond-nsw-2754,Unit,2,0,0,0,5,520,,0,0
North Richmond,NSW,2754,north-richmond-nsw-2754,Unit,3,0,0,0,3,0,,0,0
Petersham,NSW,2049,petersham-nsw-2049,House,2,1780000,0,0.875,22,895,2.61,1407900,1975850
Petersham,NSW,2049,petersham-nsw-2049,House,3,2100000,50,0.7222222222222222,39,1250,3.1,1369000,2968000
Petersham,NSW,2049,petersham-nsw-2049,House,4,2919500,0,0.5789473684210527,14,1450,2.58,2107500,3851250
Petersham,NSW,2049,petersham-nsw-2049,House,5,0,0,0,9,0,,0,0
Petersham,NSW,2049,petersham-nsw-2049,Unit,1,792500,38,0.6451612903225806,49,620,4.07,573500,973000
Petersham,NSW,2049,petersham-nsw-2049,Unit,2,1222500,53,0.775,56,750,3.19,786250,1468750
Petersham,NSW,2049,petersham-nsw-2049,Unit,3,0,0,0,1,950,,0,0
Rooty Hill,NSW,2766,rooty-hill-nsw-2766,House,2,0,0,0,8,550,,0,0
Rooty Hill,NSW,2766,rooty-hill-nsw-2766,House,3,940000,21,0.6666666666666666,87,650,3.6,777750,1440625
Rooty Hill,NSW,2766,rooty-hill-nsw-2766,House,4,967500,28,0.5333333333333333,57,780,4.19,838750,1452375
Rooty Hill,NSW,2766,rooty-hill-nsw-2766,House,5,1311250,27,0.4,14,900,3.57,1052750,1614250
Rooty Hill,NSW,2766,rooty-hill-nsw-2766,Unit,1,0,0,0,1,0,,0,0
Rooty Hill,NSW,2766,rooty-hill-nsw-2766,Unit,2,0,0,0,8,520,,0,0
Rooty Hill,NSW,2766,rooty-hill-nsw-2766,Unit,3,835000,11,0,13,708,4.41,547000,875000
Willoughby,NSW,2068,willoughby-nsw-2068,House,2,0,0,0,3,1000,,0,0
Willoughby,NSW,2068,willoughby-nsw-2068,House,3,3045000,0,0.5,22,1250,2.13,2561250,4247500
Willoughby,NSW,2068,willoughby-nsw-2068,House,4,4200000,0,0.5357142857142857,23,1788,2.21,2826000,5570000
Willoughby,NSW,2068,willoughby-nsw-2068,House,5,4710000,0,0.43478260869565216,15,2575,2.84,3137500,5295000
Willoughby,NSW,2068,willoughby-nsw-2068,Unit,1,795000,36,0,18,610,3.99,303500,973500
Willoughby,NSW,2068,willoughby-nsw-2068,Unit,2,1380000,50,0.75,44,978,3.69,881875,1614593
Willoughby,NSW,2068,willoughby-nsw-2068,Unit,3,2100000,63,0.4,45,1275,3.16,1401000,3570000
Adamstown Heights,NSW,2289,adamstown-heights-nsw-2289,House,2,0,0,0,5,0,,0,0
Adamstown Heights,NSW,2289,adamstown-heights-nsw-2289,House,3,1200000,18,0.9230769230769231,56,750,3.25,847500,1458750
Adamstown Heights,NSW,2289,adamstown-heights-nsw-2289,House,4,1542500,22,0,32,950,3.2,1039500,2333750
Adamstown Heights,NSW,2289,adamstown-heights-nsw-2289,House,5,1450000,27,0,17,0,,1180000,2063000
Adamstown Heights,NSW,2289,adamstown-heights-nsw-2289,Unit,1,0,0,0,0,0,,0,0
Adamstown Heights,NSW,2289,adamstown-heights-nsw-2289,Unit,2,0,0,0,2,0,,0,0
Adamstown Heights,NSW,2289,adamstown-heights-nsw-2289,Unit,3,0,0,0,1,0,,0,0
Bungendore,NSW,2621,bungendore-nsw-2621,House,2,0,0,0,6,0,,0,0
Bungendore,NSW,2621,bungendore-nsw-2621,House,3,843750,43,0,22,630,3.88,685750,1137372
Bungendore,NSW,2621,bungendore-nsw-2621,House,4,1135000,64,0,68,875,4.01,828675,1450000
Bungendore,NSW,2621,bungendore-nsw-2621,House,5,0,0,0,5,0,,0,0
Bungendore,NSW,2621,bungendore-nsw-2621,Unit,1,0,0,0,0,0,,0,0
Bungendore,NSW,2621,bungendore-nsw-2621,Unit,2,0,0,0,1,0,,0,0
Bungendore,NSW,2621,bungendore-nsw-2621,Unit,3,0,0,0,0,0,,0,0
Croydon Park,NSW,2133,croydon-park-nsw-2133,House,2,1565000,0,0.8571428571428571,15,710,2.36,998500,1916500
Croydon Park,NSW,2133,croydon-park-nsw-2133,House,3,1925000,0,0.8043478260869565,47,950,2.57,1388000,2690500
Croydon Park,NSW,2133,croydon-park-nsw-2133,House,4,2555000,0,0.5357142857142857,22,1150,2.34,1438000,3290000
Croydon Park,NSW,2133,croydon-park-nsw-2133,House,5,2635000,0,0.6190476190476191,17,0,,1906000,3312000
Croydon Park,NSW,2133,croydon-park-nsw-2133,Unit,1,0,0,0,9,475,,0,0
Croydon Park,NSW,2133,croydon-park-nsw-2133,Unit,2,780000,23,0.8076923076923077,47,600,4.0,559300,909400
Croydon Park,NSW,2133,croydon-park-nsw-2133,Unit,3,0,0,0,2,0,,0,0
Culburra Beach,NSW,2540,culburra-beach-nsw-2540,House,2,750000,53,0,18,480,3.33,685500,1338500
Culburra Beach,NSW,2540,culburra-beach-nsw-2540,House,3,960000,64,0.4166666666666667,42,585,3.17,701000,2508250
Culburra Beach,NSW,2540,culburra-beach-nsw-2540,House,4,1300925,111,0,22,680,2.72,883000,2340000
Culburra Beach,NSW,2540,culburra-beach-nsw-2540,House,5,1437500,0,0,10,0,,932000,5125000
Culburra Beach,NSW,2540,culburra-beach-nsw-2540,Unit,1,0,0,0,0,0,,0,0
Culburra Beach,NSW,2540,culburra-beach-nsw-2540,Unit,2,0,0,0,1,0,,0,0
Culburra Beach,NSW,2540,culburra-beach-nsw-2540,Unit,3,0,0,0,2,0,,0,0
Currans Hill,NSW,2567,currans-hill-nsw-2567,House,2,0,0,0,2,0,,0,0
Currans Hill,NSW,2567,currans-hill-nsw-2567,House,3,1005500,8,0,39,640,3.31,853600,1120450
Currans Hill,NSW,2567,currans-hill-nsw-2567,House,4,1105500,17,0,28,750,3.53,931700,1744750
Currans Hill,NSW,2567,currans-hill-nsw-2567,House,5,0,0,0,6,0,,0,0
Figtree,NSW,2525,figtree-nsw-2525,House,2,0,0,0,5,625,,0,0
Figtree,NSW,2525,figtree-nsw-2525,House,3,1125500,19,0.6363636363636364,62,750,3.47,801750,1400000
Figtree,NSW,2525,figtree-nsw-2525,House,4,1310000,27,0.47619047619047616,62,898,3.56,1041500,2142500
Figtree,NSW,2525,figtree-nsw-2525,House,5,1360000,26,0,19,1075,4.11,1064000,2979000
Figtree,NSW,2525,figtree-nsw-2525,Unit,1,0,0,0,0,0,,0,0
Figtree,NSW,2525,figtree-nsw-2525,Unit,2,602500,18,0,12,540,4.66,345750,839500
Figtree,NSW,2525,figtree-nsw-2525,Unit,3,0,0,0,8,0,,0,0
Glenfield Park,NSW,2650,glenfield-park-nsw-2650,House,2,536000,0,0,11,0,,457500,743000
Glenfield Park,NSW,2650,glenfield-park-nsw-2650,House,3,671135,23,0,76,550,4.26,590000,717375
Glenfield Park,NSW,2650,glenfield-park-nsw-2650,House,4,731400,23,0,38,620,4.41,614500,849800
Glenfield Park,NSW,2650,glenfield-park-nsw-2650,House,5,0,0,0,2,0,,0,0
Glenfield Park,NSW,2650,glenfield-park-nsw-2650,Unit,1,0,0,0,1,0,,0,0
Glenfield Park,NSW,2650,glenfield-park-nsw-2650,Unit,2,0,0,0,6,430,,0,0
Glenfield Park,NSW,2650,glenfield-park-nsw-2650,Unit,3,0,0,0,2,0,,0,0
Greenacre,NSW,2190,greenacre-nsw-2190,House,2,0,0,0,8,630,,0,0
Greenacre,NSW,2190,greenacre-nsw-2190,House,3,1360000,43,0.6865671641791045,91,850,3.25,861250,1817750
Greenacre,NSW,2190,greenacre-nsw-2190,House,4,1600000,43,0.5147058823529411,68,1100,3.57,1119800,2204200
Greenacre,NSW,2190,greenacre-nsw-2190,House,5,1745000,45,0.4594594594594595,54,1300,3.87,1312750,2505000
Greenacre,NSW,2190,greenacre-nsw-2190,Unit,1,0,0,0,5,580,,0,0
Greenacre,NSW,2190,greenacre-nsw-2190,Unit,2,670000,0,0,11,690,5.36,530000,799000
Greenacre,NSW,2190,greenacre-nsw-2190,Unit,3,820000,33,0,29,785,4.98,489000,1102000
Kiama,NSW,2533,kiama-nsw-2533,House,2,1175000,0,0,11,650,2.88,739000,1782500
Kiama,NSW,2533,kiama-nsw-2533,House,3,1200000,50,0,57,800,3.47,950000,2021000
Kiama,NSW,2533,kiama-nsw-2533,House,4,1827500,73,0.25,40,860,2.45,1235500,3952500
Kiama,NSW,2533,kiama-nsw-2533,House,5,1775000,94,0,13,0,,1490000,3530000
Kiama,NSW,2533,kiama-nsw-2533,Unit,1,512500,0,0,10,490,4.97,403750,885250
Kiama,NSW,2533,kiama-nsw-2533,Unit,2,800000,26,0,22,608,3.95,701750,1692500
Kiama,NSW,2533,kiama-nsw-2533,Unit,3,1450000,77,0,28,750,2.69,891250,3857500
Lochinvar,NSW,2321,lochinvar-nsw-2321,House,2,0,0,0,3,500,,0,0
Lochinvar,NSW,2321,lochinvar-nsw-2321,House,3,767500,27,0,30,620,4.2,680750,1154000
Lochinvar,NSW,2321,lochinvar-nsw-2321,House,4,910000,55,0,121,750,4.29,716250,1350000
Lochinvar,NSW,2321,lochinvar-nsw-2321,House,5,1053500,0,0,10,830,4.1,883350,1712000
Lochinvar,NSW,2321,lochinvar-nsw-2321,Unit,1,0,0,0,0,0,,0,0
Lochinvar,NSW,2321,lochinvar-nsw-2321,Unit,2,0,0,0,0,520,,0,0
Lochinvar,NSW,2321,lochinvar-nsw-2321,Unit,3,0,0,0,3,0,,0,0
Stanhope Gardens,NSW,2768,stanhope-gardens-nsw-2768,House,2,0,0,0,2,0,,0,0
Stanhope Gardens,NSW,2768,stanhope-gardens-nsw-2768,House,3,1300000,24,0,27,800,3.2,1067100,1430000
Stanhope Gardens,NSW,2768,stanhope-gardens-nsw-2768,House,4,1540000,43,0.48148148148148145,37,890,3.01,1020800,1948000
Stanhope Gardens,NSW,2768,stanhope-gardens-nsw-2768,House,5,1960000,57,0.5625,27,1100,2.92,1608000,2431300
Thrumster,NSW,2444,thrumster-nsw-2444,House,2,0,0,0,5,490,,0,0
Thrumster,NSW,2444,thrumster-nsw-2444,House,3,817500,29,0,35,660,4.2,699750,971750
Thrumster,NSW,2444,thrumster-nsw-2444,House,4,955000,35,0,74,750,4.08,781200,1200000
Thrumster,NSW,2444,thrumster-nsw-2444,House,5,0,0,0,2,0,,0,0
Dapto,NSW,2530,dapto-nsw-2530,House,2,0,0,0,4,550,,0,0
Dapto,NSW,2530,dapto-nsw-2530,House,3,830000,19,0,102,680,4.26,720400,1074250
Dapto,NSW,2530,dapto-nsw-2530,House,4,940000,22,0,46,770,4.26,742500,1316500
Dapto,NSW,2530,dapto-nsw-2530,House,5,1050000,23,0,13,875,4.33,871800,1332000
Dapto,NSW,2530,dapto-nsw-2530,Unit,1,0,0,0,0,430,,0,0
Dapto,NSW,2530,dapto-nsw-2530,Unit,2,0,0,0,7,530,,0,0
Dapto,NSW,2530,dapto-nsw-2530,Unit,3,0,0,0,9,0,,0,0
Forbes,NSW,2871,forbes-nsw-2871,House,2,363750,81,0,16,340,4.86,213000,546250
Forbes,NSW,2871,forbes-nsw-2871,House,3,420000,55,0.5238095238095238,82,425,5.26,235500,707250
Forbes,NSW,2871,forbes-nsw-2871,House,4,645000,140,0.5714285714285714,54,495,3.99,352400,1040250
Forbes,NSW,2871,forbes-nsw-2871,House,5,0,0,0,6,0,,0,0
Forbes,NSW,2871,forbes-nsw-2871,Unit,1,0,0,0,1,205,,0,0
Forbes,NSW,2871,forbes-nsw-2871,Unit,2,0,0,0,4,330,,0,0
Forbes,NSW,2871,forbes-nsw-2871,Unit,3,0,0,0,1,0,,0,0
Greystanes,NSW,2145,greystanes-nsw-2145,House,2,0,0,0,3,550,,0,0
Greystanes,NSW,2145,greystanes-nsw-2145,House,3,1437000,30,0.6612903225806451,107,750,2.71,958750,1708000
Greystanes,NSW,2145,greystanes-nsw-2145,House,4,1514000,39,0.5555555555555556,104,950,3.26,1152500,2000000
Greystanes,NSW,2145,greystanes-nsw-2145,House,5,1680000,61,0.40816326530612246,65,1100,3.4,1421000,2917500
Greystanes,NSW,2145,greystanes-nsw-2145,Unit,1,0,0,0,0,410,,0,0
Greystanes,NSW,2145,greystanes-nsw-2145,Unit,2,0,0,0,3,580,,0,0
Greystanes,NSW,2145,greystanes-nsw-2145,Unit,3,0,0,0,6,0,,0,0
Hunters Hill,NSW,2110,hunters-hill-nsw-2110,House,2,0,0,0,3,0,,0,0
Hunters Hill,NSW,2110,hunters-hill-nsw-2110,House,3,3100000,0,0.6818181818181818,23,1200,2.01,2396500,5757500
Hunters Hill,NSW,2110,hunters-hill-nsw-2110,House,4,4032500,42,0.6086956521739131,41,1750,2.26,2821750,13009400
Hunters Hill,NSW,2110,hunters-hill-nsw-2110,House,5,6255000,32,0.6595744680851063,42,2775,2.31,3404000,11665000
Hunters Hill,NSW,2110,hunters-hill-nsw-2110,Unit,1,0,0,0,4,578,,0,0
Hunters Hill,NSW,2110,hunters-hill-nsw-2110,Unit,2,875000,0,0,19,750,4.46,625200,1425000
Hunters Hill,NSW,2110,hunters-hill-nsw-2110,Unit,3,0,0,0,5,0,,0,0
Peakhurst,NSW,2210,peakhurst-nsw-2210,House,2,0,0,0,6,700,,0,0
Peakhurst,NSW,2210,peakhurst-nsw-2210,House,3,1525000,35,0.625,43,800,2.73,1160759,2046500
Peakhurst,NSW,2210,peakhurst-nsw-2210,House,4,1710000,44,0.7037037037037037,43,1085,3.3,1302000,2209000
Peakhurst,NSW,2210,peakhurst-nsw-2210,House,5,2030000,32,0.75,27,1298,3.32,1517400,2367500
Peakhurst,NSW,2210,peakhurst-nsw-2210,Unit,1,623250,0,0,10,570,4.76,554025,655500
Peakhurst,NSW,2210,peakhurst-nsw-2210,Unit,2,812500,25,0,41,720,4.61,659500,1251250
Peakhurst,NSW,2210,peakhurst-nsw-2210,Unit,3,1235000,0,0,11,900,3.79,942500,1500000
Waratah,NSW,2298,waratah-nsw-2298,House,2,860000,0,0,13,630,3.81,654920,963200
Waratah,NSW,2298,waratah-nsw-2298,House,3,982500,17,0,38,700,3.7,825500,1217250
Waratah,NSW,2298,waratah-nsw-2298,House,4,0,0,0,9,850,,0,0
Waratah,NSW,2298,waratah-nsw-2298,House,5,0,0,0,0,0,,0,0
Waratah,NSW,2298,waratah-nsw-2298,Unit,1,0,0,0,1,440,,0,0
Waratah,NSW,2298,waratah-nsw-2298,Unit,2,731000,0,0,12,550,3.91,498000,775000
Waratah,NSW,2298,waratah-nsw-2298,Unit,3,0,0,0,0,0,,0,0
Fern Bay,NSW,2295,fern-bay-nsw-2295,House,2,0,0,0,9,0,,0,0
Fern Bay,NSW,2295,fern-bay-nsw-2295,House,3,815000,24,0,13,0,,458000,1177800
Fern Bay,NSW,2295,fern-bay-nsw-2295,House,4,1007500,22,0,40,778,4.02,849750,1476250
Fern Bay,NSW,2295,fern-bay-nsw-2295,House,5,1337500,22,0,10,0,,1111250,1706500
Fern Bay,NSW,2295,fern-bay-nsw-2295,Unit,1,0,0,0,1,0,,0,0
Fern Bay,NSW,2295,fern-bay-nsw-2295,Unit,2,0,0,0,0,0,,0,0
Fern Bay,NSW,2295,fern-bay-nsw-2295,Unit,3,0,0,0,3,0,,0,0
Flinders,NSW,2529,flinders-nsw-2529,House,2,0,0,0,6,600,,0,0
Flinders,NSW,2529,flinders-nsw-2529,House,3,932500,28,0,35,750,4.18,832525,1238250
Flinders,NSW,2529,flinders-nsw-2529,House,4,1161802,31,0,35,870,3.89,970000,1526500
Flinders,NSW,2529,flinders-nsw-2529,House,5,0,0,0,9,0,,0,0
Flinders,NSW,2529,flinders-nsw-2529,Unit,1,0,0,0,0,0,,0,0
Flinders,NSW,2529,flinders-nsw-2529,Unit,2,0,0,0,5,0,,0,0
Flinders,NSW,2529,flinders-nsw-2529,Unit,3,0,0,0,7,0,,0,0
Kellyville Ridge,NSW,2155,kellyville-ridge-nsw-2155,House,2,0,0,0,0,0,,0,0
Kellyville Ridge,NSW,2155,kellyville-ridge-nsw-2155,House,3,1330000,0,0,12,825,3.23,1143000,1410250
Kellyville Ridge,NSW,2155,kellyville-ridge-nsw-2155,House,4,1600000,47,0.5555555555555556,62,890,2.89,1355000,1870000
Kellyville Ridge,NSW,2155,kellyville-ridge-nsw-2155,House,5,1965000,23,0,20,970,2.57,1633250,2178700
Kellyville Ridge,NSW,2155,kellyville-ridge-nsw-2155,Unit,1,0,0,0,7,540,,0,0
Kellyville Ridge,NSW,2155,kellyville-ridge-nsw-2155,Unit,2,567500,35,0,22,628,5.75,500500,686075
Kellyville Ridge,NSW,2155,kellyville-ridge-nsw-2155,Unit,3,0,0,0,7,749,,0,0
Lindfield,NSW,2070,lindfield-nsw-2070,House,2,0,0,0,5,0,,0,0
Lindfield,NSW,2070,lindfield-nsw-2070,House,3,2730000,0,0.3076923076923077,11,1548,2.95,1875000,16067347
Lindfield,NSW,2070,lindfield-nsw-2070,House,4,3810000,69,0.48148148148148145,46,1600,2.18,2450000,13716528
Lindfield,NSW,2070,lindfield-nsw-2070,House,5,5700000,89,0.4222222222222222,36,2000,1.82,2875000,8488500
Lindfield,NSW,2070,lindfield-nsw-2070,Unit,1,846000,53,0.7,23,720,4.43,607000,1190000
Lindfield,NSW,2070,lindfield-nsw-2070,Unit,2,1058500,37,0.4716981132075472,68,900,4.42,827000,1846000
Lindfield,NSW,2070,lindfield-nsw-2070,Unit,3,1530000,79,0.4090909090909091,37,1400,4.76,1185000,2995340
Old Bar,NSW,2430,old-bar-nsw-2430,House,2,576250,0,0,11,520,4.69,505750,848000
Old Bar,NSW,2430,old-bar-nsw-2430,House,3,735000,35,0,49,610,4.32,589000,958000
Old Bar,NSW,2430,old-bar-nsw-2430,House,4,890000,49,0,44,700,4.09,766000,1473250
Old Bar,NSW,2430,old-bar-nsw-2430,House,5,0,0,0,9,0,,0,0
Old Bar,NSW,2430,old-bar-nsw-2430,Unit,1,0,0,0,2,0,,0,0
Old Bar,NSW,2430,old-bar-nsw-2430,Unit,2,431000,0,0,13,480,5.79,377080,566000
Old Bar,NSW,2430,old-bar-nsw-2430,Unit,3,0,0,0,9,600,,0,0
Pottsville,NSW,2489,pottsville-nsw-2489,House,2,0,0,0,3,0,,0,0
Pottsville,NSW,2489,pottsville-nsw-2489,House,3,1195000,40,0,54,830,3.61,910000,1922000
Pottsville,NSW,2489,pottsville-nsw-2489,House,4,1500000,58,0,76,1150,3.99,1197150,2180000
Pottsville,NSW,2489,pottsville-nsw-2489,House,5,1765000,39,0,18,0,,1433350,4010000
Pottsville,NSW,2489,pottsville-nsw-2489,Unit,1,0,0,0,3,0,,0,0
Pottsville,NSW,2489,pottsville-nsw-2489,Unit,2,0,0,0,5,0,,0,0
Pottsville,NSW,2489,pottsville-nsw-2489,Unit,3,0,0,0,7,0,,0,0
Scone,NSW,2337,scone-nsw-2337,House,2,0,0,0,7,0,,0,0
Scone,NSW,2337,scone-nsw-2337,House,3,588500,29,0,52,580,5.12,503850,752250
Scone,NSW,2337,scone-nsw-2337,House,4,740000,45,0,32,690,4.85,568750,969500
Scone,NSW,2337,scone-nsw-2337,House,5,0,0,0,8,0,,0,0
Scone,NSW,2337,scone-nsw-2337,Unit,1,0,0,0,0,0,,0,0
Scone,NSW,2337,scone-nsw-2337,Unit,2,0,0,0,6,0,,0,0
Scone,NSW,2337,scone-nsw-2337,Unit,3,0,0,0,5,0,,0,0
Belmont,NSW,2280,belmont-nsw-2280,House,2,710000,37,0,16,590,4.32,357500,1575000
Belmont,NSW,2280,belmont-nsw-2280,House,3,910000,28,0,48,720,4.11,772400,1325500
Belmont,NSW,2280,belmont-nsw-2280,House,4,1345000,27,0,28,900,3.48,930250,2212000
Belmont,NSW,2280,belmont-nsw-2280,House,5,1300000,58,0,11,0,,1020000,2212500
Belmont,NSW,2280,belmont-nsw-2280,Unit,1,0,0,0,8,445,,0,0
Belmont,NSW,2280,belmont-nsw-2280,Unit,2,662500,27,0,10,480,3.77,488700,870250
Belmont,NSW,2280,belmont-nsw-2280,Unit,3,0,0,0,8,0,,0,0
Beresfield,NSW,2322,beresfield-nsw-2322,House,2,0,0,0,7,550,,0,0
Beresfield,NSW,2322,beresfield-nsw-2322,House,3,775000,16,0,45,620,4.16,630000,864000
Beresfield,NSW,2322,beresfield-nsw-2322,House,4,850000,0,0,11,680,4.16,697500,2455000
Beresfield,NSW,2322,beresfield-nsw-2322,House,5,0,0,0,1,0,,0,0
Beresfield,NSW,2322,beresfield-nsw-2322,Unit,1,0,0,0,0,0,,0,0
Beresfield,NSW,2322,beresfield-nsw-2322,Unit,2,0,0,0,4,510,,0,0
Beresfield,NSW,2322,beresfield-nsw-2322,Unit,3,0,0,0,0,0,,0,0
Minto,NSW,2566,minto-nsw-2566,House,2,730000,19,0,11,520,3.7,457500,1340500
Minto,NSW,2566,minto-nsw-2566,House,3,926000,18,0,55,650,3.65,778700,1420200
Minto,NSW,2566,minto-nsw-2566,House,4,1134250,26,0,55,750,3.44,934750,1457750
Minto,NSW,2566,minto-nsw-2566,House,5,1260000,0,0,12,820,3.38,988500,1920250
Minto,NSW,2566,minto-nsw-2566,Unit,1,0,0,0,0,0,,0,0
Minto,NSW,2566,minto-nsw-2566,Unit,2,0,0,0,9,500,,0,0
Minto,NSW,2566,minto-nsw-2566,Unit,3,0,0,0,6,0,,0,0
Mittagong,NSW,2575,mittagong-nsw-2575,House,2,760000,0,0,10,580,3.97,653750,950500
Mittagong,NSW,2575,mittagong-nsw-2575,House,3,987500,43,0,46,695,3.66,748000,1622500
Mittagong,NSW,2575,mittagong-nsw-2575,House,4,1320000,96,0.14285714285714285,45,820,3.23,906000,2510000
Mittagong,NSW,2575,mittagong-nsw-2575,House,5,0,0,0,7,0,,0,0
Mittagong,NSW,2575,mittagong-nsw-2575,Unit,1,0,0,0,2,0,,0,0
Mittagong,NSW,2575,mittagong-nsw-2575,Unit,2,642500,0,0,10,535,4.33,535350,1121325
Mittagong,NSW,2575,mittagong-nsw-2575,Unit,3,0,0,0,5,0,,0,0
Nambucca Heads,NSW,2448,nambucca-heads-nsw-2448,House,2,435250,37,0,22,498,5.95,225000,682750
Nambucca Heads,NSW,2448,nambucca-heads-nsw-2448,House,3,725000,49,0,59,585,4.2,559000,945000
Nambucca Heads,NSW,2448,nambucca-heads-nsw-2448,House,4,820000,72,0,39,680,4.31,519000,1255000
Nambucca Heads,NSW,2448,nambucca-heads-nsw-2448,House,5,985000,122,0,11,0,,800000,1187500
Nambucca Heads,NSW,2448,nambucca-heads-nsw-2448,Unit,1,0,0,0,4,340,,0,0
Nambucca Heads,NSW,2448,nambucca-heads-nsw-2448,Unit,2,500000,53,0,21,415,4.32,376500,660000
Nambucca Heads,NSW,2448,nambucca-heads-nsw-2448,Unit,3,0,0,0,6,488,,0,0
Stockton,NSW,2295,stockton-nsw-2295,House,2,980000,0,0,10,0,,762775,1155000
Stockton,NSW,2295,stockton-nsw-2295,House,3,1205000,34,0,38,700,3.02,1018000,1816500
Stockton,NSW,2295,stockton-nsw-2295,House,4,1500000,66,0,26,808,2.8,1115000,2130400
Stockton,NSW,2295,stockton-nsw-2295,House,5,0,0,0,3,0,,0,0
Stockton,NSW,2295,stockton-nsw-2295,Unit,1,0,0,0,0,0,,0,0
Stockton,NSW,2295,stockton-nsw-2295,Unit,2,0,0,0,1,0,,0,0
Stockton,NSW,2295,stockton-nsw-2295,Unit,3,0,0,0,0,0,,0,0
Toongabbie,NSW,2146,toongabbie-nsw-2146,House,2,775000,39,0,12,595,3.99,675525,1706750
Toongabbie,NSW,2146,toongabbie-nsw-2146,House,3,1230000,21,0.7547169811320755,92,710,3.0,853750,1588000
Toongabbie,NSW,2146,toongabbie-nsw-2146,House,4,1460000,24,0.8108108108108109,54,850,3.03,990453,1810050
Toongabbie,NSW,2146,toongabbie-nsw-2146,House,5,1542000,0,0.8,17,1100,3.71,1116000,1965200
Toongabbie,NSW,2146,toongabbie-nsw-2146,Unit,1,440000,46,0,13,530,6.26,416000,520000
Toongabbie,NSW,2146,toongabbie-nsw-2146,Unit,2,540000,46,0,88,630,6.07,440000,683500
Toongabbie,NSW,2146,toongabbie-nsw-2146,Unit,3,772500,38,0,32,750,5.05,621275,976750
Wadalba,NSW,2259,wadalba-nsw-2259,House,2,0,0,0,3,520,,0,0
Wadalba,NSW,2259,wadalba-nsw-2259,House,3,0,0,0,6,670,,0,0
Wadalba,NSW,2259,wadalba-nsw-2259,House,4,1000000,19,0,67,760,3.95,848000,1200000
Wadalba,NSW,2259,wadalba-nsw-2259,House,5,0,0,0,9,0,,0,0
Wamberal,NSW,2260,wamberal-nsw-2260,House,2,0,0,0,4,623,,0,0
Wamberal,NSW,2260,wamberal-nsw-2260,House,3,1320000,41,0,29,778,3.06,964000,3060000
Wamberal,NSW,2260,wamberal-nsw-2260,House,4,1850000,63,0.19047619047619047,46,925,2.6,1016250,3432500
Wamberal,NSW,2260,wamberal-nsw-2260,House,5,1827500,72,0.45454545454545453,20,1300,3.7,1457500,3430000
Wamberal,NSW,2260,wamberal-nsw-2260,Unit,1,0,0,0,0,0,,0,0
Wamberal,NSW,2260,wamberal-nsw-2260,Unit,2,0,0,0,2,580,,0,0
Wamberal,NSW,2260,wamberal-nsw-2260,Unit,3,0,0,0,2,0,,0,0
Alstonville,NSW,2477,alstonville-nsw-2477,House,2,0,0,0,6,0,,0,0
Alstonville,NSW,2477,alstonville-nsw-2477,House,3,925000,30,0,43,705,3.96,719800,1249500
Alstonville,NSW,2477,alstonville-nsw-2477,House,4,1160000,37,0,38,0,,898500,1766250
Alstonville,NSW,2477,alstonville-nsw-2477,House,5,0,0,0,9,0,,0,0
Alstonville,NSW,2477,alstonville-nsw-2477,Unit,1,0,0,0,0,0,,0,0
Alstonville,NSW,2477,alstonville-nsw-2477,Unit,2,660000,31,0,21,545,4.29,515000,800000
Alstonville,NSW,2477,alstonville-nsw-2477,Unit,3,760000,0,0,12,0,,698300,856750
Green Point,NSW,2251,green-point-nsw-2251,House,2,0,0,0,9,0,,0,0
Green Point,NSW,2251,green-point-nsw-2251,House,3,1055000,20,0,37,700,3.45,792000,1438000
Green Point,NSW,2251,green-point-nsw-2251,House,4,1350000,22,0,47,920,3.54,1185500,1975000
Green Point,NSW,2251,green-point-nsw-2251,House,5,0,0,0,9,1038,,0,0
Mount Colah,NSW,2079,mount-colah-nsw-2079,House,2,0,0,0,4,600,,0,0
Mount Colah,NSW,2079,mount-colah-nsw-2079,House,3,1478500,21,0.7272727272727273,37,800,2.81,1276666,1762500
Mount Colah,NSW,2079,mount-colah-nsw-2079,House,4,1740000,48,0.5428571428571428,43,1020,3.05,1328700,1997000
Mount Colah,NSW,2079,mount-colah-nsw-2079,House,5,1972500,47,0.2,16,0,,1493750,2545000
Mount Colah,NSW,2079,mount-colah-nsw-2079,Unit,1,0,0,0,9,580,,0,0
Mount Colah,NSW,2079,mount-colah-nsw-2079,Unit,2,660000,24,0,21,660,5.2,618000,743000
Mount Colah,NSW,2079,mount-colah-nsw-2079,Unit,3,0,0,0,2,0,,0,0
Naremburn,NSW,2065,naremburn-nsw-2065,House,2,0,0,0,7,1100,,0,0
Naremburn,NSW,2065,naremburn-nsw-2065,House,3,2950000,0,0.8,29,1300,2.29,1980000,3864000
Naremburn,NSW,2065,naremburn-nsw-2065,House,4,3600000,0,0.631578947368421,15,1650,2.38,2705000,4975000
Naremburn,NSW,2065,naremburn-nsw-2065,House,5,0,0,0,5,0,,0,0
Naremburn,NSW,2065,naremburn-nsw-2065,Unit,1,851000,26,0,18,720,4.4,489350,989000
Naremburn,NSW,2065,naremburn-nsw-2065,Unit,2,1350000,34,0.6,39,850,3.27,1000415,1823250
Naremburn,NSW,2065,naremburn-nsw-2065,Unit,3,0,0,0,9,1150,,0,0
Ocean Shores,NSW,2483,ocean-shores-nsw-2483,House,2,0,0,0,6,730,,0,0
Ocean Shores,NSW,2483,ocean-shores-nsw-2483,House,3,1200000,48,0,65,950,4.12,927000,1820000
Ocean Shores,NSW,2483,ocean-shores-nsw-2483,House,4,1450000,77,0,23,1100,3.94,1060500,1914500
Ocean Shores,NSW,2483,ocean-shores-nsw-2483,House,5,1400000,0,0,10,0,,1032000,1761000
Ocean Shores,NSW,2483,ocean-shores-nsw-2483,Unit,1,0,0,0,0,0,,0,0
Ocean Shores,NSW,2483,ocean-shores-nsw-2483,Unit,2,0,0,0,8,0,,0,0
Ocean Shores,NSW,2483,ocean-shores-nsw-2483,Unit,3,0,0,0,7,0,,0,0
St Helens Park,NSW,2560,st-helens-park-nsw-2560,House,2,0,0,0,4,500,,0,0
St Helens Park,NSW,2560,st-helens-park-nsw-2560,House,3,900000,13,0,51,600,3.47,677000,1048250
St Helens Park,NSW,2560,st-helens-park-nsw-2560,House,4,1020000,15,0,27,720,3.67,916000,1238500
St Helens Park,NSW,2560,st-helens-park-nsw-2560,House,5,0,0,0,7,0,,0,0
Tullimbar,NSW,2527,tullimbar-nsw-2527,House,2,0,0,0,1,0,,0,0
Tullimbar,NSW,2527,tullimbar-nsw-2527,House,3,875800,27,0,81,750,4.45,819800,953000
Tullimbar,NSW,2527,tullimbar-nsw-2527,House,4,950000,48,0,52,820,4.49,882500,1200000
Tullimbar,NSW,2527,tullimbar-nsw-2527,House,5,0,0,0,7,0,,0,0
Yagoona,NSW,2199,yagoona-nsw-2199,House,2,835000,0,0,13,640,3.99,730000,1311000
Yagoona,NSW,2199,yagoona-nsw-2199,House,3,1340000,30,0.6326530612244898,48,760,2.95,860100,1664000
Yagoona,NSW,2199,yagoona-nsw-2199,House,4,1503750,45,0.6590909090909091,48,985,3.41,1122875,2287500
Yagoona,NSW,2199,yagoona-nsw-2199,House,5,1620000,51,0.43478260869565216,35,1300,4.17,1300500,2642500
Yagoona,NSW,2199,yagoona-nsw-2199,Unit,1,0,0,0,8,410,,0,0
Yagoona,NSW,2199,yagoona-nsw-2199,Unit,2,600000,21,0,39,600,5.2,489000,795500
Yagoona,NSW,2199,yagoona-nsw-2199,Unit,3,0,0,0,7,730,,0,0
Beaumont Hills,NSW,2155,beaumont-hills-nsw-2155,House,2,0,0,0,0,0,,0,0
Beaumont Hills,NSW,2155,beaumont-hills-nsw-2155,House,3,0,0,0,6,0,,0,0
Beaumont Hills,NSW,2155,beaumont-hills-nsw-2155,House,4,1800095,25,0.6,47,990,2.86,1495500,2349000
Beaumont Hills,NSW,2155,beaumont-hills-nsw-2155,House,5,2125000,27,0,29,1200,2.94,1814000,2575000
Bonnells Bay,NSW,2264,bonnells-bay-nsw-2264,House,2,0,0,0,6,0,,0,0
Bonnells Bay,NSW,2264,bonnells-bay-nsw-2264,House,3,835000,16,0,25,618,3.85,666000,1032000
Bonnells Bay,NSW,2264,bonnells-bay-nsw-2264,House,4,1001000,18,0,45,730,3.79,772000,1559000
Bonnells Bay,NSW,2264,bonnells-bay-nsw-2264,House,5,0,0,0,7,0,,0,0
Bonnells Bay,NSW,2264,bonnells-bay-nsw-2264,Unit,1,0,0,0,0,0,,0,0
Bonnells Bay,NSW,2264,bonnells-bay-nsw-2264,Unit,2,0,0,0,0,0,,0,0
Bonnells Bay,NSW,2264,bonnells-bay-nsw-2264,Unit,3,0,0,0,3,0,,0,0
Forestville,NSW,2087,forestville-nsw-2087,House,2,0,0,0,5,0,,0,0
Forestville,NSW,2087,forestville-nsw-2087,House,3,2350000,35,0.76,36,1175,2.6,1803500,3017600
Forestville,NSW,2087,forestville-nsw-2087,House,4,2515000,26,0.5416666666666666,25,1400,2.89,1930000,3640000
Forestville,NSW,2087,forestville-nsw-2087,House,5,3140000,45,0.45714285714285713,28,1725,2.86,2001000,4063000
Forestville,NSW,2087,forestville-nsw-2087,Unit,1,0,0,0,1,520,,0,0
Forestville,NSW,2087,forestville-nsw-2087,Unit,2,0,0,0,4,850,,0,0
Forestville,NSW,2087,forestville-nsw-2087,Unit,3,0,0,0,2,0,,0,0
South Nowra,NSW,2541,south-nowra-nsw-2541,House,2,0,0,0,6,465,,0,0
South Nowra,NSW,2541,south-nowra-nsw-2541,House,3,630000,64,0,31,590,4.87,550000,957500
South Nowra,NSW,2541,south-nowra-nsw-2541,House,4,960000,48,0,47,685,3.71,737100,1160500
South Nowra,NSW,2541,south-nowra-nsw-2541,House,5,0,0,0,6,0,,0,0
Springwood,NSW,2777,springwood-nsw-2777,House,2,911250,19,0,12,0,,728050,986300
Springwood,NSW,2777,springwood-nsw-2777,House,3,1050000,14,0,52,650,3.22,885000,1227000
Springwood,NSW,2777,springwood-nsw-2777,House,4,1267500,32,0,36,830,3.41,925000,1856250
Springwood,NSW,2777,springwood-nsw-2777,House,5,1400000,46,0,15,0,,1191000,2074000
Thirroul,NSW,2515,thirroul-nsw-2515,House,2,1535000,0,0,10,0,,812500,2377000
Thirroul,NSW,2515,thirroul-nsw-2515,House,3,1637500,33,0,39,1063,3.38,1197750,2336250
Thirroul,NSW,2515,thirroul-nsw-2515,House,4,2045000,92,0.25,40,1400,3.56,1439500,3315000
Thirroul,NSW,2515,thirroul-nsw-2515,House,5,2300000,0,0,12,0,,1799783,4346650
Thirroul,NSW,2515,thirroul-nsw-2515,Unit,1,0,0,0,1,0,,0,0
Thirroul,NSW,2515,thirroul-nsw-2515,Unit,2,1210000,37,0,15,700,3.01,839500,1326900
Thirroul,NSW,2515,thirroul-nsw-2515,Unit,3,0,0,0,7,0,,0,0
Waratah West,NSW,2298,waratah-west-nsw-2298,House,2,0,0,0,7,620,,0,0
Waratah West,NSW,2298,waratah-west-nsw-2298,House,3,892500,17,0,68,720,4.19,759990,1170000
Waratah West,NSW,2298,waratah-west-nsw-2298,House,4,0,0,0,9,800,,0,0
Waratah West,NSW,2298,waratah-west-nsw-2298,House,5,0,0,0,0,750,,0,0
Waratah West,NSW,2298,waratah-west-nsw-2298,Unit,1,0,0,0,1,520,,0,0
Waratah West,NSW,2298,waratah-west-nsw-2298,Unit,2,0,0,0,6,0,,0,0
Waratah West,NSW,2298,waratah-west-nsw-2298,Unit,3,0,0,0,1,0,,0,0
Ettalong Beach,NSW,2257,ettalong-beach-nsw-2257,House,2,1025000,44,0,16,550,2.79,500000,1325000
Ettalong Beach,NSW,2257,ettalong-beach-nsw-2257,House,3,1267500,48,0,54,680,2.79,923250,1500000
Ettalong Beach,NSW,2257,ettalong-beach-nsw-2257,House,4,1420000,48,0,17,900,3.3,995000,2770000
Ettalong Beach,NSW,2257,ettalong-beach-nsw-2257,House,5,1838850,0,0,10,0,,1318900,2368750
Ettalong Beach,NSW,2257,ettalong-beach-nsw-2257,Unit,1,450000,67,0,19,440,5.08,397250,666999
Ettalong Beach,NSW,2257,ettalong-beach-nsw-2257,Unit,2,915000,69,0,21,580,3.3,719750,1289750
Ettalong Beach,NSW,2257,ettalong-beach-nsw-2257,Unit,3,1133000,25,0,47,720,3.3,853000,1776900
Five Dock,NSW,2046,five-dock-nsw-2046,House,2,1922500,0,0.6666666666666666,20,863,2.33,1380500,3330000
Five Dock,NSW,2046,five-dock-nsw-2046,House,3,2387500,37,0.5882352941176471,34,1100,2.4,1650000,3592000
Five Dock,NSW,2046,five-dock-nsw-2046,House,4,3300000,0,0.45454545454545453,11,1500,2.36,2687500,4838000
Five Dock,NSW,2046,five-dock-nsw-2046,House,5,3837500,0,0.23076923076923078,12,2275,3.08,2339000,5005000
Five Dock,NSW,2046,five-dock-nsw-2046,Unit,1,0,0,0,6,675,,0,0
Five Dock,NSW,2046,five-dock-nsw-2046,Unit,2,1140500,27,0.7142857142857143,42,820,3.74,952700,1350950
Five Dock,NSW,2046,five-dock-nsw-2046,Unit,3,1575000,42,0,17,1000,3.3,1330000,2111000
Padstow,NSW,2211,padstow-nsw-2211,House,2,1200000,0,0,15,625,2.71,770000,1874000
Padstow,NSW,2211,padstow-nsw-2211,House,3,1477500,41,0.7391304347826086,83,805,2.83,968500,1906550
Padstow,NSW,2211,padstow-nsw-2211,House,4,1629250,30,0.6923076923076923,49,1000,3.19,1316750,2148750
Padstow,NSW,2211,padstow-nsw-2211,House,5,1915000,42,0.4838709677419355,57,1325,3.6,1608800,2563200
Padstow,NSW,2211,padstow-nsw-2211,Unit,1,0,0,0,1,500,,0,0
Padstow,NSW,2211,padstow-nsw-2211,Unit,2,0,0,0,7,620,,0,0
Padstow,NSW,2211,padstow-nsw-2211,Unit,3,1100000,0,0,12,745,3.52,872150,1277300
Salamander Bay,NSW,2317,salamander-bay-nsw-2317,House,2,0,0,0,9,0,,0,0
Salamander Bay,NSW,2317,salamander-bay-nsw-2317,House,3,827500,36,0.42857142857142855,44,680,4.27,655750,1653750
Salamander Bay,NSW,2317,salamander-bay-nsw-2317,House,4,1330000,77,0.5757575757575758,51,810,3.17,907500,2687500
Salamander Bay,NSW,2317,salamander-bay-nsw-2317,House,5,0,0,0,6,0,,0,0
Salamander Bay,NSW,2317,salamander-bay-nsw-2317,Unit,1,0,0,0,1,0,,0,0
Salamander Bay,NSW,2317,salamander-bay-nsw-2317,Unit,2,0,0,0,9,0,,0,0
Salamander Bay,NSW,2317,salamander-bay-nsw-2317,Unit,3,0,0,0,3,0,,0,0
Swansea,NSW,2281,swansea-nsw-2281,House,2,850000,46,0,22,598,3.66,688488,1213250
Swansea,NSW,2281,swansea-nsw-2281,House,3,1000000,42,0,48,723,3.76,803500,1739000
Swansea,NSW,2281,swansea-nsw-2281,House,4,1300000,74,0,31,800,3.2,975000,2550000
Swansea,NSW,2281,swansea-nsw-2281,House,5,0,0,0,6,0,,0,0
Swansea,NSW,2281,swansea-nsw-2281,Unit,1,0,0,0,0,425,,0,0
Swansea,NSW,2281,swansea-nsw-2281,Unit,2,762500,43,0,20,0,,546250,900500
Swansea,NSW,2281,swansea-nsw-2281,Unit,3,0,0,0,2,0,,0,0
Worrigee,NSW,2540,worrigee-nsw-2540,House,2,0,0,0,1,450,,0,0
Worrigee,NSW,2540,worrigee-nsw-2540,House,3,760000,17,0,19,550,3.76,656000,1075000
Worrigee,NSW,2540,worrigee-nsw-2540,House,4,842500,41,0,40,655,4.04,725000,1263500
Worrigee,NSW,2540,worrigee-nsw-2540,House,5,950000,58,0,11,0,,820000,1765000
Worrigee,NSW,2540,worrigee-nsw-2540,Unit,1,0,0,0,0,0,,0,0
Worrigee,NSW,2540,worrigee-nsw-2540,Unit,2,0,0,0,1,0,,0,0
Worrigee,NSW,2540,worrigee-nsw-2540,Unit,3,0,0,0,5,0,,0,0
Wyong,NSW,2259,wyong-nsw-2259,House,2,650000,40,0,12,500,4.0,297000,879638
Wyong,NSW,2259,wyong-nsw-2259,House,3,780275,29,0,30,600,4.0,574850,1105500
Wyong,NSW,2259,wyong-nsw-2259,House,4,975000,26,0,33,695,3.71,774000,1300400
Wyong,NSW,2259,wyong-nsw-2259,House,5,0,0,0,4,0,,0,0
Wyong,NSW,2259,wyong-nsw-2259,Unit,1,0,0,0,0,0,,0,0
Wyong,NSW,2259,wyong-nsw-2259,Unit,2,420000,17,0,16,500,6.19,173750,561250
Wyong,NSW,2259,wyong-nsw-2259,Unit,3,0,0,0,2,0,,0,0
Belmont North,NSW,2280,belmont-north-nsw-2280,House,2,0,0,0,4,0,,0,0
Belmont North,NSW,2280,belmont-north-nsw-2280,House,3,940000,16,0,53,710,3.93,711000,1262000
Belmont North,NSW,2280,belmont-north-nsw-2280,House,4,1166700,15,0,34,0,,905500,1639000
Belmont North,NSW,2280,belmont-north-nsw-2280,House,5,1350000,0,0,10,0,,1050000,2432500
Belmont North,NSW,2280,belmont-north-nsw-2280,Unit,1,0,0,0,0,0,,0,0
Belmont North,NSW,2280,belmont-north-nsw-2280,Unit,2,0,0,0,2,0,,0,0
Belmont North,NSW,2280,belmont-north-nsw-2280,Unit,3,0,0,0,0,0,,0,0
Coogee,NSW,2034,coogee-nsw-2034,House,2,0,0,0,2,0,,0,0
Coogee,NSW,2034,coogee-nsw-2034,House,3,3200000,0,0.7333333333333333,21,1800,2.93,2168000,4151000
Coogee,NSW,2034,coogee-nsw-2034,House,4,4950000,0,0.7142857142857143,19,2200,2.31,2990000,7700000
Coogee,NSW,2034,coogee-nsw-2034,House,5,7280000,0,0.7,16,2800,2.0,3867500,12137500
Coogee,NSW,2034,coogee-nsw-2034,Unit,1,1011250,27,0.6764705882352942,43,800,4.11,817000,2146000
Coogee,NSW,2034,coogee-nsw-2034,Unit,2,1557500,39,0.648854961832061,161,1000,3.34,1050000,2626250
Coogee,NSW,2034,coogee-nsw-2034,Unit,3,2850000,61,0.49295774647887325,62,1500,2.74,1700000,6125000
Cremorne,NSW,2090,cremorne-nsw-2090,House,2,0,0,0,9,1063,,0,0
Cremorne,NSW,2090,cremorne-nsw-2090,House,3,2795000,42,0.6486486486486487,38,1378,2.56,1838000,3882000
Cremorne,NSW,2090,cremorne-nsw-2090,House,4,3850000,0,0.65,21,1975,2.67,2390000,6350000
Cremorne,NSW,2090,cremorne-nsw-2090,House,5,6400000,0,0.5,16,0,,4237500,12087500
Cremorne,NSW,2090,cremorne-nsw-2090,Unit,1,835000,33,0.59375,53,675,4.2,449750,1127000
Cremorne,NSW,2090,cremorne-nsw-2090,Unit,2,1397500,35,0.6759259259259259,127,880,3.27,1077500,2032500
Cremorne,NSW,2090,cremorne-nsw-2090,Unit,3,2055000,42,0.5555555555555556,35,1205,3.05,1376000,3785000
Georgetown,NSW,2298,georgetown-nsw-2298,House,2,0,0,0,6,0,,0,0
Georgetown,NSW,2298,georgetown-nsw-2298,House,3,1185000,29,0,30,790,3.47,791750,1503850
Georgetown,NSW,2298,georgetown-nsw-2298,House,4,0,0,0,4,0,,0,0
Georgetown,NSW,2298,georgetown-nsw-2298,House,5,0,0,0,0,0,,0,0
Georgetown,NSW,2298,georgetown-nsw-2298,Unit,1,0,0,0,3,0,,0,0
Georgetown,NSW,2298,georgetown-nsw-2298,Unit,2,0,0,0,7,550,,0,0
Georgetown,NSW,2298,georgetown-nsw-2298,Unit,3,0,0,0,1,0,,0,0
Gillieston Heights,NSW,2321,gillieston-heights-nsw-2321,House,2,0,0,0,2,520,,0,0
Gillieston Heights,NSW,2321,gillieston-heights-nsw-2321,House,3,757500,18,0,24,620,4.26,457500,1068925
Gillieston Heights,NSW,2321,gillieston-heights-nsw-2321,House,4,851500,22,0,81,680,4.15,710000,1005000
Gillieston Heights,NSW,2321,gillieston-heights-nsw-2321,House,5,1047750,30,0,14,830,4.12,950000,1250750
Gillieston Heights,NSW,2321,gillieston-heights-nsw-2321,Unit,1,0,0,0,0,0,,0,0
Gillieston Heights,NSW,2321,gillieston-heights-nsw-2321,Unit,2,0,0,0,1,520,,0,0
Gillieston Heights,NSW,2321,gillieston-heights-nsw-2321,Unit,3,0,0,0,2,0,,0,0
Killara,NSW,2071,killara-nsw-2071,House,2,0,0,0,1,0,,0,0
Killara,NSW,2071,killara-nsw-2071,House,3,3115000,0,0.7,15,1200,2.0,1990500,4567500
Killara,NSW,2071,killara-nsw-2071,House,4,3350000,0,0.6,23,1580,2.45,2407000,4945000
Killara,NSW,2071,killara-nsw-2071,House,5,4710000,49,0.3673469387755102,31,2300,2.54,3287500,8590000
Killara,NSW,2071,killara-nsw-2071,Unit,1,723750,0,0.42857142857142855,20,660,4.74,630000,842950
Killara,NSW,2071,killara-nsw-2071,Unit,2,985000,50,0.5263157894736842,49,820,4.33,777000,1308000
Killara,NSW,2071,killara-nsw-2071,Unit,3,1710000,64,0.696969696969697,44,1150,3.5,1178505,2950000
Narara,NSW,2250,narara-nsw-2250,House,2,0,0,0,4,560,,0,0
Narara,NSW,2250,narara-nsw-2250,House,3,907500,10,0,50,695,3.98,733625,1073250
Narara,NSW,2250,narara-nsw-2250,House,4,1170000,31,0,38,820,3.64,924250,1587500
Narara,NSW,2250,narara-nsw-2250,House,5,1285000,29,0,16,0,,1004500,1632500
Narara,NSW,2250,narara-nsw-2250,Unit,1,0,0,0,0,0,,0,0
Narara,NSW,2250,narara-nsw-2250,Unit,2,0,0,0,3,0,,0,0
Narara,NSW,2250,narara-nsw-2250,Unit,3,740000,11,0,15,0,,621000,850000
Oatley,NSW,2223,oatley-nsw-2223,House,2,1840000,0,0,10,0,,943125,3416750
Oatley,NSW,2223,oatley-nsw-2223,House,3,1920000,35,0.7083333333333334,33,850,2.3,1222500,3191250
Oatley,NSW,2223,oatley-nsw-2223,House,4,2593000,43,0.8064516129032258,38,1200,2.41,1825000,3687500
Oatley,NSW,2223,oatley-nsw-2223,House,5,3220000,55,0.5789473684210527,32,1650,2.66,1950000,4705000
Oatley,NSW,2223,oatley-nsw-2223,Unit,1,0,0,0,0,0,,0,0
Oatley,NSW,2223,oatley-nsw-2223,Unit,2,975000,0,0.8,27,640,3.41,900000,1352000
Oatley,NSW,2223,oatley-nsw-2223,Unit,3,1260000,0,0,11,800,3.3,1010000,1665000
Tumut,NSW,2720,tumut-nsw-2720,House,2,0,0,0,7,385,,0,0
Tumut,NSW,2720,tumut-nsw-2720,House,3,496750,103,0,76,480,5.02,316000,781250
Tumut,NSW,2720,tumut-nsw-2720,House,4,680526,155,0,32,550,4.2,457700,1144450
Tumut,NSW,2720,tumut-nsw-2720,House,5,0,0,0,4,0,,0,0
Tumut,NSW,2720,tumut-nsw-2720,Unit,1,0,0,0,0,0,,0,0
Tumut,NSW,2720,tumut-nsw-2720,Unit,2,351500,110,0,14,350,5.18,285750,520000
Tumut,NSW,2720,tumut-nsw-2720,Unit,3,0,0,0,2,0,,0,0
Wentworth Falls,NSW,2782,wentworth-falls-nsw-2782,House,2,850000,0,0,10,550,3.36,661250,1133625
Wentworth Falls,NSW,2782,wentworth-falls-nsw-2782,House,3,1030000,24,0,60,675,3.41,811400,1576250
Wentworth Falls,NSW,2782,wentworth-falls-nsw-2782,House,4,1285000,50,0,47,0,,880000,2062000
Wentworth Falls,NSW,2782,wentworth-falls-nsw-2782,House,5,1576500,146,0,19,0,,1182000,2492500
Yass,NSW,2582,yass-nsw-2582,House,2,585000,65,0,16,0,,522500,693000
Yass,NSW,2582,yass-nsw-2582,House,3,685000,73,0,47,590,4.48,555000,927000
Yass,NSW,2582,yass-nsw-2582,House,4,900000,77,0,57,750,4.33,688000,1226400
Yass,NSW,2582,yass-nsw-2582,House,5,867500,98,0,12,0,,520250,1406750
Yass,NSW,2582,yass-nsw-2582,Unit,1,0,0,0,0,0,,0,0
Yass,NSW,2582,yass-nsw-2582,Unit,2,0,0,0,0,0,,0,0
Yass,NSW,2582,yass-nsw-2582,Unit,3,0,0,0,6,0,,0,0
Berala,NSW,2141,berala-nsw-2141,House,2,0,0,0,1,620,,0,0
Berala,NSW,2141,berala-nsw-2141,House,3,1370000,0,0.5263157894736842,19,740,2.81,858999,1934500
Berala,NSW,2141,berala-nsw-2141,House,4,1610300,0,0.5333333333333333,15,875,2.83,1243900,2463500
Berala,NSW,2141,berala-nsw-2141,House,5,2080000,0,0,10,0,,1534000,2782250
Berala,NSW,2141,berala-nsw-2141,Unit,1,0,0,0,2,0,,0,0
Berala,NSW,2141,berala-nsw-2141,Unit,2,501500,33,0,15,550,5.7,423250,681350
Berala,NSW,2141,berala-nsw-2141,Unit,3,0,0,0,8,690,,0,0
Glenfield,NSW,2167,glenfield-nsw-2167,House,2,710000,24,0,15,550,4.03,610700,1646500
Glenfield,NSW,2167,glenfield-nsw-2167,House,3,975000,16,0,57,700,3.73,828000,1468000
Glenfield,NSW,2167,glenfield-nsw-2167,House,4,1237500,12,0,32,770,3.24,1000000,1569750
Glenfield,NSW,2167,glenfield-nsw-2167,House,5,1195000,0,0,10,0,,1169500,1528750
Glenfield,NSW,2167,glenfield-nsw-2167,Unit,1,0,0,0,0,0,,0,0
Glenfield,NSW,2167,glenfield-nsw-2167,Unit,2,0,0,0,7,515,,0,0
Glenfield,NSW,2167,glenfield-nsw-2167,Unit,3,0,0,0,7,560,,0,0
Gwandalan,NSW,2259,gwandalan-nsw-2259,House,2,767500,0,0,14,500,3.39,558250,946250
Gwandalan,NSW,2259,gwandalan-nsw-2259,House,3,887500,27,0,36,650,3.81,750000,1320000
Gwandalan,NSW,2259,gwandalan-nsw-2259,House,4,1020000,35,0,33,780,3.98,730550,1422500
Gwandalan,NSW,2259,gwandalan-nsw-2259,House,5,1180000,0,0,10,0,,798750,1687250
Heddon Greta,NSW,2321,heddon-greta-nsw-2321,House,2,0,0,0,1,500,,0,0
Heddon Greta,NSW,2321,heddon-greta-nsw-2321,House,3,780000,19,0,25,610,4.07,650000,1057000
Heddon Greta,NSW,2321,heddon-greta-nsw-2321,House,4,890000,28,0,59,690,4.03,719400,1190000
Heddon Greta,NSW,2321,heddon-greta-nsw-2321,House,5,1150000,34,0,11,0,,888000,1591500
Heddon Greta,NSW,2321,heddon-greta-nsw-2321,Unit,1,0,0,0,0,0,,0,0
Heddon Greta,NSW,2321,heddon-greta-nsw-2321,Unit,2,0,0,0,0,0,,0,0
Heddon Greta,NSW,2321,heddon-greta-nsw-2321,Unit,3,0,0,0,0,0,,0,0
Northmead,NSW,2152,northmead-nsw-2152,House,2,0,89,0,15,600,,0,0
Northmead,NSW,2152,northmead-nsw-2152,House,3,1355000,37,0.5897435897435898,59,770,2.95,1050000,1903000
Northmead,NSW,2152,northmead-nsw-2152,House,4,1762500,36,0.6842105263157895,38,890,2.63,1436500,2299500
Northmead,NSW,2152,northmead-nsw-2152,House,5,1950000,0,0.6923076923076923,15,0,,1783750,2619000
Northmead,NSW,2152,northmead-nsw-2152,Unit,1,435000,36,0,11,520,6.22,410000,467500
Northmead,NSW,2152,northmead-nsw-2152,Unit,2,580000,28,0,45,610,5.47,495000,755000
Northmead,NSW,2152,northmead-nsw-2152,Unit,3,813000,28,0,23,720,4.61,721500,1245000
Plumpton,NSW,2761,plumpton-nsw-2761,House,2,0,0,0,1,510,,0,0
Plumpton,NSW,2761,plumpton-nsw-2761,House,3,1051000,25,0,44,650,3.22,783550,1480000
Plumpton,NSW,2761,plumpton-nsw-2761,House,4,1023500,28,0.5,36,750,3.81,819500,1472500
Plumpton,NSW,2761,plumpton-nsw-2761,House,5,0,0,0,4,0,,0,0
Russell Lea,NSW,2046,russell-lea-nsw-2046,House,2,0,0,0,3,0,,0,0
Russell Lea,NSW,2046,russell-lea-nsw-2046,House,3,2950000,0,0.625,19,1198,2.11,2140000,4652500
Russell Lea,NSW,2046,russell-lea-nsw-2046,House,4,3400000,0,0.3793103448275862,19,0,,2883600,5300000
Russell Lea,NSW,2046,russell-lea-nsw-2046,House,5,4375000,0,0,12,0,,2967100,6721250
Russell Lea,NSW,2046,russell-lea-nsw-2046,Unit,1,0,0,0,1,0,,0,0
Russell Lea,NSW,2046,russell-lea-nsw-2046,Unit,2,1100000,0,0.6842105263157895,20,750,3.55,877125,1602500
Russell Lea,NSW,2046,russell-lea-nsw-2046,Unit,3,0,0,0,5,0,,0,0
South Penrith,NSW,2750,south-penrith-nsw-2750,House,2,0,0,0,6,520,,0,0
South Penrith,NSW,2750,south-penrith-nsw-2750,House,3,1085000,12,0,89,650,3.12,832000,1305000
South Penrith,NSW,2750,south-penrith-nsw-2750,House,4,1180000,12,0,48,740,3.26,1002500,1410250
South Penrith,NSW,2750,south-penrith-nsw-2750,House,5,1405000,18,0,30,858,3.18,1232750,1709750
South Penrith,NSW,2750,south-penrith-nsw-2750,Unit,1,0,0,0,0,0,,0,0
South Penrith,NSW,2750,south-penrith-nsw-2750,Unit,2,0,0,0,0,500,,0,0
South Penrith,NSW,2750,south-penrith-nsw-2750,Unit,3,0,0,0,4,0,,0,0
Tralee,NSW,2620,tralee-nsw-2620,House,2,0,0,0,0,0,,0,0
Tralee,NSW,2620,tralee-nsw-2620,House,3,800000,79,0,16,715,4.65,732500,895625
Tralee,NSW,2620,tralee-nsw-2620,House,4,1010000,113,0,37,800,4.12,480000,1291000
Tralee,NSW,2620,tralee-nsw-2620,House,5,0,0,0,2,0,,0,0
Tralee,NSW,2620,tralee-nsw-2620,Unit,1,0,0,0,0,0,,0,0
Tralee,NSW,2620,tralee-nsw-2620,Unit,2,0,0,0,0,0,,0,0
Tralee,NSW,2620,tralee-nsw-2620,Unit,3,0,0,0,1,0,,0,0
Campsie,NSW,2194,campsie-nsw-2194,House,2,1070000,0,0.6875,19,678,3.29,806500,3781000
Campsie,NSW,2194,campsie-nsw-2194,House,3,1700000,0,0.5625,23,850,2.6,1207500,2613000
Campsie,NSW,2194,campsie-nsw-2194,House,4,2050000,36,0.6666666666666666,28,1000,2.54,1367000,2332500
Campsie,NSW,2194,campsie-nsw-2194,House,5,0,0,0.6363636363636364,9,1100,,0,0
Campsie,NSW,2194,campsie-nsw-2194,Unit,1,550000,27,0,65,600,5.67,463000,609850
Campsie,NSW,2194,campsie-nsw-2194,Unit,2,700000,24,0.6911764705882353,241,600,4.46,580000,900700
Campsie,NSW,2194,campsie-nsw-2194,Unit,3,870900,42,0,26,800,4.78,653250,1137500
East Albury,NSW,2640,east-albury-nsw-2640,House,2,553500,0,0,11,450,4.23,380100,699750
East Albury,NSW,2640,east-albury-nsw-2640,House,3,740000,35,0,50,560,3.94,547250,886000
East Albury,NSW,2640,east-albury-nsw-2640,House,4,847000,51,0,40,620,3.81,662600,1233500
East Albury,NSW,2640,east-albury-nsw-2640,House,5,0,0,0,4,0,,0,0
East Albury,NSW,2640,east-albury-nsw-2640,Unit,1,0,0,0,4,320,,0,0
East Albury,NSW,2640,east-albury-nsw-2640,Unit,2,375000,55,0,25,390,5.41,320500,475460
East Albury,NSW,2640,east-albury-nsw-2640,Unit,3,0,0,0,1,0,,0,0
Helensburgh,NSW,2508,helensburgh-nsw-2508,House,2,0,0,0,8,0,,0,0
Helensburgh,NSW,2508,helensburgh-nsw-2508,House,3,1330000,10,0.625,43,808,3.16,1177500,1497800
Helensburgh,NSW,2508,helensburgh-nsw-2508,House,4,1490000,27,0.7222222222222222,35,935,3.26,1146500,2800000
Helensburgh,NSW,2508,helensburgh-nsw-2508,House,5,1727625,0,0,12,0,,1203500,1847250
Helensburgh,NSW,2508,helensburgh-nsw-2508,Unit,1,0,0,0,0,0,,0,0
Helensburgh,NSW,2508,helensburgh-nsw-2508,Unit,2,800000,0,0,10,680,4.42,689500,872000
Helensburgh,NSW,2508,helensburgh-nsw-2508,Unit,3,0,0,0,8,0,,0,0
Islington,NSW,2296,islington-nsw-2296,House,2,818500,0,0,10,655,4.16,780100,976250
Islington,NSW,2296,islington-nsw-2296,House,3,1165000,0,0.8181818181818182,20,750,3.35,836500,1574500
Islington,NSW,2296,islington-nsw-2296,House,4,0,0,0,4,0,,0,0
Islington,NSW,2296,islington-nsw-2296,House,5,0,0,0,0,0,,0,0
Islington,NSW,2296,islington-nsw-2296,Unit,1,0,0,0,2,550,,0,0
Islington,NSW,2296,islington-nsw-2296,Unit,2,790000,0,0,10,675,4.44,736250,920000
Islington,NSW,2296,islington-nsw-2296,Unit,3,0,0,0,5,0,,0,0
Lake Albert,NSW,2650,lake-albert-nsw-2650,House,2,0,0,0,1,0,,0,0
Lake Albert,NSW,2650,lake-albert-nsw-2650,House,3,656500,25,0,42,570,4.51,550000,716400
Lake Albert,NSW,2650,lake-albert-nsw-2650,House,4,779500,48,0,60,620,4.14,422455,1627250
Lake Albert,NSW,2650,lake-albert-nsw-2650,House,5,1332500,57,0,12,0,,669250,1981750
Lake Albert,NSW,2650,lake-albert-nsw-2650,Unit,1,0,0,0,0,0,,0,0
Lake Albert,NSW,2650,lake-albert-nsw-2650,Unit,2,0,0,0,2,390,,0,0
Lake Albert,NSW,2650,lake-albert-nsw-2650,Unit,3,0,0,0,0,0,,0,0
Newport,NSW,2106,newport-nsw-2106,House,2,0,0,0,2,838,,0,0
Newport,NSW,2106,newport-nsw-2106,House,3,2720000,120,0.391304347826087,24,1300,2.49,1710000,3987500
Newport,NSW,2106,newport-nsw-2106,House,4,3135000,58,0.475,39,1610,2.67,2152500,7340000
Newport,NSW,2106,newport-nsw-2106,House,5,3250000,0,0.4230769230769231,18,0,,1933250,6242500
Newport,NSW,2106,newport-nsw-2106,Unit,1,765000,0,0,11,595,4.04,571000,1100000
Newport,NSW,2106,newport-nsw-2106,Unit,2,1250000,57,0.6,39,825,3.43,938000,2321500
Newport,NSW,2106,newport-nsw-2106,Unit,3,1890000,84,0.14285714285714285,23,1300,3.58,1455000,3872500
Smithfield,NSW,2164,smithfield-nsw-2164,House,2,1356500,0,0,10,560,2.15,969000,2163400
Smithfield,NSW,2164,smithfield-nsw-2164,House,3,1232000,37,0.7547169811320755,82,700,2.95,890750,1778450
Smithfield,NSW,2164,smithfield-nsw-2164,House,4,1300000,37,0.5263157894736842,25,850,3.4,1000000,1993000
Smithfield,NSW,2164,smithfield-nsw-2164,House,5,1500000,68,0.5909090909090909,28,1100,3.81,1249400,2130000
Smithfield,NSW,2164,smithfield-nsw-2164,Unit,1,0,0,0,0,420,,0,0
Smithfield,NSW,2164,smithfield-nsw-2164,Unit,2,0,0,0,2,565,,0,0
Smithfield,NSW,2164,smithfield-nsw-2164,Unit,3,0,0,0,1,625,,0,0
Thornleigh,NSW,2120,thornleigh-nsw-2120,House,2,0,0,0,2,600,,0,0
Thornleigh,NSW,2120,thornleigh-nsw-2120,House,3,1635000,31,0.5897435897435898,43,855,2.72,1251500,2050950
Thornleigh,NSW,2120,thornleigh-nsw-2120,House,4,1850000,42,0.5945945945945946,36,975,2.74,1457000,2182950
Thornleigh,NSW,2120,thornleigh-nsw-2120,House,5,2328000,0,0.4,18,0,,1855500,2800775
Thornleigh,NSW,2120,thornleigh-nsw-2120,Unit,1,617500,0,0,10,600,5.05,544750,679350
Thornleigh,NSW,2120,thornleigh-nsw-2120,Unit,2,770000,27,0,23,750,5.06,675500,951000
Thornleigh,NSW,2120,thornleigh-nsw-2120,Unit,3,0,0,0,4,0,,0,0
Belmore,NSW,2192,belmore-nsw-2192,House,2,0,0,0,5,648,,0,0
Belmore,NSW,2192,belmore-nsw-2192,House,3,1700000,0,0.6363636363636364,30,880,2.69,1232000,2228000
Belmore,NSW,2192,belmore-nsw-2192,House,4,2000000,0,0.782608695652174,22,1000,2.6,1462000,2950000
Belmore,NSW,2192,belmore-nsw-2192,House,5,2000000,0,0.6666666666666666,11,1398,3.63,1766750,2515000
Belmore,NSW,2192,belmore-nsw-2192,Unit,1,530000,0,0,15,500,4.91,475000,5435000
Belmore,NSW,2192,belmore-nsw-2192,Unit,2,665000,20,0.625,88,580,4.54,535250,851600
Belmore,NSW,2192,belmore-nsw-2192,Unit,3,0,0,0,9,700,,0,0
Beverly Hills,NSW,2209,beverly-hills-nsw-2209,House,2,0,0,0,3,650,,0,0
Beverly Hills,NSW,2209,beverly-hills-nsw-2209,House,3,1725000,0,0.7142857142857143,35,850,2.56,1240000,2149000
Beverly Hills,NSW,2209,beverly-hills-nsw-2209,House,4,1812500,41,0.5238095238095238,26,1000,2.87,1420000,2740000
Beverly Hills,NSW,2209,beverly-hills-nsw-2209,House,5,2409000,0,0.4166666666666667,15,1500,3.24,1839500,3123500
Beverly Hills,NSW,2209,beverly-hills-nsw-2209,Unit,1,0,0,0,3,425,,0,0
Beverly Hills,NSW,2209,beverly-hills-nsw-2209,Unit,2,780000,16,0,18,650,4.33,661200,840000
Beverly Hills,NSW,2209,beverly-hills-nsw-2209,Unit,3,1307500,0,1,14,780,3.1,889300,1449650
Cronulla,NSW,2230,cronulla-nsw-2230,House,2,0,0,0,9,745,,0,0
Cronulla,NSW,2230,cronulla-nsw-2230,House,3,2800000,57,0.5357142857142857,43,1350,2.51,1860000,4587500
Cronulla,NSW,2230,cronulla-nsw-2230,House,4,3400000,100,0.30952380952380953,39,1750,2.68,2504000,5930000
Cronulla,NSW,2230,cronulla-nsw-2230,House,5,3875000,44,0.5416666666666666,27,0,,2234575,6270000
Cronulla,NSW,2230,cronulla-nsw-2230,Unit,1,722000,18,0.5833333333333334,71,550,3.96,552500,970000
Cronulla,NSW,2230,cronulla-nsw-2230,Unit,2,1196000,23,0.6172839506172839,213,750,3.26,826750,2477500
Cronulla,NSW,2230,cronulla-nsw-2230,Unit,3,2287500,58,0.5490196078431373,108,1200,2.73,1136250,7925000
Eleebana,NSW,2282,eleebana-nsw-2282,House,2,0,0,0,3,0,,0,0
Eleebana,NSW,2282,eleebana-nsw-2282,House,3,1125000,22,0,26,720,3.33,910000,1450000
Eleebana,NSW,2282,eleebana-nsw-2282,House,4,1422500,24,0.5384615384615384,40,935,3.42,998500,1845500
Eleebana,NSW,2282,eleebana-nsw-2282,House,5,1680000,89,0,21,0,,1200000,3000000
Long Jetty,NSW,2261,long-jetty-nsw-2261,House,2,1067500,22,0,18,550,2.68,710750,1410500
Long Jetty,NSW,2261,long-jetty-nsw-2261,House,3,1050000,38,0,67,680,3.37,714000,1614200
Long Jetty,NSW,2261,long-jetty-nsw-2261,House,4,1450000,61,0,34,800,2.87,1008000,2360500
Long Jetty,NSW,2261,long-jetty-nsw-2261,House,5,1655000,0,0,11,0,,1050000,2552500
Long Jetty,NSW,2261,long-jetty-nsw-2261,Unit,1,0,0,0,0,0,,0,0
Long Jetty,NSW,2261,long-jetty-nsw-2261,Unit,2,688500,13,0,20,545,4.12,548750,800500
Long Jetty,NSW,2261,long-jetty-nsw-2261,Unit,3,0,0,0,9,630,,0,0
Maitland,NSW,2320,maitland-nsw-2320,House,2,585000,0,0,11,525,4.67,511000,788500
Maitland,NSW,2320,maitland-nsw-2320,House,3,700000,31,0,32,580,4.31,474000,889000
Maitland,NSW,2320,maitland-nsw-2320,House,4,0,0,0,3,0,,0,0
Maitland,NSW,2320,maitland-nsw-2320,House,5,0,0,0,3,0,,0,0
Maitland,NSW,2320,maitland-nsw-2320,Unit,1,0,0,0,2,420,,0,0
Maitland,NSW,2320,maitland-nsw-2320,Unit,2,0,0,0,9,0,,0,0
Maitland,NSW,2320,maitland-nsw-2320,Unit,3,0,0,0,3,0,,0,0
Seaforth,NSW,2092,seaforth-nsw-2092,House,2,0,0,0,2,0,,0,0
Seaforth,NSW,2092,seaforth-nsw-2092,House,3,2577500,0,0.6363636363636364,18,1350,2.72,2106250,4532000
Seaforth,NSW,2092,seaforth-nsw-2092,House,4,3550000,60,0.3191489361702128,43,1950,2.86,2728750,5677500
Seaforth,NSW,2092,seaforth-nsw-2092,House,5,4650000,74,0.30952380952380953,35,2400,2.68,3285000,9255000
Seaforth,NSW,2092,seaforth-nsw-2092,Unit,1,0,0,0,0,0,,0,0
Seaforth,NSW,2092,seaforth-nsw-2092,Unit,2,0,0,0,3,0,,0,0
Seaforth,NSW,2092,seaforth-nsw-2092,Unit,3,0,0,0,6,0,,0,0
West Kempsey,NSW,2440,west-kempsey-nsw-2440,House,2,413000,48,0,15,440,5.54,269900,475500
West Kempsey,NSW,2440,west-kempsey-nsw-2440,House,3,470000,54,0,80,500,5.53,279500,604750
West Kempsey,NSW,2440,west-kempsey-nsw-2440,House,4,610000,74,0,32,0,,391500,762500
West Kempsey,NSW,2440,west-kempsey-nsw-2440,House,5,0,0,0,3,0,,0,0
West Kempsey,NSW,2440,west-kempsey-nsw-2440,Unit,1,0,0,0,1,0,,0,0
West Kempsey,NSW,2440,west-kempsey-nsw-2440,Unit,2,0,0,0,5,385,,0,0
West Kempsey,NSW,2440,west-kempsey-nsw-2440,Unit,3,0,0,0,0,0,,0,0
Winmalee,NSW,2777,winmalee-nsw-2777,House,2,0,0,0,1,0,,0,0
Winmalee,NSW,2777,winmalee-nsw-2777,House,3,965000,9,0,45,700,3.77,890000,1158080
Winmalee,NSW,2777,winmalee-nsw-2777,House,4,1160000,11,0,37,780,3.5,944000,1610000
Winmalee,NSW,2777,winmalee-nsw-2777,House,5,1255000,45,0,12,0,,1116500,1707500
Wollongong,NSW,2500,wollongong-nsw-2500,House,2,812500,29,0,14,660,4.22,636700,1532250
Wollongong,NSW,2500,wollongong-nsw-2500,House,3,1060000,68,0.8666666666666667,47,770,3.78,807500,1482000
Wollongong,NSW,2500,wollongong-nsw-2500,House,4,1350000,41,0,17,980,3.77,1033000,1964000
Wollongong,NSW,2500,wollongong-nsw-2500,House,5,0,0,0,4,0,,0,0
Wollongong,NSW,2500,wollongong-nsw-2500,Unit,1,555000,24,0,67,525,4.92,434500,707000
Wollongong,NSW,2500,wollongong-nsw-2500,Unit,2,726500,32,0.6666666666666666,336,675,4.83,542750,1032250
Wollongong,NSW,2500,wollongong-nsw-2500,Unit,3,1234500,68,0.3055555555555556,119,873,3.68,759850,3157500
Balgowlah,NSW,2093,balgowlah-nsw-2093,House,2,2535000,0,0,12,1050,2.15,1536500,4475250
Balgowlah,NSW,2093,balgowlah-nsw-2093,House,3,2730000,30,0.7575757575757576,50,1550,2.95,2089000,4200000
Balgowlah,NSW,2093,balgowlah-nsw-2093,House,4,3970000,55,0.43478260869565216,26,1750,2.29,3058750,5290000
Balgowlah,NSW,2093,balgowlah-nsw-2093,House,5,5000000,0,0,10,2500,2.6,3880000,7342500
Balgowlah,NSW,2093,balgowlah-nsw-2093,Unit,1,1100000,0,0,14,770,3.64,699000,1464000
Balgowlah,NSW,2093,balgowlah-nsw-2093,Unit,2,1340000,19,0.8214285714285714,59,840,3.26,890000,2533000
Balgowlah,NSW,2093,balgowlah-nsw-2093,Unit,3,1977500,0,0.5,21,1300,3.42,1321675,3587500
Belrose,NSW,2085,belrose-nsw-2085,House,2,0,0,0,3,0,,0,0
Belrose,NSW,2085,belrose-nsw-2085,House,3,2200000,0,0.6153846153846154,23,1295,3.06,1784700,2495100
Belrose,NSW,2085,belrose-nsw-2085,House,4,2300000,35,0.7037037037037037,37,1690,3.82,2000000,2618000
Belrose,NSW,2085,belrose-nsw-2085,House,5,2618000,48,0.4473684210526316,31,1925,3.82,2130000,3450000
Belrose,NSW,2085,belrose-nsw-2085,Unit,1,0,0,0,1,500,,0,0
Belrose,NSW,2085,belrose-nsw-2085,Unit,2,0,0,0,3,0,,0,0
Belrose,NSW,2085,belrose-nsw-2085,Unit,3,0,0,0,2,0,,0,0
Bronte,NSW,2024,bronte-nsw-2024,House,2,0,0,0,9,0,,0,0
Bronte,NSW,2024,bronte-nsw-2024,House,3,4910000,0,0.7333333333333333,14,1950,2.07,3107500,8017500
Bronte,NSW,2024,bronte-nsw-2024,House,4,5950000,63,0.5526315789473685,32,2850,2.49,4571500,16350000
Bronte,NSW,2024,bronte-nsw-2024,House,5,0,0,0.5,9,0,,0,0
Bronte,NSW,2024,bronte-nsw-2024,Unit,1,1055000,0,0,12,795,3.92,638750,1644500
Bronte,NSW,2024,bronte-nsw-2024,Unit,2,1800000,37,0.5625,37,1090,3.15,1310600,3412000
Bronte,NSW,2024,bronte-nsw-2024,Unit,3,0,0,0.4,8,1950,,0,0
Cecil Hills,NSW,2171,cecil-hills-nsw-2171,House,2,0,0,0,0,0,,0,0
Cecil Hills,NSW,2171,cecil-hills-nsw-2171,House,3,0,0,0,4,710,,0,0
Cecil Hills,NSW,2171,cecil-hills-nsw-2171,House,4,1430250,36,0.52,26,875,3.18,1150250,1914000
Cecil Hills,NSW,2171,cecil-hills-nsw-2171,House,5,1898000,76,0.4375,19,1200,3.29,1610250,2860000
Corowa,NSW,2646,corowa-nsw-2646,House,2,0,0,0,9,410,,0,0
Corowa,NSW,2646,corowa-nsw-2646,House,3,477250,37,0,78,470,5.12,319550,777750
Corowa,NSW,2646,corowa-nsw-2646,House,4,580000,107,0,30,508,4.55,445600,790600
Corowa,NSW,2646,corowa-nsw-2646,House,5,0,0,0,0,0,,0,0
Corowa,NSW,2646,corowa-nsw-2646,Unit,1,0,0,0,0,290,,0,0
Corowa,NSW,2646,corowa-nsw-2646,Unit,2,339500,0,0,10,360,5.51,283375,397300
Corowa,NSW,2646,corowa-nsw-2646,Unit,3,0,0,0,1,0,,0,0
East Lismore,NSW,2480,east-lismore-nsw-2480,House,2,545000,45,0,19,0,,245300,815000
East Lismore,NSW,2480,east-lismore-nsw-2480,House,3,617500,34,0,82,650,5.47,57700,839250
East Lismore,NSW,2480,east-lismore-nsw-2480,House,4,760000,45,0,23,685,4.69,420200,1136250
East Lismore,NSW,2480,east-lismore-nsw-2480,House,5,0,0,0,4,0,,0,0
East Lismore,NSW,2480,east-lismore-nsw-2480,Unit,1,0,0,0,1,0,,0,0
East Lismore,NSW,2480,east-lismore-nsw-2480,Unit,2,375000,0,0,11,380,5.27,318500,810000
East Lismore,NSW,2480,east-lismore-nsw-2480,Unit,3,0,0,0,1,0,,0,0
Glebe,NSW,2037,glebe-nsw-2037,House,2,1751500,45,0.5,20,950,2.82,1276950,1983250
Glebe,NSW,2037,glebe-nsw-2037,House,3,2480000,46,0.8611111111111112,44,1280,2.68,1639000,3679000
Glebe,NSW,2037,glebe-nsw-2037,House,4,3125000,0,0.7727272727272727,24,1425,2.37,2330250,5397250
Glebe,NSW,2037,glebe-nsw-2037,House,5,0,0,0,8,0,,0,0
Glebe,NSW,2037,glebe-nsw-2037,Unit,1,730000,45,0.6818181818181818,47,680,4.84,553000,1016000
Glebe,NSW,2037,glebe-nsw-2037,Unit,2,1337500,30,0.8333333333333334,56,950,3.69,831250,1831250
Glebe,NSW,2037,glebe-nsw-2037,Unit,3,0,0,0,7,1400,,0,0
Green Valley,NSW,2168,green-valley-nsw-2168,House,2,0,0,0,1,530,,0,0
Green Valley,NSW,2168,green-valley-nsw-2168,House,3,1100000,22,0.7058823529411765,45,650,3.07,842000,1332000
Green Valley,NSW,2168,green-valley-nsw-2168,House,4,1348500,42,0.7333333333333333,40,775,2.99,1019500,1721500
Green Valley,NSW,2168,green-valley-nsw-2168,House,5,1692000,0,0.23076923076923078,11,1000,3.07,1184250,2085000
Gunnedah,NSW,2380,gunnedah-nsw-2380,House,2,375000,60,0,23,450,6.24,275500,765000
Gunnedah,NSW,2380,gunnedah-nsw-2380,House,3,500000,40,0,101,520,5.41,330000,680000
Gunnedah,NSW,2380,gunnedah-nsw-2380,House,4,700000,48,0,83,635,4.72,412500,1018000
Gunnedah,NSW,2380,gunnedah-nsw-2380,House,5,799000,36,0,23,650,4.23,504000,954000
Gunnedah,NSW,2380,gunnedah-nsw-2380,Unit,1,0,0,0,0,300,,0,0
Gunnedah,NSW,2380,gunnedah-nsw-2380,Unit,2,0,0,0,7,440,,0,0
Gunnedah,NSW,2380,gunnedah-nsw-2380,Unit,3,0,0,0,2,540,,0,0
Hinchinbrook,NSW,2168,hinchinbrook-nsw-2168,House,2,0,0,0,1,550,,0,0
Hinchinbrook,NSW,2168,hinchinbrook-nsw-2168,House,3,1050000,19,0.8947368421052632,38,690,3.42,875000,1250000
Hinchinbrook,NSW,2168,hinchinbrook-nsw-2168,House,4,1252500,31,0.5925925925925926,32,800,3.32,964375,1645000
Hinchinbrook,NSW,2168,hinchinbrook-nsw-2168,House,5,0,0,0,8,0,,0,0
Hinchinbrook,NSW,2168,hinchinbrook-nsw-2168,Unit,1,0,0,0,0,0,,0,0
Hinchinbrook,NSW,2168,hinchinbrook-nsw-2168,Unit,2,0,0,0,0,0,,0,0
Hinchinbrook,NSW,2168,hinchinbrook-nsw-2168,Unit,3,0,0,0,1,0,,0,0
Kincumber,NSW,2251,kincumber-nsw-2251,House,2,0,0,0,6,550,,0,0
Kincumber,NSW,2251,kincumber-nsw-2251,House,3,1000000,12,0,40,680,3.54,790000,1348700
Kincumber,NSW,2251,kincumber-nsw-2251,House,4,1262500,15,0,40,950,3.91,938000,1706500
Kincumber,NSW,2251,kincumber-nsw-2251,House,5,0,0,0,9,0,,0,0
Kincumber,NSW,2251,kincumber-nsw-2251,Unit,1,0,0,0,0,0,,0,0
Kincumber,NSW,2251,kincumber-nsw-2251,Unit,2,0,0,0,8,0,,0,0
Kincumber,NSW,2251,kincumber-nsw-2251,Unit,3,0,0,0,7,0,,0,0
Picnic Point,NSW,2213,picnic-point-nsw-2213,House,2,0,0,0,2,0,,0,0
Picnic Point,NSW,2213,picnic-point-nsw-2213,House,3,1650000,39,0.8235294117647058,33,850,2.68,1250000,2900000
Picnic Point,NSW,2213,picnic-point-nsw-2213,House,4,1725000,39,0.6,56,1100,3.32,1423000,2471250
Picnic Point,NSW,2213,picnic-point-nsw-2213,House,5,1883000,46,0.3684210526315789,26,0,,1553400,3132000
South Windsor,NSW,2756,south-windsor-nsw-2756,House,2,0,0,0,9,530,,0,0
South Windsor,NSW,2756,south-windsor-nsw-2756,House,3,922500,17,0,62,650,3.66,800000,1231500
South Windsor,NSW,2756,south-windsor-nsw-2756,House,4,1015000,30,0,27,750,3.84,858000,1501000
South Windsor,NSW,2756,south-windsor-nsw-2756,House,5,0,0,0,9,0,,0,0
South Windsor,NSW,2756,south-windsor-nsw-2756,Unit,1,0,0,0,0,0,,0,0
South Windsor,NSW,2756,south-windsor-nsw-2756,Unit,2,0,0,0,4,480,,0,0
South Windsor,NSW,2756,south-windsor-nsw-2756,Unit,3,0,0,0,2,0,,0,0
Toormina,NSW,2452,toormina-nsw-2452,House,2,0,0,0,7,530,,0,0
Toormina,NSW,2452,toormina-nsw-2452,House,3,775000,15,0,31,650,4.36,611250,886000
Toormina,NSW,2452,toormina-nsw-2452,House,4,870000,48,0,20,780,4.66,668000,1062000
Toormina,NSW,2452,toormina-nsw-2452,House,5,0,0,0,4,0,,0,0
Toormina,NSW,2452,toormina-nsw-2452,Unit,1,0,0,0,0,0,,0,0
Toormina,NSW,2452,toormina-nsw-2452,Unit,2,490000,31,0,18,485,5.15,419550,586525
Toormina,NSW,2452,toormina-nsw-2452,Unit,3,0,0,0,3,0,,0,0
Tuncurry,NSW,2428,tuncurry-nsw-2428,House,2,0,0,0,6,480,,0,0
Tuncurry,NSW,2428,tuncurry-nsw-2428,House,3,765000,43,0,46,640,4.35,621250,1186625
Tuncurry,NSW,2428,tuncurry-nsw-2428,House,4,883750,54,0,28,0,,755300,1694100
Tuncurry,NSW,2428,tuncurry-nsw-2428,House,5,0,0,0,3,0,,0,0
Tuncurry,NSW,2428,tuncurry-nsw-2428,Unit,1,0,0,0,0,0,,0,0
Tuncurry,NSW,2428,tuncurry-nsw-2428,Unit,2,520000,47,0,53,455,4.55,370000,1075000
Tuncurry,NSW,2428,tuncurry-nsw-2428,Unit,3,720000,44,0,32,550,3.97,577500,1775000
Valentine,NSW,2280,valentine-nsw-2280,House,2,0,0,0,7,0,,0,0
Valentine,NSW,2280,valentine-nsw-2280,House,3,1210000,16,0,25,750,3.22,840000,1744000
Valentine,NSW,2280,valentine-nsw-2280,House,4,1400000,45,0,41,898,3.34,955000,1892000
Valentine,NSW,2280,valentine-nsw-2280,House,5,1600000,38,0,15,0,,1221000,4154900
Valentine,NSW,2280,valentine-nsw-2280,Unit,1,0,0,0,1,0,,0,0
Valentine,NSW,2280,valentine-nsw-2280,Unit,2,0,0,0,5,0,,0,0
Valentine,NSW,2280,valentine-nsw-2280,Unit,3,0,0,0,3,0,,0,0
Wollongbar,NSW,2477,wollongbar-nsw-2477,House,2,0,0,0,4,0,,0,0
Wollongbar,NSW,2477,wollongbar-nsw-2477,House,3,847500,35,0,24,700,4.29,647250,997750
Wollongbar,NSW,2477,wollongbar-nsw-2477,House,4,980000,56,0,34,830,4.4,819750,1498500
Wollongbar,NSW,2477,wollongbar-nsw-2477,House,5,0,0,0,3,0,,0,0
Wollongbar,NSW,2477,wollongbar-nsw-2477,Unit,1,0,0,0,0,0,,0,0
Wollongbar,NSW,2477,wollongbar-nsw-2477,Unit,2,0,0,0,8,0,,0,0
Wollongbar,NSW,2477,wollongbar-nsw-2477,Unit,3,0,0,0,2,0,,0,0
Allambie Heights,NSW,2100,allambie-heights-nsw-2100,House,2,0,0,0,4,800,,0,0
Allambie Heights,NSW,2100,allambie-heights-nsw-2100,House,3,2495000,29,0.5,24,1325,2.76,1875250,3553000
Allambie Heights,NSW,2100,allambie-heights-nsw-2100,House,4,2750000,24,0,19,1500,2.84,1935000,3429000
Allambie Heights,NSW,2100,allambie-heights-nsw-2100,House,5,3700000,30,0,19,0,,2595000,4335500
Allambie Heights,NSW,2100,allambie-heights-nsw-2100,Unit,1,0,0,0,2,520,,0,0
Allambie Heights,NSW,2100,allambie-heights-nsw-2100,Unit,2,0,0,0,0,0,,0,0
Allambie Heights,NSW,2100,allambie-heights-nsw-2100,Unit,3,0,0,0,1,0,,0,0
Brighton-Le-Sands,NSW,2216,brighton-le-sands-nsw-2216,House,2,0,0,0,3,0,,0,0
Brighton-Le-Sands,NSW,2216,brighton-le-sands-nsw-2216,House,3,2025000,0,0.3888888888888889,17,1000,2.57,1666000,2730000
Brighton-Le-Sands,NSW,2216,brighton-le-sands-nsw-2216,House,4,2230000,0,0.6428571428571429,12,1450,3.38,1852750,3502125
Brighton-Le-Sands,NSW,2216,brighton-le-sands-nsw-2216,House,5,0,0,0,5,0,,0,0
Brighton-Le-Sands,NSW,2216,brighton-le-sands-nsw-2216,Unit,1,0,0,0,8,550,,0,0
Brighton-Le-Sands,NSW,2216,brighton-le-sands-nsw-2216,Unit,2,925000,33,0.43243243243243246,55,680,3.82,678500,1353600
Brighton-Le-Sands,NSW,2216,brighton-le-sands-nsw-2216,Unit,3,1175000,0,0.7142857142857143,15,900,3.98,939500,1940500
Casino,NSW,2470,casino-nsw-2470,House,2,430000,66,0,32,425,5.14,311100,625000
Casino,NSW,2470,casino-nsw-2470,House,3,519000,51,0.3,131,550,5.51,367500,675000
Casino,NSW,2470,casino-nsw-2470,House,4,605000,57,0,66,600,5.16,373125,826000
Casino,NSW,2470,casino-nsw-2470,House,5,0,0,0,7,0,,0,0
Casino,NSW,2470,casino-nsw-2470,Unit,1,0,0,0,0,0,,0,0
Casino,NSW,2470,casino-nsw-2470,Unit,2,342500,0,0,10,380,5.77,314500,409000
Casino,NSW,2470,casino-nsw-2470,Unit,3,0,0,0,6,0,,0,0
East Ballina,NSW,2478,east-ballina-nsw-2478,House,2,0,0,0,7,650,,0,0
East Ballina,NSW,2478,east-ballina-nsw-2478,House,3,1230000,21,0,41,820,3.47,860000,1650000
East Ballina,NSW,2478,east-ballina-nsw-2478,House,4,1480000,34,0,23,0,,1000000,1818500
East Ballina,NSW,2478,east-ballina-nsw-2478,House,5,0,0,0,4,0,,0,0
East Ballina,NSW,2478,east-ballina-nsw-2478,Unit,1,0,0,0,0,0,,0,0
East Ballina,NSW,2478,east-ballina-nsw-2478,Unit,2,747500,31,0,23,630,4.38,605500,878800
East Ballina,NSW,2478,east-ballina-nsw-2478,Unit,3,0,0,0,9,800,,0,0
Glenwood,NSW,2768,glenwood-nsw-2768,House,2,0,0,0,2,0,,0,0
Glenwood,NSW,2768,glenwood-nsw-2768,House,3,1280000,26,0.7,27,780,3.17,1136000,1523000
Glenwood,NSW,2768,glenwood-nsw-2768,House,4,1692500,38,0.5445544554455446,89,880,2.7,1451350,2021500
Glenwood,NSW,2768,glenwood-nsw-2768,House,5,1860500,40,0.525,39,980,2.74,1559575,2419250
Kariong,NSW,2250,kariong-nsw-2250,House,2,0,0,0,0,0,,0,0
Kariong,NSW,2250,kariong-nsw-2250,House,3,930000,12,0,36,660,3.69,799125,1183750
Kariong,NSW,2250,kariong-nsw-2250,House,4,1180000,9,0,37,830,3.66,780000,1449200
Kariong,NSW,2250,kariong-nsw-2250,House,5,0,0,0,8,0,,0,0
Murwillumbah,NSW,2484,murwillumbah-nsw-2484,House,2,821500,35,0,13,600,3.8,331000,1004000
Murwillumbah,NSW,2484,murwillumbah-nsw-2484,House,3,943500,30,0,60,775,4.27,754700,1301250
Murwillumbah,NSW,2484,murwillumbah-nsw-2484,House,4,1050000,36,0,39,908,4.5,843750,1657000
Murwillumbah,NSW,2484,murwillumbah-nsw-2484,House,5,0,0,0,6,0,,0,0
Murwillumbah,NSW,2484,murwillumbah-nsw-2484,Unit,1,0,0,0,0,0,,0,0
Murwillumbah,NSW,2484,murwillumbah-nsw-2484,Unit,2,379500,0,0,14,500,6.85,249500,730250
Murwillumbah,NSW,2484,murwillumbah-nsw-2484,Unit,3,0,0,0,0,0,,0,0
Pyrmont,NSW,2009,pyrmont-nsw-2009,House,2,0,0,0,7,980,,0,0
Pyrmont,NSW,2009,pyrmont-nsw-2009,House,3,0,0,0,2,1400,,0,0
Pyrmont,NSW,2009,pyrmont-nsw-2009,House,4,0,0,0,0,0,,0,0
Pyrmont,NSW,2009,pyrmont-nsw-2009,House,5,0,0,0,0,0,,0,0
Pyrmont,NSW,2009,pyrmont-nsw-2009,Unit,1,750000,42,0.6296296296296297,84,760,5.27,483000,1272750
Pyrmont,NSW,2009,pyrmont-nsw-2009,Unit,2,1245000,58,0.34177215189873417,105,1050,4.39,851500,2696250
Pyrmont,NSW,2009,pyrmont-nsw-2009,Unit,3,3300000,115,0.38181818181818183,44,1495,2.36,1493550,5170000
West Ballina,NSW,2478,west-ballina-nsw-2478,House,2,0,0,0,2,0,,0,0
West Ballina,NSW,2478,west-ballina-nsw-2478,House,3,827500,37,0,30,755,4.74,619000,971625
West Ballina,NSW,2478,west-ballina-nsw-2478,House,4,1130000,70,0,27,950,4.37,841500,1405000
West Ballina,NSW,2478,west-ballina-nsw-2478,House,5,0,0,0,3,0,,0,0
Cambridge Park,NSW,2747,cambridge-park-nsw-2747,House,2,1035000,0,0,12,488,2.45,622500,1380944
Cambridge Park,NSW,2747,cambridge-park-nsw-2747,House,3,971500,12,0,79,630,3.37,775000,1282500
Cambridge Park,NSW,2747,cambridge-park-nsw-2747,House,4,1080000,7,0,29,740,3.56,865000,1410533
Cambridge Park,NSW,2747,cambridge-park-nsw-2747,House,5,1230000,19,0,18,775,3.28,1074750,1343525
Gobbagombalin,NSW,2650,gobbagombalin-nsw-2650,House,2,0,0,0,0,0,,0,0
Gobbagombalin,NSW,2650,gobbagombalin-nsw-2650,House,3,700000,42,0,23,640,4.75,678400,753000
Gobbagombalin,NSW,2650,gobbagombalin-nsw-2650,House,4,865000,49,0,58,725,4.36,774250,1205750
Gobbagombalin,NSW,2650,gobbagombalin-nsw-2650,House,5,0,0,0,3,0,,0,0
Gobbagombalin,NSW,2650,gobbagombalin-nsw-2650,Unit,1,0,0,0,0,0,,0,0
Gobbagombalin,NSW,2650,gobbagombalin-nsw-2650,Unit,2,0,0,0,0,0,,0,0
Gobbagombalin,NSW,2650,gobbagombalin-nsw-2650,Unit,3,715000,42,0,15,600,4.36,647300,742000
Hornsby Heights,NSW,2077,hornsby-heights-nsw-2077,House,2,0,0,0,0,0,,0,0
Hornsby Heights,NSW,2077,hornsby-heights-nsw-2077,House,3,1625000,0,0.5333333333333333,17,880,2.82,1208000,1960400
Hornsby Heights,NSW,2077,hornsby-heights-nsw-2077,House,4,1725000,66,0.5476190476190477,35,1100,3.32,1491300,2139700
Hornsby Heights,NSW,2077,hornsby-heights-nsw-2077,House,5,1920000,0,0.8125,13,0,,1706040,2954400
Junee,NSW,2663,junee-nsw-2663,House,2,352000,0,0,12,400,5.91,222700,506200
Junee,NSW,2663,junee-nsw-2663,House,3,455250,53,0,40,420,4.8,279720,647250
Junee,NSW,2663,junee-nsw-2663,House,4,619000,92,0,26,490,4.12,378125,954250
Junee,NSW,2663,junee-nsw-2663,House,5,0,0,0,5,0,,0,0
Menangle Park,NSW,2563,menangle-park-nsw-2563,House,2,0,0,0,0,495,,0,0
Menangle Park,NSW,2563,menangle-park-nsw-2563,House,3,0,0,0,2,0,,0,0
Menangle Park,NSW,2563,menangle-park-nsw-2563,House,4,1220000,42,0,22,780,3.32,705000,1350000
Menangle Park,NSW,2563,menangle-park-nsw-2563,House,5,1373750,0,0,10,850,3.22,1222000,1553250
Toronto,NSW,2283,toronto-nsw-2283,House,2,727500,34,0,12,555,3.97,546750,971000
Toronto,NSW,2283,toronto-nsw-2283,House,3,810000,26,0,40,630,4.04,509700,1165750
Toronto,NSW,2283,toronto-nsw-2283,House,4,975000,51,0,26,700,3.73,720250,2442500
Toronto,NSW,2283,toronto-nsw-2283,House,5,0,0,0,4,0,,0,0
Toronto,NSW,2283,toronto-nsw-2283,Unit,1,0,0,0,0,0,,0,0
Toronto,NSW,2283,toronto-nsw-2283,Unit,2,728750,139,0,12,550,3.92,541550,1012500
Toronto,NSW,2283,toronto-nsw-2283,Unit,3,741000,73,0,13,0,,514000,966000
Wangi Wangi,NSW,2267,wangi-wangi-nsw-2267,House,2,0,0,0,6,570,,0,0
Wangi Wangi,NSW,2267,wangi-wangi-nsw-2267,House,3,882000,25,0,27,650,3.83,721500,1321000
Wangi Wangi,NSW,2267,wangi-wangi-nsw-2267,House,4,882500,41,0,16,790,4.65,688750,2131250
Wangi Wangi,NSW,2267,wangi-wangi-nsw-2267,House,5,0,0,0,4,0,,0,0
Wangi Wangi,NSW,2267,wangi-wangi-nsw-2267,Unit,1,0,0,0,0,0,,0,0
Wangi Wangi,NSW,2267,wangi-wangi-nsw-2267,Unit,2,0,0,0,0,0,,0,0
Wangi Wangi,NSW,2267,wangi-wangi-nsw-2267,Unit,3,0,0,0,1,0,,0,0
Carrington,NSW,2294,carrington-nsw-2294,House,2,902500,32,0,22,675,3.89,830500,1099000
Carrington,NSW,2294,carrington-nsw-2294,House,3,1136000,31,0.8,25,800,3.66,892400,1356000
Carrington,NSW,2294,carrington-nsw-2294,House,4,0,0,0,3,0,,0,0
Carrington,NSW,2294,carrington-nsw-2294,House,5,0,0,0,0,0,,0,0
Freshwater,NSW,2096,freshwater-nsw-2096,House,2,0,0,0,4,0,,0,0
Freshwater,NSW,2096,freshwater-nsw-2096,House,3,3300000,0,0.5555555555555556,19,1700,2.68,2399000,4830000
Freshwater,NSW,2096,freshwater-nsw-2096,House,4,4375000,0,0.4444444444444444,23,2350,2.79,2923500,6452500
Freshwater,NSW,2096,freshwater-nsw-2096,House,5,4625000,0,0.4,12,0,,3137500,10223750
Freshwater,NSW,2096,freshwater-nsw-2096,Unit,1,877500,14,0.8181818181818182,29,710,4.21,667675,1550000
Freshwater,NSW,2096,freshwater-nsw-2096,Unit,2,1300000,19,0.6857142857142857,85,875,3.5,992000,2690000
Freshwater,NSW,2096,freshwater-nsw-2096,Unit,3,0,0,0,8,1600,,0,0
Glendenning,NSW,2761,glendenning-nsw-2761,House,2,0,0,0,0,550,,0,0
Glendenning,NSW,2761,glendenning-nsw-2761,House,3,1050000,35,0,26,650,3.22,943750,1388750
Glendenning,NSW,2761,glendenning-nsw-2761,House,4,1140000,38,0.21428571428571427,20,720,3.28,973250,1423000
Glendenning,NSW,2761,glendenning-nsw-2761,House,5,0,0,0,6,0,,0,0
Menai,NSW,2234,menai-nsw-2234,House,2,0,0,0,1,0,,0,0
Menai,NSW,2234,menai-nsw-2234,House,3,1296500,20,0.8,52,850,3.41,1161000,1568000
Menai,NSW,2234,menai-nsw-2234,House,4,1745000,28,0.7,44,1100,3.28,1433000,2204250
Menai,NSW,2234,menai-nsw-2234,House,5,2125000,27,0.7647058823529411,26,0,,1767500,2500000
Menai,NSW,2234,menai-nsw-2234,Unit,1,0,0,0,0,0,,0,0
Menai,NSW,2234,menai-nsw-2234,Unit,2,875000,17,0,14,0,,788250,996750
Menai,NSW,2234,menai-nsw-2234,Unit,3,0,0,0,8,0,,0,0
Merimbula,NSW,2548,merimbula-nsw-2548,House,2,0,0,0,9,545,,0,0
Merimbula,NSW,2548,merimbula-nsw-2548,House,3,885000,90,0,37,695,4.08,658000,1410000
Merimbula,NSW,2548,merimbula-nsw-2548,House,4,980000,166,0,20,0,,779600,1618500
Merimbula,NSW,2548,merimbula-nsw-2548,House,5,0,0,0,4,0,,0,0
Merimbula,NSW,2548,merimbula-nsw-2548,Unit,1,0,0,0,5,0,,0,0
Merimbula,NSW,2548,merimbula-nsw-2548,Unit,2,457500,129,0,45,500,5.68,365750,672750
Merimbula,NSW,2548,merimbula-nsw-2548,Unit,3,699000,0,0,15,0,,587800,1186000
Metford,NSW,2323,metford-nsw-2323,House,2,0,0,0,2,530,,0,0
Metford,NSW,2323,metford-nsw-2323,House,3,755000,12,0,37,600,4.13,596200,830000
Metford,NSW,2323,metford-nsw-2323,House,4,840000,14,0,28,675,4.18,765000,910125
Metford,NSW,2323,metford-nsw-2323,House,5,0,0,0,5,0,,0,0
Metford,NSW,2323,metford-nsw-2323,Unit,1,0,0,0,1,0,,0,0
Metford,NSW,2323,metford-nsw-2323,Unit,2,0,0,0,9,445,,0,0
Metford,NSW,2323,metford-nsw-2323,Unit,3,0,0,0,3,0,,0,0
Mount Hutton,NSW,2290,mount-hutton-nsw-2290,House,2,723000,0,0,10,620,4.46,664500,2740000
Mount Hutton,NSW,2290,mount-hutton-nsw-2290,House,3,829500,27,0,52,723,4.53,741500,962700
Mount Hutton,NSW,2290,mount-hutton-nsw-2290,House,4,1070000,16,0,18,0,,702000,1222903
Mount Hutton,NSW,2290,mount-hutton-nsw-2290,House,5,0,0,0,3,0,,0,0
Mount Hutton,NSW,2290,mount-hutton-nsw-2290,Unit,1,0,0,0,1,0,,0,0
Mount Hutton,NSW,2290,mount-hutton-nsw-2290,Unit,2,0,0,0,4,0,,0,0
Mount Hutton,NSW,2290,mount-hutton-nsw-2290,Unit,3,0,0,0,6,0,,0,0
North Albury,NSW,2640,north-albury-nsw-2640,House,2,450000,41,0,18,430,4.97,378600,690000
North Albury,NSW,2640,north-albury-nsw-2640,House,3,588000,21,0.7,86,490,4.33,405400,776200
North Albury,NSW,2640,north-albury-nsw-2640,House,4,673000,22,0,19,535,4.13,514800,966500
North Albury,NSW,2640,north-albury-nsw-2640,House,5,0,0,0,4,0,,0,0
North Albury,NSW,2640,north-albury-nsw-2640,Unit,1,0,0,0,3,330,,0,0
North Albury,NSW,2640,north-albury-nsw-2640,Unit,2,349000,0,0,10,385,5.74,265850,497250
North Albury,NSW,2640,north-albury-nsw-2640,Unit,3,0,0,0,2,0,,0,0
North Bondi,NSW,2026,north-bondi-nsw-2026,House,2,3675000,0,0.5714285714285714,11,1500,2.12,1775000,4540000
North Bondi,NSW,2026,north-bondi-nsw-2026,House,3,5310000,0,0.7692307692307693,20,1950,1.91,3327000,12750889
North Bondi,NSW,2026,north-bondi-nsw-2026,House,4,5025000,0,0.42105263157894735,22,3500,3.62,4052500,10138000
North Bondi,NSW,2026,north-bondi-nsw-2026,House,5,7300000,0,0.5454545454545454,15,3900,2.78,5141800,10500000
North Bondi,NSW,2026,north-bondi-nsw-2026,Unit,1,1050000,0,1,13,850,4.21,816200,2074000
North Bondi,NSW,2026,north-bondi-nsw-2026,Unit,2,1557500,0,0.5510204081632653,44,1100,3.67,1007500,2795850
North Bondi,NSW,2026,north-bondi-nsw-2026,Unit,3,0,0,0,5,1795,,0,0
Sapphire Beach,NSW,2450,sapphire-beach-nsw-2450,House,2,0,0,0,1,0,,0,0
Sapphire Beach,NSW,2450,sapphire-beach-nsw-2450,House,3,1149500,34,0,15,750,3.39,1007250,1961500
Sapphire Beach,NSW,2450,sapphire-beach-nsw-2450,House,4,1217500,65,0,22,850,3.63,1043000,2422500
Sapphire Beach,NSW,2450,sapphire-beach-nsw-2450,House,5,0,0,0,2,0,,0,0
Sapphire Beach,NSW,2450,sapphire-beach-nsw-2450,Unit,1,0,0,0,7,525,,0,0
Sapphire Beach,NSW,2450,sapphire-beach-nsw-2450,Unit,2,0,0,0,2,0,,0,0
Sapphire Beach,NSW,2450,sapphire-beach-nsw-2450,Unit,3,0,0,0,6,0,,0,0
Temora,NSW,2666,temora-nsw-2666,House,2,0,0,0,9,390,,0,0
Temora,NSW,2666,temora-nsw-2666,House,3,437500,55,0,48,430,5.11,281750,674750
Temora,NSW,2666,temora-nsw-2666,House,4,590000,93,0,25,625,5.51,352000,890000
Temora,NSW,2666,temora-nsw-2666,House,5,598350,0,0,10,0,,445050,1036250
Temora,NSW,2666,temora-nsw-2666,Unit,1,0,0,0,0,0,,0,0
Temora,NSW,2666,temora-nsw-2666,Unit,2,0,0,0,4,340,,0,0
Temora,NSW,2666,temora-nsw-2666,Unit,3,0,0,0,4,0,,0,0
Vincentia,NSW,2540,vincentia-nsw-2540,House,2,1000000,0,0,10,560,2.91,631750,1186450
Vincentia,NSW,2540,vincentia-nsw-2540,House,3,1030000,76,0,33,650,3.28,758000,1480000
Vincentia,NSW,2540,vincentia-nsw-2540,House,4,1350000,82,0,40,730,2.81,968000,2742000
Vincentia,NSW,2540,vincentia-nsw-2540,House,5,1610000,83,0,13,0,,1164000,3126000
Vincentia,NSW,2540,vincentia-nsw-2540,Unit,1,0,0,0,0,0,,0,0
Vincentia,NSW,2540,vincentia-nsw-2540,Unit,2,0,0,0,5,508,,0,0
Vincentia,NSW,2540,vincentia-nsw-2540,Unit,3,0,0,0,2,0,,0,0
Watanobbi,NSW,2259,watanobbi-nsw-2259,House,2,0,0,0,2,473,,0,0
Watanobbi,NSW,2259,watanobbi-nsw-2259,House,3,780000,15,0,30,620,4.13,617250,900750
Watanobbi,NSW,2259,watanobbi-nsw-2259,House,4,905000,34,0,28,700,4.02,779500,1164500
Watanobbi,NSW,2259,watanobbi-nsw-2259,House,5,0,0,0,4,0,,0,0
Watanobbi,NSW,2259,watanobbi-nsw-2259,Unit,1,0,0,0,0,0,,0,0
Watanobbi,NSW,2259,watanobbi-nsw-2259,Unit,2,0,0,0,2,0,,0,0
Watanobbi,NSW,2259,watanobbi-nsw-2259,Unit,3,0,0,0,0,0,,0,0
Windradyne,NSW,2795,windradyne-nsw-2795,House,2,0,0,0,0,0,,0,0
Windradyne,NSW,2795,windradyne-nsw-2795,House,3,680000,26,0,35,560,4.28,524200,774500
Windradyne,NSW,2795,windradyne-nsw-2795,House,4,770000,24,0,29,640,4.32,576200,959200
Windradyne,NSW,2795,windradyne-nsw-2795,House,5,0,0,0,7,0,,0,0
Blaxland,NSW,2774,blaxland-nsw-2774,House,2,0,0,0,9,0,,0,0
Blaxland,NSW,2774,blaxland-nsw-2774,House,3,1050000,17,0,51,675,3.34,805000,1283025
Blaxland,NSW,2774,blaxland-nsw-2774,House,4,1320000,23,0,43,825,3.25,1007560,1758000
Blaxland,NSW,2774,blaxland-nsw-2774,House,5,1200000,27,0,12,0,,1070000,1821250
Blaxland,NSW,2774,blaxland-nsw-2774,Unit,1,0,0,0,0,370,,0,0
Blaxland,NSW,2774,blaxland-nsw-2774,Unit,2,0,0,0,3,0,,0,0
Blaxland,NSW,2774,blaxland-nsw-2774,Unit,3,0,0,0,3,0,,0,0
Bligh Park,NSW,2756,bligh-park-nsw-2756,House,2,0,0,0,4,0,,0,0
Bligh Park,NSW,2756,bligh-park-nsw-2756,House,3,942000,13,0,55,650,3.59,834000,1180600
Bligh Park,NSW,2756,bligh-park-nsw-2756,House,4,1190000,15,0,37,780,3.41,1010000,1357000
Bligh Park,NSW,2756,bligh-park-nsw-2756,House,5,0,0,0,5,0,,0,0
Bligh Park,NSW,2756,bligh-park-nsw-2756,Unit,1,0,0,0,0,0,,0,0
Bligh Park,NSW,2756,bligh-park-nsw-2756,Unit,2,0,0,0,1,0,,0,0
Bligh Park,NSW,2756,bligh-park-nsw-2756,Unit,3,0,0,0,1,0,,0,0
Bonny Hills,NSW,2445,bonny-hills-nsw-2445,House,2,0,0,0,0,0,,0,0
Bonny Hills,NSW,2445,bonny-hills-nsw-2445,House,3,855000,49,0,19,678,4.12,789900,1384000
Bonny Hills,NSW,2445,bonny-hills-nsw-2445,House,4,1222500,114,0,26,733,3.12,951250,1975000
Bonny Hills,NSW,2445,bonny-hills-nsw-2445,House,5,0,0,0,6,0,,0,0
Bonny Hills,NSW,2445,bonny-hills-nsw-2445,Unit,1,0,0,0,0,0,,0,0
Bonny Hills,NSW,2445,bonny-hills-nsw-2445,Unit,2,0,0,0,0,0,,0,0
Bonny Hills,NSW,2445,bonny-hills-nsw-2445,Unit,3,0,0,0,1,0,,0,0
Caddens,NSW,2747,caddens-nsw-2747,House,2,0,0,0,0,0,,0,0
Caddens,NSW,2747,caddens-nsw-2747,House,3,0,0,0,1,0,,0,0
Caddens,NSW,2747,caddens-nsw-2747,House,4,1250000,27,0,23,860,3.58,790000,1650000
Caddens,NSW,2747,caddens-nsw-2747,House,5,1565000,36,0,14,970,3.22,1300000,1840000
Deniliquin,NSW,2710,deniliquin-nsw-2710,House,2,310000,0,0,21,0,,240000,420000
Deniliquin,NSW,2710,deniliquin-nsw-2710,House,3,390000,43,0,82,430,5.73,229750,780000
Deniliquin,NSW,2710,deniliquin-nsw-2710,House,4,477500,53,0,36,0,,280750,791250
Deniliquin,NSW,2710,deniliquin-nsw-2710,House,5,0,0,0,6,0,,0,0
Deniliquin,NSW,2710,deniliquin-nsw-2710,Unit,1,0,0,0,0,0,,0,0
Deniliquin,NSW,2710,deniliquin-nsw-2710,Unit,2,0,0,0,9,0,,0,0
Deniliquin,NSW,2710,deniliquin-nsw-2710,Unit,3,0,0,0,2,0,,0,0
Doonside,NSW,2767,doonside-nsw-2767,House,2,0,0,0,5,550,,0,0
Doonside,NSW,2767,doonside-nsw-2767,House,3,1097000,25,0.6666666666666666,62,640,3.03,826725,1373800
Doonside,NSW,2767,doonside-nsw-2767,House,4,1135000,33,0.6470588235294118,33,750,3.44,910999,1518000
Doonside,NSW,2767,doonside-nsw-2767,House,5,1248800,0,0.5833333333333334,16,800,3.33,1037500,1549750
Doonside,NSW,2767,doonside-nsw-2767,Unit,1,0,0,0,0,380,,0,0
Doonside,NSW,2767,doonside-nsw-2767,Unit,2,0,0,0,0,530,,0,0
Doonside,NSW,2767,doonside-nsw-2767,Unit,3,0,0,0,4,0,,0,0
Fairlight,NSW,2094,fairlight-nsw-2094,House,2,0,0,0,4,1325,,0,0
Fairlight,NSW,2094,fairlight-nsw-2094,House,3,3350000,0,0.7894736842105263,22,1695,2.63,2130000,5900000
Fairlight,NSW,2094,fairlight-nsw-2094,House,4,4575000,0,0.47058823529411764,18,2798,3.18,2271000,8741800
Fairlight,NSW,2094,fairlight-nsw-2094,House,5,0,0,0.36363636363636365,6,0,,0,0
Fairlight,NSW,2094,fairlight-nsw-2094,Unit,1,0,0,0,9,700,,0,0
Fairlight,NSW,2094,fairlight-nsw-2094,Unit,2,1737500,0,0.8947368421052632,30,998,2.99,1248050,3022500
Fairlight,NSW,2094,fairlight-nsw-2094,Unit,3,2905000,0,0.7916666666666666,29,1595,2.86,1940000,6080000
Hamilton South,NSW,2303,hamilton-south-nsw-2303,House,2,1110000,0,0,14,710,3.33,875000,2067000
Hamilton South,NSW,2303,hamilton-south-nsw-2303,House,3,1525000,33,0.5,17,800,2.73,810000,2280000
Hamilton South,NSW,2303,hamilton-south-nsw-2303,House,4,1650000,0,0,11,1050,3.31,1281250,2730000
Hamilton South,NSW,2303,hamilton-south-nsw-2303,House,5,0,0,0,3,0,,0,0
Hamilton South,NSW,2303,hamilton-south-nsw-2303,Unit,1,0,0,0,0,0,,0,0
Hamilton South,NSW,2303,hamilton-south-nsw-2303,Unit,2,0,0,0,0,0,,0,0
Hamilton South,NSW,2303,hamilton-south-nsw-2303,Unit,3,0,0,0,2,0,,0,0
Mount Austin,NSW,2650,mount-austin-nsw-2650,House,2,0,0,0,9,400,,0,0
Mount Austin,NSW,2650,mount-austin-nsw-2650,House,3,530000,18,0,55,485,4.76,414000,666500
Mount Austin,NSW,2650,mount-austin-nsw-2650,House,4,611000,26,0,18,570,4.85,469944,751275
Mount Austin,NSW,2650,mount-austin-nsw-2650,House,5,0,0,0,2,0,,0,0
Mount Austin,NSW,2650,mount-austin-nsw-2650,Unit,1,0,0,0,0,0,,0,0
Mount Austin,NSW,2650,mount-austin-nsw-2650,Unit,2,0,0,0,1,0,,0,0
Mount Austin,NSW,2650,mount-austin-nsw-2650,Unit,3,0,0,0,1,0,,0,0
Putney,NSW,2112,putney-nsw-2112,House,2,0,0,0,2,0,,0,0
Putney,NSW,2112,putney-nsw-2112,House,3,3330000,0,0.47058823529411764,19,965,1.51,1980000,3862500
Putney,NSW,2112,putney-nsw-2112,House,4,3367500,0,0.3,15,1500,2.32,2767500,5667500
Putney,NSW,2112,putney-nsw-2112,House,5,3642500,58,0.5,28,1950,2.78,2787000,5933500
Rose Bay,NSW,2029,rose-bay-nsw-2029,House,2,0,0,0,1,0,,0,0
Rose Bay,NSW,2029,rose-bay-nsw-2029,House,3,3850000,0,0.5,17,1898,2.56,2670000,7957000
Rose Bay,NSW,2029,rose-bay-nsw-2029,House,4,6550000,0,0.5769230769230769,20,2800,2.22,3700614,10882000
Rose Bay,NSW,2029,rose-bay-nsw-2029,House,5,0,0,0.45454545454545453,9,4000,,0,0
Rose Bay,NSW,2029,rose-bay-nsw-2029,Unit,1,980000,0,0.6428571428571429,17,780,4.14,528000,1428000
Rose Bay,NSW,2029,rose-bay-nsw-2029,Unit,2,1487500,41,0.6212121212121212,64,988,3.45,887500,2574750
Rose Bay,NSW,2029,rose-bay-nsw-2029,Unit,3,3275000,49,0.3235294117647059,42,1950,3.1,1571000,10435000
Suffolk Park,NSW,2481,suffolk-park-nsw-2481,House,2,0,0,0,5,820,,0,0
Suffolk Park,NSW,2481,suffolk-park-nsw-2481,House,3,1350000,57,0,36,1200,4.62,1074000,2454500
Suffolk Park,NSW,2481,suffolk-park-nsw-2481,House,4,2292500,98,0,24,1500,3.4,1283000,4148750
Suffolk Park,NSW,2481,suffolk-park-nsw-2481,House,5,0,0,0,7,0,,0,0
Suffolk Park,NSW,2481,suffolk-park-nsw-2481,Unit,1,0,0,0,1,0,,0,0
Suffolk Park,NSW,2481,suffolk-park-nsw-2481,Unit,2,0,0,0,8,850,,0,0
Suffolk Park,NSW,2481,suffolk-park-nsw-2481,Unit,3,0,0,0,7,0,,0,0
Summer Hill,NSW,2130,summer-hill-nsw-2130,House,2,0,0,0,6,780,,0,0
Summer Hill,NSW,2130,summer-hill-nsw-2130,House,3,2335000,0,0.6521739130434783,23,1100,2.45,1578700,3397000
Summer Hill,NSW,2130,summer-hill-nsw-2130,House,4,2867500,0,0.8181818181818182,14,0,,2347250,3942000
Summer Hill,NSW,2130,summer-hill-nsw-2130,House,5,0,0,0,3,0,,0,0
Summer Hill,NSW,2130,summer-hill-nsw-2130,Unit,1,900000,0,0.7142857142857143,19,595,3.44,548000,1026000
Summer Hill,NSW,2130,summer-hill-nsw-2130,Unit,2,1135000,41,0.8125,67,690,3.16,666000,1500000
Summer Hill,NSW,2130,summer-hill-nsw-2130,Unit,3,0,0,0,5,950,,0,0
Warriewood,NSW,2102,warriewood-nsw-2102,House,2,0,0,0,6,0,,0,0
Warriewood,NSW,2102,warriewood-nsw-2102,House,3,2100000,46,0.6428571428571429,41,1350,3.34,1797250,2578750
Warriewood,NSW,2102,warriewood-nsw-2102,House,4,2501500,25,0.6923076923076923,33,1650,3.43,2200000,3954000
Warriewood,NSW,2102,warriewood-nsw-2102,House,5,2695000,35,0,19,0,,2147000,3105000
Warriewood,NSW,2102,warriewood-nsw-2102,Unit,1,0,0,0,3,700,,0,0
Warriewood,NSW,2102,warriewood-nsw-2102,Unit,2,1350000,49,0,25,963,3.71,1190000,1754000
Warriewood,NSW,2102,warriewood-nsw-2102,Unit,3,0,0,0,8,1300,,0,0
Abbotsford,NSW,2046,abbotsford-nsw-2046,House,2,0,0,0,8,850,,0,0
Abbotsford,NSW,2046,abbotsford-nsw-2046,House,3,2802500,0,0.6153846153846154,14,1300,2.41,1247750,4804750
Abbotsford,NSW,2046,abbotsford-nsw-2046,House,4,3450000,0,0.4117647058823529,15,0,,2117500,4160000
Abbotsford,NSW,2046,abbotsford-nsw-2046,House,5,0,0,0,7,0,,0,0
Abbotsford,NSW,2046,abbotsford-nsw-2046,Unit,1,0,0,0,3,0,,0,0
Abbotsford,NSW,2046,abbotsford-nsw-2046,Unit,2,1185000,33,0.8666666666666667,27,780,3.42,977500,1527250
Abbotsford,NSW,2046,abbotsford-nsw-2046,Unit,3,1700000,0,0.6666666666666666,17,1020,3.12,1384000,3410000
Bega,NSW,2550,bega-nsw-2550,House,2,0,0,0,8,0,,0,0
Bega,NSW,2550,bega-nsw-2550,House,3,599000,72,0,62,570,4.95,465000,890000
Bega,NSW,2550,bega-nsw-2550,House,4,760000,96,0,29,675,4.62,574000,1101200
Bega,NSW,2550,bega-nsw-2550,House,5,0,0,0,5,0,,0,0
Bega,NSW,2550,bega-nsw-2550,Unit,1,0,0,0,0,0,,0,0
Bega,NSW,2550,bega-nsw-2550,Unit,2,0,0,0,5,0,,0,0
Bega,NSW,2550,bega-nsw-2550,Unit,3,0,0,0,2,0,,0,0
Cammeray,NSW,2062,cammeray-nsw-2062,House,2,0,0,0,5,888,,0,0
Cammeray,NSW,2062,cammeray-nsw-2062,House,3,3250000,0,0.7391304347826086,24,1350,2.16,2157500,4829000
Cammeray,NSW,2062,cammeray-nsw-2062,House,4,3905000,0,0.6363636363636364,21,2200,2.93,2400000,6500000
Cammeray,NSW,2062,cammeray-nsw-2062,House,5,0,0,0.18181818181818182,4,0,,0,0
Cammeray,NSW,2062,cammeray-nsw-2062,Unit,1,840000,0,0.9523809523809523,29,675,4.18,624000,1161000
Cammeray,NSW,2062,cammeray-nsw-2062,Unit,2,1305000,21,0.9333333333333333,47,830,3.31,1005300,1823000
Cammeray,NSW,2062,cammeray-nsw-2062,Unit,3,2327500,0,0,12,1200,2.68,1789500,4758750
Elermore Vale,NSW,2287,elermore-vale-nsw-2287,House,2,720500,0,0,10,598,4.32,571250,846900
Elermore Vale,NSW,2287,elermore-vale-nsw-2287,House,3,855500,16,0,64,700,4.25,594500,1154000
Elermore Vale,NSW,2287,elermore-vale-nsw-2287,House,4,1225000,16,0,18,800,3.4,842500,1502150
Elermore Vale,NSW,2287,elermore-vale-nsw-2287,House,5,0,0,0,8,0,,0,0
Elermore Vale,NSW,2287,elermore-vale-nsw-2287,Unit,1,0,0,0,0,0,,0,0
Elermore Vale,NSW,2287,elermore-vale-nsw-2287,Unit,2,0,0,0,8,0,,0,0
Elermore Vale,NSW,2287,elermore-vale-nsw-2287,Unit,3,720000,10,0,17,650,4.69,609000,825200
Glenhaven,NSW,2156,glenhaven-nsw-2156,House,2,0,0,0,0,0,,0,0
Glenhaven,NSW,2156,glenhaven-nsw-2156,House,3,1678750,0,0,12,0,,1396950,2073250
Glenhaven,NSW,2156,glenhaven-nsw-2156,House,4,2308500,33,0.7058823529411765,32,1025,2.31,2100000,3517500
Glenhaven,NSW,2156,glenhaven-nsw-2156,House,5,2935000,53,0.3,35,0,,2132000,5130000
Inverell,NSW,2360,inverell-nsw-2360,House,2,332500,35,0,28,360,5.63,252450,553750
Inverell,NSW,2360,inverell-nsw-2360,House,3,422500,38,0,130,440,5.42,281750,717500
Inverell,NSW,2360,inverell-nsw-2360,House,4,563500,39,0,86,515,4.75,310000,915000
Inverell,NSW,2360,inverell-nsw-2360,House,5,575000,0,0,11,0,,472500,955000
Inverell,NSW,2360,inverell-nsw-2360,Unit,1,0,0,0,0,270,,0,0
Inverell,NSW,2360,inverell-nsw-2360,Unit,2,0,0,0,6,320,,0,0
Inverell,NSW,2360,inverell-nsw-2360,Unit,3,0,0,0,5,0,,0,0
Kings Langley,NSW,2147,kings-langley-nsw-2147,House,2,0,0,0,0,580,,0,0
Kings Langley,NSW,2147,kings-langley-nsw-2147,House,3,1450000,30,0.7142857142857143,27,725,2.6,1138500,1765500
Kings Langley,NSW,2147,kings-langley-nsw-2147,House,4,1622500,33,0.6857142857142857,44,850,2.72,1401500,1897750
Kings Langley,NSW,2147,kings-langley-nsw-2147,House,5,1710000,42,0.5,22,958,2.91,1357250,2090000
Kingscliff,NSW,2487,kingscliff-nsw-2487,House,2,940000,59,0,29,775,4.29,635000,47156000
Kingscliff,NSW,2487,kingscliff-nsw-2487,House,3,1427500,40,0.23076923076923078,70,950,3.46,949000,2541250
Kingscliff,NSW,2487,kingscliff-nsw-2487,House,4,1945000,50,0.30434782608695654,60,1450,3.88,1323750,3315000
Kingscliff,NSW,2487,kingscliff-nsw-2487,House,5,2900000,83,0.14285714285714285,23,1650,2.96,1651000,6255000
Kingscliff,NSW,2487,kingscliff-nsw-2487,Unit,1,420000,189,0,20,0,,378850,510000
Kingscliff,NSW,2487,kingscliff-nsw-2487,Unit,2,840000,54,0,84,780,4.83,576000,1512000
Kingscliff,NSW,2487,kingscliff-nsw-2487,Unit,3,1510000,70,0,36,1098,3.78,772550,2719500
Leura,NSW,2780,leura-nsw-2780,House,2,890000,46,0,22,565,3.3,712075,1338000
Leura,NSW,2780,leura-nsw-2780,House,3,1156000,45,0,61,660,2.97,810000,1689061
Leura,NSW,2780,leura-nsw-2780,House,4,1405000,49,0,31,850,3.15,952500,2225000
Leura,NSW,2780,leura-nsw-2780,House,5,1432500,73,0,10,0,,1122500,2140000
Leura,NSW,2780,leura-nsw-2780,Unit,1,0,0,0,3,0,,0,0
Leura,NSW,2780,leura-nsw-2780,Unit,2,615000,68,0,16,0,,550000,622500
Leura,NSW,2780,leura-nsw-2780,Unit,3,0,0,0,0,0,,0,0
Marsfield,NSW,2122,marsfield-nsw-2122,House,2,1020000,30,0.7638888888888888,79,700,3.57,930000,1267250
Marsfield,NSW,2122,marsfield-nsw-2122,House,3,1610000,48,0.6571428571428571,41,890,2.87,1210000,2810000
Marsfield,NSW,2122,marsfield-nsw-2122,House,4,2560000,0,0.6333333333333333,26,1250,2.54,2108200,3015400
Marsfield,NSW,2122,marsfield-nsw-2122,House,5,2685500,41,0.45,36,1700,3.29,2025000,3400000
Marsfield,NSW,2122,marsfield-nsw-2122,Unit,1,0,0,0,3,0,,0,0
Marsfield,NSW,2122,marsfield-nsw-2122,Unit,2,781500,28,0.5333333333333333,25,700,4.66,711000,1235600
Marsfield,NSW,2122,marsfield-nsw-2122,Unit,3,1106000,0,0.6666666666666666,16,850,4.0,895000,1542222
Mollymook Beach,NSW,2539,mollymook-beach-nsw-2539,House,2,950000,100,0,11,0,,730000,2660000
Mollymook Beach,NSW,2539,mollymook-beach-nsw-2539,House,3,1003750,46,0,30,623,3.23,828500,1918750
Mollymook Beach,NSW,2539,mollymook-beach-nsw-2539,House,4,1470000,141,0,30,690,2.44,806000,4250000
Mollymook Beach,NSW,2539,mollymook-beach-nsw-2539,House,5,1328000,121,0,11,0,,1077500,3037500
Mortdale,NSW,2223,mortdale-nsw-2223,House,2,1058000,0,0,10,765,3.76,627000,2501500
Mortdale,NSW,2223,mortdale-nsw-2223,House,3,1667000,0,0.6428571428571429,31,870,2.71,1203000,1950000
Mortdale,NSW,2223,mortdale-nsw-2223,House,4,1950000,0,0.8823529411764706,22,1200,3.2,1715600,2629500
Mortdale,NSW,2223,mortdale-nsw-2223,House,5,2170000,0,0,16,0,,1661250,3175000
Mortdale,NSW,2223,mortdale-nsw-2223,Unit,1,587444,14,0,15,500,4.43,509000,734500
Mortdale,NSW,2223,mortdale-nsw-2223,Unit,2,800000,16,0.8823529411764706,80,630,4.09,619500,1068400
Mortdale,NSW,2223,mortdale-nsw-2223,Unit,3,1260000,0,0.9090909090909091,17,825,3.4,1059400,1569600
Mullumbimby,NSW,2482,mullumbimby-nsw-2482,House,2,890000,20,0,17,700,4.09,700000,1430000
Mullumbimby,NSW,2482,mullumbimby-nsw-2482,House,3,1090000,50,0,45,950,4.53,788000,1622000
Mullumbimby,NSW,2482,mullumbimby-nsw-2482,House,4,1320000,109,0,31,1100,4.33,976750,2785000
Mullumbimby,NSW,2482,mullumbimby-nsw-2482,House,5,0,0,0,7,0,,0,0
North Narrabeen,NSW,2101,north-narrabeen-nsw-2101,House,2,0,0,0,8,0,,0,0
North Narrabeen,NSW,2101,north-narrabeen-nsw-2101,House,3,2227000,0,0.6,19,1100,2.57,1905000,2683720
North Narrabeen,NSW,2101,north-narrabeen-nsw-2101,House,4,2340000,0,0.64,23,1450,3.22,1879350,3055500
North Narrabeen,NSW,2101,north-narrabeen-nsw-2101,House,5,2900000,0,0.2857142857142857,10,0,,2151000,3912050
Sawtell,NSW,2452,sawtell-nsw-2452,House,2,0,0,0,5,550,,0,0
Sawtell,NSW,2452,sawtell-nsw-2452,House,3,1162500,73,0,25,700,3.13,882400,2042500
Sawtell,NSW,2452,sawtell-nsw-2452,House,4,1355000,120,0,25,865,3.32,1032000,2154000
Sawtell,NSW,2452,sawtell-nsw-2452,House,5,0,0,0,7,0,,0,0
Sawtell,NSW,2452,sawtell-nsw-2452,Unit,1,0,0,0,3,400,,0,0
Sawtell,NSW,2452,sawtell-nsw-2452,Unit,2,670000,0,0,11,520,4.04,520000,1061250
Sawtell,NSW,2452,sawtell-nsw-2452,Unit,3,0,0,0,2,0,,0,0
Sylvania,NSW,2224,sylvania-nsw-2224,House,2,0,0,0,8,740,,0,0
Sylvania,NSW,2224,sylvania-nsw-2224,House,3,1600000,23,0.7419354838709677,51,985,3.2,1315250,2502500
Sylvania,NSW,2224,sylvania-nsw-2224,House,4,2020000,60,0.4318181818181818,57,1300,3.35,1502500,2881500
Sylvania,NSW,2224,sylvania-nsw-2224,House,5,2262500,72,0.5151515151515151,38,1500,3.45,1779750,4709750
Sylvania,NSW,2224,sylvania-nsw-2224,Unit,1,0,0,0,1,0,,0,0
Sylvania,NSW,2224,sylvania-nsw-2224,Unit,2,884000,16,0,20,650,3.82,667100,1050000
Sylvania,NSW,2224,sylvania-nsw-2224,Unit,3,1350000,0,0.7,19,850,3.27,902200,1827000
Telarah,NSW,2320,telarah-nsw-2320,House,2,0,0,0,7,0,,0,0
Telarah,NSW,2320,telarah-nsw-2320,House,3,738000,11,0,37,580,4.09,553600,830000
Telarah,NSW,2320,telarah-nsw-2320,House,4,0,0,0,9,0,,0,0
Telarah,NSW,2320,telarah-nsw-2320,House,5,0,0,0,2,0,,0,0
Telarah,NSW,2320,telarah-nsw-2320,Unit,1,0,0,0,1,0,,0,0
Telarah,NSW,2320,telarah-nsw-2320,Unit,2,0,0,0,2,0,,0,0
Telarah,NSW,2320,telarah-nsw-2320,Unit,3,0,0,0,0,0,,0,0
Aberdare,NSW,2325,aberdare-nsw-2325,House,2,0,0,0,3,0,,0,0
Aberdare,NSW,2325,aberdare-nsw-2325,House,3,695000,14,0,39,560,4.19,600000,855500
Aberdare,NSW,2325,aberdare-nsw-2325,House,4,812500,15,0,14,645,4.13,678250,962500
Aberdare,NSW,2325,aberdare-nsw-2325,House,5,0,0,0,7,0,,0,0
Aberdare,NSW,2325,aberdare-nsw-2325,Unit,1,0,0,0,0,0,,0,0
Aberdare,NSW,2325,aberdare-nsw-2325,Unit,2,0,0,0,5,0,,0,0
Aberdare,NSW,2325,aberdare-nsw-2325,Unit,3,0,0,0,5,0,,0,0
Berry,NSW,2535,berry-nsw-2535,House,2,0,0,0,4,0,,0,0
Berry,NSW,2535,berry-nsw-2535,House,3,1355000,115,0,20,800,3.07,1008125,2581000
Berry,NSW,2535,berry-nsw-2535,House,4,1655000,190,0.07692307692307693,32,870,2.73,999500,2907500
Berry,NSW,2535,berry-nsw-2535,House,5,0,0,0,5,0,,0,0
Berry,NSW,2535,berry-nsw-2535,Unit,1,0,0,0,0,0,,0,0
Berry,NSW,2535,berry-nsw-2535,Unit,2,0,0,0,2,0,,0,0
Berry,NSW,2535,berry-nsw-2535,Unit,3,0,0,0,2,0,,0,0
Bossley Park,NSW,2176,bossley-park-nsw-2176,House,2,0,0,0,2,550,,0,0
Bossley Park,NSW,2176,bossley-park-nsw-2176,House,3,1365250,30,0.7692307692307693,54,700,2.67,962775,1624000
Bossley Park,NSW,2176,bossley-park-nsw-2176,House,4,1482500,0,0.6944444444444444,46,900,3.16,1300000,1816000
Bossley Park,NSW,2176,bossley-park-nsw-2176,House,5,1570000,0,0.7368421052631579,23,0,,1385500,2157500
Bossley Park,NSW,2176,bossley-park-nsw-2176,Unit,1,0,0,0,0,0,,0,0
Bossley Park,NSW,2176,bossley-park-nsw-2176,Unit,2,0,0,0,1,0,,0,0
Bossley Park,NSW,2176,bossley-park-nsw-2176,Unit,3,0,0,0,3,0,,0,0
Canterbury,NSW,2193,canterbury-nsw-2193,House,2,0,0,0,8,750,,0,0
Canterbury,NSW,2193,canterbury-nsw-2193,House,3,1820000,0,0.85,19,850,2.43,1254000,2556000
Canterbury,NSW,2193,canterbury-nsw-2193,House,4,2270000,0,0.4,11,0,,1796000,2805000
Canterbury,NSW,2193,canterbury-nsw-2193,House,5,0,0,0,6,0,,0,0
Canterbury,NSW,2193,canterbury-nsw-2193,Unit,1,510000,43,0,37,610,6.22,271250,576250
Canterbury,NSW,2193,canterbury-nsw-2193,Unit,2,764000,21,0.8666666666666667,87,725,4.93,411250,1098750
Canterbury,NSW,2193,canterbury-nsw-2193,Unit,3,945000,0,0,21,875,4.81,910000,1200000
Colyton,NSW,2760,colyton-nsw-2760,House,2,0,0,0,7,500,,0,0
Colyton,NSW,2760,colyton-nsw-2760,House,3,1080000,18,0,55,600,2.89,912310,1330500
Colyton,NSW,2760,colyton-nsw-2760,House,4,1150000,15,0,21,750,3.39,975000,1380000
Colyton,NSW,2760,colyton-nsw-2760,House,5,1265000,15,0,19,800,3.29,945000,1703000
Colyton,NSW,2760,colyton-nsw-2760,Unit,1,0,0,0,0,0,,0,0
Colyton,NSW,2760,colyton-nsw-2760,Unit,2,0,0,0,1,500,,0,0
Colyton,NSW,2760,colyton-nsw-2760,Unit,3,0,0,0,0,0,,0,0
Gloucester,NSW,2422,gloucester-nsw-2422,House,2,0,0,0,8,420,,0,0
Gloucester,NSW,2422,gloucester-nsw-2422,House,3,600000,52,0,42,485,4.2,420500,845000
Gloucester,NSW,2422,gloucester-nsw-2422,House,4,645000,56,0,23,550,4.43,499750,874000
Gloucester,NSW,2422,gloucester-nsw-2422,House,5,0,0,0,4,0,,0,0
Gloucester,NSW,2422,gloucester-nsw-2422,Unit,1,0,0,0,0,0,,0,0
Gloucester,NSW,2422,gloucester-nsw-2422,Unit,2,0,0,0,2,0,,0,0
Gloucester,NSW,2422,gloucester-nsw-2422,Unit,3,0,0,0,1,0,,0,0
Kanahooka,NSW,2530,kanahooka-nsw-2530,House,2,0,0,0,7,0,,0,0
Kanahooka,NSW,2530,kanahooka-nsw-2530,House,3,931500,25,0,46,693,3.87,826250,1306250
Kanahooka,NSW,2530,kanahooka-nsw-2530,House,4,1100000,26,0,29,850,4.02,803750,1804000
Kanahooka,NSW,2530,kanahooka-nsw-2530,House,5,1125000,25,0,11,0,,975000,1685000
Kirrawee,NSW,2232,kirrawee-nsw-2232,House,2,1225000,0,0,10,743,3.15,965250,1901000
Kirrawee,NSW,2232,kirrawee-nsw-2232,House,3,1550000,25,0.875,63,950,3.19,1100000,1999000
Kirrawee,NSW,2232,kirrawee-nsw-2232,House,4,1850000,35,0.5777777777777777,55,1250,3.51,1542000,2286000
Kirrawee,NSW,2232,kirrawee-nsw-2232,House,5,2115000,0,0,17,1475,3.63,1862000,2388000
Kirrawee,NSW,2232,kirrawee-nsw-2232,Unit,1,747000,19,0,31,670,4.66,482750,795000
Kirrawee,NSW,2232,kirrawee-nsw-2232,Unit,2,902500,22,0,61,775,4.47,718000,1020250
Kirrawee,NSW,2232,kirrawee-nsw-2232,Unit,3,0,0,0,8,1100,,0,0
Kotara,NSW,2289,kotara-nsw-2289,House,2,0,0,0,5,0,,0,0
Kotara,NSW,2289,kotara-nsw-2289,House,3,985000,21,0.6666666666666666,53,780,4.12,778600,1325000
Kotara,NSW,2289,kotara-nsw-2289,House,4,0,0,0,9,850,,0,0
Kotara,NSW,2289,kotara-nsw-2289,House,5,0,0,0,8,0,,0,0
Kotara,NSW,2289,kotara-nsw-2289,Unit,1,0,0,0,1,0,,0,0
Kotara,NSW,2289,kotara-nsw-2289,Unit,2,0,0,0,3,0,,0,0
Kotara,NSW,2289,kotara-nsw-2289,Unit,3,0,0,0,1,0,,0,0
Lisarow,NSW,2250,lisarow-nsw-2250,House,2,0,0,0,0,0,,0,0
Lisarow,NSW,2250,lisarow-nsw-2250,House,3,875250,24,0,18,690,4.1,742500,1211250
Lisarow,NSW,2250,lisarow-nsw-2250,House,4,1260000,24,0,37,850,3.51,990000,1860000
Lisarow,NSW,2250,lisarow-nsw-2250,House,5,0,0,0,8,0,,0,0
Rockdale,NSW,2216,rockdale-nsw-2216,House,2,0,0,0,4,685,,0,0
Rockdale,NSW,2216,rockdale-nsw-2216,House,3,1650000,0,0.7692307692307693,15,900,2.84,1488000,2094000
Rockdale,NSW,2216,rockdale-nsw-2216,House,4,2005000,0,0.5263157894736842,16,1350,3.5,1737250,3520000
Rockdale,NSW,2216,rockdale-nsw-2216,House,5,0,0,0,7,0,,0,0
Rockdale,NSW,2216,rockdale-nsw-2216,Unit,1,595000,28,0,43,650,5.68,490450,717600
Rockdale,NSW,2216,rockdale-nsw-2216,Unit,2,750000,28,0.631578947368421,210,750,5.2,613050,906500
Rockdale,NSW,2216,rockdale-nsw-2216,Unit,3,875000,40,0,21,950,5.65,792750,1257500
Sussex Inlet,NSW,2540,sussex-inlet-nsw-2540,House,2,597500,64,0,20,435,3.79,473750,744300
Sussex Inlet,NSW,2540,sussex-inlet-nsw-2540,House,3,730000,59,0,50,550,3.92,588000,1320000
Sussex Inlet,NSW,2540,sussex-inlet-nsw-2540,House,4,870000,79,0,35,600,3.59,618800,1526000
Sussex Inlet,NSW,2540,sussex-inlet-nsw-2540,House,5,0,0,0,6,0,,0,0
Sussex Inlet,NSW,2540,sussex-inlet-nsw-2540,Unit,1,0,0,0,1,0,,0,0
Sussex Inlet,NSW,2540,sussex-inlet-nsw-2540,Unit,2,0,0,0,4,0,,0,0
Sussex Inlet,NSW,2540,sussex-inlet-nsw-2540,Unit,3,0,0,0,2,0,,0,0
Tighes Hill,NSW,2297,tighes-hill-nsw-2297,House,2,0,0,0,4,650,,0,0
Tighes Hill,NSW,2297,tighes-hill-nsw-2297,House,3,1100000,36,0,25,785,3.71,929000,1476000
Tighes Hill,NSW,2297,tighes-hill-nsw-2297,House,4,0,0,0,5,0,,0,0
Tighes Hill,NSW,2297,tighes-hill-nsw-2297,House,5,0,0,0,2,0,,0,0
Tighes Hill,NSW,2297,tighes-hill-nsw-2297,Unit,1,0,0,0,1,0,,0,0
Tighes Hill,NSW,2297,tighes-hill-nsw-2297,Unit,2,0,0,0,0,0,,0,0
Tighes Hill,NSW,2297,tighes-hill-nsw-2297,Unit,3,0,0,0,2,0,,0,0
Tolland,NSW,2650,tolland-nsw-2650,House,2,0,0,0,2,0,,0,0
Tolland,NSW,2650,tolland-nsw-2650,House,3,599000,27,0,49,490,4.25,380200,687200
Tolland,NSW,2650,tolland-nsw-2650,House,4,700000,30,0,27,570,4.23,560750,829500
Tolland,NSW,2650,tolland-nsw-2650,House,5,0,0,0,7,0,,0,0
Tolland,NSW,2650,tolland-nsw-2650,Unit,1,0,0,0,0,0,,0,0
Tolland,NSW,2650,tolland-nsw-2650,Unit,2,0,0,0,6,350,,0,0
Tolland,NSW,2650,tolland-nsw-2650,Unit,3,0,0,0,0,0,,0,0
Turvey Park,NSW,2650,turvey-park-nsw-2650,House,2,0,0,0,6,470,,0,0
Turvey Park,NSW,2650,turvey-park-nsw-2650,House,3,720000,36,0,48,550,3.97,558000,889000
Turvey Park,NSW,2650,turvey-park-nsw-2650,House,4,885000,39,0,22,700,4.11,706250,1295000
Turvey Park,NSW,2650,turvey-park-nsw-2650,House,5,0,0,0,3,0,,0,0
Turvey Park,NSW,2650,turvey-park-nsw-2650,Unit,1,0,0,0,0,0,,0,0
Turvey Park,NSW,2650,turvey-park-nsw-2650,Unit,2,0,0,0,0,400,,0,0
Turvey Park,NSW,2650,turvey-park-nsw-2650,Unit,3,0,0,0,1,0,,0,0
Wongawilli,NSW,2530,wongawilli-nsw-2530,House,2,0,0,0,0,0,,0,0
Wongawilli,NSW,2530,wongawilli-nsw-2530,House,3,0,0,0,6,0,,0,0
Wongawilli,NSW,2530,wongawilli-nsw-2530,House,4,1249500,29,0,32,950,3.95,1141000,1450000
Wongawilli,NSW,2530,wongawilli-nsw-2530,House,5,0,0,0,5,0,,0,0
Ashbury,NSW,2193,ashbury-nsw-2193,House,2,0,0,0,0,0,,0,0
Ashbury,NSW,2193,ashbury-nsw-2193,House,3,2362500,0,0.7,16,1500,3.3,1950000,2867500
Ashbury,NSW,2193,ashbury-nsw-2193,House,4,2480000,0,0.6190476190476191,19,0,,2030500,3340000
Ashbury,NSW,2193,ashbury-nsw-2193,House,5,0,0,0,4,0,,0,0
Ashbury,NSW,2193,ashbury-nsw-2193,Unit,1,0,0,0,2,0,,0,0
Ashbury,NSW,2193,ashbury-nsw-2193,Unit,2,0,0,0,1,0,,0,0
Ashbury,NSW,2193,ashbury-nsw-2193,Unit,3,0,0,0,3,0,,0,0
Blakehurst,NSW,2221,blakehurst-nsw-2221,House,2,0,0,0,1,0,,0,0
Blakehurst,NSW,2221,blakehurst-nsw-2221,House,3,2100000,0,0.8,23,1000,2.48,1419250,2765150
Blakehurst,NSW,2221,blakehurst-nsw-2221,House,4,2012500,107,0.4166666666666667,15,1125,2.91,1642250,2491000
Blakehurst,NSW,2221,blakehurst-nsw-2221,House,5,2760000,60,0.5,26,1750,3.3,1717500,4525000
Blakehurst,NSW,2221,blakehurst-nsw-2221,Unit,1,518500,66,0,10,645,6.47,340750,715000
Blakehurst,NSW,2221,blakehurst-nsw-2221,Unit,2,965000,116,0,15,865,4.66,866000,1350000
Blakehurst,NSW,2221,blakehurst-nsw-2221,Unit,3,0,0,0,7,0,,0,0
Bulli,NSW,2516,bulli-nsw-2516,House,2,1085000,19,0,15,750,3.59,753500,2466000
Bulli,NSW,2516,bulli-nsw-2516,House,3,1550000,16,0,30,870,2.92,1114500,2555450
Bulli,NSW,2516,bulli-nsw-2516,House,4,1950000,35,0,35,1100,2.93,1392500,4095000
Bulli,NSW,2516,bulli-nsw-2516,House,5,0,0,0,8,0,,0,0
Bulli,NSW,2516,bulli-nsw-2516,Unit,1,0,0,0,0,0,,0,0
Bulli,NSW,2516,bulli-nsw-2516,Unit,2,0,0,0,6,0,,0,0
Bulli,NSW,2516,bulli-nsw-2516,Unit,3,0,0,0,2,0,,0,0
Carlton,NSW,2218,carlton-nsw-2218,House,2,1600000,0,0,10,700,2.27,935700,2714250
Carlton,NSW,2218,carlton-nsw-2218,House,3,1795000,0,0.6538461538461539,30,845,2.45,1160450,2008400
Carlton,NSW,2218,carlton-nsw-2218,House,4,1900000,0,0,12,1125,3.08,1331950,2262875
Carlton,NSW,2218,carlton-nsw-2218,House,5,0,0,0,5,0,,0,0
Carlton,NSW,2218,carlton-nsw-2218,Unit,1,625000,0,0,11,550,4.58,242500,680000
Carlton,NSW,2218,carlton-nsw-2218,Unit,2,820000,20,0.6818181818181818,83,700,4.44,612000,963200
Carlton,NSW,2218,carlton-nsw-2218,Unit,3,1012000,0,0,12,850,4.37,843000,1091250
Corrimal,NSW,2518,corrimal-nsw-2518,House,2,845000,0,0,13,620,3.82,712800,1453000
Corrimal,NSW,2518,corrimal-nsw-2518,House,3,1235000,25,0.8571428571428571,60,770,3.24,958500,1558325
Corrimal,NSW,2518,corrimal-nsw-2518,House,4,1400000,31,0,21,990,3.68,1060000,1815000
Corrimal,NSW,2518,corrimal-nsw-2518,House,5,0,0,0,7,0,,0,0
Corrimal,NSW,2518,corrimal-nsw-2518,Unit,1,0,0,0,4,423,,0,0
Corrimal,NSW,2518,corrimal-nsw-2518,Unit,2,650000,30,0,38,550,4.4,526100,906000
Corrimal,NSW,2518,corrimal-nsw-2518,Unit,3,991000,14,0,13,0,,724200,1123000
Lismore,NSW,2480,lismore-nsw-2480,House,2,429500,32,0,18,0,,14400,610750
Lismore,NSW,2480,lismore-nsw-2480,House,3,530000,52,0,52,580,5.69,39950,673350
Lismore,NSW,2480,lismore-nsw-2480,House,4,620000,43,0,29,630,5.28,38450,850000
Lismore,NSW,2480,lismore-nsw-2480,House,5,0,0,0,3,0,,0,0
Lismore,NSW,2480,lismore-nsw-2480,Unit,1,0,0,0,0,0,,0,0
Lismore,NSW,2480,lismore-nsw-2480,Unit,2,0,0,0,8,435,,0,0
Lismore,NSW,2480,lismore-nsw-2480,Unit,3,0,0,0,0,0,,0,0
Macquarie Fields,NSW,2564,macquarie-fields-nsw-2564,House,2,673500,20,0,16,515,3.98,593750,918750
Macquarie Fields,NSW,2564,macquarie-fields-nsw-2564,House,3,926000,18,0,75,650,3.65,732700,1241500
Macquarie Fields,NSW,2564,macquarie-fields-nsw-2564,House,4,1130888,14,0,27,700,3.22,903000,1303100
Macquarie Fields,NSW,2564,macquarie-fields-nsw-2564,House,5,0,0,0,3,0,,0,0
Macquarie Fields,NSW,2564,macquarie-fields-nsw-2564,Unit,1,0,0,0,0,0,,0,0
Macquarie Fields,NSW,2564,macquarie-fields-nsw-2564,Unit,2,652500,8,0,22,520,4.14,600750,740875
Macquarie Fields,NSW,2564,macquarie-fields-nsw-2564,Unit,3,747500,0,0,13,560,3.9,478000,850750
Macquarie Hills,NSW,2285,macquarie-hills-nsw-2285,House,2,0,0,0,0,0,,0,0
Macquarie Hills,NSW,2285,macquarie-hills-nsw-2285,House,3,906500,11,0,24,730,4.19,801800,1022210
Macquarie Hills,NSW,2285,macquarie-hills-nsw-2285,House,4,1155000,21,0,21,850,3.83,930000,1405000
Macquarie Hills,NSW,2285,macquarie-hills-nsw-2285,House,5,1231000,0,0,11,0,,980000,1528500
Mount Druitt,NSW,2770,mount-druitt-nsw-2770,House,2,0,0,0,7,520,,0,0
Mount Druitt,NSW,2770,mount-druitt-nsw-2770,House,3,923000,28,0.7058823529411765,66,610,3.44,701250,1463750
Mount Druitt,NSW,2770,mount-druitt-nsw-2770,House,4,1005000,28,0.65,42,750,3.88,759775,1558500
Mount Druitt,NSW,2770,mount-druitt-nsw-2770,House,5,1240000,30,0,17,870,3.65,1040000,1594000
Mount Druitt,NSW,2770,mount-druitt-nsw-2770,Unit,1,380000,22,0,11,405,5.54,330000,412500
Mount Druitt,NSW,2770,mount-druitt-nsw-2770,Unit,2,432000,20,0,139,475,5.72,364500,563200
Mount Druitt,NSW,2770,mount-druitt-nsw-2770,Unit,3,621500,31,0,32,560,4.69,486400,792350
Newington,NSW,2127,newington-nsw-2127,House,2,0,0,0,2,0,,0,0
Newington,NSW,2127,newington-nsw-2127,House,3,1822500,0,0,18,1000,2.85,1748500,2188500
Newington,NSW,2127,newington-nsw-2127,House,4,2080000,0,0,15,1200,3.0,1874000,2282816
Newington,NSW,2127,newington-nsw-2127,House,5,0,0,0,1,0,,0,0
Newington,NSW,2127,newington-nsw-2127,Unit,1,0,0,0,8,0,,0,0
Newington,NSW,2127,newington-nsw-2127,Unit,2,805000,36,0,53,745,4.81,745000,907500
Newington,NSW,2127,newington-nsw-2127,Unit,3,0,0,0,10,960,,0,0
Normanhurst,NSW,2076,normanhurst-nsw-2076,House,2,0,0,0,1,0,,0,0
Normanhurst,NSW,2076,normanhurst-nsw-2076,House,3,1707500,0,0.782608695652174,29,800,2.44,1054000,2508325
Normanhurst,NSW,2076,normanhurst-nsw-2076,House,4,1990000,0,0.6428571428571429,26,1100,2.87,1663750,2437500
Normanhurst,NSW,2076,normanhurst-nsw-2076,House,5,0,0,0,7,0,,0,0
Normanhurst,NSW,2076,normanhurst-nsw-2076,Unit,1,0,0,0,0,0,,0,0
Normanhurst,NSW,2076,normanhurst-nsw-2076,Unit,2,0,0,0,3,0,,0,0
Normanhurst,NSW,2076,normanhurst-nsw-2076,Unit,3,0,0,0,1,0,,0,0
Paddington,NSW,2021,paddington-nsw-2021,House,2,2455000,0,0.639344262295082,59,1200,2.54,1713750,3226250
Paddington,NSW,2021,paddington-nsw-2021,House,3,3720000,55,0.628099173553719,116,1665,2.33,2306250,6055000
Paddington,NSW,2021,paddington-nsw-2021,House,4,5292500,61,0.5573770491803278,52,2300,2.26,3407500,9537500
Paddington,NSW,2021,paddington-nsw-2021,House,5,0,0,0,8,0,,0,0
Paddington,NSW,2021,paddington-nsw-2021,Unit,1,882750,22,0.625,42,695,4.09,501500,1409500
Paddington,NSW,2021,paddington-nsw-2021,Unit,2,1450000,0,0.5882352941176471,38,985,3.53,944850,2580000
Paddington,NSW,2021,paddington-nsw-2021,Unit,3,0,0,0,7,1518,,0,0
Rankin Park,NSW,2287,rankin-park-nsw-2287,House,2,0,0,0,0,0,,0,0
Rankin Park,NSW,2287,rankin-park-nsw-2287,House,3,960000,15,0,33,750,4.06,844190,1103793
Rankin Park,NSW,2287,rankin-park-nsw-2287,House,4,1150000,15,0,18,800,3.62,792350,1350150
Rankin Park,NSW,2287,rankin-park-nsw-2287,House,5,0,0,0,1,0,,0,0
Sandy Beach,NSW,2456,sandy-beach-nsw-2456,House,2,0,0,0,5,0,,0,0
Sandy Beach,NSW,2456,sandy-beach-nsw-2456,House,3,865000,21,0,19,660,3.97,697500,1261000
Sandy Beach,NSW,2456,sandy-beach-nsw-2456,House,4,1010000,41,0,28,800,4.12,817500,1432500
Sandy Beach,NSW,2456,sandy-beach-nsw-2456,House,5,0,0,0,3,0,,0,0
Toukley,NSW,2263,toukley-nsw-2263,House,2,796750,21,0,26,520,3.39,501250,1029750
Toukley,NSW,2263,toukley-nsw-2263,House,3,880000,27,0,67,625,3.69,703300,1167500
Toukley,NSW,2263,toukley-nsw-2263,House,4,1110000,31,0,22,780,3.65,951750,1590000
Toukley,NSW,2263,toukley-nsw-2263,House,5,0,0,0,6,0,,0,0
Toukley,NSW,2263,toukley-nsw-2263,Unit,1,0,0,0,2,350,,0,0
Toukley,NSW,2263,toukley-nsw-2263,Unit,2,590000,12,0,18,480,4.23,519750,830000
Toukley,NSW,2263,toukley-nsw-2263,Unit,3,0,0,0,4,0,,0,0
Tura Beach,NSW,2548,tura-beach-nsw-2548,House,2,0,0,0,4,0,,0,0
Tura Beach,NSW,2548,tura-beach-nsw-2548,House,3,860000,64,0,45,678,4.1,710000,1184000
Tura Beach,NSW,2548,tura-beach-nsw-2548,House,4,1037500,67,0,20,750,3.76,805250,1444750
Tura Beach,NSW,2548,tura-beach-nsw-2548,House,5,0,0,0,4,0,,0,0
Tura Beach,NSW,2548,tura-beach-nsw-2548,Unit,1,0,0,0,0,0,,0,0
Tura Beach,NSW,2548,tura-beach-nsw-2548,Unit,2,0,0,0,7,520,,0,0
Tura Beach,NSW,2548,tura-beach-nsw-2548,Unit,3,0,0,0,1,0,,0,0
Acacia Gardens,NSW,2763,acacia-gardens-nsw-2763,House,2,0,0,0,0,0,,0,0
Acacia Gardens,NSW,2763,acacia-gardens-nsw-2763,House,3,1030500,21,0,24,735,3.71,935750,1337750
Acacia Gardens,NSW,2763,acacia-gardens-nsw-2763,House,4,1410000,29,0.5416666666666666,32,850,3.13,1091000,1689500
Acacia Gardens,NSW,2763,acacia-gardens-nsw-2763,House,5,0,0,0,4,0,,0,0
Ambarvale,NSW,2560,ambarvale-nsw-2560,House,2,0,0,0,5,465,,0,0
Ambarvale,NSW,2560,ambarvale-nsw-2560,House,3,962500,12,0,42,600,3.24,688250,1132750
Ambarvale,NSW,2560,ambarvale-nsw-2560,House,4,980000,18,0,15,720,3.82,864800,1173450
Ambarvale,NSW,2560,ambarvale-nsw-2560,House,5,0,0,0,7,0,,0,0
Ambarvale,NSW,2560,ambarvale-nsw-2560,Unit,1,0,0,0,0,0,,0,0
Ambarvale,NSW,2560,ambarvale-nsw-2560,Unit,2,0,0,0,3,450,,0,0
Ambarvale,NSW,2560,ambarvale-nsw-2560,Unit,3,0,0,0,2,0,,0,0
Boolaroo,NSW,2284,boolaroo-nsw-2284,House,2,0,0,0,4,555,,0,0
Boolaroo,NSW,2284,boolaroo-nsw-2284,House,3,950000,21,0,21,700,3.83,810000,1050000
Boolaroo,NSW,2284,boolaroo-nsw-2284,House,4,1200000,38,0,19,850,3.68,968600,1437520
Boolaroo,NSW,2284,boolaroo-nsw-2284,House,5,0,0,0,5,0,,0,0
Boolaroo,NSW,2284,boolaroo-nsw-2284,Unit,1,0,0,0,0,0,,0,0
Boolaroo,NSW,2284,boolaroo-nsw-2284,Unit,2,0,0,0,3,0,,0,0
Boolaroo,NSW,2284,boolaroo-nsw-2284,Unit,3,0,0,0,0,0,,0,0
Concord West,NSW,2138,concord-west-nsw-2138,House,2,0,0,0,8,0,,0,0
Concord West,NSW,2138,concord-west-nsw-2138,House,3,2445000,49,0.5416666666666666,25,1000,2.13,1790500,3135000
Concord West,NSW,2138,concord-west-nsw-2138,House,4,3032750,0,0.5483870967741935,30,1475,2.53,2167500,4000000
Concord West,NSW,2138,concord-west-nsw-2138,House,5,3038888,0,0.5,21,0,,2340000,4850000
Concord West,NSW,2138,concord-west-nsw-2138,Unit,1,0,0,0,1,530,,0,0
Concord West,NSW,2138,concord-west-nsw-2138,Unit,2,0,0,0,6,750,,0,0
Concord West,NSW,2138,concord-west-nsw-2138,Unit,3,0,0,0,0,0,,0,0
Condell Park,NSW,2200,condell-park-nsw-2200,House,2,0,0,0,4,600,,0,0
Condell Park,NSW,2200,condell-park-nsw-2200,House,3,1368500,40,0.55,42,820,3.12,950000,2647850
Condell Park,NSW,2200,condell-park-nsw-2200,House,4,1544400,44,0.725,55,1000,3.37,1091900,2087000
Condell Park,NSW,2200,condell-park-nsw-2200,House,5,1842500,57,0.34782608695652173,29,1225,3.46,1277250,2932500
Condell Park,NSW,2200,condell-park-nsw-2200,Unit,1,0,0,0,0,0,,0,0
Condell Park,NSW,2200,condell-park-nsw-2200,Unit,2,0,0,0,6,620,,0,0
Condell Park,NSW,2200,condell-park-nsw-2200,Unit,3,970000,0,0,12,750,4.02,819250,1089000
Cumbalum,NSW,2478,cumbalum-nsw-2478,House,2,0,0,0,0,0,,0,0
Cumbalum,NSW,2478,cumbalum-nsw-2478,House,3,897500,23,0,18,780,4.52,601758,1210500
Cumbalum,NSW,2478,cumbalum-nsw-2478,House,4,1140000,44,0,41,880,4.01,980000,1510000
Cumbalum,NSW,2478,cumbalum-nsw-2478,House,5,0,0,0,9,0,,0,0
Eagle Vale,NSW,2558,eagle-vale-nsw-2558,House,2,0,0,0,1,0,,0,0
Eagle Vale,NSW,2558,eagle-vale-nsw-2558,House,3,950000,15,0,37,630,3.45,805200,1072600
Eagle Vale,NSW,2558,eagle-vale-nsw-2558,House,4,0,0,0,9,723,,0,0
Eagle Vale,NSW,2558,eagle-vale-nsw-2558,House,5,1120000,0,0,13,0,,1007200,1298000
Eagle Vale,NSW,2558,eagle-vale-nsw-2558,Unit,1,0,0,0,0,0,,0,0
Eagle Vale,NSW,2558,eagle-vale-nsw-2558,Unit,2,0,0,0,0,0,,0,0
Eagle Vale,NSW,2558,eagle-vale-nsw-2558,Unit,3,0,0,0,1,0,,0,0
Glendale,NSW,2285,glendale-nsw-2285,House,2,800000,0,0,13,588,3.82,666200,1138000
Glendale,NSW,2285,glendale-nsw-2285,House,3,865000,15,0,39,695,4.18,767500,1022800
Glendale,NSW,2285,glendale-nsw-2285,House,4,1155500,28,0,12,780,3.51,845500,1857750
Glendale,NSW,2285,glendale-nsw-2285,House,5,0,0,0,5,0,,0,0
Glendale,NSW,2285,glendale-nsw-2285,Unit,1,0,0,0,0,395,,0,0
Glendale,NSW,2285,glendale-nsw-2285,Unit,2,0,0,0,0,0,,0,0
Glendale,NSW,2285,glendale-nsw-2285,Unit,3,0,0,0,3,0,,0,0
Mannering Park,NSW,2259,mannering-park-nsw-2259,House,2,0,0,0,8,460,,0,0
Mannering Park,NSW,2259,mannering-park-nsw-2259,House,3,815000,20,0,29,650,4.15,721402,1400000
Mannering Park,NSW,2259,mannering-park-nsw-2259,House,4,857550,0,0,12,750,4.55,691146,1104000
Mannering Park,NSW,2259,mannering-park-nsw-2259,House,5,0,0,0,0,0,,0,0
Oakhurst,NSW,2761,oakhurst-nsw-2761,House,2,0,0,0,0,510,,0,0
Oakhurst,NSW,2761,oakhurst-nsw-2761,House,3,1047750,23,0,34,650,3.23,843250,1176350
Oakhurst,NSW,2761,oakhurst-nsw-2761,House,4,1156000,25,0,16,700,3.15,994750,1412500
Oakhurst,NSW,2761,oakhurst-nsw-2761,House,5,0,0,0,7,0,,0,0
Oatlands,NSW,2117,oatlands-nsw-2117,House,2,0,0,0,2,700,,0,0
Oatlands,NSW,2117,oatlands-nsw-2117,House,3,1831000,0,0.5454545454545454,24,830,2.36,1181000,3235000
Oatlands,NSW,2117,oatlands-nsw-2117,House,4,2010000,0,0.6538461538461539,23,1100,2.85,1575500,3855000
Oatlands,NSW,2117,oatlands-nsw-2117,House,5,2500000,0,0.5294117647058824,17,1500,3.12,1900000,3280000
Oatlands,NSW,2117,oatlands-nsw-2117,Unit,1,0,0,0,4,0,,0,0
Oatlands,NSW,2117,oatlands-nsw-2117,Unit,2,0,0,0,5,0,,0,0
Oatlands,NSW,2117,oatlands-nsw-2117,Unit,3,0,0,0,5,0,,0,0
Penshurst,NSW,2222,penshurst-nsw-2222,House,2,0,0,0,7,650,,0,0
Penshurst,NSW,2222,penshurst-nsw-2222,House,3,1800000,0,0.85,29,825,2.38,1155200,2194000
Penshurst,NSW,2222,penshurst-nsw-2222,House,4,1838000,0,0.7857142857142857,19,1100,3.11,1285150,2768750
Penshurst,NSW,2222,penshurst-nsw-2222,House,5,2186500,39,0.4666666666666667,16,0,,1688291,3085000
Penshurst,NSW,2222,penshurst-nsw-2222,Unit,1,0,0,0,8,525,,0,0
Penshurst,NSW,2222,penshurst-nsw-2222,Unit,2,704000,19,0.7368421052631579,104,615,4.54,585750,856050
Penshurst,NSW,2222,penshurst-nsw-2222,Unit,3,995000,20,0,19,795,4.15,845000,1352000
Point Clare,NSW,2250,point-clare-nsw-2250,House,2,0,0,0,6,573,,0,0
Point Clare,NSW,2250,point-clare-nsw-2250,House,3,1080000,13,0,23,718,3.46,750500,1196000
Point Clare,NSW,2250,point-clare-nsw-2250,House,4,1235000,33,0.75,26,850,3.58,912500,1491250
Point Clare,NSW,2250,point-clare-nsw-2250,House,5,0,0,0,4,0,,0,0
Tempe,NSW,2044,tempe-nsw-2044,House,2,1615000,0,0.8181818181818182,11,850,2.74,1407500,1950000
Tempe,NSW,2044,tempe-nsw-2044,House,3,1750000,0,0.8,22,995,2.96,1562000,2414250
Tempe,NSW,2044,tempe-nsw-2044,House,4,2096000,0,0.5,12,0,,1592500,2675500
Tempe,NSW,2044,tempe-nsw-2044,House,5,0,0,0,0,0,,0,0
Tempe,NSW,2044,tempe-nsw-2044,Unit,1,0,0,0,1,463,,0,0
Tempe,NSW,2044,tempe-nsw-2044,Unit,2,0,0,0,0,0,,0,0
Tempe,NSW,2044,tempe-nsw-2044,Unit,3,0,0,0,0,0,,0,0
Tweed Heads South,NSW,2486,tweed-heads-south-nsw-2486,House,2,756000,46,0,41,700,4.81,315000,920000
Tweed Heads South,NSW,2486,tweed-heads-south-nsw-2486,House,3,975000,29,0,58,850,4.53,821000,1352500
Tweed Heads South,NSW,2486,tweed-heads-south-nsw-2486,House,4,1225000,21,0,38,1000,4.24,844250,1637250
Tweed Heads South,NSW,2486,tweed-heads-south-nsw-2486,House,5,0,0,0,5,0,,0,0
Tweed Heads South,NSW,2486,tweed-heads-south-nsw-2486,Unit,1,0,0,0,1,0,,0,0
Tweed Heads South,NSW,2486,tweed-heads-south-nsw-2486,Unit,2,786000,18,0,33,710,4.7,686500,921350
Tweed Heads South,NSW,2486,tweed-heads-south-nsw-2486,Unit,3,855000,22,0,34,0,,723000,1209000
Airds,NSW,2560,airds-nsw-2560,House,2,0,0,0,1,500,,0,0
Airds,NSW,2560,airds-nsw-2560,House,3,855000,0,0,16,560,3.41,420393,925000
Airds,NSW,2560,airds-nsw-2560,House,4,960000,15,0,26,750,4.06,821600,1174000
Airds,NSW,2560,airds-nsw-2560,House,5,0,0,0,2,0,,0,0
Airds,NSW,2560,airds-nsw-2560,Unit,1,0,0,0,0,0,,0,0
Airds,NSW,2560,airds-nsw-2560,Unit,2,0,0,0,0,0,,0,0
Airds,NSW,2560,airds-nsw-2560,Unit,3,0,0,0,0,0,,0,0
Berowra Heights,NSW,2082,berowra-heights-nsw-2082,House,2,0,0,0,1,0,,0,0
Berowra Heights,NSW,2082,berowra-heights-nsw-2082,House,3,1500000,26,0,33,795,2.76,1125000,1698000
Berowra Heights,NSW,2082,berowra-heights-nsw-2082,House,4,1688294,33,0.4444444444444444,32,950,2.93,1477500,2150250
Berowra Heights,NSW,2082,berowra-heights-nsw-2082,House,5,1825000,35,0,15,0,,1560000,2355000
Birchgrove,NSW,2041,birchgrove-nsw-2041,House,2,2147500,0,0,14,975,2.36,1690000,2744500
Birchgrove,NSW,2041,birchgrove-nsw-2041,House,3,2800000,0,0.8235294117647058,25,1400,2.6,2028000,3758000
Birchgrove,NSW,2041,birchgrove-nsw-2041,House,4,4700000,0,0.6153846153846154,11,0,,3410000,11162500
Birchgrove,NSW,2041,birchgrove-nsw-2041,House,5,0,0,0,4,0,,0,0
Birchgrove,NSW,2041,birchgrove-nsw-2041,Unit,1,0,0,0,5,675,,0,0
Birchgrove,NSW,2041,birchgrove-nsw-2041,Unit,2,1405000,0,0,11,830,3.07,1155500,1725000
Birchgrove,NSW,2041,birchgrove-nsw-2041,Unit,3,0,0,0,3,0,,0,0
Blayney,NSW,2799,blayney-nsw-2799,House,2,0,0,0,7,0,,0,0
Blayney,NSW,2799,blayney-nsw-2799,House,3,575000,51,0,26,505,4.57,380750,653750
Blayney,NSW,2799,blayney-nsw-2799,House,4,720000,46,0,27,605,4.37,541100,820000
Blayney,NSW,2799,blayney-nsw-2799,House,5,0,0,0,5,0,,0,0
Bolwarra Heights,NSW,2320,bolwarra-heights-nsw-2320,House,2,0,0,0,1,0,,0,0
Bolwarra Heights,NSW,2320,bolwarra-heights-nsw-2320,House,3,860000,18,0,13,0,,743000,974000
Bolwarra Heights,NSW,2320,bolwarra-heights-nsw-2320,House,4,1000000,43,0,33,700,3.64,764000,1440000
Bolwarra Heights,NSW,2320,bolwarra-heights-nsw-2320,House,5,1300000,34,0,13,0,,893000,1899000
Camden Park,NSW,2570,camden-park-nsw-2570,House,2,0,0,0,0,0,,0,0
Camden Park,NSW,2570,camden-park-nsw-2570,House,3,0,0,0,2,0,,0,0
Camden Park,NSW,2570,camden-park-nsw-2570,House,4,1552500,25,0,18,0,,888000,1788800
Camden Park,NSW,2570,camden-park-nsw-2570,House,5,1760000,72,0,13,0,,1490000,1976000
Caves Beach,NSW,2281,caves-beach-nsw-2281,House,2,0,0,0,5,0,,0,0
Caves Beach,NSW,2281,caves-beach-nsw-2281,House,3,1227500,23,0,26,775,3.28,820000,1911250
Caves Beach,NSW,2281,caves-beach-nsw-2281,House,4,1572500,149,0,18,910,3.01,1263750,2500000
Caves Beach,NSW,2281,caves-beach-nsw-2281,House,5,1770000,54,0,15,0,,1292500,2634000
Caves Beach,NSW,2281,caves-beach-nsw-2281,Unit,1,0,0,0,2,0,,0,0
Caves Beach,NSW,2281,caves-beach-nsw-2281,Unit,2,0,0,0,3,0,,0,0
Caves Beach,NSW,2281,caves-beach-nsw-2281,Unit,3,0,0,0,2,0,,0,0
Chittaway Bay,NSW,2261,chittaway-bay-nsw-2261,House,2,0,0,0,3,0,,0,0
Chittaway Bay,NSW,2261,chittaway-bay-nsw-2261,House,3,882500,16,0,30,0,,782250,997750
Chittaway Bay,NSW,2261,chittaway-bay-nsw-2261,House,4,1025000,0,0,12,0,,844000,1293650
Chittaway Bay,NSW,2261,chittaway-bay-nsw-2261,House,5,0,0,0,3,0,,0,0
Harrington,NSW,2427,harrington-nsw-2427,House,2,440000,44,0,17,485,5.73,202000,739200
Harrington,NSW,2427,harrington-nsw-2427,House,3,760000,109,0,55,520,3.56,582500,1110000
Harrington,NSW,2427,harrington-nsw-2427,House,4,892500,83,0,36,700,4.08,700000,1350000
Harrington,NSW,2427,harrington-nsw-2427,House,5,0,0,0,1,0,,0,0
Harrington,NSW,2427,harrington-nsw-2427,Unit,1,0,0,0,1,0,,0,0
Harrington,NSW,2427,harrington-nsw-2427,Unit,2,0,0,0,3,0,,0,0
Harrington,NSW,2427,harrington-nsw-2427,Unit,3,0,0,0,4,0,,0,0
Illawong,NSW,2234,illawong-nsw-2234,House,2,0,0,0,0,0,,0,0
Illawong,NSW,2234,illawong-nsw-2234,House,3,1420000,0,0,10,0,,1249000,1971500
Illawong,NSW,2234,illawong-nsw-2234,House,4,1896500,34,0.45161290322580644,43,1250,3.43,1601250,2539500
Illawong,NSW,2234,illawong-nsw-2234,House,5,2040000,35,0.65,27,1300,3.31,1818000,4233500
Illawong,NSW,2234,illawong-nsw-2234,Unit,1,0,0,0,0,0,,0,0
Illawong,NSW,2234,illawong-nsw-2234,Unit,2,0,0,0,1,723,,0,0
Illawong,NSW,2234,illawong-nsw-2234,Unit,3,0,0,0,1,0,,0,0
Lalor Park,NSW,2147,lalor-park-nsw-2147,House,2,1015000,0,0,14,550,2.82,913950,1407250
Lalor Park,NSW,2147,lalor-park-nsw-2147,House,3,1100000,16,0.35294117647058826,50,620,2.93,904500,1250000
Lalor Park,NSW,2147,lalor-park-nsw-2147,House,4,1162500,19,0,26,780,3.49,1051250,1458750
Lalor Park,NSW,2147,lalor-park-nsw-2147,House,5,0,0,0,9,0,,0,0
Lalor Park,NSW,2147,lalor-park-nsw-2147,Unit,1,0,0,0,1,0,,0,0
Lalor Park,NSW,2147,lalor-park-nsw-2147,Unit,2,0,0,0,0,500,,0,0
Lalor Park,NSW,2147,lalor-park-nsw-2147,Unit,3,0,0,0,0,0,,0,0
Lilli Pilli,NSW,2229,lilli-pilli-nsw-2229,House,2,0,0,0,0,0,,0,0
Lilli Pilli,NSW,2229,lilli-pilli-nsw-2229,House,3,0,0,0,4,0,,0,0
Lilli Pilli,NSW,2229,lilli-pilli-nsw-2229,House,4,2500000,0,0,11,0,,2067500,7900000
Lilli Pilli,NSW,2229,lilli-pilli-nsw-2229,House,5,0,0,0,8,0,,0,0
Malua Bay,NSW,2536,malua-bay-nsw-2536,House,2,0,0,0,3,0,,0,0
Malua Bay,NSW,2536,malua-bay-nsw-2536,House,3,860000,73,0,23,625,3.78,735500,1625000
Malua Bay,NSW,2536,malua-bay-nsw-2536,House,4,965000,81,0,23,700,3.77,329955,1671500
Malua Bay,NSW,2536,malua-bay-nsw-2536,House,5,0,0,0,7,0,,0,0
Mayfield West,NSW,2304,mayfield-west-nsw-2304,House,2,0,0,0,3,660,,0,0
Mayfield West,NSW,2304,mayfield-west-nsw-2304,House,3,977500,17,0,18,750,3.99,745500,1272500
Mayfield West,NSW,2304,mayfield-west-nsw-2304,House,4,0,0,0,8,0,,0,0
Mayfield West,NSW,2304,mayfield-west-nsw-2304,House,5,0,0,0,1,0,,0,0
North Epping,NSW,2121,north-epping-nsw-2121,House,2,0,0,0,0,0,,0,0
North Epping,NSW,2121,north-epping-nsw-2121,House,3,2102500,0,0.95,24,920,2.28,1566750,3486750
North Epping,NSW,2121,north-epping-nsw-2121,House,4,2340000,0,0.8333333333333334,20,1200,2.67,1949250,2691000
North Epping,NSW,2121,north-epping-nsw-2121,House,5,2739444,36,0.8095238095238095,24,0,,2256900,3618000
Oak Flats,NSW,2529,oak-flats-nsw-2529,House,2,0,0,0,4,555,,0,0
Oak Flats,NSW,2529,oak-flats-nsw-2529,House,3,900000,19,0.5454545454545454,100,750,4.33,809000,1191250
Oak Flats,NSW,2529,oak-flats-nsw-2529,House,4,1190000,25,0,34,850,3.71,868000,2205000
Oak Flats,NSW,2529,oak-flats-nsw-2529,House,5,0,0,0,6,0,,0,0
Oak Flats,NSW,2529,oak-flats-nsw-2529,Unit,1,0,0,0,1,0,,0,0
Oak Flats,NSW,2529,oak-flats-nsw-2529,Unit,2,0,0,0,9,500,,0,0
Oak Flats,NSW,2529,oak-flats-nsw-2529,Unit,3,0,0,0,8,0,,0,0
Rathmines,NSW,2283,rathmines-nsw-2283,House,2,0,0,0,2,0,,0,0
Rathmines,NSW,2283,rathmines-nsw-2283,House,3,860000,17,0,15,0,,741800,1524500
Rathmines,NSW,2283,rathmines-nsw-2283,House,4,900000,76,0,13,0,,843000,1386000
Rathmines,NSW,2283,rathmines-nsw-2283,House,5,0,0,0,1,0,,0,0
Rathmines,NSW,2283,rathmines-nsw-2283,Unit,1,0,0,0,0,0,,0,0
Rathmines,NSW,2283,rathmines-nsw-2283,Unit,2,0,0,0,0,0,,0,0
Rathmines,NSW,2283,rathmines-nsw-2283,Unit,3,0,0,0,0,0,,0,0
Shortland,NSW,2307,shortland-nsw-2307,House,2,770000,16,0,13,580,3.92,633000,888000
Shortland,NSW,2307,shortland-nsw-2307,House,3,818000,16,0,45,700,4.45,706200,979000
Shortland,NSW,2307,shortland-nsw-2307,House,4,918500,0,0,12,698,3.95,767500,3075000
Shortland,NSW,2307,shortland-nsw-2307,House,5,0,0,0,1,0,,0,0
Shortland,NSW,2307,shortland-nsw-2307,Unit,1,0,0,0,0,405,,0,0
Shortland,NSW,2307,shortland-nsw-2307,Unit,2,810000,44,0,11,0,,635000,1055000
Shortland,NSW,2307,shortland-nsw-2307,Unit,3,0,0,0,3,625,,0,0
Tanilba Bay,NSW,2319,tanilba-bay-nsw-2319,House,2,0,0,0,6,520,,0,0
Tanilba Bay,NSW,2319,tanilba-bay-nsw-2319,House,3,762000,33,0,37,605,4.13,633800,878000
Tanilba Bay,NSW,2319,tanilba-bay-nsw-2319,House,4,881500,66,0,28,680,4.01,706550,1366250
Tanilba Bay,NSW,2319,tanilba-bay-nsw-2319,House,5,0,0,0,4,0,,0,0
Vaucluse,NSW,2030,vaucluse-nsw-2030,House,2,0,0,0,1,0,,0,0
Vaucluse,NSW,2030,vaucluse-nsw-2030,House,3,4525000,0,0.5384615384615384,12,2200,2.53,999000,8254500
Vaucluse,NSW,2030,vaucluse-nsw-2030,House,4,7080000,48,0.5806451612903226,34,3425,2.52,3532500,17225000
Vaucluse,NSW,2030,vaucluse-nsw-2030,House,5,11550000,43,0.48717948717948717,37,4395,1.98,6524000,35310400
Vaucluse,NSW,2030,vaucluse-nsw-2030,Unit,1,0,0,0,3,750,,0,0
Vaucluse,NSW,2030,vaucluse-nsw-2030,Unit,2,1430000,38,0.6,51,975,3.55,997500,2745000
Vaucluse,NSW,2030,vaucluse-nsw-2030,Unit,3,2165000,51,0.5454545454545454,23,1400,3.36,1318000,3515000
West Bathurst,NSW,2795,west-bathurst-nsw-2795,House,2,0,0,0,3,460,,0,0
West Bathurst,NSW,2795,west-bathurst-nsw-2795,House,3,587000,25,0,72,550,4.87,493200,710000
West Bathurst,NSW,2795,west-bathurst-nsw-2795,House,4,710000,29,0,21,600,4.39,566000,1150000
West Bathurst,NSW,2795,west-bathurst-nsw-2795,House,5,770000,64,0,10,0,,588750,889500
Wyee,NSW,2259,wyee-nsw-2259,House,2,0,0,0,4,500,,0,0
Wyee,NSW,2259,wyee-nsw-2259,House,3,0,0,0,6,0,,0,0
Wyee,NSW,2259,wyee-nsw-2259,House,4,1100000,44,0,20,800,3.78,846000,1240750
Wyee,NSW,2259,wyee-nsw-2259,House,5,0,0,0,9,0,,0,0
Wyee,NSW,2259,wyee-nsw-2259,Unit,1,0,0,0,1,0,,0,0
Wyee,NSW,2259,wyee-nsw-2259,Unit,2,0,0,0,3,0,,0,0
Wyee,NSW,2259,wyee-nsw-2259,Unit,3,0,0,0,2,0,,0,0
Bella Vista,NSW,2153,bella-vista-nsw-2153,House,2,0,0,0,2,0,,0,0
Bella Vista,NSW,2153,bella-vista-nsw-2153,House,3,0,0,0,3,950,,0,0
Bella Vista,NSW,2153,bella-vista-nsw-2153,House,4,2330000,69,0.4583333333333333,27,1100,2.45,1715544,2970000
Bella Vista,NSW,2153,bella-vista-nsw-2153,House,5,2910000,70,0.4838709677419355,43,1300,2.32,2157080,4029500
Bella Vista,NSW,2153,bella-vista-nsw-2153,Unit,1,0,0,0,2,0,,0,0
Bella Vista,NSW,2153,bella-vista-nsw-2153,Unit,2,0,0,0,2,0,,0,0
Bella Vista,NSW,2153,bella-vista-nsw-2153,Unit,3,0,0,0,2,0,,0,0
Birmingham Gardens,NSW,2287,birmingham-gardens-nsw-2287,House,2,0,0,0,7,600,,0,0
Birmingham Gardens,NSW,2287,birmingham-gardens-nsw-2287,House,3,882500,17,0,24,680,4.01,732500,1046550
Birmingham Gardens,NSW,2287,birmingham-gardens-nsw-2287,House,4,880000,39,0,13,700,4.14,726000,976900
Birmingham Gardens,NSW,2287,birmingham-gardens-nsw-2287,House,5,0,0,0,3,0,,0,0
Birmingham Gardens,NSW,2287,birmingham-gardens-nsw-2287,Unit,1,0,0,0,0,275,,0,0
Birmingham Gardens,NSW,2287,birmingham-gardens-nsw-2287,Unit,2,0,0,0,0,0,,0,0
Birmingham Gardens,NSW,2287,birmingham-gardens-nsw-2287,Unit,3,0,0,0,2,740,,0,0
Boorooma,NSW,2650,boorooma-nsw-2650,House,2,0,0,0,0,0,,0,0
Boorooma,NSW,2650,boorooma-nsw-2650,House,3,710750,0,0,10,630,4.61,623500,807800
Boorooma,NSW,2650,boorooma-nsw-2650,House,4,850000,32,0,33,680,4.16,744000,1082000
Boorooma,NSW,2650,boorooma-nsw-2650,House,5,0,0,0,2,0,,0,0
Boorooma,NSW,2650,boorooma-nsw-2650,Unit,1,0,0,0,0,0,,0,0
Boorooma,NSW,2650,boorooma-nsw-2650,Unit,2,0,0,0,1,0,,0,0
Boorooma,NSW,2650,boorooma-nsw-2650,Unit,3,0,0,0,2,0,,0,0
Cardiff South,NSW,2285,cardiff-south-nsw-2285,House,2,0,0,0,4,580,,0,0
Cardiff South,NSW,2285,cardiff-south-nsw-2285,House,3,920000,13,0,27,693,3.92,775000,1078500
Cardiff South,NSW,2285,cardiff-south-nsw-2285,House,4,0,0,0,9,0,,0,0
Cardiff South,NSW,2285,cardiff-south-nsw-2285,House,5,0,0,0,2,0,,0,0
Cooks Hill,NSW,2300,cooks-hill-nsw-2300,House,2,1060000,0,0,12,700,3.43,678750,2002750
Cooks Hill,NSW,2300,cooks-hill-nsw-2300,House,3,1662500,20,0,26,880,2.75,1077500,2482500
Cooks Hill,NSW,2300,cooks-hill-nsw-2300,House,4,0,0,0,8,0,,0,0
Cooks Hill,NSW,2300,cooks-hill-nsw-2300,House,5,0,0,0,1,0,,0,0
Cooks Hill,NSW,2300,cooks-hill-nsw-2300,Unit,1,0,0,0,8,550,,0,0
Cooks Hill,NSW,2300,cooks-hill-nsw-2300,Unit,2,810000,42,0,13,640,4.11,659629,1133500
Cooks Hill,NSW,2300,cooks-hill-nsw-2300,Unit,3,0,0,0,9,0,,0,0
Crookwell,NSW,2583,crookwell-nsw-2583,House,2,560000,0,0,13,0,,370000,634000
Crookwell,NSW,2583,crookwell-nsw-2583,House,3,620000,91,0,26,473,3.97,419600,760600
Crookwell,NSW,2583,crookwell-nsw-2583,House,4,790000,154,0,27,510,3.36,476500,1058000
Crookwell,NSW,2583,crookwell-nsw-2583,House,5,0,0,0,6,0,,0,0
Crookwell,NSW,2583,crookwell-nsw-2583,Unit,1,0,0,0,0,0,,0,0
Crookwell,NSW,2583,crookwell-nsw-2583,Unit,2,0,0,0,1,0,,0,0
Crookwell,NSW,2583,crookwell-nsw-2583,Unit,3,0,0,0,0,0,,0,0
Dee Why,NSW,2099,dee-why-nsw-2099,House,2,0,0,0,6,860,,0,0
Dee Why,NSW,2099,dee-why-nsw-2099,House,3,2225000,0,0.6111111111111112,19,1300,3.04,1641000,3095000
Dee Why,NSW,2099,dee-why-nsw-2099,House,4,2600000,0,0.5263157894736842,13,1500,3.0,1761200,5890034
Dee Why,NSW,2099,dee-why-nsw-2099,House,5,3175000,0,0.45454545454545453,11,2150,3.52,2460000,5555000
Dee Why,NSW,2099,dee-why-nsw-2099,Unit,1,820000,22,0.6,177,675,4.28,627210,1063000
Dee Why,NSW,2099,dee-why-nsw-2099,Unit,2,1180000,29,0.6305732484076433,416,850,3.75,869500,1753000
Dee Why,NSW,2099,dee-why-nsw-2099,Unit,3,1730000,45,0.5641025641025641,60,1298,3.9,1338750,3881000
Elanora Heights,NSW,2101,elanora-heights-nsw-2101,House,2,0,0,0,0,835,,0,0
Elanora Heights,NSW,2101,elanora-heights-nsw-2101,House,3,2361000,0,0.7272727272727273,13,1175,2.59,1440000,2950000
Elanora Heights,NSW,2101,elanora-heights-nsw-2101,House,4,2580000,41,0.3225806451612903,25,1600,3.22,2150000,4250000
Elanora Heights,NSW,2101,elanora-heights-nsw-2101,House,5,2960000,0,0.5,17,0,,2638600,4036000
Elanora Heights,NSW,2101,elanora-heights-nsw-2101,Unit,1,0,0,0,1,0,,0,0
Elanora Heights,NSW,2101,elanora-heights-nsw-2101,Unit,2,0,0,0,2,0,,0,0
Elanora Heights,NSW,2101,elanora-heights-nsw-2101,Unit,3,0,0,0,3,0,,0,0
Farmborough Heights,NSW,2526,farmborough-heights-nsw-2526,House,2,0,0,0,3,0,,0,0
Farmborough Heights,NSW,2526,farmborough-heights-nsw-2526,House,3,1040000,10,0,29,750,3.75,850000,1230000
Farmborough Heights,NSW,2526,farmborough-heights-nsw-2526,House,4,1077500,22,0,20,800,3.86,841000,1252500
Farmborough Heights,NSW,2526,farmborough-heights-nsw-2526,House,5,0,0,0,3,0,,0,0
Hill Top,NSW,2575,hill-top-nsw-2575,House,2,0,0,0,3,0,,0,0
Hill Top,NSW,2575,hill-top-nsw-2575,House,3,790000,0,0,12,620,4.08,614000,851750
Hill Top,NSW,2575,hill-top-nsw-2575,House,4,975000,30,0,25,0,,804000,1816400
Hill Top,NSW,2575,hill-top-nsw-2575,House,5,0,0,0,3,0,,0,0
Hill Top,NSW,2575,hill-top-nsw-2575,Unit,1,0,0,0,0,0,,0,0
Hill Top,NSW,2575,hill-top-nsw-2575,Unit,2,0,0,0,0,0,,0,0
Hill Top,NSW,2575,hill-top-nsw-2575,Unit,3,0,0,0,0,0,,0,0
Hurlstone Park,NSW,2193,hurlstone-park-nsw-2193,House,2,0,0,0,5,800,,0,0
Hurlstone Park,NSW,2193,hurlstone-park-nsw-2193,House,3,2434750,0,0.6428571428571429,18,960,2.05,1466750,3131200
Hurlstone Park,NSW,2193,hurlstone-park-nsw-2193,House,4,2535000,0,0.75,13,0,,2088000,3350750
Hurlstone Park,NSW,2193,hurlstone-park-nsw-2193,House,5,0,0,0,4,0,,0,0
Hurlstone Park,NSW,2193,hurlstone-park-nsw-2193,Unit,1,650000,0,0,11,575,4.6,307500,705000
Hurlstone Park,NSW,2193,hurlstone-park-nsw-2193,Unit,2,851000,0,0.7692307692307693,21,675,4.12,690000,970000
Hurlstone Park,NSW,2193,hurlstone-park-nsw-2193,Unit,3,0,0,0,3,0,,0,0
Mayfield East,NSW,2304,mayfield-east-nsw-2304,House,2,0,0,0,9,650,,0,0
Mayfield East,NSW,2304,mayfield-east-nsw-2304,House,3,1100000,0,0,21,750,3.55,870000,1430000
Mayfield East,NSW,2304,mayfield-east-nsw-2304,House,4,0,0,0,10,0,,0,0
Mayfield East,NSW,2304,mayfield-east-nsw-2304,House,5,0,0,0,1,0,,0,0
Redhead,NSW,2290,redhead-nsw-2290,House,2,0,0,0,7,0,,0,0
Redhead,NSW,2290,redhead-nsw-2290,House,3,1820000,0,0,11,825,2.36,1265000,2380000
Redhead,NSW,2290,redhead-nsw-2290,House,4,1800000,0,0,12,965,2.79,1413500,2677000
Redhead,NSW,2290,redhead-nsw-2290,House,5,2298657,0,0,10,0,,1749500,4498933
Rosemeadow,NSW,2560,rosemeadow-nsw-2560,House,2,0,0,0,1,480,,0,0
Rosemeadow,NSW,2560,rosemeadow-nsw-2560,House,3,915000,12,0,48,600,3.41,765300,1011250
Rosemeadow,NSW,2560,rosemeadow-nsw-2560,House,4,1062000,13,0,33,740,3.62,904400,1246000
Rosemeadow,NSW,2560,rosemeadow-nsw-2560,House,5,0,0,0,8,800,,0,0
Shoalhaven Heads,NSW,2535,shoalhaven-heads-nsw-2535,House,2,470000,126,0,18,0,,312500,946500
Shoalhaven Heads,NSW,2535,shoalhaven-heads-nsw-2535,House,3,980000,53,0,37,705,3.74,819000,1550000
Shoalhaven Heads,NSW,2535,shoalhaven-heads-nsw-2535,House,4,1230000,65,0,18,0,,1108500,2333750
Shoalhaven Heads,NSW,2535,shoalhaven-heads-nsw-2535,House,5,0,0,0,7,0,,0,0
Shoalhaven Heads,NSW,2535,shoalhaven-heads-nsw-2535,Unit,1,0,0,0,2,0,,0,0
Shoalhaven Heads,NSW,2535,shoalhaven-heads-nsw-2535,Unit,2,0,0,0,5,0,,0,0
Shoalhaven Heads,NSW,2535,shoalhaven-heads-nsw-2535,Unit,3,0,0,0,3,0,,0,0
South Coogee,NSW,2034,south-coogee-nsw-2034,House,2,0,0,0,3,0,,0,0
South Coogee,NSW,2034,south-coogee-nsw-2034,House,3,3162500,0,0.6428571428571429,14,1500,2.47,2044875,5133000
South Coogee,NSW,2034,south-coogee-nsw-2034,House,4,4710000,0,0.2777777777777778,21,2075,2.29,3200000,12100000
South Coogee,NSW,2034,south-coogee-nsw-2034,House,5,6212500,0,0.47368421052631576,12,0,,4546750,10750000
South Coogee,NSW,2034,south-coogee-nsw-2034,Unit,1,0,0,0,0,0,,0,0
South Coogee,NSW,2034,south-coogee-nsw-2034,Unit,2,0,0,0,8,905,,0,0
South Coogee,NSW,2034,south-coogee-nsw-2034,Unit,3,0,0,0,1,0,,0,0
South West Rocks,NSW,2431,south-west-rocks-nsw-2431,House,2,620000,76,0,17,450,3.77,461250,1040000
South West Rocks,NSW,2431,south-west-rocks-nsw-2431,House,3,780000,94,0,56,580,3.87,583750,1149250
South West Rocks,NSW,2431,south-west-rocks-nsw-2431,House,4,850000,87,0,25,600,3.67,394000,1095400
South West Rocks,NSW,2431,south-west-rocks-nsw-2431,House,5,0,0,0,6,0,,0,0
South West Rocks,NSW,2431,south-west-rocks-nsw-2431,Unit,1,0,0,0,1,0,,0,0
South West Rocks,NSW,2431,south-west-rocks-nsw-2431,Unit,2,605000,0,0,10,420,3.61,515750,777750
South West Rocks,NSW,2431,south-west-rocks-nsw-2431,Unit,3,1125000,0,0,10,535,2.47,475000,1915000
Tatton,NSW,2650,tatton-nsw-2650,House,2,0,0,0,3,0,,0,0
Tatton,NSW,2650,tatton-nsw-2650,House,3,778500,53,0,12,0,,637500,844050
Tatton,NSW,2650,tatton-nsw-2650,House,4,930000,58,0,27,680,3.8,669500,1657500
Tatton,NSW,2650,tatton-nsw-2650,House,5,1022500,0,0,12,0,,798500,1621500
Tumbi Umbi,NSW,2261,tumbi-umbi-nsw-2261,House,2,0,0,0,3,0,,0,0
Tumbi Umbi,NSW,2261,tumbi-umbi-nsw-2261,House,3,894500,24,0,18,665,3.87,804355,1011500
Tumbi Umbi,NSW,2261,tumbi-umbi-nsw-2261,House,4,1105000,22,0,23,830,3.91,903000,1373500
Tumbi Umbi,NSW,2261,tumbi-umbi-nsw-2261,House,5,0,0,0,4,0,,0,0
Tweed Heads,NSW,2485,tweed-heads-nsw-2485,House,2,956000,14,0,18,750,4.08,724750,1340500
Tweed Heads,NSW,2485,tweed-heads-nsw-2485,House,3,1398000,32,0,36,898,3.34,915625,2318750
Tweed Heads,NSW,2485,tweed-heads-nsw-2485,House,4,1685000,57,0,24,1300,4.01,1216500,2741750
Tweed Heads,NSW,2485,tweed-heads-nsw-2485,House,5,0,0,0,8,0,,0,0
Tweed Heads,NSW,2485,tweed-heads-nsw-2485,Unit,1,645000,25,0,21,550,4.43,570000,750000
Tweed Heads,NSW,2485,tweed-heads-nsw-2485,Unit,2,930000,23,0,150,750,4.19,725675,1363750
Tweed Heads,NSW,2485,tweed-heads-nsw-2485,Unit,3,1150000,56,0,43,925,4.18,778500,2312000
Urunga,NSW,2455,urunga-nsw-2455,House,2,0,0,0,7,0,,0,0
Urunga,NSW,2455,urunga-nsw-2455,House,3,850000,75,0,25,578,3.54,732300,1177000
Urunga,NSW,2455,urunga-nsw-2455,House,4,1012500,59,0,16,0,,830000,1618750
Urunga,NSW,2455,urunga-nsw-2455,House,5,0,0,0,4,0,,0,0
Urunga,NSW,2455,urunga-nsw-2455,Unit,1,0,0,0,1,0,,0,0
Urunga,NSW,2455,urunga-nsw-2455,Unit,2,540000,0,0,10,0,,422250,652750
Urunga,NSW,2455,urunga-nsw-2455,Unit,3,0,0,0,3,0,,0,0
Westleigh,NSW,2120,westleigh-nsw-2120,House,2,0,0,0,0,0,,0,0
Westleigh,NSW,2120,westleigh-nsw-2120,House,3,0,0,0,8,0,,0,0
Westleigh,NSW,2120,westleigh-nsw-2120,House,4,1987500,50,0.6818181818181818,38,1200,3.14,1735000,2275500
Westleigh,NSW,2120,westleigh-nsw-2120,House,5,2485000,0,0.5384615384615384,12,0,,1965000,2795000
Albury,NSW,2640,albury-nsw-2640,House,2,681000,0,0,15,480,3.67,385800,976500
Albury,NSW,2640,albury-nsw-2640,House,3,838750,60,0.7,48,580,3.6,615600,1500000
Albury,NSW,2640,albury-nsw-2640,House,4,1180000,53,0.45454545454545453,26,620,2.73,733000,2004000
Albury,NSW,2640,albury-nsw-2640,House,5,1410000,0,0,12,0,,861875,1819250
Albury,NSW,2640,albury-nsw-2640,Unit,1,0,0,0,3,355,,0,0
Albury,NSW,2640,albury-nsw-2640,Unit,2,495000,0,0,12,420,4.41,430250,928250
Albury,NSW,2640,albury-nsw-2640,Unit,3,0,0,0,1,0,,0,0
Avoca Beach,NSW,2251,avoca-beach-nsw-2251,House,2,0,0,0,9,650,,0,0
Avoca Beach,NSW,2251,avoca-beach-nsw-2251,House,3,1480000,79,0,20,800,2.81,990400,2550000
Avoca Beach,NSW,2251,avoca-beach-nsw-2251,House,4,1700000,57,0.21428571428571427,35,1150,3.52,1309600,3879400
Avoca Beach,NSW,2251,avoca-beach-nsw-2251,House,5,2400000,105,0,19,1150,2.49,1435500,6500000
Avoca Beach,NSW,2251,avoca-beach-nsw-2251,Unit,1,0,0,0,1,0,,0,0
Avoca Beach,NSW,2251,avoca-beach-nsw-2251,Unit,2,0,0,0,4,710,,0,0
Avoca Beach,NSW,2251,avoca-beach-nsw-2251,Unit,3,0,0,0,8,0,,0,0
Banksia,NSW,2216,banksia-nsw-2216,House,2,0,0,0,3,0,,0,0
Banksia,NSW,2216,banksia-nsw-2216,House,3,1817500,0,0.9,20,850,2.43,1306500,2568700
Banksia,NSW,2216,banksia-nsw-2216,House,4,0,0,0.5,8,0,,0,0
Banksia,NSW,2216,banksia-nsw-2216,House,5,0,0,0,3,0,,0,0
Banksia,NSW,2216,banksia-nsw-2216,Unit,1,0,0,0,0,0,,0,0
Banksia,NSW,2216,banksia-nsw-2216,Unit,2,0,0,0,6,0,,0,0
Banksia,NSW,2216,banksia-nsw-2216,Unit,3,0,0,0,2,0,,0,0
Barrack Heights,NSW,2528,barrack-heights-nsw-2528,House,2,0,0,0,1,0,,0,0
Barrack Heights,NSW,2528,barrack-heights-nsw-2528,House,3,890000,22,0,51,680,3.97,742500,1175000
Barrack Heights,NSW,2528,barrack-heights-nsw-2528,House,4,1040000,26,0,19,805,4.03,835600,1331899
Barrack Heights,NSW,2528,barrack-heights-nsw-2528,House,5,0,0,0,5,0,,0,0
Barrack Heights,NSW,2528,barrack-heights-nsw-2528,Unit,1,0,0,0,0,0,,0,0
Barrack Heights,NSW,2528,barrack-heights-nsw-2528,Unit,2,600000,21,0,11,520,4.51,489568,760000
Barrack Heights,NSW,2528,barrack-heights-nsw-2528,Unit,3,0,0,0,2,0,,0,0
Bellevue Hill,NSW,2023,bellevue-hill-nsw-2023,House,2,0,0,0,1,0,,0,0
Bellevue Hill,NSW,2023,bellevue-hill-nsw-2023,House,3,0,0,0,9,1795,,0,0
Bellevue Hill,NSW,2023,bellevue-hill-nsw-2023,House,4,9500000,0,0.34375,26,3125,1.71,4002500,22812500
Bellevue Hill,NSW,2023,bellevue-hill-nsw-2023,House,5,13000000,43,0.27586206896551724,25,5100,2.04,2020000,25015200
Bellevue Hill,NSW,2023,bellevue-hill-nsw-2023,Unit,1,773000,0,0,17,775,5.21,580400,1042000
Bellevue Hill,NSW,2023,bellevue-hill-nsw-2023,Unit,2,1340000,28,0.5853658536585366,85,978,3.8,1000000,2803220
Bellevue Hill,NSW,2023,bellevue-hill-nsw-2023,Unit,3,3800000,126,0.4,44,1750,2.39,2169000,7841000
Berkeley,NSW,2506,berkeley-nsw-2506,House,2,0,0,0,9,585,,0,0
Berkeley,NSW,2506,berkeley-nsw-2506,House,3,840000,15,0,76,670,4.15,711700,1007500
Berkeley,NSW,2506,berkeley-nsw-2506,House,4,925000,23,0,33,770,4.33,803000,1365000
Berkeley,NSW,2506,berkeley-nsw-2506,House,5,0,0,0,6,0,,0,0
Berkeley,NSW,2506,berkeley-nsw-2506,Unit,1,0,0,0,0,0,,0,0
Berkeley,NSW,2506,berkeley-nsw-2506,Unit,2,0,0,0,0,0,,0,0
Berkeley,NSW,2506,berkeley-nsw-2506,Unit,3,0,0,0,2,0,,0,0
Dunbogan,NSW,2443,dunbogan-nsw-2443,House,2,0,0,0,6,0,,0,0
Dunbogan,NSW,2443,dunbogan-nsw-2443,House,3,845000,57,0,16,0,,311875,1123750
Dunbogan,NSW,2443,dunbogan-nsw-2443,House,4,887500,0,0,10,0,,654050,1055000
Dunbogan,NSW,2443,dunbogan-nsw-2443,House,5,0,0,0,1,0,,0,0
Gymea Bay,NSW,2227,gymea-bay-nsw-2227,House,2,0,0,0,2,0,,0,0
Gymea Bay,NSW,2227,gymea-bay-nsw-2227,House,3,1800000,0,0.6190476190476191,23,0,,1562500,2182000
Gymea Bay,NSW,2227,gymea-bay-nsw-2227,House,4,2130000,51,0.6,42,1500,3.66,1731000,2839000
Gymea Bay,NSW,2227,gymea-bay-nsw-2227,House,5,2400000,37,0.5,21,0,,1811000,3450000
Jesmond,NSW,2299,jesmond-nsw-2299,House,2,0,0,0,8,575,,0,0
Jesmond,NSW,2299,jesmond-nsw-2299,House,3,815000,17,0,34,680,4.34,678600,997400
Jesmond,NSW,2299,jesmond-nsw-2299,House,4,0,0,0,7,693,,0,0
Jesmond,NSW,2299,jesmond-nsw-2299,House,5,0,0,0,2,0,,0,0
Jesmond,NSW,2299,jesmond-nsw-2299,Unit,1,0,0,0,2,410,,0,0
Jesmond,NSW,2299,jesmond-nsw-2299,Unit,2,513000,22,0,15,550,5.58,446400,665000
Jesmond,NSW,2299,jesmond-nsw-2299,Unit,3,0,0,0,5,0,,0,0
Springfield,NSW,2250,springfield-nsw-2250,House,2,0,0,0,4,540,,0,0
Springfield,NSW,2250,springfield-nsw-2250,House,3,943000,18,0,38,680,3.75,776250,1193745
Springfield,NSW,2250,springfield-nsw-2250,House,4,1220000,18,0,21,840,3.58,963000,1505000
Springfield,NSW,2250,springfield-nsw-2250,House,5,0,0,0,6,0,,0,0
Sunshine Bay,NSW,2536,sunshine-bay-nsw-2536,House,2,531500,95,0,10,0,,291500,799250
Sunshine Bay,NSW,2536,sunshine-bay-nsw-2536,House,3,680000,44,0,33,600,4.59,599000,900000
Sunshine Bay,NSW,2536,sunshine-bay-nsw-2536,House,4,932500,76,0,20,695,3.88,697500,1103000
Sunshine Bay,NSW,2536,sunshine-bay-nsw-2536,House,5,0,0,0,4,0,,0,0
Sunshine Bay,NSW,2536,sunshine-bay-nsw-2536,Unit,1,0,0,0,0,0,,0,0
Sunshine Bay,NSW,2536,sunshine-bay-nsw-2536,Unit,2,0,0,0,1,0,,0,0
Sunshine Bay,NSW,2536,sunshine-bay-nsw-2536,Unit,3,0,0,0,0,0,,0,0
Fairfield Heights,NSW,2165,fairfield-heights-nsw-2165,House,2,0,0,0,6,0,,0,0
Fairfield Heights,NSW,2165,fairfield-heights-nsw-2165,House,3,1100000,28,0.7,35,670,3.17,821000,1696900
Fairfield Heights,NSW,2165,fairfield-heights-nsw-2165,House,4,1175000,0,0,11,890,3.94,1063500,1715000
Fairfield Heights,NSW,2165,fairfield-heights-nsw-2165,House,5,1352500,26,0.4117647058823529,39,1100,4.23,1106250,1583450
Fairfield Heights,NSW,2165,fairfield-heights-nsw-2165,Unit,1,0,0,0,0,0,,0,0
Fairfield Heights,NSW,2165,fairfield-heights-nsw-2165,Unit,2,0,0,0,7,0,,0,0
Fairfield Heights,NSW,2165,fairfield-heights-nsw-2165,Unit,3,0,0,0,3,0,,0,0
Farley,NSW,2320,farley-nsw-2320,House,2,0,0,0,0,500,,0,0
Farley,NSW,2320,farley-nsw-2320,House,3,721000,0,0,14,600,4.33,679250,1152450
Farley,NSW,2320,farley-nsw-2320,House,4,761000,28,0,34,630,4.3,660000,980250
Farley,NSW,2320,farley-nsw-2320,House,5,0,0,0,6,0,,0,0
Haberfield,NSW,2045,haberfield-nsw-2045,House,2,0,0,0,4,0,,0,0
Haberfield,NSW,2045,haberfield-nsw-2045,House,3,2650000,0,0.75,23,1100,2.16,2002500,3385000
Haberfield,NSW,2045,haberfield-nsw-2045,House,4,3550000,60,0.42424242424242425,34,1500,2.2,1879000,5910000
Haberfield,NSW,2045,haberfield-nsw-2045,House,5,0,0,0.13333333333333333,6,0,,0,0
Karabar,NSW,2620,karabar-nsw-2620,House,2,570000,42,0,15,540,4.93,405000,680500
Karabar,NSW,2620,karabar-nsw-2620,House,3,785000,45,0.4722222222222222,67,650,4.31,606000,929000
Karabar,NSW,2620,karabar-nsw-2620,House,4,885000,54,0.4,37,780,4.58,660000,1238000
Karabar,NSW,2620,karabar-nsw-2620,House,5,1100000,54,0,11,0,,534250,1425000
Lake Haven,NSW,2263,lake-haven-nsw-2263,House,2,0,0,0,1,525,,0,0
Lake Haven,NSW,2263,lake-haven-nsw-2263,House,3,810000,15,0,41,630,4.04,710000,960000
Lake Haven,NSW,2263,lake-haven-nsw-2263,House,4,950000,18,0,22,750,4.11,754000,1148750
Lake Haven,NSW,2263,lake-haven-nsw-2263,House,5,0,0,0,8,0,,0,0
Manly Vale,NSW,2093,manly-vale-nsw-2093,House,2,0,0,0,4,0,,0,0
Manly Vale,NSW,2093,manly-vale-nsw-2093,House,3,2525000,0,0.8,13,1375,2.83,2018000,3158000
Manly Vale,NSW,2093,manly-vale-nsw-2093,House,4,2867500,0,0.9,12,1695,3.07,2527500,3522500
Manly Vale,NSW,2093,manly-vale-nsw-2093,House,5,0,0,0,8,0,,0,0
Manly Vale,NSW,2093,manly-vale-nsw-2093,Unit,1,820000,25,0.5,39,680,4.31,742750,969250
Manly Vale,NSW,2093,manly-vale-nsw-2093,Unit,2,1250000,26,0.5,79,850,3.54,900000,1628750
Manly Vale,NSW,2093,manly-vale-nsw-2093,Unit,3,0,0,0,5,0,,0,0
Mardi,NSW,2259,mardi-nsw-2259,House,2,0,0,0,3,0,,0,0
Mardi,NSW,2259,mardi-nsw-2259,House,3,812500,14,0,20,650,4.16,629500,1067500
Mardi,NSW,2259,mardi-nsw-2259,House,4,1125000,18,0,38,800,3.7,927000,1407356
Mardi,NSW,2259,mardi-nsw-2259,House,5,0,0,0,2,0,,0,0
Narwee,NSW,2209,narwee-nsw-2209,House,2,0,0,0,1,735,,0,0
Narwee,NSW,2209,narwee-nsw-2209,House,3,1510000,0,0.8461538461538461,17,910,3.13,1052400,2039200
Narwee,NSW,2209,narwee-nsw-2209,House,4,1620500,0,0,11,950,3.05,1314250,2041444
Narwee,NSW,2209,narwee-nsw-2209,House,5,0,0,0,9,0,,0,0
Narwee,NSW,2209,narwee-nsw-2209,Unit,1,0,0,0,2,500,,0,0
Narwee,NSW,2209,narwee-nsw-2209,Unit,2,610000,0,0,11,535,4.56,506000,755500
Narwee,NSW,2209,narwee-nsw-2209,Unit,3,0,0,0,1,0,,0,0
St Georges Basin,NSW,2540,st-georges-basin-nsw-2540,House,2,0,0,0,3,0,,0,0
St Georges Basin,NSW,2540,st-georges-basin-nsw-2540,House,3,700000,104,0,32,620,4.61,602000,1035000
St Georges Basin,NSW,2540,st-georges-basin-nsw-2540,House,4,880000,59,0,26,650,3.84,721946,1685000
St Georges Basin,NSW,2540,st-georges-basin-nsw-2540,House,5,1100000,113,0,15,0,,739000,2204500
Teralba,NSW,2284,teralba-nsw-2284,House,2,0,0,0,1,0,,0,0
Teralba,NSW,2284,teralba-nsw-2284,House,3,865000,16,0,14,720,4.33,539750,1142800
Teralba,NSW,2284,teralba-nsw-2284,House,4,1227500,25,0,22,860,3.64,907250,1432030
Teralba,NSW,2284,teralba-nsw-2284,House,5,0,0,0,6,0,,0,0
Tweed Heads West,NSW,2485,tweed-heads-west-nsw-2485,House,2,800000,34,0,28,723,4.7,620000,1003000
Tweed Heads West,NSW,2485,tweed-heads-west-nsw-2485,House,3,980000,25,0.6153846153846154,55,850,4.51,790800,1424000
Tweed Heads West,NSW,2485,tweed-heads-west-nsw-2485,House,4,1290000,28,0,33,1100,4.43,975000,1750000
Tweed Heads West,NSW,2485,tweed-heads-west-nsw-2485,House,5,0,0,0,5,0,,0,0
Tweed Heads West,NSW,2485,tweed-heads-west-nsw-2485,Unit,1,0,0,0,3,0,,0,0
Tweed Heads West,NSW,2485,tweed-heads-west-nsw-2485,Unit,2,669111,23,0,56,625,4.86,295500,800000
Tweed Heads West,NSW,2485,tweed-heads-west-nsw-2485,Unit,3,0,0,0,5,750,,0,0
Villawood,NSW,2163,villawood-nsw-2163,House,2,0,0,0,4,650,,0,0
Villawood,NSW,2163,villawood-nsw-2163,House,3,1055000,0,0,14,693,3.42,881450,1367500
Villawood,NSW,2163,villawood-nsw-2163,House,4,1205000,0,0,10,860,3.71,1056750,1416250
Villawood,NSW,2163,villawood-nsw-2163,House,5,1330000,29,0,21,935,3.66,968500,1552000
Villawood,NSW,2163,villawood-nsw-2163,Unit,1,0,0,0,2,555,,0,0
Villawood,NSW,2163,villawood-nsw-2163,Unit,2,622000,51,0,29,660,5.52,540000,650000
Villawood,NSW,2163,villawood-nsw-2163,Unit,3,0,0,0,5,0,,0,0
Wellington,NSW,2820,wellington-nsw-2820,House,2,282500,0,0,14,375,6.9,204250,511250
Wellington,NSW,2820,wellington-nsw-2820,House,3,342500,49,0,66,420,6.38,199650,463500
Wellington,NSW,2820,wellington-nsw-2820,House,4,436000,69,0,32,550,6.56,213250,814750
Wellington,NSW,2820,wellington-nsw-2820,House,5,0,0,0,2,0,,0,0
Wellington,NSW,2820,wellington-nsw-2820,Unit,1,0,0,0,0,0,,0,0
Wellington,NSW,2820,wellington-nsw-2820,Unit,2,0,0,0,0,450,,0,0
Wellington,NSW,2820,wellington-nsw-2820,Unit,3,0,0,0,1,0,,0,0
West Wallsend,NSW,2286,west-wallsend-nsw-2286,House,2,0,0,0,8,0,,0,0
West Wallsend,NSW,2286,west-wallsend-nsw-2286,House,3,832500,13,0,22,660,4.12,690750,914850
West Wallsend,NSW,2286,west-wallsend-nsw-2286,House,4,1008125,17,0,18,800,4.13,796250,1182000
West Wallsend,NSW,2286,west-wallsend-nsw-2286,House,5,0,0,0,1,0,,0,0
West Wallsend,NSW,2286,west-wallsend-nsw-2286,Unit,1,0,0,0,0,0,,0,0
West Wallsend,NSW,2286,west-wallsend-nsw-2286,Unit,2,0,0,0,0,0,,0,0
West Wallsend,NSW,2286,west-wallsend-nsw-2286,Unit,3,0,0,0,0,0,,0,0
Anna Bay,NSW,2316,anna-bay-nsw-2316,House,2,720000,94,0,17,0,,389416,893200
Anna Bay,NSW,2316,anna-bay-nsw-2316,House,3,882500,95,0.7222222222222222,39,670,3.95,400000,1480000
Anna Bay,NSW,2316,anna-bay-nsw-2316,House,4,1090000,69,0.42857142857142855,28,780,3.72,855000,2356250
Anna Bay,NSW,2316,anna-bay-nsw-2316,House,5,0,0,0,2,0,,0,0
Anna Bay,NSW,2316,anna-bay-nsw-2316,Unit,1,0,0,0,0,0,,0,0
Anna Bay,NSW,2316,anna-bay-nsw-2316,Unit,2,0,0,0,4,0,,0,0
Anna Bay,NSW,2316,anna-bay-nsw-2316,Unit,3,0,0,0,3,0,,0,0
Bangalow,NSW,2479,bangalow-nsw-2479,House,2,0,0,0,2,830,,0,0
Bangalow,NSW,2479,bangalow-nsw-2479,House,3,1420000,79,0,16,950,3.48,1137500,1862500
Bangalow,NSW,2479,bangalow-nsw-2479,House,4,1550000,80,0,22,1300,4.36,1243000,2397750
Bangalow,NSW,2479,bangalow-nsw-2479,House,5,0,0,0,6,0,,0,0
Bardwell Park,NSW,2207,bardwell-park-nsw-2207,House,2,0,0,0,1,0,,0,0
Bardwell Park,NSW,2207,bardwell-park-nsw-2207,House,3,0,0,0.6,8,0,,0,0
Bardwell Park,NSW,2207,bardwell-park-nsw-2207,House,4,0,0,0,8,0,,0,0
Bardwell Park,NSW,2207,bardwell-park-nsw-2207,House,5,0,0,0,4,0,,0,0
Bardwell Park,NSW,2207,bardwell-park-nsw-2207,Unit,1,0,0,0,0,0,,0,0
Bardwell Park,NSW,2207,bardwell-park-nsw-2207,Unit,2,0,0,0,2,0,,0,0
Bardwell Park,NSW,2207,bardwell-park-nsw-2207,Unit,3,0,0,0,2,0,,0,0
Bass Hill,NSW,2197,bass-hill-nsw-2197,House,2,0,0,0,3,605,,0,0
Bass Hill,NSW,2197,bass-hill-nsw-2197,House,3,1318500,30,0.5384615384615384,36,770,3.04,963375,1622500
Bass Hill,NSW,2197,bass-hill-nsw-2197,House,4,1487500,32,0.6756756756756757,46,1050,3.67,1161250,1733750
Bass Hill,NSW,2197,bass-hill-nsw-2197,House,5,1558000,0,0,16,1100,3.67,950000,2198750
Bass Hill,NSW,2197,bass-hill-nsw-2197,Unit,1,0,0,0,0,0,,0,0
Bass Hill,NSW,2197,bass-hill-nsw-2197,Unit,2,0,0,0,2,650,,0,0
Bass Hill,NSW,2197,bass-hill-nsw-2197,Unit,3,0,0,0,4,0,,0,0
Bexley North,NSW,2207,bexley-north-nsw-2207,House,2,0,0,0,1,0,,0,0
Bexley North,NSW,2207,bexley-north-nsw-2207,House,3,1920000,0,0.6190476190476191,14,850,2.3,1518250,2996250
Bexley North,NSW,2207,bexley-north-nsw-2207,House,4,2228000,0,0.6923076923076923,12,1200,2.8,1691250,2703600
Bexley North,NSW,2207,bexley-north-nsw-2207,House,5,0,0,0,4,0,,0,0
Bexley North,NSW,2207,bexley-north-nsw-2207,Unit,1,0,0,0,0,0,,0,0
Bexley North,NSW,2207,bexley-north-nsw-2207,Unit,2,0,0,0,5,650,,0,0
Bexley North,NSW,2207,bexley-north-nsw-2207,Unit,3,0,0,0,3,0,,0,0
Bourkelands,NSW,2650,bourkelands-nsw-2650,House,2,0,0,0,1,490,,0,0
Bourkelands,NSW,2650,bourkelands-nsw-2650,House,3,680000,28,0,18,580,4.44,549993,771500
Bourkelands,NSW,2650,bourkelands-nsw-2650,House,4,797000,36,0,36,660,4.31,678750,1062722
Bourkelands,NSW,2650,bourkelands-nsw-2650,House,5,0,0,0,5,0,,0,0
Collaroy,NSW,2097,collaroy-nsw-2097,House,2,0,0,0,2,1150,,0,0
Collaroy,NSW,2097,collaroy-nsw-2097,House,3,0,0,0,6,0,,0,0
Collaroy,NSW,2097,collaroy-nsw-2097,House,4,3400000,0,0.375,12,1675,2.56,2325000,5765000
Collaroy,NSW,2097,collaroy-nsw-2097,House,5,4440000,119,0.36363636363636365,28,2650,3.1,3276250,6497500
Collaroy,NSW,2097,collaroy-nsw-2097,Unit,1,865000,0,0,13,650,3.91,702800,2010000
Collaroy,NSW,2097,collaroy-nsw-2097,Unit,2,1311250,28,0.6,80,850,3.37,924200,1951250
Collaroy,NSW,2097,collaroy-nsw-2097,Unit,3,3125000,0,0.38461538461538464,21,1588,2.64,1632500,5850000
Eglinton,NSW,2795,eglinton-nsw-2795,House,2,0,0,0,1,0,,0,0
Eglinton,NSW,2795,eglinton-nsw-2795,House,3,700000,23,0,17,600,4.46,508000,895000
Eglinton,NSW,2795,eglinton-nsw-2795,House,4,787500,32,0,38,650,4.29,648500,1132500
Eglinton,NSW,2795,eglinton-nsw-2795,House,5,0,0,0,3,0,,0,0
Estella,NSW,2650,estella-nsw-2650,House,2,0,0,0,0,0,,0,0
Estella,NSW,2650,estella-nsw-2650,House,3,658000,21,0,21,550,4.35,380000,782000
Estella,NSW,2650,estella-nsw-2650,House,4,782000,30,0,29,660,4.39,659000,916000
Estella,NSW,2650,estella-nsw-2650,House,5,0,0,0,1,0,,0,0
Fairy Meadow,NSW,2519,fairy-meadow-nsw-2519,House,2,952500,0,0,10,600,3.28,746375,1675000
Fairy Meadow,NSW,2519,fairy-meadow-nsw-2519,House,3,1235000,24,0,35,750,3.16,843400,1439500
Fairy Meadow,NSW,2519,fairy-meadow-nsw-2519,House,4,1500000,98,0,25,950,3.29,1266240,1904000
Fairy Meadow,NSW,2519,fairy-meadow-nsw-2519,House,5,0,0,0,6,0,,0,0
Fairy Meadow,NSW,2519,fairy-meadow-nsw-2519,Unit,1,498000,18,0,17,480,5.01,412000,676600
Fairy Meadow,NSW,2519,fairy-meadow-nsw-2519,Unit,2,620000,30,0,41,575,4.82,543000,940000
Fairy Meadow,NSW,2519,fairy-meadow-nsw-2519,Unit,3,822500,39,0,12,648,4.1,556250,1471250
Georges Hall,NSW,2198,georges-hall-nsw-2198,House,2,0,0,0,4,0,,0,0
Georges Hall,NSW,2198,georges-hall-nsw-2198,House,3,1450000,26,0.7878787878787878,40,850,3.05,1099400,1652000
Georges Hall,NSW,2198,georges-hall-nsw-2198,House,4,1500000,41,0.5128205128205128,42,1000,3.47,1216750,1794450
Georges Hall,NSW,2198,georges-hall-nsw-2198,House,5,1620000,87,0.41935483870967744,40,1325,4.25,1454500,2302000
Georges Hall,NSW,2198,georges-hall-nsw-2198,Unit,1,0,0,0,2,0,,0,0
Georges Hall,NSW,2198,georges-hall-nsw-2198,Unit,2,0,0,0,4,640,,0,0
Georges Hall,NSW,2198,georges-hall-nsw-2198,Unit,3,0,0,0,3,0,,0,0
Glenbrook,NSW,2773,glenbrook-nsw-2773,House,2,0,0,0,1,0,,0,0
Glenbrook,NSW,2773,glenbrook-nsw-2773,House,3,1455000,27,0,22,710,2.54,1102100,1935000
Glenbrook,NSW,2773,glenbrook-nsw-2773,House,4,1710000,22,0,34,1050,3.19,1336000,3020000
Glenbrook,NSW,2773,glenbrook-nsw-2773,House,5,2150000,25,0,13,0,,1643000,4170000
Lake Heights,NSW,2502,lake-heights-nsw-2502,House,2,0,0,0,7,0,,0,0
Lake Heights,NSW,2502,lake-heights-nsw-2502,House,3,880000,22,0,43,680,4.02,690500,1308000
Lake Heights,NSW,2502,lake-heights-nsw-2502,House,4,1045000,29,0,22,815,4.06,860250,1972500
Lake Heights,NSW,2502,lake-heights-nsw-2502,House,5,0,0,0,5,0,,0,0
Lake Heights,NSW,2502,lake-heights-nsw-2502,Unit,1,0,0,0,0,0,,0,0
Lake Heights,NSW,2502,lake-heights-nsw-2502,Unit,2,0,0,0,0,500,,0,0
Lake Heights,NSW,2502,lake-heights-nsw-2502,Unit,3,0,0,0,2,0,,0,0
Lurnea,NSW,2170,lurnea-nsw-2170,House,2,753750,17,0,18,550,3.79,690000,1308250
Lurnea,NSW,2170,lurnea-nsw-2170,House,3,1094000,29,0.7,50,650,3.09,804500,1338500
Lurnea,NSW,2170,lurnea-nsw-2170,House,4,1107500,31,0.6923076923076923,33,820,3.85,940500,1419000
Lurnea,NSW,2170,lurnea-nsw-2170,House,5,1275000,0,0,12,0,,1119250,1449500
Lurnea,NSW,2170,lurnea-nsw-2170,Unit,1,0,0,0,0,0,,0,0
Lurnea,NSW,2170,lurnea-nsw-2170,Unit,2,0,0,0,3,0,,0,0
Lurnea,NSW,2170,lurnea-nsw-2170,Unit,3,0,0,0,4,0,,0,0
Malabar,NSW,2036,malabar-nsw-2036,House,2,0,0,0,3,0,,0,0
Malabar,NSW,2036,malabar-nsw-2036,House,3,3350000,0,0.7272727272727273,14,1463,2.27,2372000,6008000
Malabar,NSW,2036,malabar-nsw-2036,House,4,3200000,0,0.42857142857142855,12,1825,2.97,2600000,5293250
Malabar,NSW,2036,malabar-nsw-2036,House,5,4400000,0,0.3157894736842105,10,0,,3057000,5757900
North Avoca,NSW,2260,north-avoca-nsw-2260,House,2,0,0,0,1,0,,0,0
North Avoca,NSW,2260,north-avoca-nsw-2260,House,3,0,0,0,6,840,,0,0
North Avoca,NSW,2260,north-avoca-nsw-2260,House,4,1587500,81,0,22,1150,3.77,1252250,3640000
North Avoca,NSW,2260,north-avoca-nsw-2260,House,5,2240000,0,0,11,0,,1417500,8185000
North Avoca,NSW,2260,north-avoca-nsw-2260,Unit,1,0,0,0,0,0,,0,0
North Avoca,NSW,2260,north-avoca-nsw-2260,Unit,2,0,0,0,0,0,,0,0
North Avoca,NSW,2260,north-avoca-nsw-2260,Unit,3,0,0,0,0,0,,0,0
St Peters,NSW,2044,st-peters-nsw-2044,House,2,0,0,0,6,830,,0,0
St Peters,NSW,2044,st-peters-nsw-2044,House,3,1920000,0,0.6923076923076923,17,1100,2.98,1443500,2501800
St Peters,NSW,2044,st-peters-nsw-2044,House,4,0,0,0.2,6,1500,,0,0
St Peters,NSW,2044,st-peters-nsw-2044,House,5,0,0,0,1,0,,0,0
St Peters,NSW,2044,st-peters-nsw-2044,Unit,1,760000,0,0,13,650,4.45,573000,916400
St Peters,NSW,2044,st-peters-nsw-2044,Unit,2,1025000,0,0.5,19,930,4.72,794000,1209000
St Peters,NSW,2044,st-peters-nsw-2044,Unit,3,0,0,0,2,0,,0,0
Wingham,NSW,2429,wingham-nsw-2429,House,2,503500,0,0,10,0,,396250,693000
Wingham,NSW,2429,wingham-nsw-2429,House,3,528000,30,0,48,500,4.92,407000,744750
Wingham,NSW,2429,wingham-nsw-2429,House,4,640000,37,0,29,0,,451000,948000
Wingham,NSW,2429,wingham-nsw-2429,House,5,0,0,0,6,0,,0,0
Woodcroft,NSW,2767,woodcroft-nsw-2767,House,2,0,0,0,0,0,,0,0
Woodcroft,NSW,2767,woodcroft-nsw-2767,House,3,945000,25,0.8571428571428571,31,700,3.85,867500,1204500
Woodcroft,NSW,2767,woodcroft-nsw-2767,House,4,1200000,40,0.8,21,780,3.38,860000,1425000
Woodcroft,NSW,2767,woodcroft-nsw-2767,House,5,0,0,0,6,0,,0,0
Canley Vale,NSW,2166,canley-vale-nsw-2166,House,2,0,0,0,5,520,,0,0
Canley Vale,NSW,2166,canley-vale-nsw-2166,House,3,1140000,0,0.6875,26,660,3.01,809200,1834400
Canley Vale,NSW,2166,canley-vale-nsw-2166,House,4,1260000,0,0,17,850,3.51,962500,2184500
Canley Vale,NSW,2166,canley-vale-nsw-2166,House,5,1702500,0,0.6923076923076923,16,1075,3.28,1355000,2213500
Canley Vale,NSW,2166,canley-vale-nsw-2166,Unit,1,0,0,0,1,385,,0,0
Canley Vale,NSW,2166,canley-vale-nsw-2166,Unit,2,457500,40,0,27,455,5.17,388750,566500
Canley Vale,NSW,2166,canley-vale-nsw-2166,Unit,3,0,0,0,5,0,,0,0
Chifley,NSW,2036,chifley-nsw-2036,House,2,0,0,0,2,0,,0,0
Chifley,NSW,2036,chifley-nsw-2036,House,3,2346000,0,0.38461538461538464,15,1200,2.66,1800000,3065000
Chifley,NSW,2036,chifley-nsw-2036,House,4,2657500,0,0.3333333333333333,20,1775,3.47,2034500,3410000
Chifley,NSW,2036,chifley-nsw-2036,House,5,2850000,0,0.4,15,0,,2492000,4060000
Chifley,NSW,2036,chifley-nsw-2036,Unit,1,0,0,0,0,0,,0,0
Chifley,NSW,2036,chifley-nsw-2036,Unit,2,0,0,0,1,708,,0,0
Chifley,NSW,2036,chifley-nsw-2036,Unit,3,0,0,0,1,0,,0,0
Cobar,NSW,2835,cobar-nsw-2835,House,2,0,0,0,2,0,,0,0
Cobar,NSW,2835,cobar-nsw-2835,House,3,290000,63,0,44,0,,90500,485000
Cobar,NSW,2835,cobar-nsw-2835,House,4,380000,54,0,26,415,5.68,130000,701250
Cobar,NSW,2835,cobar-nsw-2835,House,5,0,0,0,2,0,,0,0
Cobar,NSW,2835,cobar-nsw-2835,Unit,1,0,0,0,0,0,,0,0
Cobar,NSW,2835,cobar-nsw-2835,Unit,2,0,0,0,0,0,,0,0
Cobar,NSW,2835,cobar-nsw-2835,Unit,3,0,0,0,0,0,,0,0
East Ryde,NSW,2113,east-ryde-nsw-2113,House,2,0,0,0,0,0,,0,0
East Ryde,NSW,2113,east-ryde-nsw-2113,House,3,2537500,0,0,10,0,,2320700,3064500
East Ryde,NSW,2113,east-ryde-nsw-2113,House,4,2575000,0,0.4,15,0,,2146500,2844000
East Ryde,NSW,2113,east-ryde-nsw-2113,House,5,0,0,0,6,0,,0,0
Elizabeth Hills,NSW,2171,elizabeth-hills-nsw-2171,House,2,0,0,0,1,0,,0,0
Elizabeth Hills,NSW,2171,elizabeth-hills-nsw-2171,House,3,1084000,0,0,10,785,3.77,977700,1322125
Elizabeth Hills,NSW,2171,elizabeth-hills-nsw-2171,House,4,1475000,0,0,13,900,3.17,1295000,1989000
Elizabeth Hills,NSW,2171,elizabeth-hills-nsw-2171,House,5,0,0,0,4,0,,0,0
Gerringong,NSW,2534,gerringong-nsw-2534,House,2,0,0,0,1,0,,0,0
Gerringong,NSW,2534,gerringong-nsw-2534,House,3,1295000,34,0,24,775,3.11,1005000,2323500
Gerringong,NSW,2534,gerringong-nsw-2534,House,4,1600000,68,0,35,900,2.93,1217800,2445000
Gerringong,NSW,2534,gerringong-nsw-2534,House,5,0,0,0,4,0,,0,0
Gerringong,NSW,2534,gerringong-nsw-2534,Unit,1,0,0,0,0,0,,0,0
Gerringong,NSW,2534,gerringong-nsw-2534,Unit,2,0,0,0,6,700,,0,0
Gerringong,NSW,2534,gerringong-nsw-2534,Unit,3,0,0,0,4,0,,0,0
Glen Alpine,NSW,2560,glen-alpine-nsw-2560,House,2,0,0,0,0,0,,0,0
Glen Alpine,NSW,2560,glen-alpine-nsw-2560,House,3,0,0,0,3,0,,0,0
Glen Alpine,NSW,2560,glen-alpine-nsw-2560,House,4,1300000,24,0,26,850,3.4,1160000,1828750
Glen Alpine,NSW,2560,glen-alpine-nsw-2560,House,5,1466000,20,0,16,0,,1137500,2245000
Hazelbrook,NSW,2779,hazelbrook-nsw-2779,House,2,0,0,0,6,0,,0,0
Hazelbrook,NSW,2779,hazelbrook-nsw-2779,House,3,900000,12,0,47,640,3.7,736000,1114000
Hazelbrook,NSW,2779,hazelbrook-nsw-2779,House,4,1100000,49,0,26,0,,862500,1455000
Hazelbrook,NSW,2779,hazelbrook-nsw-2779,House,5,0,0,0,4,0,,0,0
Jannali,NSW,2226,jannali-nsw-2226,House,2,0,0,0,8,0,,0,0
Jannali,NSW,2226,jannali-nsw-2226,House,3,1595000,0,0.7619047619047619,27,900,2.93,1368100,1957000
Jannali,NSW,2226,jannali-nsw-2226,House,4,1735000,0,0.5384615384615384,19,1200,3.6,1579000,2212800
Jannali,NSW,2226,jannali-nsw-2226,House,5,1990000,0,0.9,17,0,,1666000,2520000
Jannali,NSW,2226,jannali-nsw-2226,Unit,1,0,0,0,4,535,,0,0
Jannali,NSW,2226,jannali-nsw-2226,Unit,2,810000,15,0,31,730,4.69,612500,1225000
Jannali,NSW,2226,jannali-nsw-2226,Unit,3,0,0,0,5,0,,0,0
Kanwal,NSW,2259,kanwal-nsw-2259,House,2,0,0,0,3,490,,0,0
Kanwal,NSW,2259,kanwal-nsw-2259,House,3,793250,16,0,38,620,4.06,676400,906500
Kanwal,NSW,2259,kanwal-nsw-2259,House,4,945000,11,0,14,750,4.13,815650,1219250
Kanwal,NSW,2259,kanwal-nsw-2259,House,5,1070500,0,0,10,0,,896000,1279250
Leumeah,NSW,2560,leumeah-nsw-2560,House,2,682500,15,0,21,500,3.81,605000,1230000
Leumeah,NSW,2560,leumeah-nsw-2560,House,3,950000,15,0,64,600,3.28,850000,1240955
Leumeah,NSW,2560,leumeah-nsw-2560,House,4,1020000,17,0,33,665,3.39,892600,1291400
Leumeah,NSW,2560,leumeah-nsw-2560,House,5,1256444,0,0,12,0,,971600,1459500
Leumeah,NSW,2560,leumeah-nsw-2560,Unit,1,0,0,0,1,0,,0,0
Leumeah,NSW,2560,leumeah-nsw-2560,Unit,2,526500,16,0,16,475,4.69,363250,622000
Leumeah,NSW,2560,leumeah-nsw-2560,Unit,3,0,0,0,3,0,,0,0
Maryville,NSW,2293,maryville-nsw-2293,House,2,0,0,0,7,670,,0,0
Maryville,NSW,2293,maryville-nsw-2293,House,3,1360000,30,0.45454545454545453,29,830,3.17,1050000,1840000
Maryville,NSW,2293,maryville-nsw-2293,House,4,0,0,0,7,0,,0,0
Maryville,NSW,2293,maryville-nsw-2293,House,5,0,0,0,2,0,,0,0
Maryville,NSW,2293,maryville-nsw-2293,Unit,1,0,0,0,0,0,,0,0
Maryville,NSW,2293,maryville-nsw-2293,Unit,2,0,0,0,0,0,,0,0
Maryville,NSW,2293,maryville-nsw-2293,Unit,3,0,0,0,3,0,,0,0
Menangle,NSW,2568,menangle-nsw-2568,House,2,0,0,0,0,490,,0,0
Menangle,NSW,2568,menangle-nsw-2568,House,3,0,0,0,2,0,,0,0
Menangle,NSW,2568,menangle-nsw-2568,House,4,1355000,68,0,20,820,3.15,1083745,1463000
Menangle,NSW,2568,menangle-nsw-2568,House,5,1440000,25,0,10,0,,1340000,2463750
Neutral Bay,NSW,2089,neutral-bay-nsw-2089,House,2,1600000,0,0,11,1000,3.25,840500,3325000
Neutral Bay,NSW,2089,neutral-bay-nsw-2089,House,3,2500000,36,0.5853658536585366,39,1350,2.81,1874500,3831500
Neutral Bay,NSW,2089,neutral-bay-nsw-2089,House,4,2830000,0,0.5625,17,1800,3.31,2406000,6280000
Neutral Bay,NSW,2089,neutral-bay-nsw-2089,House,5,0,0,0,0,0,,0,0
Neutral Bay,NSW,2089,neutral-bay-nsw-2089,Unit,1,785000,31,0.6363636363636364,65,650,4.31,364000,973600
Neutral Bay,NSW,2089,neutral-bay-nsw-2089,Unit,2,1301000,47,0.6629213483146067,107,870,3.48,862800,1885000
Neutral Bay,NSW,2089,neutral-bay-nsw-2089,Unit,3,2150000,77,0.39473684210526316,40,1300,3.14,1386000,4950000
North Curl Curl,NSW,2099,north-curl-curl-nsw-2099,House,2,0,0,0,0,0,,0,0
North Curl Curl,NSW,2099,north-curl-curl-nsw-2099,House,3,3485000,0,0,11,0,,2435000,5800000
North Curl Curl,NSW,2099,north-curl-curl-nsw-2099,House,4,4417500,0,0,12,2200,2.59,2946500,6750000
North Curl Curl,NSW,2099,north-curl-curl-nsw-2099,House,5,4160000,0,0.47368421052631576,18,0,,3505000,6830000
North Rocks,NSW,2151,north-rocks-nsw-2151,House,2,0,0,0,0,0,,0,0
North Rocks,NSW,2151,north-rocks-nsw-2151,House,3,1505000,47,0.6666666666666666,35,800,2.76,1064000,2172500
North Rocks,NSW,2151,north-rocks-nsw-2151,House,4,1950000,31,0.75,37,950,2.53,1580000,2483600
North Rocks,NSW,2151,north-rocks-nsw-2151,House,5,2260000,0,0.7368421052631579,18,1100,2.53,1494750,2896605
North Rocks,NSW,2151,north-rocks-nsw-2151,Unit,1,0,0,0,6,600,,0,0
North Rocks,NSW,2151,north-rocks-nsw-2151,Unit,2,657500,23,0,38,710,5.62,517000,716600
North Rocks,NSW,2151,north-rocks-nsw-2151,Unit,3,0,0,0,7,0,,0,0
Oakville,NSW,2765,oakville-nsw-2765,House,2,0,0,0,0,0,,0,0
Oakville,NSW,2765,oakville-nsw-2765,House,3,0,0,0,3,0,,0,0
Oakville,NSW,2765,oakville-nsw-2765,House,4,1180000,47,0,25,875,3.86,697300,1414900
Oakville,NSW,2765,oakville-nsw-2765,House,5,1500000,92,0,26,950,3.29,1281400,2060000
Port Kembla,NSW,2505,port-kembla-nsw-2505,House,2,0,0,0,5,570,,0,0
Port Kembla,NSW,2505,port-kembla-nsw-2505,House,3,980000,43,0,33,700,3.71,790000,1580000
Port Kembla,NSW,2505,port-kembla-nsw-2505,House,4,1325000,32,0,15,850,3.34,1075000,2330000
Port Kembla,NSW,2505,port-kembla-nsw-2505,House,5,0,0,0,7,0,,0,0
Port Kembla,NSW,2505,port-kembla-nsw-2505,Unit,1,0,0,0,0,393,,0,0
Port Kembla,NSW,2505,port-kembla-nsw-2505,Unit,2,0,0,0,7,490,,0,0
Port Kembla,NSW,2505,port-kembla-nsw-2505,Unit,3,0,0,0,2,0,,0,0
Queens Park,NSW,2022,queens-park-nsw-2022,House,2,0,0,0,3,0,,0,0
Queens Park,NSW,2022,queens-park-nsw-2022,House,3,3715000,0,0.6,15,1750,2.45,2801750,4613500
Queens Park,NSW,2022,queens-park-nsw-2022,House,4,4700000,0,0.5217391304347826,18,2500,2.77,2130500,10335000
Queens Park,NSW,2022,queens-park-nsw-2022,House,5,0,0,0,8,2875,,0,0
Queens Park,NSW,2022,queens-park-nsw-2022,Unit,1,0,0,0,2,820,,0,0
Queens Park,NSW,2022,queens-park-nsw-2022,Unit,2,0,0,0,7,990,,0,0
Queens Park,NSW,2022,queens-park-nsw-2022,Unit,3,0,0,0,3,0,,0,0
Richmond,NSW,2753,richmond-nsw-2753,House,2,730000,32,0,13,528,3.76,592400,907200
Richmond,NSW,2753,richmond-nsw-2753,House,3,971000,38,0,40,650,3.48,822500,1683500
Richmond,NSW,2753,richmond-nsw-2753,House,4,1185000,75,0,34,800,3.51,900000,2031150
Richmond,NSW,2753,richmond-nsw-2753,House,5,0,0,0,7,0,,0,0
Richmond,NSW,2753,richmond-nsw-2753,Unit,1,0,0,0,0,0,,0,0
Richmond,NSW,2753,richmond-nsw-2753,Unit,2,565000,15,0,30,500,4.6,447250,805000
Richmond,NSW,2753,richmond-nsw-2753,Unit,3,0,0,0,2,0,,0,0
Saratoga,NSW,2251,saratoga-nsw-2251,House,2,0,0,0,3,583,,0,0
Saratoga,NSW,2251,saratoga-nsw-2251,House,3,1175000,22,0,25,750,3.32,912000,1697000
Saratoga,NSW,2251,saratoga-nsw-2251,House,4,1330000,48,0,34,988,3.86,1093000,2935000
Saratoga,NSW,2251,saratoga-nsw-2251,House,5,0,0,0,9,0,,0,0
Speers Point,NSW,2284,speers-point-nsw-2284,House,2,0,0,0,4,0,,0,0
Speers Point,NSW,2284,speers-point-nsw-2284,House,3,1200000,50,0.5833333333333334,31,750,3.25,847500,1567500
Speers Point,NSW,2284,speers-point-nsw-2284,House,4,1450000,52,0,18,950,3.41,1012750,2882750
Speers Point,NSW,2284,speers-point-nsw-2284,House,5,0,0,0,6,0,,0,0
Speers Point,NSW,2284,speers-point-nsw-2284,Unit,1,0,0,0,1,0,,0,0
Speers Point,NSW,2284,speers-point-nsw-2284,Unit,2,0,0,0,3,0,,0,0
Speers Point,NSW,2284,speers-point-nsw-2284,Unit,3,0,0,0,1,0,,0,0
Warilla,NSW,2528,warilla-nsw-2528,House,2,0,0,0,4,0,,0,0
Warilla,NSW,2528,warilla-nsw-2528,House,3,845000,15,0,64,670,4.12,731500,1100000
Warilla,NSW,2528,warilla-nsw-2528,House,4,1100000,44,0,19,800,3.78,790000,1807500
Warilla,NSW,2528,warilla-nsw-2528,House,5,0,0,0,3,0,,0,0
Warilla,NSW,2528,warilla-nsw-2528,Unit,1,0,0,0,3,0,,0,0
Warilla,NSW,2528,warilla-nsw-2528,Unit,2,500000,46,0,13,535,5.56,292360,773000
Warilla,NSW,2528,warilla-nsw-2528,Unit,3,0,0,0,5,0,,0,0
Wentworthville,NSW,2145,wentworthville-nsw-2145,House,2,860000,0,0,13,610,3.69,483850,1399250
Wentworthville,NSW,2145,wentworthville-nsw-2145,House,3,1365000,23,0.8648648648648649,50,740,2.82,918204,2006000
Wentworthville,NSW,2145,wentworthville-nsw-2145,House,4,1445000,0,0.7037037037037037,23,850,3.06,1041750,2453000
Wentworthville,NSW,2145,wentworthville-nsw-2145,House,5,1862500,0,0.5833333333333334,16,1150,3.21,1384000,2628750
Wentworthville,NSW,2145,wentworthville-nsw-2145,Unit,1,458750,42,0,14,570,6.46,410400,470000
Wentworthville,NSW,2145,wentworthville-nsw-2145,Unit,2,580000,45,0,191,650,5.83,460000,721250
Wentworthville,NSW,2145,wentworthville-nsw-2145,Unit,3,755000,44,0.9090909090909091,42,750,5.17,610300,989500
Albion Park Rail,NSW,2527,albion-park-rail-nsw-2527,House,2,690000,19,0,15,580,4.37,617000,779950
Albion Park Rail,NSW,2527,albion-park-rail-nsw-2527,House,3,820000,20,0,85,690,4.38,680000,1097000
Albion Park Rail,NSW,2527,albion-park-rail-nsw-2527,House,4,938500,18,0,17,785,4.35,750600,1964000
Albion Park Rail,NSW,2527,albion-park-rail-nsw-2527,House,5,0,0,0,8,0,,0,0
Albion Park Rail,NSW,2527,albion-park-rail-nsw-2527,Unit,1,0,0,0,2,0,,0,0
Albion Park Rail,NSW,2527,albion-park-rail-nsw-2527,Unit,2,0,0,0,4,550,,0,0
Albion Park Rail,NSW,2527,albion-park-rail-nsw-2527,Unit,3,0,0,0,8,0,,0,0
Bangor,NSW,2234,bangor-nsw-2234,House,2,0,0,0,4,0,,0,0
Bangor,NSW,2234,bangor-nsw-2234,House,3,1385000,19,0.9,21,950,3.57,1170000,1641000
Bangor,NSW,2234,bangor-nsw-2234,House,4,1745000,22,0.8823529411764706,30,0,,1479485,2166000
Bangor,NSW,2234,bangor-nsw-2234,House,5,1850000,0,0,12,0,,1590000,2394000
Bangor,NSW,2234,bangor-nsw-2234,Unit,1,0,0,0,0,0,,0,0
Bangor,NSW,2234,bangor-nsw-2234,Unit,2,0,0,0,2,0,,0,0
Bangor,NSW,2234,bangor-nsw-2234,Unit,3,0,0,0,0,0,,0,0
Bardwell Valley,NSW,2207,bardwell-valley-nsw-2207,House,2,0,0,0,1,0,,0,0
Bardwell Valley,NSW,2207,bardwell-valley-nsw-2207,House,3,1585000,0,0.6428571428571429,15,950,3.12,1031499,2071650
Bardwell Valley,NSW,2207,bardwell-valley-nsw-2207,House,4,0,0,0,9,1075,,0,0
Bardwell Valley,NSW,2207,bardwell-valley-nsw-2207,House,5,0,0,0,6,0,,0,0
Bellbird,NSW,2325,bellbird-nsw-2325,House,2,0,0,0,3,475,,0,0
Bellbird,NSW,2325,bellbird-nsw-2325,House,3,710000,28,0,23,580,4.25,528000,1033000
Bellbird,NSW,2325,bellbird-nsw-2325,House,4,837500,30,0,36,675,4.19,443916,1207500
Bellbird,NSW,2325,bellbird-nsw-2325,House,5,1020000,0,0,11,0,,822500,1367500
Bellingen,NSW,2454,bellingen-nsw-2454,House,2,0,0,0,4,0,,0,0
Bellingen,NSW,2454,bellingen-nsw-2454,House,3,790000,117,0,36,650,4.28,616000,1073000
Bellingen,NSW,2454,bellingen-nsw-2454,House,4,900000,67,0,21,705,4.07,791600,1558500
Bellingen,NSW,2454,bellingen-nsw-2454,House,5,0,0,0,5,0,,0,0
Bellingen,NSW,2454,bellingen-nsw-2454,Unit,1,0,0,0,0,0,,0,0
Bellingen,NSW,2454,bellingen-nsw-2454,Unit,2,0,0,0,3,0,,0,0
Bellingen,NSW,2454,bellingen-nsw-2454,Unit,3,0,0,0,1,0,,0,0
Berowra,NSW,2081,berowra-nsw-2081,House,2,0,0,0,1,0,,0,0
Berowra,NSW,2081,berowra-nsw-2081,House,3,1579600,43,0.6875,27,830,2.73,1272000,1794100
Berowra,NSW,2081,berowra-nsw-2081,House,4,1725000,44,0.4375,32,950,2.86,1492500,2500000
Berowra,NSW,2081,berowra-nsw-2081,House,5,0,0,0,8,0,,0,0
Berowra,NSW,2081,berowra-nsw-2081,Unit,1,0,0,0,0,0,,0,0
Berowra,NSW,2081,berowra-nsw-2081,Unit,2,0,0,0,0,0,,0,0
Berowra,NSW,2081,berowra-nsw-2081,Unit,3,0,0,0,0,0,,0,0
Bilambil Heights,NSW,2486,bilambil-heights-nsw-2486,House,2,0,0,0,4,0,,0,0
Bilambil Heights,NSW,2486,bilambil-heights-nsw-2486,House,3,1120000,28,0,19,900,4.18,911500,1301500
Bilambil Heights,NSW,2486,bilambil-heights-nsw-2486,House,4,1250000,22,0,26,995,4.14,1011000,1596000
Bilambil Heights,NSW,2486,bilambil-heights-nsw-2486,House,5,1456000,22,0,12,0,,1101500,1645000
Bilambil Heights,NSW,2486,bilambil-heights-nsw-2486,Unit,1,0,0,0,2,0,,0,0
Bilambil Heights,NSW,2486,bilambil-heights-nsw-2486,Unit,2,0,0,0,0,0,,0,0
Bilambil Heights,NSW,2486,bilambil-heights-nsw-2486,Unit,3,0,0,0,1,0,,0,0
Bilgola Plateau,NSW,2107,bilgola-plateau-nsw-2107,House,2,0,0,0,2,0,,0,0
Bilgola Plateau,NSW,2107,bilgola-plateau-nsw-2107,House,3,2161000,0,0,10,0,,1777500,3163750
Bilgola Plateau,NSW,2107,bilgola-plateau-nsw-2107,House,4,2500000,37,0.5925925925925926,33,1398,2.91,2001000,3782000
Bilgola Plateau,NSW,2107,bilgola-plateau-nsw-2107,House,5,3125000,0,0.38461538461538464,11,0,,2704300,4243500
Bilgola Plateau,NSW,2107,bilgola-plateau-nsw-2107,Unit,1,0,0,0,0,0,,0,0
Bilgola Plateau,NSW,2107,bilgola-plateau-nsw-2107,Unit,2,0,0,0,1,0,,0,0
Bilgola Plateau,NSW,2107,bilgola-plateau-nsw-2107,Unit,3,0,0,0,1,0,,0,0
Brunswick Heads,NSW,2483,brunswick-heads-nsw-2483,House,2,0,0,0,2,0,,0,0
Brunswick Heads,NSW,2483,brunswick-heads-nsw-2483,House,3,1750000,48,0,24,0,,1133650,3010000
Brunswick Heads,NSW,2483,brunswick-heads-nsw-2483,House,4,0,0,0,9,0,,0,0
Brunswick Heads,NSW,2483,brunswick-heads-nsw-2483,House,5,0,0,0,2,0,,0,0
Brunswick Heads,NSW,2483,brunswick-heads-nsw-2483,Unit,1,0,0,0,2,0,,0,0
Brunswick Heads,NSW,2483,brunswick-heads-nsw-2483,Unit,2,0,0,0,5,640,,0,0
Brunswick Heads,NSW,2483,brunswick-heads-nsw-2483,Unit,3,0,0,0,1,0,,0,0
Castle Cove,NSW,2069,castle-cove-nsw-2069,House,2,0,0,0,1,0,,0,0
Castle Cove,NSW,2069,castle-cove-nsw-2069,House,3,0,0,0,7,0,,0,0
Castle Cove,NSW,2069,castle-cove-nsw-2069,House,4,3700000,0,0.3333333333333333,16,1525,2.14,3225000,4222500
Castle Cove,NSW,2069,castle-cove-nsw-2069,House,5,4250000,0,0.5333333333333333,14,0,,3414800,5983000
Castle Cove,NSW,2069,castle-cove-nsw-2069,Unit,1,0,0,0,0,0,,0,0
Castle Cove,NSW,2069,castle-cove-nsw-2069,Unit,2,0,0,0,0,0,,0,0
Castle Cove,NSW,2069,castle-cove-nsw-2069,Unit,3,0,0,0,0,0,,0,0
Casuarina,NSW,2487,casuarina-nsw-2487,House,2,0,0,0,3,850,,0,0
Casuarina,NSW,2487,casuarina-nsw-2487,House,3,1690000,43,0,19,1075,3.31,1176000,2757500
Casuarina,NSW,2487,casuarina-nsw-2487,House,4,2350000,60,0.26666666666666666,28,1463,3.24,1693500,4160000
Casuarina,NSW,2487,casuarina-nsw-2487,House,5,2360000,0,0,12,1700,3.75,1975000,3550000
Casuarina,NSW,2487,casuarina-nsw-2487,Unit,1,467500,102,0,23,700,7.79,410000,718000
Casuarina,NSW,2487,casuarina-nsw-2487,Unit,2,906500,83,0,26,790,4.53,555000,1458750
Casuarina,NSW,2487,casuarina-nsw-2487,Unit,3,1350000,91,0,29,0,,1060000,2508000
Coledale,NSW,2515,coledale-nsw-2515,House,2,0,0,0,4,0,,0,0
Coledale,NSW,2515,coledale-nsw-2515,House,3,1650000,0,0,12,1200,3.78,1217750,3605000
Coledale,NSW,2515,coledale-nsw-2515,House,4,2500000,127,0,15,0,,1890000,4245000
Coledale,NSW,2515,coledale-nsw-2515,House,5,0,0,0,2,0,,0,0
Cromer,NSW,2099,cromer-nsw-2099,House,2,0,0,0,2,0,,0,0
Cromer,NSW,2099,cromer-nsw-2099,House,3,2085000,18,0,27,1200,2.99,1785500,2569000
Cromer,NSW,2099,cromer-nsw-2099,House,4,2500000,21,0.6428571428571429,30,1550,3.22,2089800,3130000
Cromer,NSW,2099,cromer-nsw-2099,House,5,2875000,50,0.5,23,2050,3.71,2178000,3172789
Cromer,NSW,2099,cromer-nsw-2099,Unit,1,0,0,0,3,0,,0,0
Cromer,NSW,2099,cromer-nsw-2099,Unit,2,0,0,0,5,840,,0,0
Cromer,NSW,2099,cromer-nsw-2099,Unit,3,0,0,0,1,0,,0,0
Dora Creek,NSW,2264,dora-creek-nsw-2264,House,2,0,0,0,9,0,,0,0
Dora Creek,NSW,2264,dora-creek-nsw-2264,House,3,880000,23,0,19,605,3.57,590999,1355000
Dora Creek,NSW,2264,dora-creek-nsw-2264,House,4,790000,60,0,19,700,4.61,371880,1298000
Dora Creek,NSW,2264,dora-creek-nsw-2264,House,5,0,0,0,1,0,,0,0
Empire Bay,NSW,2257,empire-bay-nsw-2257,House,2,0,0,0,1,650,,0,0
Empire Bay,NSW,2257,empire-bay-nsw-2257,House,3,1112500,0,0,10,0,,956000,1563500
Empire Bay,NSW,2257,empire-bay-nsw-2257,House,4,1290000,39,0,15,0,,984000,2200000
Empire Bay,NSW,2257,empire-bay-nsw-2257,House,5,1357500,0,0,10,0,,1081500,2454460
Fairfield West,NSW,2165,fairfield-west-nsw-2165,House,2,0,0,0,5,560,,0,0
Fairfield West,NSW,2165,fairfield-west-nsw-2165,House,3,1210000,24,0.7333333333333333,49,680,2.92,1002500,1485000
Fairfield West,NSW,2165,fairfield-west-nsw-2165,House,4,1350000,41,0.6190476190476191,27,845,3.25,1102750,1607500
Fairfield West,NSW,2165,fairfield-west-nsw-2165,House,5,1496000,0,0.8666666666666667,30,1000,3.48,1188875,1927600
Fairfield West,NSW,2165,fairfield-west-nsw-2165,Unit,1,0,0,0,0,0,,0,0
Fairfield West,NSW,2165,fairfield-west-nsw-2165,Unit,2,0,0,0,2,585,,0,0
Fairfield West,NSW,2165,fairfield-west-nsw-2165,Unit,3,0,0,0,3,0,,0,0
Gordon,NSW,2072,gordon-nsw-2072,House,2,0,0,0,1,0,,0,0
Gordon,NSW,2072,gordon-nsw-2072,House,3,1925000,0,0.35714285714285715,10,1215,3.28,1740500,2493000
Gordon,NSW,2072,gordon-nsw-2072,House,4,3410000,74,0.48484848484848486,31,1500,2.29,1880500,5282500
Gordon,NSW,2072,gordon-nsw-2072,House,5,4750000,0,0.3902439024390244,24,2050,2.24,3355000,7813900
Gordon,NSW,2072,gordon-nsw-2072,Unit,1,664000,55,0.5294117647058824,36,665,5.21,587500,781250
Gordon,NSW,2072,gordon-nsw-2072,Unit,2,925000,58,0.6428571428571429,84,845,4.75,761000,1238500
Gordon,NSW,2072,gordon-nsw-2072,Unit,3,1350000,84,0.41935483870967744,29,1100,4.24,1111000,2424000
Heathcote,NSW,2233,heathcote-nsw-2233,House,2,0,0,0,2,0,,0,0
Heathcote,NSW,2233,heathcote-nsw-2233,House,3,1383000,18,0.75,41,0,,1199000,1625000
Heathcote,NSW,2233,heathcote-nsw-2233,House,4,1573652,21,0.8333333333333334,26,0,,1313750,1750000
Heathcote,NSW,2233,heathcote-nsw-2233,House,5,0,0,0,8,0,,0,0
Heathcote,NSW,2233,heathcote-nsw-2233,Unit,1,0,0,0,4,0,,0,0
Heathcote,NSW,2233,heathcote-nsw-2233,Unit,2,0,0,0,8,0,,0,0
Heathcote,NSW,2233,heathcote-nsw-2233,Unit,3,0,0,0,7,0,,0,0
Horningsea Park,NSW,2171,horningsea-park-nsw-2171,House,2,0,0,0,0,0,,0,0
Horningsea Park,NSW,2171,horningsea-park-nsw-2171,House,3,1083000,0,0,10,700,3.36,953150,1182000
Horningsea Park,NSW,2171,horningsea-park-nsw-2171,House,4,1190000,0,0.7,22,825,3.61,1055000,1652000
Horningsea Park,NSW,2171,horningsea-park-nsw-2171,House,5,0,0,0,3,0,,0,0
Macmasters Beach,NSW,2251,macmasters-beach-nsw-2251,House,2,0,0,0,1,0,,0,0
Macmasters Beach,NSW,2251,macmasters-beach-nsw-2251,House,3,1802500,0,0,12,0,,1247750,2103750
Macmasters Beach,NSW,2251,macmasters-beach-nsw-2251,House,4,1830000,0,0,10,1060,3.01,1400000,4842500
Macmasters Beach,NSW,2251,macmasters-beach-nsw-2251,House,5,0,0,0,5,0,,0,0
Mollymook,NSW,2539,mollymook-nsw-2539,House,2,0,0,0,4,0,,0,0
Mollymook,NSW,2539,mollymook-nsw-2539,House,3,1085000,0,0,10,0,,744250,1593750
Mollymook,NSW,2539,mollymook-nsw-2539,House,4,1260000,137,0,18,0,,858250,2402500
Mollymook,NSW,2539,mollymook-nsw-2539,House,5,0,0,0,3,0,,0,0
Mollymook,NSW,2539,mollymook-nsw-2539,Unit,1,0,0,0,0,0,,0,0
Mollymook,NSW,2539,mollymook-nsw-2539,Unit,2,0,0,0,4,0,,0,0
Mollymook,NSW,2539,mollymook-nsw-2539,Unit,3,0,0,0,1,0,,0,0
Monterey,NSW,2217,monterey-nsw-2217,House,2,0,0,0,3,0,,0,0
Monterey,NSW,2217,monterey-nsw-2217,House,3,0,0,0,9,980,,0,0
Monterey,NSW,2217,monterey-nsw-2217,House,4,2529000,0,0.6,10,1400,2.88,1798388,4169500
Monterey,NSW,2217,monterey-nsw-2217,House,5,0,0,0,5,0,,0,0
Monterey,NSW,2217,monterey-nsw-2217,Unit,1,0,0,0,3,0,,0,0
Monterey,NSW,2217,monterey-nsw-2217,Unit,2,845000,35,1,29,695,4.28,676000,1427600
Monterey,NSW,2217,monterey-nsw-2217,Unit,3,1280000,0,0.7,13,850,3.45,985800,1608000
Morpeth,NSW,2321,morpeth-nsw-2321,House,2,682500,221,0,17,0,,584750,892850
Morpeth,NSW,2321,morpeth-nsw-2321,House,3,860000,16,0,28,688,4.16,655000,1341000
Morpeth,NSW,2321,morpeth-nsw-2321,House,4,0,0,0,7,0,,0,0
Morpeth,NSW,2321,morpeth-nsw-2321,House,5,0,0,0,3,0,,0,0
Moruya,NSW,2537,moruya-nsw-2537,House,2,0,0,0,5,0,,0,0
Moruya,NSW,2537,moruya-nsw-2537,House,3,780000,88,0,32,610,4.07,559250,1233750
Moruya,NSW,2537,moruya-nsw-2537,House,4,890000,108,0,19,680,3.97,658750,1596500
Moruya,NSW,2537,moruya-nsw-2537,House,5,0,0,0,2,0,,0,0
Moruya,NSW,2537,moruya-nsw-2537,Unit,1,0,0,0,1,0,,0,0
Moruya,NSW,2537,moruya-nsw-2537,Unit,2,0,0,0,1,0,,0,0
Moruya,NSW,2537,moruya-nsw-2537,Unit,3,0,0,0,1,0,,0,0
Noraville,NSW,2263,noraville-nsw-2263,House,2,0,0,0,6,500,,0,0
Noraville,NSW,2263,noraville-nsw-2263,House,3,920500,22,0,22,650,3.67,830250,1249550
Noraville,NSW,2263,noraville-nsw-2263,House,4,1217500,51,0,16,790,3.37,981250,1910000
Noraville,NSW,2263,noraville-nsw-2263,House,5,0,0,0,9,0,,0,0
Noraville,NSW,2263,noraville-nsw-2263,Unit,1,0,0,0,0,0,,0,0
Noraville,NSW,2263,noraville-nsw-2263,Unit,2,0,0,0,0,475,,0,0
Noraville,NSW,2263,noraville-nsw-2263,Unit,3,0,0,0,0,0,,0,0
Oyster Bay,NSW,2225,oyster-bay-nsw-2225,House,2,0,0,0,3,0,,0,0
Oyster Bay,NSW,2225,oyster-bay-nsw-2225,House,3,1645000,0,0.625,19,855,2.7,1372500,1876250
Oyster Bay,NSW,2225,oyster-bay-nsw-2225,House,4,1900000,36,0.5483870967741935,33,1160,3.17,1284000,3392000
Oyster Bay,NSW,2225,oyster-bay-nsw-2225,House,5,2757500,0,0.3684210526315789,16,0,,2029160,4331250
San Remo,NSW,2262,san-remo-nsw-2262,House,2,0,0,0,9,470,,0,0
San Remo,NSW,2262,san-remo-nsw-2262,House,3,795000,13,0,43,575,3.76,686300,902000
San Remo,NSW,2262,san-remo-nsw-2262,House,4,850000,18,0,25,700,4.28,589334,1140000
San Remo,NSW,2262,san-remo-nsw-2262,House,5,946000,0,0,12,0,,775500,1052000
Smiths Lake,NSW,2428,smiths-lake-nsw-2428,House,2,0,0,0,2,0,,0,0
Smiths Lake,NSW,2428,smiths-lake-nsw-2428,House,3,805000,43,0,32,600,3.88,625500,1103500
Smiths Lake,NSW,2428,smiths-lake-nsw-2428,House,4,890000,56,0,21,0,,715000,1800000
Smiths Lake,NSW,2428,smiths-lake-nsw-2428,House,5,0,0,0,6,0,,0,0
West Albury,NSW,2640,west-albury-nsw-2640,House,2,465000,0,0,10,450,5.03,402000,888550
West Albury,NSW,2640,west-albury-nsw-2640,House,3,643500,27,0,42,500,4.04,454325,813350
West Albury,NSW,2640,west-albury-nsw-2640,House,4,812500,34,0,20,580,3.71,538000,1380000
West Albury,NSW,2640,west-albury-nsw-2640,House,5,0,0,0,3,0,,0,0
West Albury,NSW,2640,west-albury-nsw-2640,Unit,1,0,0,0,0,0,,0,0
West Albury,NSW,2640,west-albury-nsw-2640,Unit,2,0,0,0,9,400,,0,0
West Albury,NSW,2640,west-albury-nsw-2640,Unit,3,0,0,0,0,0,,0,0
Bundanoon,NSW,2578,bundanoon-nsw-2578,House,2,0,0,0,5,0,,0,0
Bundanoon,NSW,2578,bundanoon-nsw-2578,House,3,925000,85,0,25,680,3.82,784000,1643000
Bundanoon,NSW,2578,bundanoon-nsw-2578,House,4,1280000,113,0,38,785,3.19,936750,2107500
Bundanoon,NSW,2578,bundanoon-nsw-2578,House,5,1662500,329,0,10,0,,1172500,2996250
Bundanoon,NSW,2578,bundanoon-nsw-2578,Unit,1,0,0,0,0,0,,0,0
Bundanoon,NSW,2578,bundanoon-nsw-2578,Unit,2,0,0,0,1,0,,0,0
Bundanoon,NSW,2578,bundanoon-nsw-2578,Unit,3,0,0,0,0,0,,0,0
Claremont Meadows,NSW,2747,claremont-meadows-nsw-2747,House,2,0,0,0,0,520,,0,0
Claremont Meadows,NSW,2747,claremont-meadows-nsw-2747,House,3,1040000,11,0,36,700,3.5,885000,1245733
Claremont Meadows,NSW,2747,claremont-meadows-nsw-2747,House,4,1394995,36,0,20,760,2.83,1079075,1697500
Claremont Meadows,NSW,2747,claremont-meadows-nsw-2747,House,5,0,0,0,8,0,,0,0
Cordeaux Heights,NSW,2526,cordeaux-heights-nsw-2526,House,2,0,0,0,0,0,,0,0
Cordeaux Heights,NSW,2526,cordeaux-heights-nsw-2526,House,3,0,0,0,5,795,,0,0
Cordeaux Heights,NSW,2526,cordeaux-heights-nsw-2526,House,4,1405000,31,0.6363636363636364,20,0,,1191250,1757250
Cordeaux Heights,NSW,2526,cordeaux-heights-nsw-2526,House,5,0,0,0,8,0,,0,0
Dudley,NSW,2290,dudley-nsw-2290,House,2,0,0,0,0,0,,0,0
Dudley,NSW,2290,dudley-nsw-2290,House,3,1302500,0,0,14,830,3.31,940000,2159250
Dudley,NSW,2290,dudley-nsw-2290,House,4,1750000,0,0,10,0,,1672500,2408250
Dudley,NSW,2290,dudley-nsw-2290,House,5,0,0,0,1,0,,0,0
Dudley,NSW,2290,dudley-nsw-2290,Unit,1,0,0,0,0,0,,0,0
Dudley,NSW,2290,dudley-nsw-2290,Unit,2,0,0,0,0,0,,0,0
Dudley,NSW,2290,dudley-nsw-2290,Unit,3,0,0,0,0,0,,0,0
Eastlakes,NSW,2018,eastlakes-nsw-2018,House,2,0,0,0,3,0,,0,0
Eastlakes,NSW,2018,eastlakes-nsw-2018,House,3,0,0,0,9,1200,,0,0
Eastlakes,NSW,2018,eastlakes-nsw-2018,House,4,2350000,0,0.3076923076923077,11,0,,2116500,2530000
Eastlakes,NSW,2018,eastlakes-nsw-2018,House,5,0,0,0,7,0,,0,0
Eastlakes,NSW,2018,eastlakes-nsw-2018,Unit,1,775000,48,0,15,600,4.03,562800,816500
Eastlakes,NSW,2018,eastlakes-nsw-2018,Unit,2,766750,26,0,54,700,4.75,679475,972250
Eastlakes,NSW,2018,eastlakes-nsw-2018,Unit,3,0,0,0,4,850,,0,0
Eden,NSW,2551,eden-nsw-2551,House,2,540000,0,0,15,0,,475500,688125
Eden,NSW,2551,eden-nsw-2551,House,3,697500,88,0,42,560,4.17,440500,889250
Eden,NSW,2551,eden-nsw-2551,House,4,835000,74,0,17,0,,607000,1600000
Eden,NSW,2551,eden-nsw-2551,House,5,0,0,0,4,0,,0,0
Eden,NSW,2551,eden-nsw-2551,Unit,1,0,0,0,0,0,,0,0
Eden,NSW,2551,eden-nsw-2551,Unit,2,387500,151,0,12,415,5.57,297200,609250
Eden,NSW,2551,eden-nsw-2551,Unit,3,0,0,0,5,0,,0,0
Forest Hill,NSW,2651,forest-hill-nsw-2651,House,2,0,0,0,5,0,,0,0
Forest Hill,NSW,2651,forest-hill-nsw-2651,House,3,575500,21,0,36,520,4.7,473750,712500
Forest Hill,NSW,2651,forest-hill-nsw-2651,House,4,667000,22,0,21,615,4.79,360000,860000
Forest Hill,NSW,2651,forest-hill-nsw-2651,House,5,0,0,0,3,0,,0,0
Glen Innes,NSW,2370,glen-innes-nsw-2370,House,2,344500,34,0,16,345,5.21,252500,451250
Glen Innes,NSW,2370,glen-innes-nsw-2370,House,3,438000,52,0.6,69,420,4.99,300000,646000
Glen Innes,NSW,2370,glen-innes-nsw-2370,House,4,535000,56,0,28,490,4.76,373000,865500
Glen Innes,NSW,2370,glen-innes-nsw-2370,House,5,0,0,0,2,0,,0,0
Glen Innes,NSW,2370,glen-innes-nsw-2370,Unit,1,0,0,0,0,300,,0,0
Glen Innes,NSW,2370,glen-innes-nsw-2370,Unit,2,0,0,0,1,300,,0,0
Glen Innes,NSW,2370,glen-innes-nsw-2370,Unit,3,0,0,0,0,0,,0,0
Glenroy,NSW,2640,glenroy-nsw-2640,House,2,0,0,0,3,0,,0,0
Glenroy,NSW,2640,glenroy-nsw-2640,House,3,677025,21,0,40,545,4.19,522550,801750
Glenroy,NSW,2640,glenroy-nsw-2640,House,4,755000,29,0,20,600,4.13,623600,877500
Glenroy,NSW,2640,glenroy-nsw-2640,House,5,0,0,0,3,0,,0,0
Glenroy,NSW,2640,glenroy-nsw-2640,Unit,1,0,0,0,0,0,,0,0
Glenroy,NSW,2640,glenroy-nsw-2640,Unit,2,0,0,0,3,0,,0,0
Glenroy,NSW,2640,glenroy-nsw-2640,Unit,3,0,0,0,0,0,,0,0
Gundagai,NSW,2722,gundagai-nsw-2722,House,2,0,0,0,2,0,,0,0
Gundagai,NSW,2722,gundagai-nsw-2722,House,3,502500,104,0,20,0,,334850,602500
Gundagai,NSW,2722,gundagai-nsw-2722,House,4,585000,0,0,12,0,,415500,887000
Gundagai,NSW,2722,gundagai-nsw-2722,House,5,0,0,0,3,0,,0,0
Gundagai,NSW,2722,gundagai-nsw-2722,Unit,1,0,0,0,0,0,,0,0
Gundagai,NSW,2722,gundagai-nsw-2722,Unit,2,0,0,0,2,0,,0,0
Gundagai,NSW,2722,gundagai-nsw-2722,Unit,3,0,0,0,0,0,,0,0
Homebush,NSW,2140,homebush-nsw-2140,House,2,0,0,0,0,798,,0,0
Homebush,NSW,2140,homebush-nsw-2140,House,3,1232500,0,0,10,900,3.8,961500,2990500
Homebush,NSW,2140,homebush-nsw-2140,House,4,0,0,0,4,0,,0,0
Homebush,NSW,2140,homebush-nsw-2140,House,5,0,0,0,7,0,,0,0
Homebush,NSW,2140,homebush-nsw-2140,Unit,1,525000,80,0,74,645,6.39,463250,614800
Homebush,NSW,2140,homebush-nsw-2140,Unit,2,682000,41,0.5714285714285714,216,750,5.72,550000,857000
Homebush,NSW,2140,homebush-nsw-2140,Unit,3,880000,63,0,34,950,5.61,733200,1110000
Hoxton Park,NSW,2171,hoxton-park-nsw-2171,House,2,0,0,0,1,540,,0,0
Hoxton Park,NSW,2171,hoxton-park-nsw-2171,House,3,0,0,0,9,700,,0,0
Hoxton Park,NSW,2171,hoxton-park-nsw-2171,House,4,1235000,0,0.7272727272727273,20,800,3.37,916000,1537000
Hoxton Park,NSW,2171,hoxton-park-nsw-2171,House,5,0,0,0,4,0,,0,0
Kiama Downs,NSW,2533,kiama-downs-nsw-2533,House,2,0,0,0,3,0,,0,0
Kiama Downs,NSW,2533,kiama-downs-nsw-2533,House,3,1228000,21,0,25,750,3.18,896000,1610000
Kiama Downs,NSW,2533,kiama-downs-nsw-2533,House,4,1505000,19,0.4,24,900,3.11,1112250,2145500
Kiama Downs,NSW,2533,kiama-downs-nsw-2533,House,5,0,0,0,7,0,,0,0
Lakewood,NSW,2443,lakewood-nsw-2443,House,2,0,0,0,6,0,,0,0
Lakewood,NSW,2443,lakewood-nsw-2443,House,3,690000,0,0,23,0,,559600,874000
Lakewood,NSW,2443,lakewood-nsw-2443,House,4,0,0,0,7,0,,0,0
Lakewood,NSW,2443,lakewood-nsw-2443,House,5,0,0,0,0,0,,0,0
Lakewood,NSW,2443,lakewood-nsw-2443,Unit,1,0,0,0,0,0,,0,0
Lakewood,NSW,2443,lakewood-nsw-2443,Unit,2,0,0,0,1,0,,0,0
Lakewood,NSW,2443,lakewood-nsw-2443,Unit,3,0,0,0,1,0,,0,0
Laurieton,NSW,2443,laurieton-nsw-2443,House,2,0,0,0,9,0,,0,0
Laurieton,NSW,2443,laurieton-nsw-2443,House,3,810000,61,0,19,0,,606500,1182000
Laurieton,NSW,2443,laurieton-nsw-2443,House,4,990000,44,0,11,0,,807500,1222500
Laurieton,NSW,2443,laurieton-nsw-2443,House,5,0,0,0,2,0,,0,0
Laurieton,NSW,2443,laurieton-nsw-2443,Unit,1,0,0,0,3,0,,0,0
Laurieton,NSW,2443,laurieton-nsw-2443,Unit,2,570000,41,0,15,475,4.33,188500,746000
Laurieton,NSW,2443,laurieton-nsw-2443,Unit,3,0,0,0,9,0,,0,0
Lemon Tree Passage,NSW,2319,lemon-tree-passage-nsw-2319,House,2,635000,0,0,11,0,,543750,782500
Lemon Tree Passage,NSW,2319,lemon-tree-passage-nsw-2319,House,3,710000,29,0,33,595,4.36,559000,1158000
Lemon Tree Passage,NSW,2319,lemon-tree-passage-nsw-2319,House,4,885000,52,0,17,680,4.0,703400,1132000
Lemon Tree Passage,NSW,2319,lemon-tree-passage-nsw-2319,House,5,0,0,0,3,0,,0,0
Lemon Tree Passage,NSW,2319,lemon-tree-passage-nsw-2319,Unit,1,0,0,0,1,0,,0,0
Lemon Tree Passage,NSW,2319,lemon-tree-passage-nsw-2319,Unit,2,0,0,0,0,0,,0,0
Lemon Tree Passage,NSW,2319,lemon-tree-passage-nsw-2319,Unit,3,0,0,0,2,0,,0,0
Lewisham,NSW,2049,lewisham-nsw-2049,House,2,0,0,0,5,0,,0,0
Lewisham,NSW,2049,lewisham-nsw-2049,House,3,2372500,0,0,10,1100,2.41,1758750,3095250
Lewisham,NSW,2049,lewisham-nsw-2049,House,4,2520000,0,0,11,0,,1975000,3450000
Lewisham,NSW,2049,lewisham-nsw-2049,House,5,0,0,0,1,0,,0,0
Lewisham,NSW,2049,lewisham-nsw-2049,Unit,1,690000,54,0.6363636363636364,36,643,4.85,581750,812500
Lewisham,NSW,2049,lewisham-nsw-2049,Unit,2,965000,34,0.8,30,795,4.28,815650,1264000
Lewisham,NSW,2049,lewisham-nsw-2049,Unit,3,0,0,0,3,0,,0,0
Mount Pritchard,NSW,2170,mount-pritchard-nsw-2170,House,2,0,0,0,4,550,,0,0
Mount Pritchard,NSW,2170,mount-pritchard-nsw-2170,House,3,1170000,37,0.6842105263157895,39,645,2.87,941300,1504000
Mount Pritchard,NSW,2170,mount-pritchard-nsw-2170,House,4,1245000,48,0.6428571428571429,30,780,3.26,895000,2481500
Mount Pritchard,NSW,2170,mount-pritchard-nsw-2170,House,5,1320000,53,0,15,875,3.45,1163500,1837500
Mount Pritchard,NSW,2170,mount-pritchard-nsw-2170,Unit,1,0,0,0,0,0,,0,0
Mount Pritchard,NSW,2170,mount-pritchard-nsw-2170,Unit,2,0,0,0,0,520,,0,0
Mount Pritchard,NSW,2170,mount-pritchard-nsw-2170,Unit,3,0,0,0,0,0,,0,0
Mulwala,NSW,2647,mulwala-nsw-2647,House,2,0,0,0,9,0,,0,0
Mulwala,NSW,2647,mulwala-nsw-2647,House,3,577500,70,0,27,490,4.41,386500,1567000
Mulwala,NSW,2647,mulwala-nsw-2647,House,4,945000,152,0,19,0,,500000,1373500
Mulwala,NSW,2647,mulwala-nsw-2647,House,5,0,0,0,9,0,,0,0
Mulwala,NSW,2647,mulwala-nsw-2647,Unit,1,0,0,0,1,0,,0,0
Mulwala,NSW,2647,mulwala-nsw-2647,Unit,2,382500,0,0,10,380,5.17,305875,562400
Mulwala,NSW,2647,mulwala-nsw-2647,Unit,3,0,0,0,4,0,,0,0
Narrawallee,NSW,2539,narrawallee-nsw-2539,House,2,0,0,0,0,0,,0,0
Narrawallee,NSW,2539,narrawallee-nsw-2539,House,3,1085000,49,0,11,0,,832500,1492500
Narrawallee,NSW,2539,narrawallee-nsw-2539,House,4,1420000,73,0,31,730,2.67,940000,2700000
Narrawallee,NSW,2539,narrawallee-nsw-2539,House,5,0,0,0,2,0,,0,0
North Balgowlah,NSW,2093,north-balgowlah-nsw-2093,House,2,0,0,0,1,0,,0,0
North Balgowlah,NSW,2093,north-balgowlah-nsw-2093,House,3,2437500,0,0.2,11,0,,2067500,3038000
North Balgowlah,NSW,2093,north-balgowlah-nsw-2093,House,4,3505000,0,0,13,2000,2.97,2780000,4284000
North Balgowlah,NSW,2093,north-balgowlah-nsw-2093,House,5,4075000,0,0.5,16,2300,2.93,3004500,4825000
North Balgowlah,NSW,2093,north-balgowlah-nsw-2093,Unit,1,0,0,0,0,0,,0,0
North Balgowlah,NSW,2093,north-balgowlah-nsw-2093,Unit,2,0,0,0,6,0,,0,0
North Balgowlah,NSW,2093,north-balgowlah-nsw-2093,Unit,3,0,0,0,1,0,,0,0
Regents Park,NSW,2143,regents-park-nsw-2143,House,2,0,0,0,2,588,,0,0
Regents Park,NSW,2143,regents-park-nsw-2143,House,3,1407500,0,0.6111111111111112,18,725,2.68,1035250,1784650
Regents Park,NSW,2143,regents-park-nsw-2143,House,4,1379000,0,0,10,0,,1188125,2612500
Regents Park,NSW,2143,regents-park-nsw-2143,House,5,0,0,0,5,0,,0,0
Regents Park,NSW,2143,regents-park-nsw-2143,Unit,1,0,0,0,1,0,,0,0
Regents Park,NSW,2143,regents-park-nsw-2143,Unit,2,529000,24,0,18,560,5.5,402000,601500
Regents Park,NSW,2143,regents-park-nsw-2143,Unit,3,0,0,0,2,720,,0,0
Shellharbour,NSW,2529,shellharbour-nsw-2529,House,2,0,0,0,2,610,,0,0
Shellharbour,NSW,2529,shellharbour-nsw-2529,House,3,1182500,39,0,24,750,3.3,882400,2477000
Shellharbour,NSW,2529,shellharbour-nsw-2529,House,4,1390000,0,0,14,920,3.44,1139500,1652500
Shellharbour,NSW,2529,shellharbour-nsw-2529,House,5,0,0,0,7,0,,0,0
Shellharbour,NSW,2529,shellharbour-nsw-2529,Unit,1,0,0,0,3,0,,0,0
Shellharbour,NSW,2529,shellharbour-nsw-2529,Unit,2,795000,18,0,22,625,4.09,673000,1243250
Shellharbour,NSW,2529,shellharbour-nsw-2529,Unit,3,0,0,0,3,0,,0,0
Skennars Head,NSW,2478,skennars-head-nsw-2478,House,2,0,0,0,5,0,,0,0
Skennars Head,NSW,2478,skennars-head-nsw-2478,House,3,1260000,26,0,13,950,3.92,468000,1954000
Skennars Head,NSW,2478,skennars-head-nsw-2478,House,4,1785000,47,0,15,1175,3.42,1542500,2520000
Skennars Head,NSW,2478,skennars-head-nsw-2478,House,5,0,0,0,6,0,,0,0
Skennars Head,NSW,2478,skennars-head-nsw-2478,Unit,1,0,0,0,0,0,,0,0
Skennars Head,NSW,2478,skennars-head-nsw-2478,Unit,2,0,0,0,2,0,,0,0
Skennars Head,NSW,2478,skennars-head-nsw-2478,Unit,3,0,0,0,0,0,,0,0
Surf Beach,NSW,2536,surf-beach-nsw-2536,House,2,639000,27,0,11,0,,542500,777500
Surf Beach,NSW,2536,surf-beach-nsw-2536,House,3,680000,49,0,26,580,4.44,587500,1195250
Surf Beach,NSW,2536,surf-beach-nsw-2536,House,4,900000,99,0,16,0,,745000,1530000
Surf Beach,NSW,2536,surf-beach-nsw-2536,House,5,0,0,0,6,0,,0,0
Surf Beach,NSW,2536,surf-beach-nsw-2536,Unit,1,0,0,0,1,0,,0,0
Surf Beach,NSW,2536,surf-beach-nsw-2536,Unit,2,0,0,0,7,415,,0,0
Surf Beach,NSW,2536,surf-beach-nsw-2536,Unit,3,0,0,0,3,0,,0,0
Warrawee,NSW,2074,warrawee-nsw-2074,House,2,0,0,0,0,0,,0,0
Warrawee,NSW,2074,warrawee-nsw-2074,House,3,0,0,0,7,0,,0,0
Warrawee,NSW,2074,warrawee-nsw-2074,House,4,2742500,0,0.8,16,0,,2012500,4977500
Warrawee,NSW,2074,warrawee-nsw-2074,House,5,6000000,0,0.35,11,1650,1.43,2315000,8384000
Warrawee,NSW,2074,warrawee-nsw-2074,Unit,1,0,0,0,4,0,,0,0
Warrawee,NSW,2074,warrawee-nsw-2074,Unit,2,830000,32,0,22,750,4.7,750000,1123000
Warrawee,NSW,2074,warrawee-nsw-2074,Unit,3,0,0,0,7,0,,0,0
Werrington,NSW,2747,werrington-nsw-2747,House,2,0,0,0,6,480,,0,0
Werrington,NSW,2747,werrington-nsw-2747,House,3,800000,12,0,43,620,4.03,726500,1055799
Werrington,NSW,2747,werrington-nsw-2747,House,4,1113703,27,0,40,800,3.74,795000,1313000
Werrington,NSW,2747,werrington-nsw-2747,House,5,0,0,0,5,890,,0,0
Werrington,NSW,2747,werrington-nsw-2747,Unit,1,0,0,0,0,390,,0,0
Werrington,NSW,2747,werrington-nsw-2747,Unit,2,495000,33,0,18,420,4.41,362750,531500
Werrington,NSW,2747,werrington-nsw-2747,Unit,3,763500,0,0,10,0,,598255,923525
Weston,NSW,2326,weston-nsw-2326,House,2,0,0,0,7,0,,0,0
Weston,NSW,2326,weston-nsw-2326,House,3,687500,13,0,41,550,4.16,528500,842000
Weston,NSW,2326,weston-nsw-2326,House,4,0,0,0,9,0,,0,0
Weston,NSW,2326,weston-nsw-2326,House,5,0,0,0,3,0,,0,0
Weston,NSW,2326,weston-nsw-2326,Unit,1,0,0,0,0,0,,0,0
Weston,NSW,2326,weston-nsw-2326,Unit,2,0,0,0,1,0,,0,0
Weston,NSW,2326,weston-nsw-2326,Unit,3,0,0,0,1,0,,0,0
Batehaven,NSW,2536,batehaven-nsw-2536,House,2,200000,67,0,19,450,11.7,55000,953000
Batehaven,NSW,2536,batehaven-nsw-2536,House,3,765000,81,0,25,580,3.94,556000,993600
Batehaven,NSW,2536,batehaven-nsw-2536,House,4,822500,45,0,16,670,4.24,722500,1356250
Batehaven,NSW,2536,batehaven-nsw-2536,House,5,0,0,0,3,0,,0,0
Batehaven,NSW,2536,batehaven-nsw-2536,Unit,1,0,0,0,7,0,,0,0
Batehaven,NSW,2536,batehaven-nsw-2536,Unit,2,495000,82,0,24,450,4.73,291500,617200
Batehaven,NSW,2536,batehaven-nsw-2536,Unit,3,0,0,0,9,0,,0,0
Beacon Hill,NSW,2100,beacon-hill-nsw-2100,House,2,0,0,0,3,0,,0,0
Beacon Hill,NSW,2100,beacon-hill-nsw-2100,House,3,2219000,0,0.6666666666666666,22,1250,2.93,1882500,2773750
Beacon Hill,NSW,2100,beacon-hill-nsw-2100,House,4,2385000,30,0.7,36,1495,3.26,1970000,3018750
Beacon Hill,NSW,2100,beacon-hill-nsw-2100,House,5,2782500,0,0.5,18,1790,3.35,2336500,4615500
Beacon Hill,NSW,2100,beacon-hill-nsw-2100,Unit,1,0,0,0,0,510,,0,0
Beacon Hill,NSW,2100,beacon-hill-nsw-2100,Unit,2,0,0,0,0,0,,0,0
Beacon Hill,NSW,2100,beacon-hill-nsw-2100,Unit,3,0,0,0,1,0,,0,0
Bondi,NSW,2026,bondi-nsw-2026,House,2,0,0,0,2,1310,,0,0
Bondi,NSW,2026,bondi-nsw-2026,House,3,4050000,0,0.6842105263157895,17,1800,2.31,2460000,5133000
Bondi,NSW,2026,bondi-nsw-2026,House,4,5200000,0,0.5294117647058824,17,2450,2.45,2834000,7345000
Bondi,NSW,2026,bondi-nsw-2026,House,5,0,0,0,6,0,,0,0
Bondi,NSW,2026,bondi-nsw-2026,Unit,1,1050000,0,0.8823529411764706,25,850,4.21,569000,1320000
Bondi,NSW,2026,bondi-nsw-2026,Unit,2,1500000,36,0.7023809523809523,98,1100,3.81,1032000,2457500
Bondi,NSW,2026,bondi-nsw-2026,Unit,3,2205000,0,0.5714285714285714,27,1600,3.77,1363000,2896800
Bonnyrigg,NSW,2177,bonnyrigg-nsw-2177,House,2,0,0,0,1,580,,0,0
Bonnyrigg,NSW,2177,bonnyrigg-nsw-2177,House,3,1192500,24,0,18,685,2.99,963550,1383000
Bonnyrigg,NSW,2177,bonnyrigg-nsw-2177,House,4,1271500,0,0.46153846153846156,19,885,3.62,920000,1618000
Bonnyrigg,NSW,2177,bonnyrigg-nsw-2177,House,5,0,0,0,1,0,,0,0
Bonnyrigg,NSW,2177,bonnyrigg-nsw-2177,Unit,1,0,0,0,2,0,,0,0
Bonnyrigg,NSW,2177,bonnyrigg-nsw-2177,Unit,2,0,0,0,9,580,,0,0
Bonnyrigg,NSW,2177,bonnyrigg-nsw-2177,Unit,3,0,0,0,2,0,,0,0
Braemar,NSW,2575,braemar-nsw-2575,House,2,0,0,0,0,0,,0,0
Braemar,NSW,2575,braemar-nsw-2575,House,3,0,0,0,5,0,,0,0
Braemar,NSW,2575,braemar-nsw-2575,House,4,965000,59,0,14,800,4.31,923775,1075775
Braemar,NSW,2575,braemar-nsw-2575,House,5,0,0,0,4,0,,0,0
Broadmeadow,NSW,2292,broadmeadow-nsw-2292,House,2,0,0,0,8,0,,0,0
Broadmeadow,NSW,2292,broadmeadow-nsw-2292,House,3,1247500,0,0,10,750,3.13,827000,1611000
Broadmeadow,NSW,2292,broadmeadow-nsw-2292,House,4,0,0,0,8,0,,0,0
Broadmeadow,NSW,2292,broadmeadow-nsw-2292,House,5,0,0,0,2,0,,0,0
Broadmeadow,NSW,2292,broadmeadow-nsw-2292,Unit,1,0,0,0,7,430,,0,0
Broadmeadow,NSW,2292,broadmeadow-nsw-2292,Unit,2,802500,0,0,14,720,4.67,689250,910000
Broadmeadow,NSW,2292,broadmeadow-nsw-2292,Unit,3,0,0,0,1,0,,0,0
Camden South,NSW,2570,camden-south-nsw-2570,House,2,0,0,0,3,0,,0,0
Camden South,NSW,2570,camden-south-nsw-2570,House,3,1020000,11,0,31,700,3.57,817500,1292500
Camden South,NSW,2570,camden-south-nsw-2570,House,4,1337500,16,0,26,780,3.03,1038750,1648125
Camden South,NSW,2570,camden-south-nsw-2570,House,5,0,0,0,8,0,,0,0
Camden South,NSW,2570,camden-south-nsw-2570,Unit,1,0,0,0,1,0,,0,0
Camden South,NSW,2570,camden-south-nsw-2570,Unit,2,0,0,0,3,0,,0,0
Camden South,NSW,2570,camden-south-nsw-2570,Unit,3,0,0,0,1,0,,0,0
Carnes Hill,NSW,2171,carnes-hill-nsw-2171,House,2,0,0,0,0,0,,0,0
Carnes Hill,NSW,2171,carnes-hill-nsw-2171,House,3,0,0,0,2,0,,0,0
Carnes Hill,NSW,2171,carnes-hill-nsw-2171,House,4,1360000,0,0.5833333333333334,11,875,3.35,1262500,1737500
Carnes Hill,NSW,2171,carnes-hill-nsw-2171,House,5,0,0,0,7,0,,0,0
Clovelly,NSW,2031,clovelly-nsw-2031,House,2,0,0,0,5,0,,0,0
Clovelly,NSW,2031,clovelly-nsw-2031,House,3,5030000,0,0,10,1850,1.91,2790000,8384000
Clovelly,NSW,2031,clovelly-nsw-2031,House,4,6650000,0,0.7368421052631579,23,2500,1.95,4232000,12290000
Clovelly,NSW,2031,clovelly-nsw-2031,House,5,0,0,0.5384615384615384,9,0,,0,0
Clovelly,NSW,2031,clovelly-nsw-2031,Unit,1,0,0,0,10,830,,0,0
Clovelly,NSW,2031,clovelly-nsw-2031,Unit,2,1800000,0,0.5555555555555556,28,1100,3.18,1400000,3118750
Clovelly,NSW,2031,clovelly-nsw-2031,Unit,3,0,0,0,4,1550,,0,0
East Branxton,NSW,2335,east-branxton-nsw-2335,House,2,0,0,0,2,0,,0,0
East Branxton,NSW,2335,east-branxton-nsw-2335,House,3,755000,11,0,20,590,4.06,616000,805500
East Branxton,NSW,2335,east-branxton-nsw-2335,House,4,870000,22,0,17,700,4.18,739000,1079000
East Branxton,NSW,2335,east-branxton-nsw-2335,House,5,0,0,0,4,0,,0,0
East Branxton,NSW,2335,east-branxton-nsw-2335,Unit,1,0,0,0,0,0,,0,0
East Branxton,NSW,2335,east-branxton-nsw-2335,Unit,2,0,0,0,0,0,,0,0
East Branxton,NSW,2335,east-branxton-nsw-2335,Unit,3,0,0,0,1,0,,0,0
Greta,NSW,2334,greta-nsw-2334,House,2,0,0,0,4,500,,0,0
Greta,NSW,2334,greta-nsw-2334,House,3,742550,16,0,28,580,4.06,626500,866700
Greta,NSW,2334,greta-nsw-2334,House,4,920000,26,0,28,660,3.73,736000,1358000
Greta,NSW,2334,greta-nsw-2334,House,5,0,0,0,2,0,,0,0
Greta,NSW,2334,greta-nsw-2334,Unit,1,0,0,0,0,0,,0,0
Greta,NSW,2334,greta-nsw-2334,Unit,2,0,0,0,0,0,,0,0
Greta,NSW,2334,greta-nsw-2334,Unit,3,0,0,0,0,0,,0,0
Hamilton East,NSW,2303,hamilton-east-nsw-2303,House,2,0,0,0,3,0,,0,0
Hamilton East,NSW,2303,hamilton-east-nsw-2303,House,3,0,0,0,7,0,,0,0
Hamilton East,NSW,2303,hamilton-east-nsw-2303,House,4,0,0,0,8,0,,0,0
Hamilton East,NSW,2303,hamilton-east-nsw-2303,House,5,0,0,0,2,0,,0,0
Hamilton East,NSW,2303,hamilton-east-nsw-2303,Unit,1,0,0,0,0,0,,0,0
Hamilton East,NSW,2303,hamilton-east-nsw-2303,Unit,2,0,0,0,1,0,,0,0
Hamilton East,NSW,2303,hamilton-east-nsw-2303,Unit,3,0,0,0,0,0,,0,0
Killarney Heights,NSW,2087,killarney-heights-nsw-2087,House,2,0,0,0,0,0,,0,0
Killarney Heights,NSW,2087,killarney-heights-nsw-2087,House,3,2375000,0,0,11,1350,2.96,1977500,3625000
Killarney Heights,NSW,2087,killarney-heights-nsw-2087,House,4,2800000,25,0.5185185185185185,25,1650,3.06,2335000,3330000
Killarney Heights,NSW,2087,killarney-heights-nsw-2087,House,5,2930000,0,0.7777777777777778,17,1850,3.28,2599000,3800000
Killarney Heights,NSW,2087,killarney-heights-nsw-2087,Unit,1,0,0,0,0,0,,0,0
Killarney Heights,NSW,2087,killarney-heights-nsw-2087,Unit,2,0,0,0,0,0,,0,0
Killarney Heights,NSW,2087,killarney-heights-nsw-2087,Unit,3,0,0,0,0,0,,0,0
Newtown,NSW,2042,newtown-nsw-2042,House,2,1700000,38,0.7424242424242424,67,885,2.71,1360500,2035000
Newtown,NSW,2042,newtown-nsw-2042,House,3,2200000,41,0.7123287671232876,74,1250,2.95,1541250,3016550
Newtown,NSW,2042,newtown-nsw-2042,House,4,2550000,0,0.7083333333333334,27,1550,3.16,1825000,4304000
Newtown,NSW,2042,newtown-nsw-2042,House,5,0,0,0,3,0,,0,0
Newtown,NSW,2042,newtown-nsw-2042,Unit,1,720000,38,0.6222222222222222,56,650,4.69,487500,863250
Newtown,NSW,2042,newtown-nsw-2042,Unit,2,1200000,43,0.8064516129032258,48,850,3.68,922900,1463500
Newtown,NSW,2042,newtown-nsw-2042,Unit,3,0,0,0,3,1000,,0,0
Niagara Park,NSW,2250,niagara-park-nsw-2250,House,2,0,0,0,0,0,,0,0
Niagara Park,NSW,2250,niagara-park-nsw-2250,House,3,873000,20,0,22,683,4.07,730000,1051000
Niagara Park,NSW,2250,niagara-park-nsw-2250,House,4,1100000,15,0,11,830,3.92,832500,1375000
Niagara Park,NSW,2250,niagara-park-nsw-2250,House,5,0,0,0,5,0,,0,0
Portland,NSW,2847,portland-nsw-2847,House,2,400000,57,0,12,0,,372750,746250
Portland,NSW,2847,portland-nsw-2847,House,3,550000,71,0,23,0,,288000,1098500
Portland,NSW,2847,portland-nsw-2847,House,4,597500,0,0,12,0,,532750,2170250
Portland,NSW,2847,portland-nsw-2847,House,5,0,0,0,5,0,,0,0
Rodd Point,NSW,2046,rodd-point-nsw-2046,House,2,0,0,0,2,0,,0,0
Rodd Point,NSW,2046,rodd-point-nsw-2046,House,3,0,0,0,9,0,,0,0
Rodd Point,NSW,2046,rodd-point-nsw-2046,House,4,4125000,0,0.35714285714285715,10,0,,3111000,6366000
Rodd Point,NSW,2046,rodd-point-nsw-2046,House,5,0,0,0,1,0,,0,0
Surfside,NSW,2536,surfside-nsw-2536,House,2,0,0,0,4,0,,0,0
Surfside,NSW,2536,surfside-nsw-2536,House,3,705000,77,0,28,550,4.06,598050,828400
Surfside,NSW,2536,surfside-nsw-2536,House,4,840000,73,0,12,0,,640500,971250
Surfside,NSW,2536,surfside-nsw-2536,House,5,0,0,0,2,0,,0,0
Surfside,NSW,2536,surfside-nsw-2536,Unit,1,0,0,0,0,0,,0,0
Surfside,NSW,2536,surfside-nsw-2536,Unit,2,0,0,0,1,0,,0,0
Surfside,NSW,2536,surfside-nsw-2536,Unit,3,0,0,0,0,0,,0,0
Tarro,NSW,2322,tarro-nsw-2322,House,2,0,0,0,3,0,,0,0
Tarro,NSW,2322,tarro-nsw-2322,House,3,725000,13,0,22,620,4.45,601000,795700
Tarro,NSW,2322,tarro-nsw-2322,House,4,0,0,0,7,0,,0,0
Tarro,NSW,2322,tarro-nsw-2322,House,5,0,0,0,1,0,,0,0
Tarro,NSW,2322,tarro-nsw-2322,Unit,1,0,0,0,0,0,,0,0
Tarro,NSW,2322,tarro-nsw-2322,Unit,2,0,0,0,3,0,,0,0
Tarro,NSW,2322,tarro-nsw-2322,Unit,3,0,0,0,0,0,,0,0
Telopea,NSW,2117,telopea-nsw-2117,House,2,0,0,0,5,620,,0,0
Telopea,NSW,2117,telopea-nsw-2117,House,3,1320000,19,0.3076923076923077,21,775,3.05,1100000,2250000
Telopea,NSW,2117,telopea-nsw-2117,House,4,1880000,55,0.30434782608695654,25,965,2.67,1522500,2598500
Telopea,NSW,2117,telopea-nsw-2117,House,5,2160000,0,0.3333333333333333,15,0,,1824000,2430700
Telopea,NSW,2117,telopea-nsw-2117,Unit,1,0,0,0,3,0,,0,0
Telopea,NSW,2117,telopea-nsw-2117,Unit,2,625000,36,0,17,615,5.12,540000,684200
Telopea,NSW,2117,telopea-nsw-2117,Unit,3,970000,0,0,14,750,4.02,712700,1281000
The Entrance,NSW,2261,the-entrance-nsw-2261,House,2,0,0,0,9,550,,0,0
The Entrance,NSW,2261,the-entrance-nsw-2261,House,3,982000,60,0,19,653,3.46,727000,1424000
The Entrance,NSW,2261,the-entrance-nsw-2261,House,4,1252500,82,0,16,870,3.61,942550,2241250
The Entrance,NSW,2261,the-entrance-nsw-2261,House,5,0,0,0,2,0,,0,0
The Entrance,NSW,2261,the-entrance-nsw-2261,Unit,1,370000,113,0,22,450,6.32,265250,455000
The Entrance,NSW,2261,the-entrance-nsw-2261,Unit,2,652500,61,0,102,550,4.38,488500,1071500
The Entrance,NSW,2261,the-entrance-nsw-2261,Unit,3,1035000,58,0,19,680,3.42,712675,1575750
The Hill,NSW,2300,the-hill-nsw-2300,House,2,0,0,0,4,790,,0,0
The Hill,NSW,2300,the-hill-nsw-2300,House,3,1655000,0,0,16,925,2.91,982775,3086250
The Hill,NSW,2300,the-hill-nsw-2300,House,4,0,0,0,4,0,,0,0
The Hill,NSW,2300,the-hill-nsw-2300,House,5,0,0,0,2,0,,0,0
The Hill,NSW,2300,the-hill-nsw-2300,Unit,1,0,0,0,8,485,,0,0
The Hill,NSW,2300,the-hill-nsw-2300,Unit,2,800000,20,0,34,600,3.9,616200,1295950
The Hill,NSW,2300,the-hill-nsw-2300,Unit,3,0,0,0,4,700,,0,0
Unanderra,NSW,2526,unanderra-nsw-2526,House,2,0,0,0,6,580,,0,0
Unanderra,NSW,2526,unanderra-nsw-2526,House,3,872500,16,0,42,680,4.05,749050,1098500
Unanderra,NSW,2526,unanderra-nsw-2526,House,4,1010000,25,0,17,850,4.38,876000,1316000
Unanderra,NSW,2526,unanderra-nsw-2526,House,5,0,0,0,4,0,,0,0
Waverley,NSW,2024,waverley-nsw-2024,House,2,0,0,0,5,0,,0,0
Waverley,NSW,2024,waverley-nsw-2024,House,3,0,0,0,8,1625,,0,0
Waverley,NSW,2024,waverley-nsw-2024,House,4,4550000,0,0.6153846153846154,10,2650,3.03,2805000,8887500
Waverley,NSW,2024,waverley-nsw-2024,House,5,0,0,0,8,0,,0,0
Waverley,NSW,2024,waverley-nsw-2024,Unit,1,965000,0,0.5833333333333334,13,733,3.95,626000,1427000
Waverley,NSW,2024,waverley-nsw-2024,Unit,2,1450000,0,0.2857142857142857,15,1000,3.59,1073000,2630000
Waverley,NSW,2024,waverley-nsw-2024,Unit,3,0,0,0,2,0,,0,0
Whalan,NSW,2770,whalan-nsw-2770,House,2,0,0,0,0,485,,0,0
Whalan,NSW,2770,whalan-nsw-2770,House,3,932500,15,0,34,540,3.01,753250,1170000
Whalan,NSW,2770,whalan-nsw-2770,House,4,945000,21,0,15,610,3.36,811000,1091500
Whalan,NSW,2770,whalan-nsw-2770,House,5,0,0,0,3,0,,0,0
Appin,NSW,2560,appin-nsw-2560,House,2,0,0,0,0,505,,0,0
Appin,NSW,2560,appin-nsw-2560,House,3,0,0,0,5,0,,0,0
Appin,NSW,2560,appin-nsw-2560,House,4,1189500,29,0,33,780,3.41,939100,1500000
Appin,NSW,2560,appin-nsw-2560,House,5,0,0,0,8,0,,0,0
Balmain East,NSW,2041,balmain-east-nsw-2041,House,2,0,0,0,6,0,,0,0
Balmain East,NSW,2041,balmain-east-nsw-2041,House,3,0,0,0,6,0,,0,0
Balmain East,NSW,2041,balmain-east-nsw-2041,House,4,0,0,0,7,0,,0,0
Balmain East,NSW,2041,balmain-east-nsw-2041,House,5,0,0,0,7,0,,0,0
Balmain East,NSW,2041,balmain-east-nsw-2041,Unit,1,0,0,0,7,645,,0,0
Balmain East,NSW,2041,balmain-east-nsw-2041,Unit,2,0,0,0,9,780,,0,0
Balmain East,NSW,2041,balmain-east-nsw-2041,Unit,3,0,0,0,0,0,,0,0
Booragul,NSW,2284,booragul-nsw-2284,House,2,0,0,0,3,0,,0,0
Booragul,NSW,2284,booragul-nsw-2284,House,3,880000,14,0,17,620,3.66,717900,1017400
Booragul,NSW,2284,booragul-nsw-2284,House,4,0,0,0,7,0,,0,0
Booragul,NSW,2284,booragul-nsw-2284,House,5,0,0,0,1,0,,0,0
Catalina,NSW,2536,catalina-nsw-2536,House,2,0,0,0,5,0,,0,0
Catalina,NSW,2536,catalina-nsw-2536,House,3,687500,74,0,22,565,4.27,600203,868250
Catalina,NSW,2536,catalina-nsw-2536,House,4,782500,83,0,18,0,,637750,1152750
Catalina,NSW,2536,catalina-nsw-2536,House,5,0,0,0,4,0,,0,0
Copacabana,NSW,2251,copacabana-nsw-2251,House,2,0,0,0,1,0,,0,0
Copacabana,NSW,2251,copacabana-nsw-2251,House,3,0,0,0,9,740,,0,0
Copacabana,NSW,2251,copacabana-nsw-2251,House,4,1500000,34,0.2857142857142857,24,900,3.12,1128750,2765300
Copacabana,NSW,2251,copacabana-nsw-2251,House,5,0,0,0,9,0,,0,0
Copacabana,NSW,2251,copacabana-nsw-2251,Unit,1,0,0,0,0,0,,0,0
Copacabana,NSW,2251,copacabana-nsw-2251,Unit,2,0,0,0,3,0,,0,0
Copacabana,NSW,2251,copacabana-nsw-2251,Unit,3,0,0,0,0,0,,0,0
Dalmeny,NSW,2546,dalmeny-nsw-2546,House,2,0,0,0,4,0,,0,0
Dalmeny,NSW,2546,dalmeny-nsw-2546,House,3,832500,85,0,28,600,3.75,651685,1463650
Dalmeny,NSW,2546,dalmeny-nsw-2546,House,4,934000,50,0,14,0,,749950,1381625
Dalmeny,NSW,2546,dalmeny-nsw-2546,House,5,0,0,0,2,0,,0,0
Dalmeny,NSW,2546,dalmeny-nsw-2546,Unit,1,0,0,0,0,0,,0,0
Dalmeny,NSW,2546,dalmeny-nsw-2546,Unit,2,0,0,0,0,0,,0,0
Dalmeny,NSW,2546,dalmeny-nsw-2546,Unit,3,0,0,0,0,0,,0,0
Denistone,NSW,2114,denistone-nsw-2114,House,2,0,0,0,1,0,,0,0
Denistone,NSW,2114,denistone-nsw-2114,House,3,2250000,0,0.42857142857142855,17,0,,1804000,3300000
Denistone,NSW,2114,denistone-nsw-2114,House,4,2260000,0,0.44,18,1290,2.97,1878500,2659100
Denistone,NSW,2114,denistone-nsw-2114,House,5,2465000,0,0.25,12,0,,2136666,3100000
Erina,NSW,2250,erina-nsw-2250,House,2,0,0,0,7,0,,0,0
Erina,NSW,2250,erina-nsw-2250,House,3,1020000,20,0,23,740,3.77,804700,1363000
Erina,NSW,2250,erina-nsw-2250,House,4,1451000,33,0,20,950,3.4,1210500,1707875
Erina,NSW,2250,erina-nsw-2250,House,5,0,0,0,3,0,,0,0
Erina,NSW,2250,erina-nsw-2250,Unit,1,0,0,0,0,0,,0,0
Erina,NSW,2250,erina-nsw-2250,Unit,2,635000,62,0,20,0,,189500,805200
Erina,NSW,2250,erina-nsw-2250,Unit,3,0,0,0,1,0,,0,0
Erskine Park,NSW,2759,erskine-park-nsw-2759,House,2,0,0,0,1,0,,0,0
Erskine Park,NSW,2759,erskine-park-nsw-2759,House,3,1205500,13,0,16,673,2.9,1048750,1335750
Erskine Park,NSW,2759,erskine-park-nsw-2759,House,4,1362500,18,0,20,800,3.05,1142500,1522000
Erskine Park,NSW,2759,erskine-park-nsw-2759,House,5,0,0,0,4,0,,0,0
Erskine Park,NSW,2759,erskine-park-nsw-2759,Unit,1,0,0,0,0,0,,0,0
Erskine Park,NSW,2759,erskine-park-nsw-2759,Unit,2,0,0,0,0,520,,0,0
Erskine Park,NSW,2759,erskine-park-nsw-2759,Unit,3,0,0,0,2,0,,0,0
Fingal Bay,NSW,2315,fingal-bay-nsw-2315,House,2,0,0,0,3,0,,0,0
Fingal Bay,NSW,2315,fingal-bay-nsw-2315,House,3,1000000,0,0.5882352941176471,20,645,3.35,827000,1708000
Fingal Bay,NSW,2315,fingal-bay-nsw-2315,House,4,0,0,0,5,0,,0,0
Fingal Bay,NSW,2315,fingal-bay-nsw-2315,House,5,0,0,0,3,0,,0,0
Fingal Bay,NSW,2315,fingal-bay-nsw-2315,Unit,1,0,0,0,0,0,,0,0
Fingal Bay,NSW,2315,fingal-bay-nsw-2315,Unit,2,0,0,0,3,0,,0,0
Fingal Bay,NSW,2315,fingal-bay-nsw-2315,Unit,3,0,0,0,1,0,,0,0
Jewells,NSW,2280,jewells-nsw-2280,House,2,0,0,0,1,0,,0,0
Jewells,NSW,2280,jewells-nsw-2280,House,3,990500,15,0,20,765,4.02,797000,1085900
Jewells,NSW,2280,jewells-nsw-2280,House,4,1180000,13,0,17,0,,1009000,1379000
Jewells,NSW,2280,jewells-nsw-2280,House,5,0,0,0,4,0,,0,0
Korora,NSW,2450,korora-nsw-2450,House,2,0,0,0,4,0,,0,0
Korora,NSW,2450,korora-nsw-2450,House,3,995000,43,0,15,745,3.89,720300,1160000
Korora,NSW,2450,korora-nsw-2450,House,4,1165000,90,0,23,820,3.66,917650,1526000
Korora,NSW,2450,korora-nsw-2450,House,5,0,0,0,5,0,,0,0
Korora,NSW,2450,korora-nsw-2450,Unit,1,0,0,0,0,380,,0,0
Korora,NSW,2450,korora-nsw-2450,Unit,2,0,0,0,5,510,,0,0
Korora,NSW,2450,korora-nsw-2450,Unit,3,0,0,0,2,0,,0,0
Lethbridge Park,NSW,2770,lethbridge-park-nsw-2770,House,2,0,0,0,4,450,,0,0
Lethbridge Park,NSW,2770,lethbridge-park-nsw-2770,House,3,895000,16,0.7,26,530,3.08,731250,1179375
Lethbridge Park,NSW,2770,lethbridge-park-nsw-2770,House,4,905300,0,0,13,600,3.45,843000,1064000
Lethbridge Park,NSW,2770,lethbridge-park-nsw-2770,House,5,0,0,0,8,0,,0,0
Lethbridge Park,NSW,2770,lethbridge-park-nsw-2770,Unit,1,0,0,0,0,0,,0,0
Lethbridge Park,NSW,2770,lethbridge-park-nsw-2770,Unit,2,0,0,0,0,450,,0,0
Lethbridge Park,NSW,2770,lethbridge-park-nsw-2770,Unit,3,0,0,0,0,0,,0,0
McGraths Hill,NSW,2756,mcgraths-hill-nsw-2756,House,2,0,0,0,1,0,,0,0
McGraths Hill,NSW,2756,mcgraths-hill-nsw-2756,House,3,1032500,20,0,22,750,3.78,865850,1247500
McGraths Hill,NSW,2756,mcgraths-hill-nsw-2756,House,4,1230000,32,0,21,850,3.59,980000,1550000
McGraths Hill,NSW,2756,mcgraths-hill-nsw-2756,House,5,0,0,0,8,0,,0,0
Strathfield South,NSW,2136,strathfield-south-nsw-2136,House,2,0,0,0,7,713,,0,0
Strathfield South,NSW,2136,strathfield-south-nsw-2136,House,3,1675000,51,0.7058823529411765,23,913,2.83,1273400,2440500
Strathfield South,NSW,2136,strathfield-south-nsw-2136,House,4,2630000,0,0.4166666666666667,11,0,,2170000,3625000
Strathfield South,NSW,2136,strathfield-south-nsw-2136,House,5,0,0,0,4,0,,0,0
Strathfield South,NSW,2136,strathfield-south-nsw-2136,Unit,1,0,0,0,5,545,,0,0
Strathfield South,NSW,2136,strathfield-south-nsw-2136,Unit,2,685000,47,0,32,670,5.09,559850,1042500
Strathfield South,NSW,2136,strathfield-south-nsw-2136,Unit,3,0,0,0,3,810,,0,0
Tascott,NSW,2250,tascott-nsw-2250,House,2,0,0,0,0,0,,0,0
Tascott,NSW,2250,tascott-nsw-2250,House,3,955000,23,0,18,758,4.13,872750,1225250
Tascott,NSW,2250,tascott-nsw-2250,House,4,0,0,0,9,0,,0,0
Tascott,NSW,2250,tascott-nsw-2250,House,5,0,0,0,6,0,,0,0
Tascott,NSW,2250,tascott-nsw-2250,Unit,1,0,0,0,0,0,,0,0
Tascott,NSW,2250,tascott-nsw-2250,Unit,2,0,0,0,1,0,,0,0
Tascott,NSW,2250,tascott-nsw-2250,Unit,3,0,0,0,0,0,,0,0
Tuross Head,NSW,2537,tuross-head-nsw-2537,House,2,690000,0,0,10,0,,588300,800250
Tuross Head,NSW,2537,tuross-head-nsw-2537,House,3,739000,104,0,31,570,4.01,635000,1022500
Tuross Head,NSW,2537,tuross-head-nsw-2537,House,4,872000,135,0,24,0,,691950,1333250
Tuross Head,NSW,2537,tuross-head-nsw-2537,House,5,0,0,0,3,0,,0,0
Tuross Head,NSW,2537,tuross-head-nsw-2537,Unit,1,0,0,0,0,0,,0,0
Tuross Head,NSW,2537,tuross-head-nsw-2537,Unit,2,0,0,0,3,0,,0,0
Tuross Head,NSW,2537,tuross-head-nsw-2537,Unit,3,0,0,0,0,0,,0,0
Woodberry,NSW,2322,woodberry-nsw-2322,House,2,0,0,0,0,0,,0,0
Woodberry,NSW,2322,woodberry-nsw-2322,House,3,700000,14,0,29,600,4.46,512000,769346
Woodberry,NSW,2322,woodberry-nsw-2322,House,4,0,0,0,8,0,,0,0
Woodberry,NSW,2322,woodberry-nsw-2322,House,5,0,0,0,0,0,,0,0
Arcadia Vale,NSW,2283,arcadia-vale-nsw-2283,House,2,0,0,0,4,0,,0,0
Arcadia Vale,NSW,2283,arcadia-vale-nsw-2283,House,3,810000,22,0,15,0,,709000,1924100
Arcadia Vale,NSW,2283,arcadia-vale-nsw-2283,House,4,0,0,0,8,0,,0,0
Arcadia Vale,NSW,2283,arcadia-vale-nsw-2283,House,5,0,0,0,1,0,,0,0
Arcadia Vale,NSW,2283,arcadia-vale-nsw-2283,Unit,1,0,0,0,0,0,,0,0
Arcadia Vale,NSW,2283,arcadia-vale-nsw-2283,Unit,2,0,0,0,0,0,,0,0
Arcadia Vale,NSW,2283,arcadia-vale-nsw-2283,Unit,3,0,0,0,0,0,,0,0
Ashmont,NSW,2650,ashmont-nsw-2650,House,2,0,0,0,7,350,,0,0
Ashmont,NSW,2650,ashmont-nsw-2650,House,3,513568,26,0,49,460,4.66,350750,655785
Ashmont,NSW,2650,ashmont-nsw-2650,House,4,615000,25,0,19,535,4.52,488000,698800
Ashmont,NSW,2650,ashmont-nsw-2650,House,5,0,0,0,0,0,,0,0
Ashmont,NSW,2650,ashmont-nsw-2650,Unit,1,0,0,0,0,0,,0,0
Ashmont,NSW,2650,ashmont-nsw-2650,Unit,2,345500,46,0,12,355,5.34,305500,676250
Ashmont,NSW,2650,ashmont-nsw-2650,Unit,3,0,0,0,0,0,,0,0
Blackalls Park,NSW,2283,blackalls-park-nsw-2283,House,2,0,0,0,5,0,,0,0
Blackalls Park,NSW,2283,blackalls-park-nsw-2283,House,3,815000,20,0,27,650,4.15,676000,927000
Blackalls Park,NSW,2283,blackalls-park-nsw-2283,House,4,0,0,0,7,0,,0,0
Blackalls Park,NSW,2283,blackalls-park-nsw-2283,House,5,0,0,0,4,0,,0,0
Blackalls Park,NSW,2283,blackalls-park-nsw-2283,Unit,1,0,0,0,1,0,,0,0
Blackalls Park,NSW,2283,blackalls-park-nsw-2283,Unit,2,0,0,0,8,0,,0,0
Blackalls Park,NSW,2283,blackalls-park-nsw-2283,Unit,3,0,0,0,3,0,,0,0
Broulee,NSW,2537,broulee-nsw-2537,House,2,0,0,0,7,0,,0,0
Broulee,NSW,2537,broulee-nsw-2537,House,3,1000000,51,0,20,640,3.33,753250,1308750
Broulee,NSW,2537,broulee-nsw-2537,House,4,0,0,0,9,750,,0,0
Broulee,NSW,2537,broulee-nsw-2537,House,5,0,0,0,3,0,,0,0
Clontarf,NSW,2093,clontarf-nsw-2093,House,2,0,0,0,0,0,,0,0
Clontarf,NSW,2093,clontarf-nsw-2093,House,3,0,0,0,1,0,,0,0
Clontarf,NSW,2093,clontarf-nsw-2093,House,4,0,0,0.2,9,3500,,0,0
Clontarf,NSW,2093,clontarf-nsw-2093,House,5,6400000,0,0.35714285714285715,11,0,,4830000,11500000
Corindi Beach,NSW,2456,corindi-beach-nsw-2456,House,2,0,0,0,2,0,,0,0
Corindi Beach,NSW,2456,corindi-beach-nsw-2456,House,3,920000,45,0,15,645,3.65,718250,1205250
Corindi Beach,NSW,2456,corindi-beach-nsw-2456,House,4,917000,23,0,19,730,4.14,811000,1222500
Corindi Beach,NSW,2456,corindi-beach-nsw-2456,House,5,0,0,0,4,0,,0,0
East Gosford,NSW,2250,east-gosford-nsw-2250,House,2,812500,0,0,14,0,,656500,1055000
East Gosford,NSW,2250,east-gosford-nsw-2250,House,3,950000,20,0,56,750,4.11,698750,1387500
East Gosford,NSW,2250,east-gosford-nsw-2250,House,4,1237500,40,0,14,820,3.45,890000,2345000
East Gosford,NSW,2250,east-gosford-nsw-2250,House,5,0,0,0,2,0,,0,0
East Gosford,NSW,2250,east-gosford-nsw-2250,Unit,1,0,0,0,1,390,,0,0
East Gosford,NSW,2250,east-gosford-nsw-2250,Unit,2,730000,10,0,21,540,3.85,590000,4295000
East Gosford,NSW,2250,east-gosford-nsw-2250,Unit,3,920000,13,0,26,698,3.95,663250,4196250
East Lindfield,NSW,2070,east-lindfield-nsw-2070,House,2,0,0,0,2,0,,0,0
East Lindfield,NSW,2070,east-lindfield-nsw-2070,House,3,0,0,0,8,0,,0,0
East Lindfield,NSW,2070,east-lindfield-nsw-2070,House,4,4595000,0,0.4166666666666667,10,1450,1.64,3001738,5375450
East Lindfield,NSW,2070,east-lindfield-nsw-2070,House,5,5130000,0,0.5,13,1925,1.95,3725333,8575000
East Lindfield,NSW,2070,east-lindfield-nsw-2070,Unit,1,0,0,0,2,0,,0,0
East Lindfield,NSW,2070,east-lindfield-nsw-2070,Unit,2,0,0,0,3,0,,0,0
East Lindfield,NSW,2070,east-lindfield-nsw-2070,Unit,3,0,0,0,0,0,,0,0
Fishing Point,NSW,2283,fishing-point-nsw-2283,House,2,0,0,0,1,0,,0,0
Fishing Point,NSW,2283,fishing-point-nsw-2283,House,3,920000,35,0,11,0,,785440,1245000
Fishing Point,NSW,2283,fishing-point-nsw-2283,House,4,1270000,0,0,12,0,,984500,2196250
Fishing Point,NSW,2283,fishing-point-nsw-2283,House,5,0,0,0,2,0,,0,0
Forest Lodge,NSW,2037,forest-lodge-nsw-2037,House,2,0,0,0,6,850,,0,0
Forest Lodge,NSW,2037,forest-lodge-nsw-2037,House,3,2355000,0,0.5925925925925926,26,1300,2.87,1656250,3086250
Forest Lodge,NSW,2037,forest-lodge-nsw-2037,House,4,2985000,0,0.5714285714285714,12,1475,2.57,2102000,4336375
Forest Lodge,NSW,2037,forest-lodge-nsw-2037,House,5,0,0,0,1,0,,0,0
Forest Lodge,NSW,2037,forest-lodge-nsw-2037,Unit,1,820000,23,0.75,39,795,5.04,710000,902000
Forest Lodge,NSW,2037,forest-lodge-nsw-2037,Unit,2,1520000,39,0.5,37,1200,4.11,933000,2010000
Forest Lodge,NSW,2037,forest-lodge-nsw-2037,Unit,3,0,0,0,5,1650,,0,0
Girards Hill,NSW,2480,girards-hill-nsw-2480,House,2,0,0,0,4,0,,0,0
Girards Hill,NSW,2480,girards-hill-nsw-2480,House,3,600000,63,0,32,0,,267750,824500
Girards Hill,NSW,2480,girards-hill-nsw-2480,House,4,730000,0,0,10,0,,411750,988750
Girards Hill,NSW,2480,girards-hill-nsw-2480,House,5,0,0,0,1,0,,0,0
Girards Hill,NSW,2480,girards-hill-nsw-2480,Unit,1,0,0,0,0,0,,0,0
Girards Hill,NSW,2480,girards-hill-nsw-2480,Unit,2,0,0,0,1,0,,0,0
Girards Hill,NSW,2480,girards-hill-nsw-2480,Unit,3,0,0,0,0,0,,0,0
Hurstville Grove,NSW,2220,hurstville-grove-nsw-2220,House,2,0,0,0,2,0,,0,0
Hurstville Grove,NSW,2220,hurstville-grove-nsw-2220,House,3,1769000,0,0,10,0,,1304940,2365000
Hurstville Grove,NSW,2220,hurstville-grove-nsw-2220,House,4,0,0,0,9,0,,0,0
Hurstville Grove,NSW,2220,hurstville-grove-nsw-2220,House,5,2603500,65,0.3333333333333333,14,0,,2043500,3547500
Kahibah,NSW,2290,kahibah-nsw-2290,House,2,0,0,0,0,0,,0,0
Kahibah,NSW,2290,kahibah-nsw-2290,House,3,1195000,38,0,21,770,3.35,990000,1500000
Kahibah,NSW,2290,kahibah-nsw-2290,House,4,1300000,0,0,11,0,,1230000,1864000
Kahibah,NSW,2290,kahibah-nsw-2290,House,5,0,0,0,2,0,,0,0
Kahibah,NSW,2290,kahibah-nsw-2290,Unit,1,0,0,0,1,0,,0,0
Kahibah,NSW,2290,kahibah-nsw-2290,Unit,2,0,0,0,5,0,,0,0
Kahibah,NSW,2290,kahibah-nsw-2290,Unit,3,0,0,0,7,0,,0,0
Keiraville,NSW,2500,keiraville-nsw-2500,House,2,0,0,0,0,0,,0,0
Keiraville,NSW,2500,keiraville-nsw-2500,House,3,1200000,36,0,35,750,3.25,772900,1545266
Keiraville,NSW,2500,keiraville-nsw-2500,House,4,1435000,0,0,12,945,3.42,1161000,1802500
Keiraville,NSW,2500,keiraville-nsw-2500,House,5,0,0,0,7,0,,0,0
Keiraville,NSW,2500,keiraville-nsw-2500,Unit,1,0,0,0,1,390,,0,0
Keiraville,NSW,2500,keiraville-nsw-2500,Unit,2,0,0,0,2,550,,0,0
Keiraville,NSW,2500,keiraville-nsw-2500,Unit,3,0,0,0,3,0,,0,0
Kings Park,NSW,2148,kings-park-nsw-2148,House,2,0,0,0,3,570,,0,0
Kings Park,NSW,2148,kings-park-nsw-2148,House,3,1230000,14,0,32,650,2.75,953094,1393250
Kings Park,NSW,2148,kings-park-nsw-2148,House,4,1400000,0,0,19,760,2.82,1194000,1768500
Kings Park,NSW,2148,kings-park-nsw-2148,House,5,0,0,0,2,0,,0,0
Kingswood,NSW,2340,kingswood-nsw-2340,House,2,0,0,0,0,0,,0,0
Kingswood,NSW,2340,kingswood-nsw-2340,House,3,0,0,0,2,0,,0,0
Kingswood,NSW,2340,kingswood-nsw-2340,House,4,938450,134,0,17,0,,822000,1916000
Kingswood,NSW,2340,kingswood-nsw-2340,House,5,0,0,0,2,0,,0,0
Lismore Heights,NSW,2480,lismore-heights-nsw-2480,House,2,0,0,0,2,0,,0,0
Lismore Heights,NSW,2480,lismore-heights-nsw-2480,House,3,670000,34,0,35,618,4.8,504500,805000
Lismore Heights,NSW,2480,lismore-heights-nsw-2480,House,4,0,0,0,9,0,,0,0
Lismore Heights,NSW,2480,lismore-heights-nsw-2480,House,5,0,0,0,3,0,,0,0
Little Bay,NSW,2036,little-bay-nsw-2036,House,2,0,0,0,1,0,,0,0
Little Bay,NSW,2036,little-bay-nsw-2036,House,3,0,0,0,9,1500,,0,0
Little Bay,NSW,2036,little-bay-nsw-2036,House,4,2770000,0,0.45454545454545453,15,1650,3.1,2135000,3262500
Little Bay,NSW,2036,little-bay-nsw-2036,House,5,0,0,0.3,8,0,,0,0
Little Bay,NSW,2036,little-bay-nsw-2036,Unit,1,900000,25,0,20,800,4.62,816000,1051200
Little Bay,NSW,2036,little-bay-nsw-2036,Unit,2,1720000,0,0.5882352941176471,17,1100,3.33,1310500,2009000
Little Bay,NSW,2036,little-bay-nsw-2036,Unit,3,2150000,0,0.3076923076923077,11,1450,3.51,1856250,2497750
Lugarno,NSW,2210,lugarno-nsw-2210,House,2,0,0,0,0,0,,0,0
Lugarno,NSW,2210,lugarno-nsw-2210,House,3,1570000,0,0,15,0,,1399200,1952350
Lugarno,NSW,2210,lugarno-nsw-2210,House,4,1810000,0,0.7368421052631579,25,1175,3.38,1502000,2253000
Lugarno,NSW,2210,lugarno-nsw-2210,House,5,2290000,0,0,17,1500,3.41,1444000,3168000
Macksville,NSW,2447,macksville-nsw-2447,House,2,0,0,0,4,0,,0,0
Macksville,NSW,2447,macksville-nsw-2447,House,3,675000,95,0,30,580,4.47,522375,833000
Macksville,NSW,2447,macksville-nsw-2447,House,4,810000,82,0,16,680,4.37,604250,941250
Macksville,NSW,2447,macksville-nsw-2447,House,5,0,0,0,4,0,,0,0
Macksville,NSW,2447,macksville-nsw-2447,Unit,1,0,0,0,0,0,,0,0
Macksville,NSW,2447,macksville-nsw-2447,Unit,2,0,0,0,0,0,,0,0
Macksville,NSW,2447,macksville-nsw-2447,Unit,3,0,0,0,1,0,,0,0
Murrays Beach,NSW,2281,murrays-beach-nsw-2281,House,2,0,0,0,1,0,,0,0
Murrays Beach,NSW,2281,murrays-beach-nsw-2281,House,3,0,0,0,6,0,,0,0
Murrays Beach,NSW,2281,murrays-beach-nsw-2281,House,4,1247500,120,0,12,0,,1127750,1859750
Murrays Beach,NSW,2281,murrays-beach-nsw-2281,House,5,0,0,0,3,0,,0,0
North Boambee Valley,NSW,2450,north-boambee-valley-nsw-2450,House,2,0,0,0,1,0,,0,0
North Boambee Valley,NSW,2450,north-boambee-valley-nsw-2450,House,3,743000,0,0,11,0,,666500,895000
North Boambee Valley,NSW,2450,north-boambee-valley-nsw-2450,House,4,1075000,53,0,12,820,3.97,800550,1291750
North Boambee Valley,NSW,2450,north-boambee-valley-nsw-2450,House,5,0,0,0,1,0,,0,0
South Bathurst,NSW,2795,south-bathurst-nsw-2795,House,2,0,0,0,2,0,,0,0
South Bathurst,NSW,2795,south-bathurst-nsw-2795,House,3,585500,41,0,24,550,4.88,474075,680000
South Bathurst,NSW,2795,south-bathurst-nsw-2795,House,4,0,0,0,7,0,,0,0
South Bathurst,NSW,2795,south-bathurst-nsw-2795,House,5,0,0,0,2,0,,0,0
South Bathurst,NSW,2795,south-bathurst-nsw-2795,Unit,1,0,0,0,0,0,,0,0
South Bathurst,NSW,2795,south-bathurst-nsw-2795,Unit,2,0,0,0,1,0,,0,0
South Bathurst,NSW,2795,south-bathurst-nsw-2795,Unit,3,0,0,0,2,0,,0,0
Tea Gardens,NSW,2324,tea-gardens-nsw-2324,House,2,0,0,0,3,0,,0,0
Tea Gardens,NSW,2324,tea-gardens-nsw-2324,House,3,835000,71,0,23,600,3.74,678500,1727500
Tea Gardens,NSW,2324,tea-gardens-nsw-2324,House,4,925000,108,0,34,0,,816500,1463000
Tea Gardens,NSW,2324,tea-gardens-nsw-2324,House,5,0,0,0,2,0,,0,0
Tea Gardens,NSW,2324,tea-gardens-nsw-2324,Unit,1,0,0,0,0,0,,0,0
Tea Gardens,NSW,2324,tea-gardens-nsw-2324,Unit,2,0,0,0,4,0,,0,0
Tea Gardens,NSW,2324,tea-gardens-nsw-2324,Unit,3,0,0,0,2,0,,0,0
Warabrook,NSW,2304,warabrook-nsw-2304,House,2,0,0,0,2,0,,0,0
Warabrook,NSW,2304,warabrook-nsw-2304,House,3,860000,14,0,13,688,4.16,687200,1033000
Warabrook,NSW,2304,warabrook-nsw-2304,House,4,0,0,0,5,0,,0,0
Warabrook,NSW,2304,warabrook-nsw-2304,House,5,0,0,0,1,0,,0,0
West Wollongong,NSW,2500,west-wollongong-nsw-2500,House,2,0,0,0,4,620,,0,0
West Wollongong,NSW,2500,west-wollongong-nsw-2500,House,3,1100000,24,0.7,35,750,3.55,895500,1365000
West Wollongong,NSW,2500,west-wollongong-nsw-2500,House,4,1175000,0,0,19,950,4.2,885000,1602500
West Wollongong,NSW,2500,west-wollongong-nsw-2500,House,5,0,0,0,1,0,,0,0
West Wollongong,NSW,2500,west-wollongong-nsw-2500,Unit,1,0,0,0,4,400,,0,0
West Wollongong,NSW,2500,west-wollongong-nsw-2500,Unit,2,0,0,0,7,520,,0,0
West Wollongong,NSW,2500,west-wollongong-nsw-2500,Unit,3,0,0,0,6,0,,0,0
Winston Hills,NSW,2153,winston-hills-nsw-2153,House,2,0,0,0,1,648,,0,0
Winston Hills,NSW,2153,winston-hills-nsw-2153,House,3,1592000,24,0.6666666666666666,48,790,2.58,1086700,1864750
Winston Hills,NSW,2153,winston-hills-nsw-2153,House,4,1808500,38,0.5681818181818182,48,950,2.73,1487000,2165000
Winston Hills,NSW,2153,winston-hills-nsw-2153,House,5,1945000,36,0.30434782608695654,19,1100,2.94,1608000,3067000
Winston Hills,NSW,2153,winston-hills-nsw-2153,Unit,1,0,0,0,3,0,,0,0
Winston Hills,NSW,2153,winston-hills-nsw-2153,Unit,2,0,0,0,1,0,,0,0
Winston Hills,NSW,2153,winston-hills-nsw-2153,Unit,3,0,0,0,2,0,,0,0
Aberdeen,NSW,2336,aberdeen-nsw-2336,House,2,0,0,0,8,0,,0,0
Aberdeen,NSW,2336,aberdeen-nsw-2336,House,3,550000,50,0,30,570,5.39,238250,699100
Aberdeen,NSW,2336,aberdeen-nsw-2336,House,4,680000,19,0,18,0,,582750,871000
Aberdeen,NSW,2336,aberdeen-nsw-2336,House,5,0,0,0,3,0,,0,0
Avondale,NSW,2530,avondale-nsw-2530,House,2,0,0,0,3,0,,0,0
Avondale,NSW,2530,avondale-nsw-2530,House,3,825000,14,0,17,700,4.41,700000,1021200
Avondale,NSW,2530,avondale-nsw-2530,House,4,0,0,0,4,0,,0,0
Avondale,NSW,2530,avondale-nsw-2530,House,5,0,0,0,4,0,,0,0
Balcolyn,NSW,2264,balcolyn-nsw-2264,House,2,0,0,0,1,0,,0,0
Balcolyn,NSW,2264,balcolyn-nsw-2264,House,3,820000,0,0,13,640,4.06,722000,1730000
Balcolyn,NSW,2264,balcolyn-nsw-2264,House,4,0,0,0,9,0,,0,0
Balcolyn,NSW,2264,balcolyn-nsw-2264,House,5,0,0,0,4,0,,0,0
Barnsley,NSW,2278,barnsley-nsw-2278,House,2,0,0,0,6,0,,0,0
Barnsley,NSW,2278,barnsley-nsw-2278,House,3,855000,14,0,16,0,,722250,942500
Barnsley,NSW,2278,barnsley-nsw-2278,House,4,0,0,0,8,0,,0,0
Barnsley,NSW,2278,barnsley-nsw-2278,House,5,0,0,0,2,0,,0,0
Belfield,NSW,2191,belfield-nsw-2191,House,2,0,0,0,2,0,,0,0
Belfield,NSW,2191,belfield-nsw-2191,House,3,2017500,0,0.5217391304347826,17,850,2.19,1370000,2445250
Belfield,NSW,2191,belfield-nsw-2191,House,4,2235000,0,0.3888888888888889,13,0,,1872000,2940000
Belfield,NSW,2191,belfield-nsw-2191,House,5,2815000,0,0.35714285714285715,11,1340,2.48,2355000,3816500
Belfield,NSW,2191,belfield-nsw-2191,Unit,1,0,0,0,1,0,,0,0
Belfield,NSW,2191,belfield-nsw-2191,Unit,2,976000,0,0.7272727272727273,14,695,3.7,703800,1143850
Belfield,NSW,2191,belfield-nsw-2191,Unit,3,0,0,0,1,0,,0,0
Bolton Point,NSW,2283,bolton-point-nsw-2283,House,2,0,0,0,2,0,,0,0
Bolton Point,NSW,2283,bolton-point-nsw-2283,House,3,825000,16,0,19,600,3.78,705800,1256900
Bolton Point,NSW,2283,bolton-point-nsw-2283,House,4,1020000,78,0,10,0,,778750,1609000
Bolton Point,NSW,2283,bolton-point-nsw-2283,House,5,0,0,0,1,0,,0,0
Bonnet Bay,NSW,2226,bonnet-bay-nsw-2226,House,2,0,0,0,1,0,,0,0
Bonnet Bay,NSW,2226,bonnet-bay-nsw-2226,House,3,0,0,0,6,0,,0,0
Bonnet Bay,NSW,2226,bonnet-bay-nsw-2226,House,4,1913444,0,0,14,0,,1716750,2361250
Bonnet Bay,NSW,2226,bonnet-bay-nsw-2226,House,5,0,0,0,3,0,,0,0
Buff Point,NSW,2262,buff-point-nsw-2262,House,2,0,0,0,8,480,,0,0
Buff Point,NSW,2262,buff-point-nsw-2262,House,3,852000,19,0,35,650,3.97,697000,1030000
Buff Point,NSW,2262,buff-point-nsw-2262,House,4,960000,15,0,18,750,4.06,680000,1224000
Buff Point,NSW,2262,buff-point-nsw-2262,House,5,0,0,0,4,0,,0,0
Buff Point,NSW,2262,buff-point-nsw-2262,Unit,1,0,0,0,0,0,,0,0
Buff Point,NSW,2262,buff-point-nsw-2262,Unit,2,0,0,0,4,0,,0,0
Buff Point,NSW,2262,buff-point-nsw-2262,Unit,3,0,0,0,1,0,,0,0
Cabarita,NSW,2137,cabarita-nsw-2137,House,2,0,0,0,1,0,,0,0
Cabarita,NSW,2137,cabarita-nsw-2137,House,3,2966500,0,0,12,0,,2439000,3801050
Cabarita,NSW,2137,cabarita-nsw-2137,House,4,0,0,0.2727272727272727,7,0,,0,0
Cabarita,NSW,2137,cabarita-nsw-2137,House,5,0,0,0.16666666666666666,5,0,,0,0
Cabarita,NSW,2137,cabarita-nsw-2137,Unit,1,0,0,0,0,0,,0,0
Cabarita,NSW,2137,cabarita-nsw-2137,Unit,2,0,0,0,1,0,,0,0
Cabarita,NSW,2137,cabarita-nsw-2137,Unit,3,0,0,0,5,0,,0,0
Cabramatta West,NSW,2166,cabramatta-west-nsw-2166,House,2,0,0,0,3,530,,0,0
Cabramatta West,NSW,2166,cabramatta-west-nsw-2166,House,3,1212500,0,0.75,25,645,2.77,967250,2213500
Cabramatta West,NSW,2166,cabramatta-west-nsw-2166,House,4,1360000,0,0,16,880,3.36,1221500,1725000
Cabramatta West,NSW,2166,cabramatta-west-nsw-2166,House,5,1710500,0,0.6666666666666666,24,990,3.01,1087000,2702000
Cabramatta West,NSW,2166,cabramatta-west-nsw-2166,Unit,1,0,0,0,0,0,,0,0
Cabramatta West,NSW,2166,cabramatta-west-nsw-2166,Unit,2,0,0,0,0,0,,0,0
Cabramatta West,NSW,2166,cabramatta-west-nsw-2166,Unit,3,0,0,0,0,0,,0,0
Callala Bay,NSW,2540,callala-bay-nsw-2540,House,2,0,0,0,2,0,,0,0
Callala Bay,NSW,2540,callala-bay-nsw-2540,House,3,925000,60,0,17,570,3.2,684000,2450000
Callala Bay,NSW,2540,callala-bay-nsw-2540,House,4,1150000,107,0,25,700,3.17,862500,1409800
Callala Bay,NSW,2540,callala-bay-nsw-2540,House,5,0,0,0,5,0,,0,0
Callala Bay,NSW,2540,callala-bay-nsw-2540,Unit,1,0,0,0,1,0,,0,0
Callala Bay,NSW,2540,callala-bay-nsw-2540,Unit,2,0,0,0,0,0,,0,0
Callala Bay,NSW,2540,callala-bay-nsw-2540,Unit,3,0,0,0,0,0,,0,0
Denman,NSW,2328,denman-nsw-2328,House,2,0,0,0,1,0,,0,0
Denman,NSW,2328,denman-nsw-2328,House,3,530000,30,0,20,580,5.69,464250,666950
Denman,NSW,2328,denman-nsw-2328,House,4,645000,35,0,19,600,4.84,513000,720500
Denman,NSW,2328,denman-nsw-2328,House,5,0,0,0,3,0,,0,0
Denman,NSW,2328,denman-nsw-2328,Unit,1,0,0,0,0,0,,0,0
Denman,NSW,2328,denman-nsw-2328,Unit,2,0,0,0,0,365,,0,0
Denman,NSW,2328,denman-nsw-2328,Unit,3,0,0,0,0,0,,0,0
Dover Heights,NSW,2030,dover-heights-nsw-2030,House,2,0,0,0,0,0,,0,0
Dover Heights,NSW,2030,dover-heights-nsw-2030,House,3,0,0,0,6,2150,,0,0
Dover Heights,NSW,2030,dover-heights-nsw-2030,House,4,7322500,0,0.6,22,3500,2.49,4745000,12835000
Dover Heights,NSW,2030,dover-heights-nsw-2030,House,5,6725000,0,0.3333333333333333,15,3700,2.86,5465622,12075000
Dover Heights,NSW,2030,dover-heights-nsw-2030,Unit,1,0,0,0,1,0,,0,0
Dover Heights,NSW,2030,dover-heights-nsw-2030,Unit,2,1545000,0,0,11,1050,3.53,837075,1850000
Dover Heights,NSW,2030,dover-heights-nsw-2030,Unit,3,0,0,0,3,0,,0,0
Dundas Valley,NSW,2117,dundas-valley-nsw-2117,House,2,0,0,0,4,610,,0,0
Dundas Valley,NSW,2117,dundas-valley-nsw-2117,House,3,1640000,28,0.625,28,750,2.38,1212500,1982000
Dundas Valley,NSW,2117,dundas-valley-nsw-2117,House,4,1715000,46,0.34782608695652173,37,1100,3.34,1308000,1991000
Dundas Valley,NSW,2117,dundas-valley-nsw-2117,House,5,1913000,55,0.1111111111111111,39,1325,3.6,1650000,2287100
Dundas Valley,NSW,2117,dundas-valley-nsw-2117,Unit,1,0,0,0,1,0,,0,0
Dundas Valley,NSW,2117,dundas-valley-nsw-2117,Unit,2,0,0,0,7,0,,0,0
Dundas Valley,NSW,2117,dundas-valley-nsw-2117,Unit,3,0,0,0,2,0,,0,0
Evans Head,NSW,2473,evans-head-nsw-2473,House,2,0,0,0,4,0,,0,0
Evans Head,NSW,2473,evans-head-nsw-2473,House,3,1100000,38,0,15,670,3.17,730000,2090500
Evans Head,NSW,2473,evans-head-nsw-2473,House,4,1290000,0,0,12,0,,1010500,2015000
Evans Head,NSW,2473,evans-head-nsw-2473,House,5,0,0,0,2,0,,0,0
Evans Head,NSW,2473,evans-head-nsw-2473,Unit,1,0,0,0,0,393,,0,0
Evans Head,NSW,2473,evans-head-nsw-2473,Unit,2,660000,69,0,11,460,3.62,488300,755500
Evans Head,NSW,2473,evans-head-nsw-2473,Unit,3,0,0,0,7,0,,0,0
Floraville,NSW,2280,floraville-nsw-2280,House,2,0,0,0,0,0,,0,0
Floraville,NSW,2280,floraville-nsw-2280,House,3,0,0,0,7,698,,0,0
Floraville,NSW,2280,floraville-nsw-2280,House,4,1221750,0,0,10,0,,931500,1527000
Floraville,NSW,2280,floraville-nsw-2280,House,5,0,0,0,5,0,,0,0
Garden Suburb,NSW,2289,garden-suburb-nsw-2289,House,2,0,0,0,1,0,,0,0
Garden Suburb,NSW,2289,garden-suburb-nsw-2289,House,3,900000,0,0,10,0,,811500,1100000
Garden Suburb,NSW,2289,garden-suburb-nsw-2289,House,4,1200000,0,0,11,0,,945500,1840000
Garden Suburb,NSW,2289,garden-suburb-nsw-2289,House,5,0,0,0,5,0,,0,0
Gwynneville,NSW,2500,gwynneville-nsw-2500,House,2,0,0,0,5,0,,0,0
Gwynneville,NSW,2500,gwynneville-nsw-2500,House,3,1200000,34,0,15,750,3.25,1011000,1478100
Gwynneville,NSW,2500,gwynneville-nsw-2500,House,4,0,0,0,6,800,,0,0
Gwynneville,NSW,2500,gwynneville-nsw-2500,House,5,0,0,0,5,0,,0,0
Gwynneville,NSW,2500,gwynneville-nsw-2500,Unit,1,0,0,0,0,395,,0,0
Gwynneville,NSW,2500,gwynneville-nsw-2500,Unit,2,592500,20,0,12,520,4.56,508250,961500
Gwynneville,NSW,2500,gwynneville-nsw-2500,Unit,3,0,0,0,1,0,,0,0
Hammondville,NSW,2170,hammondville-nsw-2170,House,2,0,0,0,6,0,,0,0
Hammondville,NSW,2170,hammondville-nsw-2170,House,3,1116000,11,0,21,750,3.49,980000,1305000
Hammondville,NSW,2170,hammondville-nsw-2170,House,4,1380000,17,0,13,790,2.98,878000,1712400
Hammondville,NSW,2170,hammondville-nsw-2170,House,5,0,0,0,4,0,,0,0
Lawson,NSW,2783,lawson-nsw-2783,House,2,0,0,0,5,0,,0,0
Lawson,NSW,2783,lawson-nsw-2783,House,3,887757,21,0,28,660,3.87,744000,1061500
Lawson,NSW,2783,lawson-nsw-2783,House,4,1100000,71,0,12,0,,820075,1305400
Lawson,NSW,2783,lawson-nsw-2783,House,5,0,0,0,5,0,,0,0
Loftus,NSW,2232,loftus-nsw-2232,House,2,0,0,0,2,0,,0,0
Loftus,NSW,2232,loftus-nsw-2232,House,3,1630000,0,0,17,895,2.86,1391000,1800400
Loftus,NSW,2232,loftus-nsw-2232,House,4,1650000,0,0.8181818181818182,17,1050,3.31,1337000,1980000
Loftus,NSW,2232,loftus-nsw-2232,House,5,1755000,0,0.6153846153846154,14,0,,1486850,2227350
Marayong,NSW,2148,marayong-nsw-2148,House,2,870000,0,0,10,533,3.19,600600,1564500
Marayong,NSW,2148,marayong-nsw-2148,House,3,1100000,41,0.6206896551724138,40,650,3.07,849500,1374800
Marayong,NSW,2148,marayong-nsw-2148,House,4,1060000,38,0,19,730,3.58,959000,1389000
Marayong,NSW,2148,marayong-nsw-2148,House,5,1335000,0,0.5,16,0,,1005750,1545250
Marayong,NSW,2148,marayong-nsw-2148,Unit,1,0,0,0,0,0,,0,0
Marayong,NSW,2148,marayong-nsw-2148,Unit,2,0,0,0,0,540,,0,0
Marayong,NSW,2148,marayong-nsw-2148,Unit,3,0,0,0,0,0,,0,0
Moonee Beach,NSW,2450,moonee-beach-nsw-2450,House,2,0,0,0,0,560,,0,0
Moonee Beach,NSW,2450,moonee-beach-nsw-2450,House,3,0,0,0,7,640,,0,0
Moonee Beach,NSW,2450,moonee-beach-nsw-2450,House,4,1316250,105,0,21,900,3.56,937450,1441000
Moonee Beach,NSW,2450,moonee-beach-nsw-2450,House,5,0,0,0,5,0,,0,0
Narrandera,NSW,2700,narrandera-nsw-2700,House,2,310000,0,0,13,330,5.54,205800,556000
Narrandera,NSW,2700,narrandera-nsw-2700,House,3,400000,54,0,48,415,5.39,235250,601250
Narrandera,NSW,2700,narrandera-nsw-2700,House,4,474500,44,0,18,495,5.42,264250,697250
Narrandera,NSW,2700,narrandera-nsw-2700,House,5,0,0,0,8,0,,0,0
Narrandera,NSW,2700,narrandera-nsw-2700,Unit,1,0,0,0,0,300,,0,0
Narrandera,NSW,2700,narrandera-nsw-2700,Unit,2,0,0,0,0,300,,0,0
Narrandera,NSW,2700,narrandera-nsw-2700,Unit,3,0,0,0,0,0,,0,0
Narraweena,NSW,2099,narraweena-nsw-2099,House,2,0,81,0,11,880,,0,0
Narraweena,NSW,2099,narraweena-nsw-2099,House,3,2300000,0,0.75,14,1225,2.77,1890000,2840000
Narraweena,NSW,2099,narraweena-nsw-2099,House,4,2540000,0,0.6666666666666666,15,1500,3.07,2079000,3394000
Narraweena,NSW,2099,narraweena-nsw-2099,House,5,3150000,0,0,11,0,,2210871,3950000
Narraweena,NSW,2099,narraweena-nsw-2099,Unit,1,0,0,0,0,610,,0,0
Narraweena,NSW,2099,narraweena-nsw-2099,Unit,2,0,0,0,3,895,,0,0
Narraweena,NSW,2099,narraweena-nsw-2099,Unit,3,0,0,0,0,0,,0,0
North Manly,NSW,2100,north-manly-nsw-2100,House,2,0,0,0,1,0,,0,0
North Manly,NSW,2100,north-manly-nsw-2100,House,3,3000000,0,0,11,1425,2.47,2412500,5050044
North Manly,NSW,2100,north-manly-nsw-2100,House,4,3450000,0,0.3076923076923077,13,0,,2290000,4633000
North Manly,NSW,2100,north-manly-nsw-2100,House,5,0,0,0,5,0,,0,0
North Manly,NSW,2100,north-manly-nsw-2100,Unit,1,0,0,0,2,650,,0,0
North Manly,NSW,2100,north-manly-nsw-2100,Unit,2,0,0,0,5,930,,0,0
North Manly,NSW,2100,north-manly-nsw-2100,Unit,3,0,0,0,1,0,,0,0
Pagewood,NSW,2035,pagewood-nsw-2035,House,2,0,0,0,2,0,,0,0
Pagewood,NSW,2035,pagewood-nsw-2035,House,3,2350000,0,0.6428571428571429,19,1300,2.88,1496000,3020000
Pagewood,NSW,2035,pagewood-nsw-2035,House,4,2500000,0,0.23076923076923078,11,0,,1665000,3500000
Pagewood,NSW,2035,pagewood-nsw-2035,House,5,0,0,0,5,0,,0,0
Pagewood,NSW,2035,pagewood-nsw-2035,Unit,1,0,0,0,1,805,,0,0
Pagewood,NSW,2035,pagewood-nsw-2035,Unit,2,0,0,0,8,925,,0,0
Pagewood,NSW,2035,pagewood-nsw-2035,Unit,3,0,0,0,1,0,,0,0
Quirindi,NSW,2343,quirindi-nsw-2343,House,2,0,0,0,6,320,,0,0
Quirindi,NSW,2343,quirindi-nsw-2343,House,3,440000,74,0,41,470,5.55,165000,785000
Quirindi,NSW,2343,quirindi-nsw-2343,House,4,522500,59,0,25,550,5.47,368000,810750
Quirindi,NSW,2343,quirindi-nsw-2343,House,5,0,0,0,5,0,,0,0
Renwick,NSW,2575,renwick-nsw-2575,House,2,0,0,0,0,0,,0,0
Renwick,NSW,2575,renwick-nsw-2575,House,3,0,0,0,5,0,,0,0
Renwick,NSW,2575,renwick-nsw-2575,House,4,1300000,97,0,37,868,3.47,1060000,2500000
Renwick,NSW,2575,renwick-nsw-2575,House,5,0,0,0,3,0,,0,0
Ruse,NSW,2560,ruse-nsw-2560,House,2,0,0,0,0,0,,0,0
Ruse,NSW,2560,ruse-nsw-2560,House,3,948500,13,0,32,650,3.56,665950,1079225
Ruse,NSW,2560,ruse-nsw-2560,House,4,1006000,13,0,24,720,3.72,925750,1195200
Ruse,NSW,2560,ruse-nsw-2560,House,5,0,0,0,6,0,,0,0
The Entrance North,NSW,2261,the-entrance-north-nsw-2261,House,2,0,0,0,7,0,,0,0
The Entrance North,NSW,2261,the-entrance-north-nsw-2261,House,3,1200000,36,0,25,700,3.03,875400,2090000
The Entrance North,NSW,2261,the-entrance-north-nsw-2261,House,4,0,0,0,9,885,,0,0
The Entrance North,NSW,2261,the-entrance-north-nsw-2261,House,5,0,0,0,4,0,,0,0
The Entrance North,NSW,2261,the-entrance-north-nsw-2261,Unit,1,0,0,0,4,0,,0,0
The Entrance North,NSW,2261,the-entrance-north-nsw-2261,Unit,2,615000,55,0,14,523,4.42,453900,867600
The Entrance North,NSW,2261,the-entrance-north-nsw-2261,Unit,3,0,0,0,8,0,,0,0
Whitebridge,NSW,2290,whitebridge-nsw-2290,House,2,0,0,0,3,0,,0,0
Whitebridge,NSW,2290,whitebridge-nsw-2290,House,3,1035000,22,0,22,800,4.02,850500,1284750
Whitebridge,NSW,2290,whitebridge-nsw-2290,House,4,1350000,0,0,11,0,,1262500,1760000
Whitebridge,NSW,2290,whitebridge-nsw-2290,House,5,0,0,0,2,0,,0,0
Whitebridge,NSW,2290,whitebridge-nsw-2290,Unit,1,0,0,0,0,0,,0,0
Whitebridge,NSW,2290,whitebridge-nsw-2290,Unit,2,0,0,0,6,0,,0,0
Whitebridge,NSW,2290,whitebridge-nsw-2290,Unit,3,0,0,0,0,0,,0,0
Wiley Park,NSW,2195,wiley-park-nsw-2195,House,2,0,0,0,6,550,,0,0
Wiley Park,NSW,2195,wiley-park-nsw-2195,House,3,1370000,0,0,12,780,2.96,1044000,1700000
Wiley Park,NSW,2195,wiley-park-nsw-2195,House,4,0,0,0,8,0,,0,0
Wiley Park,NSW,2195,wiley-park-nsw-2195,House,5,0,0,0,4,0,,0,0
Wiley Park,NSW,2195,wiley-park-nsw-2195,Unit,1,0,0,0,2,438,,0,0
Wiley Park,NSW,2195,wiley-park-nsw-2195,Unit,2,525500,23,0,73,520,5.15,465000,700900
Wiley Park,NSW,2195,wiley-park-nsw-2195,Unit,3,0,0,0,4,660,,0,0
Wyongah,NSW,2259,wyongah-nsw-2259,House,2,0,0,0,2,0,,0,0
Wyongah,NSW,2259,wyongah-nsw-2259,House,3,825000,0,0,13,640,4.03,583000,1190000
Wyongah,NSW,2259,wyongah-nsw-2259,House,4,980000,0,0,11,0,,822500,1177500
Wyongah,NSW,2259,wyongah-nsw-2259,House,5,0,0,0,7,0,,0,0
Abermain,NSW,2326,abermain-nsw-2326,House,2,0,0,0,8,490,,0,0
Abermain,NSW,2326,abermain-nsw-2326,House,3,735000,21,0,24,545,3.86,564750,870500
Abermain,NSW,2326,abermain-nsw-2326,House,4,832500,0,0,10,0,,695250,1596500
Abermain,NSW,2326,abermain-nsw-2326,House,5,0,0,0,2,0,,0,0
Beverley Park,NSW,2217,beverley-park-nsw-2217,House,2,0,0,0,1,0,,0,0
Beverley Park,NSW,2217,beverley-park-nsw-2217,House,3,2062500,0,0,10,895,2.26,1478950,2558750
Beverley Park,NSW,2217,beverley-park-nsw-2217,House,4,0,0,0.7,9,0,,0,0
Beverley Park,NSW,2217,beverley-park-nsw-2217,House,5,0,0,0,6,0,,0,0
Beverley Park,NSW,2217,beverley-park-nsw-2217,Unit,1,0,0,0,3,0,,0,0
Beverley Park,NSW,2217,beverley-park-nsw-2217,Unit,2,0,0,0,3,775,,0,0
Beverley Park,NSW,2217,beverley-park-nsw-2217,Unit,3,0,0,0,2,0,,0,0
Bowen Mountain,NSW,2753,bowen-mountain-nsw-2753,House,2,0,0,0,2,0,,0,0
Bowen Mountain,NSW,2753,bowen-mountain-nsw-2753,House,3,0,0,0,9,0,,0,0
Bowen Mountain,NSW,2753,bowen-mountain-nsw-2753,House,4,1062500,0,0,10,0,,857000,1188500
Bowen Mountain,NSW,2753,bowen-mountain-nsw-2753,House,5,0,0,0,4,0,,0,0
Burraneer,NSW,2230,burraneer-nsw-2230,House,2,0,0,0,0,0,,0,0
Burraneer,NSW,2230,burraneer-nsw-2230,House,3,2445000,0,0.36363636363636365,12,0,,1892500,4648100
Burraneer,NSW,2230,burraneer-nsw-2230,House,4,3200000,87,0.15789473684210525,29,2050,3.33,2122000,8400000
Burraneer,NSW,2230,burraneer-nsw-2230,House,5,5000000,0,0.13636363636363635,13,0,,1815000,6900000
Burraneer,NSW,2230,burraneer-nsw-2230,Unit,1,0,0,0,0,0,,0,0
Burraneer,NSW,2230,burraneer-nsw-2230,Unit,2,0,0,0,1,0,,0,0
Burraneer,NSW,2230,burraneer-nsw-2230,Unit,3,0,0,0,2,0,,0,0
Callala Beach,NSW,2540,callala-beach-nsw-2540,House,2,0,0,0,2,0,,0,0
Callala Beach,NSW,2540,callala-beach-nsw-2540,House,3,1157500,64,0,18,580,2.61,889150,1736750
Callala Beach,NSW,2540,callala-beach-nsw-2540,House,4,1275000,84,0,15,660,2.69,977650,2237500
Callala Beach,NSW,2540,callala-beach-nsw-2540,House,5,0,0,0,3,0,,0,0
Como,NSW,2226,como-nsw-2226,House,2,0,0,0,1,0,,0,0
Como,NSW,2226,como-nsw-2226,House,3,1733000,0,0.75,21,1000,3.0,1241000,2025000
Como,NSW,2226,como-nsw-2226,House,4,1950000,0,0.42857142857142855,19,0,,1546000,2620500
Como,NSW,2226,como-nsw-2226,House,5,0,0,0,1,0,,0,0
Connells Point,NSW,2221,connells-point-nsw-2221,House,2,0,0,0,1,0,,0,0
Connells Point,NSW,2221,connells-point-nsw-2221,House,3,0,0,0,7,978,,0,0
Connells Point,NSW,2221,connells-point-nsw-2221,House,4,2280000,70,0.5384615384615384,20,1300,2.96,1678000,4867500
Connells Point,NSW,2221,connells-point-nsw-2221,House,5,3242500,0,0.4,14,0,,2437750,7855000
Davidson,NSW,2085,davidson-nsw-2085,House,2,0,0,0,0,0,,0,0
Davidson,NSW,2085,davidson-nsw-2085,House,3,0,0,0,6,0,,0,0
Davidson,NSW,2085,davidson-nsw-2085,House,4,2450000,0,0.6923076923076923,17,0,,2008000,2660000
Davidson,NSW,2085,davidson-nsw-2085,House,5,2411000,35,0.6428571428571429,19,0,,2183000,2767000
Davidson,NSW,2085,davidson-nsw-2085,Unit,1,0,0,0,0,0,,0,0
Davidson,NSW,2085,davidson-nsw-2085,Unit,2,0,0,0,0,0,,0,0
Davidson,NSW,2085,davidson-nsw-2085,Unit,3,0,0,0,2,0,,0,0
Davistown,NSW,2251,davistown-nsw-2251,House,2,0,0,0,3,615,,0,0
Davistown,NSW,2251,davistown-nsw-2251,House,3,1030000,22,0,19,0,,846000,1603500
Davistown,NSW,2251,davistown-nsw-2251,House,4,0,0,0,7,0,,0,0
Davistown,NSW,2251,davistown-nsw-2251,House,5,0,0,0,6,0,,0,0
Dungog,NSW,2420,dungog-nsw-2420,House,2,645000,0,0,13,0,,476000,766000
Dungog,NSW,2420,dungog-nsw-2420,House,3,682500,38,0,20,550,4.19,484690,924500
Dungog,NSW,2420,dungog-nsw-2420,House,4,0,0,0,8,0,,0,0
Dungog,NSW,2420,dungog-nsw-2420,House,5,0,0,0,1,0,,0,0
Dural,NSW,2158,dural-nsw-2158,House,2,0,0,0,3,0,,0,0
Dural,NSW,2158,dural-nsw-2158,House,3,1650000,0,0,12,850,2.68,1446000,4690000
Dural,NSW,2158,dural-nsw-2158,House,4,2300000,92,0.4666666666666667,23,1100,2.49,1670000,2817500
Dural,NSW,2158,dural-nsw-2158,House,5,2470000,36,0,19,1290,2.72,1938900,3500000
Dural,NSW,2158,dural-nsw-2158,Unit,1,0,0,0,1,0,,0,0
Dural,NSW,2158,dural-nsw-2158,Unit,2,651000,66,0,18,0,,371000,1652000
Dural,NSW,2158,dural-nsw-2158,Unit,3,0,0,0,4,0,,0,0
East Kempsey,NSW,2440,east-kempsey-nsw-2440,House,2,0,0,0,2,0,,0,0
East Kempsey,NSW,2440,east-kempsey-nsw-2440,House,3,580000,104,0,19,0,,485500,687500
East Kempsey,NSW,2440,east-kempsey-nsw-2440,House,4,665000,0,0,12,0,,523500,783500
East Kempsey,NSW,2440,east-kempsey-nsw-2440,House,5,0,0,0,2,0,,0,0
East Kempsey,NSW,2440,east-kempsey-nsw-2440,Unit,1,0,0,0,0,0,,0,0
East Kempsey,NSW,2440,east-kempsey-nsw-2440,Unit,2,0,0,0,2,0,,0,0
East Kempsey,NSW,2440,east-kempsey-nsw-2440,Unit,3,0,0,0,1,0,,0,0
Faulconbridge,NSW,2776,faulconbridge-nsw-2776,House,2,0,0,0,5,0,,0,0
Faulconbridge,NSW,2776,faulconbridge-nsw-2776,House,3,987000,23,0,18,650,3.42,866500,1165000
Faulconbridge,NSW,2776,faulconbridge-nsw-2776,House,4,1200000,26,0,24,0,,1060895,1809500
Faulconbridge,NSW,2776,faulconbridge-nsw-2776,House,5,1400000,28,0,11,0,,1095000,1562500
Gulgong,NSW,2852,gulgong-nsw-2852,House,2,0,0,0,3,0,,0,0
Gulgong,NSW,2852,gulgong-nsw-2852,House,3,577500,78,0,20,545,4.91,434300,817750
Gulgong,NSW,2852,gulgong-nsw-2852,House,4,722000,95,0,21,700,5.04,599000,930000
Gulgong,NSW,2852,gulgong-nsw-2852,House,5,0,0,0,4,0,,0,0
Gulgong,NSW,2852,gulgong-nsw-2852,Unit,1,0,0,0,0,0,,0,0
Gulgong,NSW,2852,gulgong-nsw-2852,Unit,2,0,0,0,0,0,,0,0
Gulgong,NSW,2852,gulgong-nsw-2852,Unit,3,0,0,0,0,0,,0,0
Gymea,NSW,2227,gymea-nsw-2227,House,2,1080000,0,0,17,770,3.71,836200,1433000
Gymea,NSW,2227,gymea-nsw-2227,House,3,1600000,35,0.68,66,950,3.09,1262500,2260750
Gymea,NSW,2227,gymea-nsw-2227,House,4,1925000,37,0.6521739130434783,37,1200,3.24,1552000,2660000
Gymea,NSW,2227,gymea-nsw-2227,House,5,2200000,0,0,13,1500,3.55,1592400,2530000
Gymea,NSW,2227,gymea-nsw-2227,Unit,1,0,0,0,2,0,,0,0
Gymea,NSW,2227,gymea-nsw-2227,Unit,2,927000,14,0.6666666666666666,49,720,4.04,765000,1132000
Gymea,NSW,2227,gymea-nsw-2227,Unit,3,1387500,0,0.9090909090909091,20,900,3.37,994250,1700500
Huntley,NSW,2530,huntley-nsw-2530,House,2,0,0,0,0,0,,0,0
Huntley,NSW,2530,huntley-nsw-2530,House,3,0,0,0,0,0,,0,0
Huntley,NSW,2530,huntley-nsw-2530,House,4,1072500,71,0,16,860,4.17,896250,1248750
Huntley,NSW,2530,huntley-nsw-2530,House,5,0,0,0,4,0,,0,0
Jindabyne,NSW,2627,jindabyne-nsw-2627,House,2,0,0,0,5,0,,0,0
Jindabyne,NSW,2627,jindabyne-nsw-2627,House,3,937500,99,0,20,800,4.44,755000,1564125
Jindabyne,NSW,2627,jindabyne-nsw-2627,House,4,1192500,119,0,16,900,3.92,1035000,1995000
Jindabyne,NSW,2627,jindabyne-nsw-2627,House,5,0,0,0,5,0,,0,0
Jindabyne,NSW,2627,jindabyne-nsw-2627,Unit,1,0,0,0,5,480,,0,0
Jindabyne,NSW,2627,jindabyne-nsw-2627,Unit,2,645000,85,0,13,550,4.43,553000,761200
Jindabyne,NSW,2627,jindabyne-nsw-2627,Unit,3,805000,122,0,13,690,4.46,719000,1087000
Karuah,NSW,2324,karuah-nsw-2324,House,2,0,0,0,6,470,,0,0
Karuah,NSW,2324,karuah-nsw-2324,House,3,682500,36,0,21,585,4.46,410000,800000
Karuah,NSW,2324,karuah-nsw-2324,House,4,0,0,0,7,680,,0,0
Karuah,NSW,2324,karuah-nsw-2324,House,5,0,0,0,2,0,,0,0
Kootingal,NSW,2352,kootingal-nsw-2352,House,2,0,0,0,1,435,,0,0
Kootingal,NSW,2352,kootingal-nsw-2352,House,3,587300,32,0,25,530,4.69,500000,728500
Kootingal,NSW,2352,kootingal-nsw-2352,House,4,640000,26,0,17,560,4.55,416000,777600
Kootingal,NSW,2352,kootingal-nsw-2352,House,5,0,0,0,6,0,,0,0
Kootingal,NSW,2352,kootingal-nsw-2352,Unit,1,0,0,0,0,0,,0,0
Kootingal,NSW,2352,kootingal-nsw-2352,Unit,2,0,0,0,1,420,,0,0
Kootingal,NSW,2352,kootingal-nsw-2352,Unit,3,0,0,0,1,0,,0,0
Lake Illawarra,NSW,2528,lake-illawarra-nsw-2528,House,2,751250,0,0,10,580,4.01,667900,1033000
Lake Illawarra,NSW,2528,lake-illawarra-nsw-2528,House,3,895000,19,0,35,720,4.18,817000,1155000
Lake Illawarra,NSW,2528,lake-illawarra-nsw-2528,House,4,0,0,0,7,0,,0,0
Lake Illawarra,NSW,2528,lake-illawarra-nsw-2528,House,5,0,0,0,6,0,,0,0
Lake Illawarra,NSW,2528,lake-illawarra-nsw-2528,Unit,1,0,0,0,0,0,,0,0
Lake Illawarra,NSW,2528,lake-illawarra-nsw-2528,Unit,2,0,0,0,9,520,,0,0
Lake Illawarra,NSW,2528,lake-illawarra-nsw-2528,Unit,3,0,0,0,5,680,,0,0
Lake Munmorah,NSW,2259,lake-munmorah-nsw-2259,House,2,423000,54,0,20,500,6.15,236000,1000000
Lake Munmorah,NSW,2259,lake-munmorah-nsw-2259,House,3,779500,16,0,36,620,4.14,560000,941250
Lake Munmorah,NSW,2259,lake-munmorah-nsw-2259,House,4,1022500,34,0,28,700,3.56,792800,1482500
Lake Munmorah,NSW,2259,lake-munmorah-nsw-2259,House,5,0,0,0,6,0,,0,0
Lake Munmorah,NSW,2259,lake-munmorah-nsw-2259,Unit,1,0,0,0,0,0,,0,0
Lake Munmorah,NSW,2259,lake-munmorah-nsw-2259,Unit,2,0,0,0,4,0,,0,0
Lake Munmorah,NSW,2259,lake-munmorah-nsw-2259,Unit,3,0,0,0,5,0,,0,0
Lakemba,NSW,2195,lakemba-nsw-2195,House,2,680000,0,0,15,580,4.44,514000,1486500
Lakemba,NSW,2195,lakemba-nsw-2195,House,3,1525000,0,0,13,850,2.9,1254500,1919000
Lakemba,NSW,2195,lakemba-nsw-2195,House,4,1690000,0,0.6,12,920,2.83,1377225,2164150
Lakemba,NSW,2195,lakemba-nsw-2195,House,5,0,0,0,3,0,,0,0
Lakemba,NSW,2195,lakemba-nsw-2195,Unit,1,435000,32,0,13,450,5.38,374600,586250
Lakemba,NSW,2195,lakemba-nsw-2195,Unit,2,535000,22,0,128,550,5.35,451500,683500
Lakemba,NSW,2195,lakemba-nsw-2195,Unit,3,0,0,0,8,720,,0,0
Largs,NSW,2320,largs-nsw-2320,House,2,0,0,0,3,0,,0,0
Largs,NSW,2320,largs-nsw-2320,House,3,785000,16,0,11,640,4.24,692500,980000
Largs,NSW,2320,largs-nsw-2320,House,4,950000,60,0,13,0,,786000,1480000
Largs,NSW,2320,largs-nsw-2320,House,5,0,0,0,3,0,,0,0
Lloyd,NSW,2650,lloyd-nsw-2650,House,2,0,0,0,2,0,,0,0
Lloyd,NSW,2650,lloyd-nsw-2650,House,3,750000,26,0,11,630,4.37,616000,789500
Lloyd,NSW,2650,lloyd-nsw-2650,House,4,900000,40,0,32,700,4.04,762100,1133500
Lloyd,NSW,2650,lloyd-nsw-2650,House,5,0,0,0,0,0,,0,0
Lloyd,NSW,2650,lloyd-nsw-2650,Unit,1,0,0,0,0,0,,0,0
Lloyd,NSW,2650,lloyd-nsw-2650,Unit,2,0,0,0,1,0,,0,0
Lloyd,NSW,2650,lloyd-nsw-2650,Unit,3,0,0,0,3,645,,0,0
Lorn,NSW,2320,lorn-nsw-2320,House,2,0,0,0,4,0,,0,0
Lorn,NSW,2320,lorn-nsw-2320,House,3,952000,0,0,13,695,3.8,776000,1300000
Lorn,NSW,2320,lorn-nsw-2320,House,4,1400000,77,0,13,0,,882800,2106000
Lorn,NSW,2320,lorn-nsw-2320,House,5,0,0,0,2,0,,0,0
Marks Point,NSW,2280,marks-point-nsw-2280,House,2,0,0,0,9,555,,0,0
Marks Point,NSW,2280,marks-point-nsw-2280,House,3,985000,0,0,12,738,3.9,705500,2843750
Marks Point,NSW,2280,marks-point-nsw-2280,House,4,0,0,0,5,0,,0,0
Marks Point,NSW,2280,marks-point-nsw-2280,House,5,0,0,0,2,0,,0,0
Marks Point,NSW,2280,marks-point-nsw-2280,Unit,1,0,0,0,0,0,,0,0
Marks Point,NSW,2280,marks-point-nsw-2280,Unit,2,0,0,0,6,0,,0,0
Marks Point,NSW,2280,marks-point-nsw-2280,Unit,3,0,0,0,1,0,,0,0
Morisset,NSW,2264,morisset-nsw-2264,House,2,402500,78,0,13,520,6.72,179650,711500
Morisset,NSW,2264,morisset-nsw-2264,House,3,806500,19,0,26,628,4.05,562575,1100000
Morisset,NSW,2264,morisset-nsw-2264,House,4,888500,35,0,23,705,4.13,802000,1440000
Morisset,NSW,2264,morisset-nsw-2264,House,5,0,0,0,3,0,,0,0
Morisset,NSW,2264,morisset-nsw-2264,Unit,1,0,0,0,0,0,,0,0
Morisset,NSW,2264,morisset-nsw-2264,Unit,2,0,0,0,9,0,,0,0
Morisset,NSW,2264,morisset-nsw-2264,Unit,3,0,0,0,5,0,,0,0
Narellan,NSW,2567,narellan-nsw-2567,House,2,0,0,0,3,528,,0,0
Narellan,NSW,2567,narellan-nsw-2567,House,3,1012500,18,0,35,650,3.34,820000,1138944
Narellan,NSW,2567,narellan-nsw-2567,House,4,1205000,11,0,20,765,3.3,1021500,1501250
Narellan,NSW,2567,narellan-nsw-2567,House,5,0,0,0,4,0,,0,0
Narellan,NSW,2567,narellan-nsw-2567,Unit,1,0,0,0,4,0,,0,0
Narellan,NSW,2567,narellan-nsw-2567,Unit,2,0,0,0,5,545,,0,0
Narellan,NSW,2567,narellan-nsw-2567,Unit,3,0,0,0,1,0,,0,0
New Lambton Heights,NSW,2305,new-lambton-heights-nsw-2305,House,2,0,0,0,1,0,,0,0
New Lambton Heights,NSW,2305,new-lambton-heights-nsw-2305,House,3,1025000,22,0,14,0,,921600,1627750
New Lambton Heights,NSW,2305,new-lambton-heights-nsw-2305,House,4,1400000,23,0,23,0,,1021500,1938000
New Lambton Heights,NSW,2305,new-lambton-heights-nsw-2305,House,5,0,0,0,9,0,,0,0
New Lambton Heights,NSW,2305,new-lambton-heights-nsw-2305,Unit,1,0,0,0,0,0,,0,0
New Lambton Heights,NSW,2305,new-lambton-heights-nsw-2305,Unit,2,0,0,0,0,0,,0,0
New Lambton Heights,NSW,2305,new-lambton-heights-nsw-2305,Unit,3,0,0,0,1,0,,0,0
Newcastle,NSW,2300,newcastle-nsw-2300,House,2,0,0,0,1,790,,0,0
Newcastle,NSW,2300,newcastle-nsw-2300,House,3,0,0,0,3,0,,0,0
Newcastle,NSW,2300,newcastle-nsw-2300,House,4,0,0,0,0,0,,0,0
Newcastle,NSW,2300,newcastle-nsw-2300,House,5,0,0,0,1,0,,0,0
Newcastle,NSW,2300,newcastle-nsw-2300,Unit,1,680000,31,0,60,650,4.97,144500,1025250
Newcastle,NSW,2300,newcastle-nsw-2300,Unit,2,1125000,56,0.3333333333333333,97,850,3.93,650000,1600000
Newcastle,NSW,2300,newcastle-nsw-2300,Unit,3,1957500,66,0.3125,45,1250,3.32,903750,3450000
Oakdale,NSW,2570,oakdale-nsw-2570,House,2,0,0,0,1,0,,0,0
Oakdale,NSW,2570,oakdale-nsw-2570,House,3,960000,17,0,11,0,,863750,1712500
Oakdale,NSW,2570,oakdale-nsw-2570,House,4,1085000,32,0,16,0,,981250,1460675
Oakdale,NSW,2570,oakdale-nsw-2570,House,5,0,0,0,5,0,,0,0
Oxley Park,NSW,2760,oxley-park-nsw-2760,House,2,735000,0,0,10,525,3.71,704450,1011750
Oxley Park,NSW,2760,oxley-park-nsw-2760,House,3,830000,16,0,48,620,3.88,759000,1400000
Oxley Park,NSW,2760,oxley-park-nsw-2760,House,4,870000,25,0,29,680,4.06,808500,1284200
Oxley Park,NSW,2760,oxley-park-nsw-2760,House,5,0,0,0,0,0,,0,0
Oxley Park,NSW,2760,oxley-park-nsw-2760,Unit,1,0,0,0,0,0,,0,0
Oxley Park,NSW,2760,oxley-park-nsw-2760,Unit,2,0,0,0,0,0,,0,0
Oxley Park,NSW,2760,oxley-park-nsw-2760,Unit,3,0,0,0,7,0,,0,0
Pokolbin,NSW,2320,pokolbin-nsw-2320,House,2,0,0,0,2,0,,0,0
Pokolbin,NSW,2320,pokolbin-nsw-2320,House,3,0,0,0,1,0,,0,0
Pokolbin,NSW,2320,pokolbin-nsw-2320,House,4,1612500,188,0,22,0,,1201000,2280000
Pokolbin,NSW,2320,pokolbin-nsw-2320,House,5,0,0,0,7,0,,0,0
Pokolbin,NSW,2320,pokolbin-nsw-2320,Unit,1,200000,0,0,11,0,,197000,237500
Pokolbin,NSW,2320,pokolbin-nsw-2320,Unit,2,363750,80,0,24,0,,262500,1001000
Pokolbin,NSW,2320,pokolbin-nsw-2320,Unit,3,0,0,0,3,0,,0,0
Prospect,NSW,2148,prospect-nsw-2148,House,2,0,0,0,4,550,,0,0
Prospect,NSW,2148,prospect-nsw-2148,House,3,1156000,19,0.8,28,670,3.01,760000,1359500
Prospect,NSW,2148,prospect-nsw-2148,House,4,1347500,0,0.7058823529411765,22,850,3.28,876504,1616250
Prospect,NSW,2148,prospect-nsw-2148,House,5,0,0,0,6,0,,0,0
Prospect,NSW,2148,prospect-nsw-2148,Unit,1,0,0,0,4,0,,0,0
Prospect,NSW,2148,prospect-nsw-2148,Unit,2,560000,0,0,11,578,5.37,495000,709500
Prospect,NSW,2148,prospect-nsw-2148,Unit,3,0,0,0,2,0,,0,0
Rydalmere,NSW,2116,rydalmere-nsw-2116,House,2,0,0,0,3,600,,0,0
Rydalmere,NSW,2116,rydalmere-nsw-2116,House,3,1590000,34,0.7222222222222222,28,730,2.39,1030500,2164750
Rydalmere,NSW,2116,rydalmere-nsw-2116,House,4,1830000,37,0.6,24,1100,3.13,1064000,2362500
Rydalmere,NSW,2116,rydalmere-nsw-2116,House,5,2010000,39,0.4,26,1350,3.49,1816250,2788250
Rydalmere,NSW,2116,rydalmere-nsw-2116,Unit,1,470000,0,0,10,595,6.58,442700,562000
Rydalmere,NSW,2116,rydalmere-nsw-2116,Unit,2,615000,29,0,23,650,5.5,506590,744500
Rydalmere,NSW,2116,rydalmere-nsw-2116,Unit,3,0,0,0,6,690,,0,0
Tenambit,NSW,2323,tenambit-nsw-2323,House,2,0,0,0,3,0,,0,0
Tenambit,NSW,2323,tenambit-nsw-2323,House,3,770250,15,0,38,610,4.12,648500,905250
Tenambit,NSW,2323,tenambit-nsw-2323,House,4,885750,38,0,19,655,3.85,718000,1062000
Tenambit,NSW,2323,tenambit-nsw-2323,House,5,0,0,0,2,0,,0,0
Wentworth Point,NSW,2127,wentworth-point-nsw-2127,House,2,0,0,0,2,0,,0,0
Wentworth Point,NSW,2127,wentworth-point-nsw-2127,House,3,0,0,0,0,0,,0,0
Wentworth Point,NSW,2127,wentworth-point-nsw-2127,House,4,0,0,0,0,0,,0,0
Wentworth Point,NSW,2127,wentworth-point-nsw-2127,House,5,0,0,0,0,0,,0,0
Wentworth Point,NSW,2127,wentworth-point-nsw-2127,Unit,1,607000,39,0.23529411764705882,180,700,6.0,520000,680000
Wentworth Point,NSW,2127,wentworth-point-nsw-2127,Unit,2,810000,41,0.6041666666666666,317,850,5.46,675000,1101750
Wentworth Point,NSW,2127,wentworth-point-nsw-2127,Unit,3,1262500,71,0.4,50,1200,4.94,954500,1981850
Werrington County,NSW,2747,werrington-county-nsw-2747,House,2,0,0,0,0,510,,0,0
Werrington County,NSW,2747,werrington-county-nsw-2747,House,3,1035000,7,0,27,650,3.27,825000,1222500
Werrington County,NSW,2747,werrington-county-nsw-2747,House,4,1210000,10,0,19,745,3.2,963929,1411000
Werrington County,NSW,2747,werrington-county-nsw-2747,House,5,0,0,0,4,0,,0,0
Werrington County,NSW,2747,werrington-county-nsw-2747,Unit,1,0,0,0,0,0,,0,0
Werrington County,NSW,2747,werrington-county-nsw-2747,Unit,2,0,0,0,0,560,,0,0
Werrington County,NSW,2747,werrington-county-nsw-2747,Unit,3,0,0,0,0,0,,0,0
West Tamworth,NSW,2340,west-tamworth-nsw-2340,House,2,432000,0,0,13,385,4.63,314000,598800
West Tamworth,NSW,2340,west-tamworth-nsw-2340,House,3,465250,27,0.7272727272727273,89,450,5.03,282075,668250
West Tamworth,NSW,2340,west-tamworth-nsw-2340,House,4,532500,24,0,22,495,4.83,397000,772750
West Tamworth,NSW,2340,west-tamworth-nsw-2340,House,5,0,0,0,1,0,,0,0
West Tamworth,NSW,2340,west-tamworth-nsw-2340,Unit,1,0,0,0,0,280,,0,0
West Tamworth,NSW,2340,west-tamworth-nsw-2340,Unit,2,350000,0,0,15,360,5.35,300000,509000
West Tamworth,NSW,2340,west-tamworth-nsw-2340,Unit,3,0,0,0,3,0,,0,0
West Wyalong,NSW,2671,west-wyalong-nsw-2671,House,2,0,0,0,4,0,,0,0
West Wyalong,NSW,2671,west-wyalong-nsw-2671,House,3,420000,63,0,34,478,5.92,218200,660500
West Wyalong,NSW,2671,west-wyalong-nsw-2671,House,4,470000,45,0,15,0,,344250,716500
West Wyalong,NSW,2671,west-wyalong-nsw-2671,House,5,0,0,0,6,0,,0,0
Yowie Bay,NSW,2228,yowie-bay-nsw-2228,House,2,0,0,0,1,0,,0,0
Yowie Bay,NSW,2228,yowie-bay-nsw-2228,House,3,0,0,0,6,0,,0,0
Yowie Bay,NSW,2228,yowie-bay-nsw-2228,House,4,2400000,0,0.5,22,1400,3.03,2051000,3342500
Yowie Bay,NSW,2228,yowie-bay-nsw-2228,House,5,2662500,0,0.6,13,0,,2086500,3862500
Balgowlah Heights,NSW,2093,balgowlah-heights-nsw-2093,House,2,0,0,0,0,0,,0,0
Balgowlah Heights,NSW,2093,balgowlah-heights-nsw-2093,House,3,0,0,0,8,0,,0,0
Balgowlah Heights,NSW,2093,balgowlah-heights-nsw-2093,House,4,4240000,0,0.3888888888888889,16,2125,2.61,3577500,5381250
Balgowlah Heights,NSW,2093,balgowlah-heights-nsw-2093,House,5,4510000,0,0.5,15,2700,3.11,3982500,8157500
Balgownie,NSW,2519,balgownie-nsw-2519,House,2,0,0,0,9,0,,0,0
Balgownie,NSW,2519,balgownie-nsw-2519,House,3,1200000,34,0,23,805,3.49,780245,1332500
Balgownie,NSW,2519,balgownie-nsw-2519,House,4,1550000,49,0.5384615384615384,25,1050,3.52,1172000,1916400
Balgownie,NSW,2519,balgownie-nsw-2519,House,5,0,0,0,9,0,,0,0
Balgownie,NSW,2519,balgownie-nsw-2519,Unit,1,0,0,0,1,0,,0,0
Balgownie,NSW,2519,balgownie-nsw-2519,Unit,2,0,0,0,4,0,,0,0
Balgownie,NSW,2519,balgownie-nsw-2519,Unit,3,0,0,0,8,0,,0,0
Bayview,NSW,2104,bayview-nsw-2104,House,2,0,0,0,2,0,,0,0
Bayview,NSW,2104,bayview-nsw-2104,House,3,0,0,0,5,0,,0,0
Bayview,NSW,2104,bayview-nsw-2104,House,4,2932500,0,0.4090909090909091,18,0,,2085000,4399582
Bayview,NSW,2104,bayview-nsw-2104,House,5,2708750,0,0.47619047619047616,16,2200,4.22,2225000,4187500
Bayview,NSW,2104,bayview-nsw-2104,Unit,1,0,0,0,2,0,,0,0
Bayview,NSW,2104,bayview-nsw-2104,Unit,2,0,0,0,6,0,,0,0
Bayview,NSW,2104,bayview-nsw-2104,Unit,3,0,0,0,3,0,,0,0
Birrong,NSW,2143,birrong-nsw-2143,House,2,0,0,0,1,0,,0,0
Birrong,NSW,2143,birrong-nsw-2143,House,3,1407500,0,0.8,12,780,2.88,1155000,1575000
Birrong,NSW,2143,birrong-nsw-2143,House,4,0,0,0,8,0,,0,0
Birrong,NSW,2143,birrong-nsw-2143,House,5,0,0,0,8,0,,0,0
Birrong,NSW,2143,birrong-nsw-2143,Unit,1,0,0,0,0,0,,0,0
Birrong,NSW,2143,birrong-nsw-2143,Unit,2,0,0,0,0,0,,0,0
Birrong,NSW,2143,birrong-nsw-2143,Unit,3,0,0,0,0,0,,0,0
Blackbutt,NSW,2529,blackbutt-nsw-2529,House,2,0,0,0,6,0,,0,0
Blackbutt,NSW,2529,blackbutt-nsw-2529,House,3,922500,17,0,21,750,4.23,812000,1090000
Blackbutt,NSW,2529,blackbutt-nsw-2529,House,4,1220000,31,0,15,825,3.52,977500,1495000
Blackbutt,NSW,2529,blackbutt-nsw-2529,House,5,0,0,0,2,0,,0,0
Blackwall,NSW,2256,blackwall-nsw-2256,House,2,0,0,0,1,550,,0,0
Blackwall,NSW,2256,blackwall-nsw-2256,House,3,1190000,70,0,16,710,3.1,886250,1312500
Blackwall,NSW,2256,blackwall-nsw-2256,House,4,0,0,0,7,0,,0,0
Blackwall,NSW,2256,blackwall-nsw-2256,House,5,0,0,0,9,0,,0,0
Blackwall,NSW,2256,blackwall-nsw-2256,Unit,1,0,0,0,0,0,,0,0
Blackwall,NSW,2256,blackwall-nsw-2256,Unit,2,0,0,0,3,0,,0,0
Blackwall,NSW,2256,blackwall-nsw-2256,Unit,3,840000,0,0,11,0,,760000,1180000
Bolwarra,NSW,2320,bolwarra-nsw-2320,House,2,0,0,0,1,0,,0,0
Bolwarra,NSW,2320,bolwarra-nsw-2320,House,3,0,0,0,9,0,,0,0
Bolwarra,NSW,2320,bolwarra-nsw-2320,House,4,990000,39,0,27,790,4.15,801250,1615000
Bolwarra,NSW,2320,bolwarra-nsw-2320,House,5,0,0,0,6,0,,0,0
Bonnyrigg Heights,NSW,2177,bonnyrigg-heights-nsw-2177,House,2,0,0,0,0,530,,0,0
Bonnyrigg Heights,NSW,2177,bonnyrigg-heights-nsw-2177,House,3,1235000,0,0,12,695,2.93,845250,1526700
Bonnyrigg Heights,NSW,2177,bonnyrigg-heights-nsw-2177,House,4,1450000,0,0.6363636363636364,15,875,3.14,1290000,1793000
Bonnyrigg Heights,NSW,2177,bonnyrigg-heights-nsw-2177,House,5,0,0,0,4,0,,0,0
Budgewoi,NSW,2262,budgewoi-nsw-2262,House,2,0,0,0,7,500,,0,0
Budgewoi,NSW,2262,budgewoi-nsw-2262,House,3,852500,10,0,37,620,3.78,729600,1260000
Budgewoi,NSW,2262,budgewoi-nsw-2262,House,4,900000,29,0,22,710,4.1,770250,1703750
Budgewoi,NSW,2262,budgewoi-nsw-2262,House,5,0,0,0,9,0,,0,0
Budgewoi,NSW,2262,budgewoi-nsw-2262,Unit,1,0,0,0,0,0,,0,0
Budgewoi,NSW,2262,budgewoi-nsw-2262,Unit,2,0,0,0,2,0,,0,0
Budgewoi,NSW,2262,budgewoi-nsw-2262,Unit,3,0,0,0,1,0,,0,0
Burrill Lake,NSW,2539,burrill-lake-nsw-2539,House,2,0,0,0,8,0,,0,0
Burrill Lake,NSW,2539,burrill-lake-nsw-2539,House,3,920000,46,0,19,580,3.28,786250,1239500
Burrill Lake,NSW,2539,burrill-lake-nsw-2539,House,4,910000,105,0,17,0,,699800,1434000
Burrill Lake,NSW,2539,burrill-lake-nsw-2539,House,5,0,0,0,4,0,,0,0
Burrill Lake,NSW,2539,burrill-lake-nsw-2539,Unit,1,0,0,0,1,0,,0,0
Burrill Lake,NSW,2539,burrill-lake-nsw-2539,Unit,2,0,0,0,1,0,,0,0
Burrill Lake,NSW,2539,burrill-lake-nsw-2539,Unit,3,0,0,0,0,0,,0,0
Castlecrag,NSW,2068,castlecrag-nsw-2068,House,2,0,0,0,0,0,,0,0
Castlecrag,NSW,2068,castlecrag-nsw-2068,House,3,0,0,0,7,0,,0,0
Castlecrag,NSW,2068,castlecrag-nsw-2068,House,4,4925000,0,0.25,16,2000,2.11,2677500,8733602
Castlecrag,NSW,2068,castlecrag-nsw-2068,House,5,4545000,0,0.26666666666666666,10,0,,2957500,5583750
Castlecrag,NSW,2068,castlecrag-nsw-2068,Unit,1,0,0,0,0,0,,0,0
Castlecrag,NSW,2068,castlecrag-nsw-2068,Unit,2,0,0,0,0,0,,0,0
Castlecrag,NSW,2068,castlecrag-nsw-2068,Unit,3,0,0,0,0,0,,0,0
Coonabarabran,NSW,2357,coonabarabran-nsw-2357,House,2,0,0,0,8,0,,0,0
Coonabarabran,NSW,2357,coonabarabran-nsw-2357,House,3,310000,55,0,43,375,6.29,181000,453500
Coonabarabran,NSW,2357,coonabarabran-nsw-2357,House,4,470000,40,0,18,0,,311000,749750
Coonabarabran,NSW,2357,coonabarabran-nsw-2357,House,5,0,0,0,0,0,,0,0
Coonabarabran,NSW,2357,coonabarabran-nsw-2357,Unit,1,0,0,0,0,0,,0,0
Coonabarabran,NSW,2357,coonabarabran-nsw-2357,Unit,2,0,0,0,0,0,,0,0
Coonabarabran,NSW,2357,coonabarabran-nsw-2357,Unit,3,0,0,0,1,0,,0,0
Crescent Head,NSW,2440,crescent-head-nsw-2440,House,2,0,0,0,6,0,,0,0
Crescent Head,NSW,2440,crescent-head-nsw-2440,House,3,0,0,0,7,640,,0,0
Crescent Head,NSW,2440,crescent-head-nsw-2440,House,4,0,0,0,7,0,,0,0
Crescent Head,NSW,2440,crescent-head-nsw-2440,House,5,0,0,0,0,0,,0,0
Crescent Head,NSW,2440,crescent-head-nsw-2440,Unit,1,0,0,0,0,0,,0,0
Crescent Head,NSW,2440,crescent-head-nsw-2440,Unit,2,0,0,0,2,380,,0,0
Crescent Head,NSW,2440,crescent-head-nsw-2440,Unit,3,0,0,0,1,0,,0,0
Dean Park,NSW,2761,dean-park-nsw-2761,House,2,0,0,0,1,530,,0,0
Dean Park,NSW,2761,dean-park-nsw-2761,House,3,1050000,22,0.4166666666666667,22,630,3.12,920000,1269700
Dean Park,NSW,2761,dean-park-nsw-2761,House,4,1075000,0,0,10,0,,976500,1254350
Dean Park,NSW,2761,dean-park-nsw-2761,House,5,0,0,0,4,0,,0,0
Dean Park,NSW,2761,dean-park-nsw-2761,Unit,1,0,0,0,0,0,,0,0
Dean Park,NSW,2761,dean-park-nsw-2761,Unit,2,0,0,0,0,0,,0,0
Dean Park,NSW,2761,dean-park-nsw-2761,Unit,3,0,0,0,0,0,,0,0
East Tamworth,NSW,2340,east-tamworth-nsw-2340,House,2,487500,0,0,18,435,4.64,313000,636250
East Tamworth,NSW,2340,east-tamworth-nsw-2340,House,3,645000,31,0.5714285714285714,75,565,4.56,528500,1109000
East Tamworth,NSW,2340,east-tamworth-nsw-2340,House,4,820000,56,0.3333333333333333,47,650,4.12,604500,1461500
East Tamworth,NSW,2340,east-tamworth-nsw-2340,House,5,0,0,0,9,0,,0,0
East Tamworth,NSW,2340,east-tamworth-nsw-2340,Unit,1,0,0,0,1,320,,0,0
East Tamworth,NSW,2340,east-tamworth-nsw-2340,Unit,2,355000,0,0,23,400,5.86,330000,479500
East Tamworth,NSW,2340,east-tamworth-nsw-2340,Unit,3,0,0,0,3,0,,0,0
Edensor Park,NSW,2176,edensor-park-nsw-2176,House,2,0,0,0,0,578,,0,0
Edensor Park,NSW,2176,edensor-park-nsw-2176,House,3,1230000,29,0.5555555555555556,22,700,2.96,842375,1470000
Edensor Park,NSW,2176,edensor-park-nsw-2176,House,4,1500500,0,0.52,23,900,3.12,1221625,2085000
Edensor Park,NSW,2176,edensor-park-nsw-2176,House,5,1627000,0,0.5,17,0,,1396000,2132600
Emerald Beach,NSW,2456,emerald-beach-nsw-2456,House,2,0,0,0,0,0,,0,0
Emerald Beach,NSW,2456,emerald-beach-nsw-2456,House,3,975000,90,0,12,705,3.76,822250,1117500
Emerald Beach,NSW,2456,emerald-beach-nsw-2456,House,4,1140000,36,0,15,850,3.88,914000,1681000
Emerald Beach,NSW,2456,emerald-beach-nsw-2456,House,5,0,0,0,2,0,,0,0
Enmore,NSW,2042,enmore-nsw-2042,House,2,1625000,0,0.7058823529411765,17,895,2.86,1484000,1972400
Enmore,NSW,2042,enmore-nsw-2042,House,3,2200000,0,0.5,19,1300,3.07,1659000,3176000
Enmore,NSW,2042,enmore-nsw-2042,House,4,0,0,0,6,0,,0,0
Enmore,NSW,2042,enmore-nsw-2042,House,5,0,0,0,8,0,,0,0
Enmore,NSW,2042,enmore-nsw-2042,Unit,1,0,0,0,3,580,,0,0
Enmore,NSW,2042,enmore-nsw-2042,Unit,2,1250000,0,0,17,745,3.1,907400,1470000
Enmore,NSW,2042,enmore-nsw-2042,Unit,3,0,0,0,2,0,,0,0
Girraween,NSW,2145,girraween-nsw-2145,House,2,0,0,0,5,600,,0,0
Girraween,NSW,2145,girraween-nsw-2145,House,3,1080000,40,0.75,53,780,3.76,836000,1995600
Girraween,NSW,2145,girraween-nsw-2145,House,4,1252000,26,0.7058823529411765,29,875,3.63,941600,1989000
Girraween,NSW,2145,girraween-nsw-2145,House,5,0,0,0,9,1090,,0,0
Girraween,NSW,2145,girraween-nsw-2145,Unit,1,0,0,0,0,0,,0,0
Girraween,NSW,2145,girraween-nsw-2145,Unit,2,773750,15,0,22,570,3.83,470500,867600
Girraween,NSW,2145,girraween-nsw-2145,Unit,3,952000,0,0,11,750,4.1,745000,988500
Hamilton North,NSW,2292,hamilton-north-nsw-2292,House,2,0,0,0,3,0,,0,0
Hamilton North,NSW,2292,hamilton-north-nsw-2292,House,3,0,0,0,10,830,,0,0
Hamilton North,NSW,2292,hamilton-north-nsw-2292,House,4,0,0,0,0,0,,0,0
Hamilton North,NSW,2292,hamilton-north-nsw-2292,House,5,0,0,0,2,0,,0,0
Holmesville,NSW,2286,holmesville-nsw-2286,House,2,0,0,0,2,0,,0,0
Holmesville,NSW,2286,holmesville-nsw-2286,House,3,843000,0,0,12,0,,707600,1036600
Holmesville,NSW,2286,holmesville-nsw-2286,House,4,0,0,0,3,0,,0,0
Holmesville,NSW,2286,holmesville-nsw-2286,House,5,0,0,0,2,0,,0,0
Junction Hill,NSW,2460,junction-hill-nsw-2460,House,2,0,0,0,2,0,,0,0
Junction Hill,NSW,2460,junction-hill-nsw-2460,House,3,565000,0,0,20,545,5.02,449000,870250
Junction Hill,NSW,2460,junction-hill-nsw-2460,House,4,757500,0,0,10,0,,266685,927500
Junction Hill,NSW,2460,junction-hill-nsw-2460,House,5,0,0,0,3,0,,0,0
Kareela,NSW,2232,kareela-nsw-2232,House,2,0,0,0,0,0,,0,0
Kareela,NSW,2232,kareela-nsw-2232,House,3,1637500,0,0,10,0,,1434375,1824700
Kareela,NSW,2232,kareela-nsw-2232,House,4,1830000,0,0.7083333333333334,26,1200,3.41,1475000,2287500
Kareela,NSW,2232,kareela-nsw-2232,House,5,0,0,0,9,0,,0,0
Koonawarra,NSW,2530,koonawarra-nsw-2530,House,2,0,0,0,0,0,,0,0
Koonawarra,NSW,2530,koonawarra-nsw-2530,House,3,800000,13,0,25,650,4.23,672000,1000000
Koonawarra,NSW,2530,koonawarra-nsw-2530,House,4,0,0,0,9,0,,0,0
Koonawarra,NSW,2530,koonawarra-nsw-2530,House,5,0,0,0,2,0,,0,0
Llanarth,NSW,2795,llanarth-nsw-2795,House,2,0,0,0,0,0,,0,0
Llanarth,NSW,2795,llanarth-nsw-2795,House,3,0,0,0,4,0,,0,0
Llanarth,NSW,2795,llanarth-nsw-2795,House,4,852500,100,0,36,650,3.96,778750,1050000
Llanarth,NSW,2795,llanarth-nsw-2795,House,5,0,0,0,8,0,,0,0
Molong,NSW,2866,molong-nsw-2866,House,2,0,0,0,4,0,,0,0
Molong,NSW,2866,molong-nsw-2866,House,3,465000,78,0,30,475,5.31,340850,694250
Molong,NSW,2866,molong-nsw-2866,House,4,740000,41,0,15,0,,454250,1240000
Molong,NSW,2866,molong-nsw-2866,House,5,0,0,0,3,0,,0,0
Molong,NSW,2866,molong-nsw-2866,Unit,1,0,0,0,0,0,,0,0
Molong,NSW,2866,molong-nsw-2866,Unit,2,0,0,0,0,0,,0,0
Molong,NSW,2866,molong-nsw-2866,Unit,3,0,0,0,0,0,,0,0
Narromine,NSW,2821,narromine-nsw-2821,House,2,0,0,0,7,0,,0,0
Narromine,NSW,2821,narromine-nsw-2821,House,3,450000,27,0,50,480,5.55,244000,680000
Narromine,NSW,2821,narromine-nsw-2821,House,4,610000,44,0,20,530,4.52,382750,1256000
Narromine,NSW,2821,narromine-nsw-2821,House,5,0,0,0,6,0,,0,0
Narromine,NSW,2821,narromine-nsw-2821,Unit,1,0,0,0,0,0,,0,0
Narromine,NSW,2821,narromine-nsw-2821,Unit,2,0,0,0,1,0,,0,0
Narromine,NSW,2821,narromine-nsw-2821,Unit,3,0,0,0,0,0,,0,0
North Gosford,NSW,2250,north-gosford-nsw-2250,House,2,746000,0,0,10,565,3.94,572700,1700000
North Gosford,NSW,2250,north-gosford-nsw-2250,House,3,822000,17,0,38,695,4.4,670000,1056407
North Gosford,NSW,2250,north-gosford-nsw-2250,House,4,943000,0,0,13,0,,678000,1366000
North Gosford,NSW,2250,north-gosford-nsw-2250,House,5,0,0,0,6,0,,0,0
North Gosford,NSW,2250,north-gosford-nsw-2250,Unit,1,0,0,0,2,500,,0,0
North Gosford,NSW,2250,north-gosford-nsw-2250,Unit,2,612500,39,0,26,600,5.09,473500,713750
North Gosford,NSW,2250,north-gosford-nsw-2250,Unit,3,687500,44,0,14,650,4.92,593000,810000
Ourimbah,NSW,2258,ourimbah-nsw-2258,House,2,0,0,0,8,550,,0,0
Ourimbah,NSW,2258,ourimbah-nsw-2258,House,3,890000,8,0,22,650,3.8,724525,1199000
Ourimbah,NSW,2258,ourimbah-nsw-2258,House,4,1200000,16,0,15,0,,1063800,1780000
Ourimbah,NSW,2258,ourimbah-nsw-2258,House,5,0,0,0,6,0,,0,0
Queanbeyan West,NSW,2620,queanbeyan-west-nsw-2620,House,2,0,0,0,2,550,,0,0
Queanbeyan West,NSW,2620,queanbeyan-west-nsw-2620,House,3,813000,63,0.5454545454545454,22,680,4.35,691675,929000
Queanbeyan West,NSW,2620,queanbeyan-west-nsw-2620,House,4,895000,0,0,13,0,,741400,1138000
Queanbeyan West,NSW,2620,queanbeyan-west-nsw-2620,House,5,0,0,0,4,0,,0,0
Raby,NSW,2566,raby-nsw-2566,House,2,0,0,0,3,520,,0,0
Raby,NSW,2566,raby-nsw-2566,House,3,974000,8,0,30,640,3.42,806000,1075200
Raby,NSW,2566,raby-nsw-2566,House,4,1137500,15,0,26,740,3.38,965000,1735375
Raby,NSW,2566,raby-nsw-2566,House,5,0,0,0,3,0,,0,0
Raworth,NSW,2321,raworth-nsw-2321,House,2,0,0,0,0,0,,0,0
Raworth,NSW,2321,raworth-nsw-2321,House,3,750000,0,0,10,615,4.26,640500,967000
Raworth,NSW,2321,raworth-nsw-2321,House,4,896500,57,0,19,680,3.94,778400,1425000
Raworth,NSW,2321,raworth-nsw-2321,House,5,0,0,0,1,0,,0,0
Raworth,NSW,2321,raworth-nsw-2321,Unit,1,0,0,0,0,0,,0,0
Raworth,NSW,2321,raworth-nsw-2321,Unit,2,0,0,0,1,0,,0,0
Raworth,NSW,2321,raworth-nsw-2321,Unit,3,0,0,0,1,0,,0,0
Shoal Bay,NSW,2315,shoal-bay-nsw-2315,House,2,0,0,0,3,580,,0,0
Shoal Bay,NSW,2315,shoal-bay-nsw-2315,House,3,1130000,51,0.8,15,675,3.11,795000,1489000
Shoal Bay,NSW,2315,shoal-bay-nsw-2315,House,4,1383000,0,0.6428571428571429,15,0,,1125500,2575000
Shoal Bay,NSW,2315,shoal-bay-nsw-2315,House,5,0,0,0,2,0,,0,0
Shoal Bay,NSW,2315,shoal-bay-nsw-2315,Unit,1,0,0,0,6,0,,0,0
Shoal Bay,NSW,2315,shoal-bay-nsw-2315,Unit,2,855000,56,0.7692307692307693,23,560,3.41,662000,1195750
Shoal Bay,NSW,2315,shoal-bay-nsw-2315,Unit,3,0,0,0,0,0,,0,0
Smithtown,NSW,2440,smithtown-nsw-2440,House,2,0,0,0,3,0,,0,0
Smithtown,NSW,2440,smithtown-nsw-2440,House,3,435000,139,0,11,0,,372500,575000
Smithtown,NSW,2440,smithtown-nsw-2440,House,4,0,0,0,2,0,,0,0
Smithtown,NSW,2440,smithtown-nsw-2440,House,5,0,0,0,2,0,,0,0
Soldiers Point,NSW,2317,soldiers-point-nsw-2317,House,2,0,0,0,2,0,,0,0
Soldiers Point,NSW,2317,soldiers-point-nsw-2317,House,3,1010000,0,0.35714285714285715,15,720,3.71,795000,2466500
Soldiers Point,NSW,2317,soldiers-point-nsw-2317,House,4,0,0,0.3333333333333333,9,0,,0,0
Soldiers Point,NSW,2317,soldiers-point-nsw-2317,House,5,0,0,0,1,0,,0,0
Soldiers Point,NSW,2317,soldiers-point-nsw-2317,Unit,1,0,0,0,1,0,,0,0
Soldiers Point,NSW,2317,soldiers-point-nsw-2317,Unit,2,0,0,0,8,550,,0,0
Soldiers Point,NSW,2317,soldiers-point-nsw-2317,Unit,3,0,0,0,2,0,,0,0
Springdale Heights,NSW,2641,springdale-heights-nsw-2641,House,2,0,0,0,4,410,,0,0
Springdale Heights,NSW,2641,springdale-heights-nsw-2641,House,3,595000,26,0,23,495,4.33,495490,865500
Springdale Heights,NSW,2641,springdale-heights-nsw-2641,House,4,680000,50,0,23,570,4.36,401500,1091000
Springdale Heights,NSW,2641,springdale-heights-nsw-2641,House,5,0,0,0,1,0,,0,0
Springdale Heights,NSW,2641,springdale-heights-nsw-2641,Unit,1,0,0,0,0,0,,0,0
Springdale Heights,NSW,2641,springdale-heights-nsw-2641,Unit,2,0,0,0,6,350,,0,0
Springdale Heights,NSW,2641,springdale-heights-nsw-2641,Unit,3,0,0,0,1,0,,0,0
Summerland Point,NSW,2259,summerland-point-nsw-2259,House,2,0,0,0,4,490,,0,0
Summerland Point,NSW,2259,summerland-point-nsw-2259,House,3,870000,27,0,25,630,3.77,702000,1138000
Summerland Point,NSW,2259,summerland-point-nsw-2259,House,4,945000,53,0,29,750,4.13,804000,1364000
Summerland Point,NSW,2259,summerland-point-nsw-2259,House,5,0,0,0,7,0,,0,0
Tallwoods Village,NSW,2430,tallwoods-village-nsw-2430,House,2,0,0,0,1,0,,0,0
Tallwoods Village,NSW,2430,tallwoods-village-nsw-2430,House,3,840000,106,0,15,0,,634300,1152000
Tallwoods Village,NSW,2430,tallwoods-village-nsw-2430,House,4,1025000,89,0,20,0,,722250,1762500
Tallwoods Village,NSW,2430,tallwoods-village-nsw-2430,House,5,0,0,0,5,0,,0,0
Townsend,NSW,2463,townsend-nsw-2463,House,2,0,0,0,3,0,,0,0
Townsend,NSW,2463,townsend-nsw-2463,House,3,681500,41,0,14,570,4.35,602875,821750
Townsend,NSW,2463,townsend-nsw-2463,House,4,778000,0,0,10,0,,617500,950750
Townsend,NSW,2463,townsend-nsw-2463,House,5,0,0,0,1,0,,0,0
Townsend,NSW,2463,townsend-nsw-2463,Unit,1,0,0,0,0,0,,0,0
Townsend,NSW,2463,townsend-nsw-2463,Unit,2,0,0,0,0,0,,0,0
Townsend,NSW,2463,townsend-nsw-2463,Unit,3,0,0,0,1,0,,0,0
Wakeley,NSW,2176,wakeley-nsw-2176,House,2,0,0,0,1,0,,0,0
Wakeley,NSW,2176,wakeley-nsw-2176,House,3,1335000,0,0.9090909090909091,14,700,2.73,1012750,1495750
Wakeley,NSW,2176,wakeley-nsw-2176,House,4,1435000,0,0,10,880,3.19,1249450,1626250
Wakeley,NSW,2176,wakeley-nsw-2176,House,5,0,0,0,8,0,,0,0
Wallerawang,NSW,2845,wallerawang-nsw-2845,House,2,0,0,0,3,0,,0,0
Wallerawang,NSW,2845,wallerawang-nsw-2845,House,3,530000,43,0,15,480,4.71,446500,744500
Wallerawang,NSW,2845,wallerawang-nsw-2845,House,4,705000,0,0,11,0,,387500,797500
Wallerawang,NSW,2845,wallerawang-nsw-2845,House,5,0,0,0,1,0,,0,0
Wallerawang,NSW,2845,wallerawang-nsw-2845,Unit,1,0,0,0,0,0,,0,0
Wallerawang,NSW,2845,wallerawang-nsw-2845,Unit,2,0,0,0,3,0,,0,0
Wallerawang,NSW,2845,wallerawang-nsw-2845,Unit,3,0,0,0,0,0,,0,0
Warrimoo,NSW,2774,warrimoo-nsw-2774,House,2,0,0,0,3,0,,0,0
Warrimoo,NSW,2774,warrimoo-nsw-2774,House,3,1052500,8,0,18,650,3.21,781750,1254002
Warrimoo,NSW,2774,warrimoo-nsw-2774,House,4,0,0,0,9,0,,0,0
Warrimoo,NSW,2774,warrimoo-nsw-2774,House,5,0,0,0,4,0,,0,0
Warrimoo,NSW,2774,warrimoo-nsw-2774,Unit,1,0,0,0,0,0,,0,0
Warrimoo,NSW,2774,warrimoo-nsw-2774,Unit,2,0,0,0,0,0,,0,0
Warrimoo,NSW,2774,warrimoo-nsw-2774,Unit,3,0,0,0,0,0,,0,0
Westmead,NSW,2145,westmead-nsw-2145,House,2,810000,0,0,11,650,4.17,511250,2083000
Westmead,NSW,2145,westmead-nsw-2145,House,3,1300000,0,0,11,750,3.0,820000,2355000
Westmead,NSW,2145,westmead-nsw-2145,House,4,1931000,0,0.5454545454545454,13,895,2.41,1210200,2337000
Westmead,NSW,2145,westmead-nsw-2145,House,5,0,0,0,3,0,,0,0
Westmead,NSW,2145,westmead-nsw-2145,Unit,1,488750,43,0,38,600,6.38,402950,569800
Westmead,NSW,2145,westmead-nsw-2145,Unit,2,590000,38,0.6792452830188679,253,630,5.55,517250,717150
Westmead,NSW,2145,westmead-nsw-2145,Unit,3,755000,38,0.9,40,750,5.17,578500,842500
Abbotsbury,NSW,2176,abbotsbury-nsw-2176,House,2,0,0,0,0,0,,0,0
Abbotsbury,NSW,2176,abbotsbury-nsw-2176,House,3,0,0,0,5,0,,0,0
Abbotsbury,NSW,2176,abbotsbury-nsw-2176,House,4,1876500,0,0,15,1000,2.77,1365500,2256500
Abbotsbury,NSW,2176,abbotsbury-nsw-2176,House,5,1925000,0,0.36363636363636365,13,0,,1734000,2348000
Ashcroft,NSW,2168,ashcroft-nsw-2168,House,2,0,0,0,0,0,,0,0
Ashcroft,NSW,2168,ashcroft-nsw-2168,House,3,1097500,26,0,25,600,2.84,852250,1327500
Ashcroft,NSW,2168,ashcroft-nsw-2168,House,4,1125000,0,0,11,665,3.07,914000,1217500
Ashcroft,NSW,2168,ashcroft-nsw-2168,House,5,0,0,0,2,0,,0,0
Barden Ridge,NSW,2234,barden-ridge-nsw-2234,House,2,0,0,0,0,0,,0,0
Barden Ridge,NSW,2234,barden-ridge-nsw-2234,House,3,0,0,0,9,0,,0,0
Barden Ridge,NSW,2234,barden-ridge-nsw-2234,House,4,1855000,43,0.5,24,0,,1642800,2263500
Barden Ridge,NSW,2234,barden-ridge-nsw-2234,House,5,1907500,0,0,10,0,,1715750,2337500
Bermagui,NSW,2546,bermagui-nsw-2546,House,2,0,0,0,9,0,,0,0
Bermagui,NSW,2546,bermagui-nsw-2546,House,3,910000,158,0,27,0,,796900,1680000
Bermagui,NSW,2546,bermagui-nsw-2546,House,4,1312250,210,0,16,0,,810500,2668750
Bermagui,NSW,2546,bermagui-nsw-2546,House,5,0,0,0,3,0,,0,0
Bermagui,NSW,2546,bermagui-nsw-2546,Unit,1,0,0,0,2,0,,0,0
Bermagui,NSW,2546,bermagui-nsw-2546,Unit,2,479000,0,0,11,425,4.61,416500,720000
Bermagui,NSW,2546,bermagui-nsw-2546,Unit,3,0,0,0,0,0,,0,0
Berridale,NSW,2628,berridale-nsw-2628,House,2,0,0,0,5,0,,0,0
Berridale,NSW,2628,berridale-nsw-2628,House,3,622500,75,0,22,500,4.18,410780,1060500
Berridale,NSW,2628,berridale-nsw-2628,House,4,0,0,0,8,0,,0,0
Berridale,NSW,2628,berridale-nsw-2628,House,5,0,0,0,3,0,,0,0
Berridale,NSW,2628,berridale-nsw-2628,Unit,1,0,0,0,0,0,,0,0
Berridale,NSW,2628,berridale-nsw-2628,Unit,2,0,0,0,1,0,,0,0
Berridale,NSW,2628,berridale-nsw-2628,Unit,3,0,0,0,3,0,,0,0
Bungarribee,NSW,2767,bungarribee-nsw-2767,House,2,0,0,0,0,0,,0,0
Bungarribee,NSW,2767,bungarribee-nsw-2767,House,3,0,0,0,3,0,,0,0
Bungarribee,NSW,2767,bungarribee-nsw-2767,House,4,1365000,0,0,11,910,3.47,1250000,1660000
Bungarribee,NSW,2767,bungarribee-nsw-2767,House,5,0,0,0,4,0,,0,0
Cabramatta,NSW,2166,cabramatta-nsw-2166,House,2,700000,17,0.8,25,500,3.71,510400,1366800
Cabramatta,NSW,2166,cabramatta-nsw-2166,House,3,1235000,44,0.6842105263157895,47,650,2.74,741500,2175000
Cabramatta,NSW,2166,cabramatta-nsw-2166,House,4,1525000,0,0.5714285714285714,17,780,2.66,803750,2201250
Cabramatta,NSW,2166,cabramatta-nsw-2166,House,5,1450000,0,0,17,1150,4.12,1100000,3116000
Cabramatta,NSW,2166,cabramatta-nsw-2166,Unit,1,375000,0,0,12,375,5.2,342750,421750
Cabramatta,NSW,2166,cabramatta-nsw-2166,Unit,2,480000,23,0,116,455,4.93,398271,672200
Cabramatta,NSW,2166,cabramatta-nsw-2166,Unit,3,585000,0,0,19,550,4.89,440000,805000
Carss Park,NSW,2221,carss-park-nsw-2221,House,2,0,0,0,1,0,,0,0
Carss Park,NSW,2221,carss-park-nsw-2221,House,3,0,0,0,7,0,,0,0
Carss Park,NSW,2221,carss-park-nsw-2221,House,4,0,0,0,7,0,,0,0
Carss Park,NSW,2221,carss-park-nsw-2221,House,5,0,0,0,6,0,,0,0
Chittaway Point,NSW,2261,chittaway-point-nsw-2261,House,2,0,0,0,3,0,,0,0
Chittaway Point,NSW,2261,chittaway-point-nsw-2261,House,3,882500,45,0,10,750,4.42,734000,1192750
Chittaway Point,NSW,2261,chittaway-point-nsw-2261,House,4,1102500,0,0,10,0,,875250,1597500
Chittaway Point,NSW,2261,chittaway-point-nsw-2261,House,5,0,0,0,6,0,,0,0
Chittaway Point,NSW,2261,chittaway-point-nsw-2261,Unit,1,0,0,0,0,0,,0,0
Chittaway Point,NSW,2261,chittaway-point-nsw-2261,Unit,2,0,0,0,0,0,,0,0
Chittaway Point,NSW,2261,chittaway-point-nsw-2261,Unit,3,0,0,0,0,0,,0,0
Coal Point,NSW,2283,coal-point-nsw-2283,House,2,0,0,0,7,0,,0,0
Coal Point,NSW,2283,coal-point-nsw-2283,House,3,1025000,0,0,12,730,3.7,777500,2069500
Coal Point,NSW,2283,coal-point-nsw-2283,House,4,0,0,0,8,0,,0,0
Coal Point,NSW,2283,coal-point-nsw-2283,House,5,0,0,0,5,0,,0,0
Denistone East,NSW,2112,denistone-east-nsw-2112,House,2,0,0,0,2,0,,0,0
Denistone East,NSW,2112,denistone-east-nsw-2112,House,3,2020000,0,0,11,0,,1570000,2640000
Denistone East,NSW,2112,denistone-east-nsw-2112,House,4,0,0,0,7,0,,0,0
Denistone East,NSW,2112,denistone-east-nsw-2112,House,5,2750000,0,0.36363636363636365,11,0,,2240000,3669444
Dorrigo,NSW,2453,dorrigo-nsw-2453,House,2,0,0,0,3,0,,0,0
Dorrigo,NSW,2453,dorrigo-nsw-2453,House,3,600000,72,0,12,470,4.07,558750,994000
Dorrigo,NSW,2453,dorrigo-nsw-2453,House,4,0,0,0,7,0,,0,0
Dorrigo,NSW,2453,dorrigo-nsw-2453,House,5,0,0,0,1,0,,0,0
Dunmore,NSW,2529,dunmore-nsw-2529,House,2,0,0,0,0,0,,0,0
Dunmore,NSW,2529,dunmore-nsw-2529,House,3,995000,40,0,14,850,4.44,922500,1193000
Dunmore,NSW,2529,dunmore-nsw-2529,House,4,0,0,0,6,0,,0,0
Dunmore,NSW,2529,dunmore-nsw-2529,House,5,0,0,0,3,0,,0,0
East Hills,NSW,2213,east-hills-nsw-2213,House,2,0,0,0,1,0,,0,0
East Hills,NSW,2213,east-hills-nsw-2213,House,3,1500000,0,0,17,780,2.7,1040400,1880000
East Hills,NSW,2213,east-hills-nsw-2213,House,4,1665000,0,0,14,1050,3.28,1419500,4305000
East Hills,NSW,2213,east-hills-nsw-2213,House,5,1743500,0,0,10,0,,1390500,2424450
East Hills,NSW,2213,east-hills-nsw-2213,Unit,1,0,0,0,0,0,,0,0
East Hills,NSW,2213,east-hills-nsw-2213,Unit,2,0,0,0,3,0,,0,0
East Hills,NSW,2213,east-hills-nsw-2213,Unit,3,0,0,0,3,0,,0,0
Emu Plains,NSW,2750,emu-plains-nsw-2750,House,2,0,0,0,5,0,,0,0
Emu Plains,NSW,2750,emu-plains-nsw-2750,House,3,1031500,16,0,47,670,3.38,823000,1588450
Emu Plains,NSW,2750,emu-plains-nsw-2750,House,4,1293500,20,0,34,820,3.3,1091850,2217500
Emu Plains,NSW,2750,emu-plains-nsw-2750,House,5,1380000,0,0,12,998,3.76,1057500,2575000
Emu Plains,NSW,2750,emu-plains-nsw-2750,Unit,1,0,0,0,0,0,,0,0
Emu Plains,NSW,2750,emu-plains-nsw-2750,Unit,2,0,0,0,5,0,,0,0
Emu Plains,NSW,2750,emu-plains-nsw-2750,Unit,3,920000,0,0,10,0,,765750,990750
Fairfield East,NSW,2165,fairfield-east-nsw-2165,House,2,0,0,0,5,0,,0,0
Fairfield East,NSW,2165,fairfield-east-nsw-2165,House,3,0,0,0,8,700,,0,0
Fairfield East,NSW,2165,fairfield-east-nsw-2165,House,4,1311110,0,0,10,830,3.29,1064600,1966000
Fairfield East,NSW,2165,fairfield-east-nsw-2165,House,5,0,0,0,5,0,,0,0
Fairfield East,NSW,2165,fairfield-east-nsw-2165,Unit,1,0,0,0,2,0,,0,0
Fairfield East,NSW,2165,fairfield-east-nsw-2165,Unit,2,0,0,0,1,580,,0,0
Fairfield East,NSW,2165,fairfield-east-nsw-2165,Unit,3,0,0,0,0,0,,0,0
Forresters Beach,NSW,2260,forresters-beach-nsw-2260,House,2,0,0,0,0,560,,0,0
Forresters Beach,NSW,2260,forresters-beach-nsw-2260,House,3,1250000,37,0,15,760,3.16,926750,2226000
Forresters Beach,NSW,2260,forresters-beach-nsw-2260,House,4,1700000,63,0,19,950,2.91,1156000,3197500
Forresters Beach,NSW,2260,forresters-beach-nsw-2260,House,5,2250000,0,0,11,1125,2.6,1432500,5200000
Forresters Beach,NSW,2260,forresters-beach-nsw-2260,Unit,1,0,0,0,1,0,,0,0
Forresters Beach,NSW,2260,forresters-beach-nsw-2260,Unit,2,0,0,0,0,0,,0,0
Forresters Beach,NSW,2260,forresters-beach-nsw-2260,Unit,3,0,0,0,0,0,,0,0
Kearns,NSW,2558,kearns-nsw-2558,House,2,0,0,0,0,0,,0,0
Kearns,NSW,2558,kearns-nsw-2558,House,3,930000,14,0,18,650,3.63,815625,1219598
Kearns,NSW,2558,kearns-nsw-2558,House,4,1200000,24,0,11,0,,1097500,1298375
Kearns,NSW,2558,kearns-nsw-2558,House,5,0,0,0,6,0,,0,0
Kogarah Bay,NSW,2217,kogarah-bay-nsw-2217,House,2,0,0,0,2,0,,0,0
Kogarah Bay,NSW,2217,kogarah-bay-nsw-2217,House,3,0,0,0,9,1000,,0,0
Kogarah Bay,NSW,2217,kogarah-bay-nsw-2217,House,4,0,0,0,6,1100,,0,0
Kogarah Bay,NSW,2217,kogarah-bay-nsw-2217,House,5,0,0,0,9,0,,0,0
Kogarah Bay,NSW,2217,kogarah-bay-nsw-2217,Unit,1,0,0,0,2,0,,0,0
Kogarah Bay,NSW,2217,kogarah-bay-nsw-2217,Unit,2,0,0,0,6,900,,0,0
Kogarah Bay,NSW,2217,kogarah-bay-nsw-2217,Unit,3,0,0,0,2,0,,0,0
Lakelands,NSW,2282,lakelands-nsw-2282,House,2,0,0,0,2,0,,0,0
Lakelands,NSW,2282,lakelands-nsw-2282,House,3,0,0,0,3,0,,0,0
Lakelands,NSW,2282,lakelands-nsw-2282,House,4,0,0,0,5,0,,0,0
Lakelands,NSW,2282,lakelands-nsw-2282,House,5,0,0,0,4,0,,0,0
Mallabula,NSW,2319,mallabula-nsw-2319,House,2,0,0,0,3,0,,0,0
Mallabula,NSW,2319,mallabula-nsw-2319,House,3,735000,0,0,10,0,,629000,877500
Mallabula,NSW,2319,mallabula-nsw-2319,House,4,0,0,0,8,0,,0,0
Mallabula,NSW,2319,mallabula-nsw-2319,House,5,0,0,0,0,0,,0,0
Mount Riverview,NSW,2774,mount-riverview-nsw-2774,House,2,0,0,0,0,0,,0,0
Mount Riverview,NSW,2774,mount-riverview-nsw-2774,House,3,1077500,0,0,10,0,,988550,1210000
Mount Riverview,NSW,2774,mount-riverview-nsw-2774,House,4,1350000,16,0,23,0,,1031200,1696750
Mount Riverview,NSW,2774,mount-riverview-nsw-2774,House,5,0,0,0,7,0,,0,0
North Haven,NSW,2443,north-haven-nsw-2443,House,2,0,0,0,8,0,,0,0
North Haven,NSW,2443,north-haven-nsw-2443,House,3,950000,0,0,15,0,,756000,1222000
North Haven,NSW,2443,north-haven-nsw-2443,House,4,0,0,0,7,0,,0,0
North Haven,NSW,2443,north-haven-nsw-2443,House,5,0,0,0,2,0,,0,0
North Haven,NSW,2443,north-haven-nsw-2443,Unit,1,0,0,0,0,0,,0,0
North Haven,NSW,2443,north-haven-nsw-2443,Unit,2,0,0,0,7,0,,0,0
North Haven,NSW,2443,north-haven-nsw-2443,Unit,3,0,0,0,3,0,,0,0
North Strathfield,NSW,2137,north-strathfield-nsw-2137,House,2,0,0,0,2,0,,0,0
North Strathfield,NSW,2137,north-strathfield-nsw-2137,House,3,0,0,0,9,1015,,0,0
North Strathfield,NSW,2137,north-strathfield-nsw-2137,House,4,0,0,0,5,0,,0,0
North Strathfield,NSW,2137,north-strathfield-nsw-2137,House,5,0,0,0,6,0,,0,0
North Strathfield,NSW,2137,north-strathfield-nsw-2137,Unit,1,0,0,0,4,544,,0,0
North Strathfield,NSW,2137,north-strathfield-nsw-2137,Unit,2,828000,25,0.7058823529411765,48,730,4.58,681100,1033500
North Strathfield,NSW,2137,north-strathfield-nsw-2137,Unit,3,1070000,18,0,17,880,4.28,766400,1778000
Oxley Vale,NSW,2340,oxley-vale-nsw-2340,House,2,0,0,0,0,0,,0,0
Oxley Vale,NSW,2340,oxley-vale-nsw-2340,House,3,520000,19,0,46,500,5.0,400000,634625
Oxley Vale,NSW,2340,oxley-vale-nsw-2340,House,4,645000,37,0,37,550,4.43,558000,754000
Oxley Vale,NSW,2340,oxley-vale-nsw-2340,House,5,0,0,0,3,0,,0,0
Palm Beach,NSW,2108,palm-beach-nsw-2108,House,2,0,0,0,0,0,,0,0
Palm Beach,NSW,2108,palm-beach-nsw-2108,House,3,0,0,0,7,0,,0,0
Palm Beach,NSW,2108,palm-beach-nsw-2108,House,4,5425000,0,0.42857142857142855,16,0,,2603750,25687500
Palm Beach,NSW,2108,palm-beach-nsw-2108,House,5,0,0,0,9,0,,0,0
Palm Beach,NSW,2108,palm-beach-nsw-2108,Unit,1,0,0,0,0,0,,0,0
Palm Beach,NSW,2108,palm-beach-nsw-2108,Unit,2,0,0,0,1,0,,0,0
Palm Beach,NSW,2108,palm-beach-nsw-2108,Unit,3,0,0,0,0,0,,0,0
Point Frederick,NSW,2250,point-frederick-nsw-2250,House,2,0,0,0,3,590,,0,0
Point Frederick,NSW,2250,point-frederick-nsw-2250,House,3,0,0,0,7,680,,0,0
Point Frederick,NSW,2250,point-frederick-nsw-2250,House,4,2412500,0,0,10,0,,1472800,4468000
Point Frederick,NSW,2250,point-frederick-nsw-2250,House,5,0,0,0,2,0,,0,0
Point Frederick,NSW,2250,point-frederick-nsw-2250,Unit,1,572500,0,0,18,560,5.09,397000,635400
Point Frederick,NSW,2250,point-frederick-nsw-2250,Unit,2,725000,56,0,21,600,4.3,560000,880000
Point Frederick,NSW,2250,point-frederick-nsw-2250,Unit,3,1040000,149,0,14,845,4.23,746000,2410000
Redfern,NSW,2016,redfern-nsw-2016,House,2,1765000,0,0.6363636363636364,29,950,2.8,1532000,2730000
Redfern,NSW,2016,redfern-nsw-2016,House,3,2200000,50,0.5789473684210527,33,1200,2.84,1704400,3527000
Redfern,NSW,2016,redfern-nsw-2016,House,4,3180000,0,0.5666666666666667,25,1650,2.7,2105880,5121000
Redfern,NSW,2016,redfern-nsw-2016,House,5,0,0,0,8,0,,0,0
Redfern,NSW,2016,redfern-nsw-2016,Unit,1,770000,40,0.7,81,750,5.06,602000,1332000
Redfern,NSW,2016,redfern-nsw-2016,Unit,2,1200000,32,0.717391304347826,57,995,4.31,937500,2918750
Redfern,NSW,2016,redfern-nsw-2016,Unit,3,2002500,54,0.8888888888888888,26,1300,3.38,1412500,3787500
South Tamworth,NSW,2340,south-tamworth-nsw-2340,House,2,350000,25,0,15,370,5.5,278400,619100
South Tamworth,NSW,2340,south-tamworth-nsw-2340,House,3,540000,22,0.75,115,480,4.62,365147,645000
South Tamworth,NSW,2340,south-tamworth-nsw-2340,House,4,610000,24,0,27,520,4.43,492500,740500
South Tamworth,NSW,2340,south-tamworth-nsw-2340,House,5,0,0,0,5,0,,0,0
South Tamworth,NSW,2340,south-tamworth-nsw-2340,Unit,1,0,0,0,2,280,,0,0
South Tamworth,NSW,2340,south-tamworth-nsw-2340,Unit,2,325000,54,0,23,350,5.6,247300,399500
South Tamworth,NSW,2340,south-tamworth-nsw-2340,Unit,3,0,0,0,1,0,,0,0
South Wentworthville,NSW,2145,south-wentworthville-nsw-2145,House,2,786000,0,0,13,620,4.1,568400,1707000
South Wentworthville,NSW,2145,south-wentworthville-nsw-2145,House,3,1165000,21,0.8571428571428571,30,765,3.41,893048,1732038
South Wentworthville,NSW,2145,south-wentworthville-nsw-2145,House,4,1255000,0,0,13,950,3.94,1012000,1808000
South Wentworthville,NSW,2145,south-wentworthville-nsw-2145,House,5,1480000,61,0,16,1100,3.86,1249200,2290000
South Wentworthville,NSW,2145,south-wentworthville-nsw-2145,Unit,1,0,0,0,0,550,,0,0
South Wentworthville,NSW,2145,south-wentworthville-nsw-2145,Unit,2,569500,104,0,25,650,5.94,477250,747385
South Wentworthville,NSW,2145,south-wentworthville-nsw-2145,Unit,3,0,0,0,5,700,,0,0
St Huberts Island,NSW,2257,st-huberts-island-nsw-2257,House,2,0,0,0,0,0,,0,0
St Huberts Island,NSW,2257,st-huberts-island-nsw-2257,House,3,0,0,0,4,0,,0,0
St Huberts Island,NSW,2257,st-huberts-island-nsw-2257,House,4,1975000,0,0,10,0,,1389000,3005000
St Huberts Island,NSW,2257,st-huberts-island-nsw-2257,House,5,0,0,0,6,0,,0,0
Sydenham,NSW,2044,sydenham-nsw-2044,House,2,0,0,0,9,0,,0,0
Sydenham,NSW,2044,sydenham-nsw-2044,House,3,1750000,0,0.75,11,1088,3.23,1238000,1940000
Sydenham,NSW,2044,sydenham-nsw-2044,House,4,2220000,0,0.8181818181818182,10,0,,1907000,2398750
Sydenham,NSW,2044,sydenham-nsw-2044,House,5,0,0,0,0,0,,0,0
Sydenham,NSW,2044,sydenham-nsw-2044,Unit,1,0,0,0,1,500,,0,0
Sydenham,NSW,2044,sydenham-nsw-2044,Unit,2,0,0,0,2,0,,0,0
Sydenham,NSW,2044,sydenham-nsw-2044,Unit,3,0,0,0,0,0,,0,0
Sylvania Waters,NSW,2224,sylvania-waters-nsw-2224,House,2,0,0,0,1,0,,0,0
Sylvania Waters,NSW,2224,sylvania-waters-nsw-2224,House,3,1850000,0,0,15,840,2.36,1017500,6450000
Sylvania Waters,NSW,2224,sylvania-waters-nsw-2224,House,4,2615000,0,0.7692307692307693,21,0,,2000000,5200000
Sylvania Waters,NSW,2224,sylvania-waters-nsw-2224,House,5,3486500,0,0,10,0,,2189000,6100000
Sylvania Waters,NSW,2224,sylvania-waters-nsw-2224,Unit,1,0,0,0,0,0,,0,0
Sylvania Waters,NSW,2224,sylvania-waters-nsw-2224,Unit,2,0,0,0,3,0,,0,0
Sylvania Waters,NSW,2224,sylvania-waters-nsw-2224,Unit,3,0,0,0,2,0,,0,0
Tocumwal,NSW,2714,tocumwal-nsw-2714,House,2,318000,52,0,16,0,,125000,994000
Tocumwal,NSW,2714,tocumwal-nsw-2714,House,3,480000,68,0,35,495,5.36,259900,784500
Tocumwal,NSW,2714,tocumwal-nsw-2714,House,4,618500,42,0,19,0,,246200,1113750
Tocumwal,NSW,2714,tocumwal-nsw-2714,House,5,0,0,0,0,0,,0,0
Tocumwal,NSW,2714,tocumwal-nsw-2714,Unit,1,0,0,0,1,0,,0,0
Tocumwal,NSW,2714,tocumwal-nsw-2714,Unit,2,0,0,0,9,0,,0,0
Tocumwal,NSW,2714,tocumwal-nsw-2714,Unit,3,0,0,0,2,0,,0,0
West Nowra,NSW,2541,west-nowra-nsw-2541,House,2,0,0,0,1,0,,0,0
West Nowra,NSW,2541,west-nowra-nsw-2541,House,3,687500,30,0,18,600,4.54,590800,816800
West Nowra,NSW,2541,west-nowra-nsw-2541,House,4,0,0,0,9,0,,0,0
West Nowra,NSW,2541,west-nowra-nsw-2541,House,5,0,0,0,2,0,,0,0
Wheeler Heights,NSW,2097,wheeler-heights-nsw-2097,House,2,0,0,0,0,0,,0,0
Wheeler Heights,NSW,2097,wheeler-heights-nsw-2097,House,3,2220000,0,1,15,0,,1980500,2650000
Wheeler Heights,NSW,2097,wheeler-heights-nsw-2097,House,4,2370000,0,0,11,1400,3.07,2097500,2805000
Wheeler Heights,NSW,2097,wheeler-heights-nsw-2097,House,5,0,0,0,7,0,,0,0
Wheeler Heights,NSW,2097,wheeler-heights-nsw-2097,Unit,1,0,0,0,0,0,,0,0
Wheeler Heights,NSW,2097,wheeler-heights-nsw-2097,Unit,2,0,0,0,4,813,,0,0
Wheeler Heights,NSW,2097,wheeler-heights-nsw-2097,Unit,3,0,0,0,3,0,,0,0
Wilberforce,NSW,2756,wilberforce-nsw-2756,House,2,0,0,0,0,0,,0,0
Wilberforce,NSW,2756,wilberforce-nsw-2756,House,3,0,0,0,9,0,,0,0
Wilberforce,NSW,2756,wilberforce-nsw-2756,House,4,1375000,18,0,20,0,,1067500,1850750
Wilberforce,NSW,2756,wilberforce-nsw-2756,House,5,0,0,0,4,0,,0,0
Austinmer,NSW,2515,austinmer-nsw-2515,House,2,0,0,0,3,0,,0,0
Austinmer,NSW,2515,austinmer-nsw-2515,House,3,1515000,56,0,12,1000,3.43,1265500,3068000
Austinmer,NSW,2515,austinmer-nsw-2515,House,4,2150000,21,0,13,0,,1415000,4332000
Austinmer,NSW,2515,austinmer-nsw-2515,House,5,0,0,0,4,0,,0,0
Austinmer,NSW,2515,austinmer-nsw-2515,Unit,1,0,0,0,0,0,,0,0
Austinmer,NSW,2515,austinmer-nsw-2515,Unit,2,0,0,0,3,0,,0,0
Austinmer,NSW,2515,austinmer-nsw-2515,Unit,3,0,0,0,1,0,,0,0
Barrack Point,NSW,2528,barrack-point-nsw-2528,House,2,0,0,0,0,0,,0,0
Barrack Point,NSW,2528,barrack-point-nsw-2528,House,3,1390000,0,0,10,0,,1045250,3820000
Barrack Point,NSW,2528,barrack-point-nsw-2528,House,4,0,0,0,4,0,,0,0
Barrack Point,NSW,2528,barrack-point-nsw-2528,House,5,0,0,0,0,0,,0,0
Blair Athol,NSW,2560,blair-athol-nsw-2560,House,2,0,0,0,0,0,,0,0
Blair Athol,NSW,2560,blair-athol-nsw-2560,House,3,0,0,0,7,685,,0,0
Blair Athol,NSW,2560,blair-athol-nsw-2560,House,4,1230000,12,0,11,0,,1107500,1415500
Blair Athol,NSW,2560,blair-athol-nsw-2560,House,5,0,0,0,8,0,,0,0
Bogangar,NSW,2488,bogangar-nsw-2488,House,2,0,0,0,6,0,,0,0
Bogangar,NSW,2488,bogangar-nsw-2488,House,3,1450000,51,0,33,910,3.26,1014000,2135000
Bogangar,NSW,2488,bogangar-nsw-2488,House,4,1787500,23,0,18,1400,4.07,1491250,2672500
Bogangar,NSW,2488,bogangar-nsw-2488,House,5,0,0,0,5,0,,0,0
Bogangar,NSW,2488,bogangar-nsw-2488,Unit,1,0,0,0,1,0,,0,0
Bogangar,NSW,2488,bogangar-nsw-2488,Unit,2,875000,0,0,15,795,4.72,741000,1495000
Bogangar,NSW,2488,bogangar-nsw-2488,Unit,3,0,0,0,4,0,,0,0
Bondi Beach,NSW,2026,bondi-beach-nsw-2026,House,2,0,0,0,3,1225,,0,0
Bondi Beach,NSW,2026,bondi-beach-nsw-2026,House,3,3872500,0,0.8333333333333334,17,1973,2.65,3080000,5287500
Bondi Beach,NSW,2026,bondi-beach-nsw-2026,House,4,4925000,0,0.7142857142857143,16,2900,3.06,4127250,10800000
Bondi Beach,NSW,2026,bondi-beach-nsw-2026,House,5,0,0,0.6,7,0,,0,0
Bondi Beach,NSW,2026,bondi-beach-nsw-2026,Unit,1,1100000,37,0.6875,49,850,4.02,733000,2250000
Bondi Beach,NSW,2026,bondi-beach-nsw-2026,Unit,2,1800000,43,0.7714285714285715,111,1200,3.47,1177250,2941000
Bondi Beach,NSW,2026,bondi-beach-nsw-2026,Unit,3,3701000,0,0.5714285714285714,27,1850,2.6,1815000,13550000
Bow Bowing,NSW,2566,bow-bowing-nsw-2566,House,2,0,0,0,0,0,,0,0
Bow Bowing,NSW,2566,bow-bowing-nsw-2566,House,3,0,0,0,8,0,,0,0
Bow Bowing,NSW,2566,bow-bowing-nsw-2566,House,4,0,0,0,5,0,,0,0
Bow Bowing,NSW,2566,bow-bowing-nsw-2566,House,5,0,0,0,2,0,,0,0
Braidwood,NSW,2622,braidwood-nsw-2622,House,2,0,0,0,7,0,,0,0
Braidwood,NSW,2622,braidwood-nsw-2622,House,3,700000,224,0,26,0,,558000,917000
Braidwood,NSW,2622,braidwood-nsw-2622,House,4,0,0,0,5,0,,0,0
Braidwood,NSW,2622,braidwood-nsw-2622,House,5,0,0,0,0,0,,0,0
Brightwaters,NSW,2264,brightwaters-nsw-2264,House,2,0,0,0,0,0,,0,0
Brightwaters,NSW,2264,brightwaters-nsw-2264,House,3,0,0,0,9,0,,0,0
Brightwaters,NSW,2264,brightwaters-nsw-2264,House,4,0,0,0,8,0,,0,0
Brightwaters,NSW,2264,brightwaters-nsw-2264,House,5,0,0,0,4,0,,0,0
Busby,NSW,2168,busby-nsw-2168,House,2,0,0,0,1,480,,0,0
Busby,NSW,2168,busby-nsw-2168,House,3,980000,22,0.6153846153846154,27,600,3.18,859000,1362500
Busby,NSW,2168,busby-nsw-2168,House,4,1106000,0,0,16,698,3.28,926000,1271250
Busby,NSW,2168,busby-nsw-2168,House,5,0,0,0,7,0,,0,0
Busby,NSW,2168,busby-nsw-2168,Unit,1,0,0,0,0,0,,0,0
Busby,NSW,2168,busby-nsw-2168,Unit,2,0,0,0,0,0,,0,0
Busby,NSW,2168,busby-nsw-2168,Unit,3,0,0,0,0,0,,0,0
Buttaba,NSW,2283,buttaba-nsw-2283,House,2,0,0,0,1,0,,0,0
Buttaba,NSW,2283,buttaba-nsw-2283,House,3,0,0,0,8,0,,0,0
Buttaba,NSW,2283,buttaba-nsw-2283,House,4,0,0,0,9,0,,0,0
Buttaba,NSW,2283,buttaba-nsw-2283,House,5,0,0,0,3,0,,0,0
Calala,NSW,2340,calala-nsw-2340,House,2,0,0,0,1,420,,0,0
Calala,NSW,2340,calala-nsw-2340,House,3,665500,37,0,30,530,4.14,547250,767750
Calala,NSW,2340,calala-nsw-2340,House,4,800000,59,0,61,690,4.49,660000,1110000
Calala,NSW,2340,calala-nsw-2340,House,5,940000,81,0,12,0,,688750,1131750
Canley Heights,NSW,2166,canley-heights-nsw-2166,House,2,0,0,0,5,520,,0,0
Canley Heights,NSW,2166,canley-heights-nsw-2166,House,3,1366000,62,0.6071428571428571,42,700,2.66,1042500,2024000
Canley Heights,NSW,2166,canley-heights-nsw-2166,House,4,1390000,0,0.42857142857142855,18,850,3.18,1089800,1982500
Canley Heights,NSW,2166,canley-heights-nsw-2166,House,5,1500000,34,0.5,24,993,3.44,1283600,2461000
Canley Heights,NSW,2166,canley-heights-nsw-2166,Unit,1,0,0,0,3,0,,0,0
Canley Heights,NSW,2166,canley-heights-nsw-2166,Unit,2,0,0,0,7,590,,0,0
Canley Heights,NSW,2166,canley-heights-nsw-2166,Unit,3,0,0,0,5,0,,0,0
Coomba Park,NSW,2428,coomba-park-nsw-2428,House,2,524500,74,0,10,0,,414100,790750
Coomba Park,NSW,2428,coomba-park-nsw-2428,House,3,607500,100,0,20,450,3.85,454500,765250
Coomba Park,NSW,2428,coomba-park-nsw-2428,House,4,0,0,0,2,0,,0,0
Coomba Park,NSW,2428,coomba-park-nsw-2428,House,5,0,0,0,1,0,,0,0
Crangan Bay,NSW,2259,crangan-bay-nsw-2259,House,2,0,0,0,0,0,,0,0
Crangan Bay,NSW,2259,crangan-bay-nsw-2259,House,3,0,0,0,3,0,,0,0
Crangan Bay,NSW,2259,crangan-bay-nsw-2259,House,4,1240000,46,0,18,875,3.67,810900,1302000
Crangan Bay,NSW,2259,crangan-bay-nsw-2259,House,5,0,0,0,2,0,,0,0
East Corrimal,NSW,2518,east-corrimal-nsw-2518,House,2,0,0,0,8,663,,0,0
East Corrimal,NSW,2518,east-corrimal-nsw-2518,House,3,1610000,30,0,19,800,2.58,821500,2191000
East Corrimal,NSW,2518,east-corrimal-nsw-2518,House,4,1751500,86,0,22,0,,1520750,2304500
East Corrimal,NSW,2518,east-corrimal-nsw-2518,House,5,0,0,0,7,0,,0,0
East Corrimal,NSW,2518,east-corrimal-nsw-2518,Unit,1,0,0,0,1,0,,0,0
East Corrimal,NSW,2518,east-corrimal-nsw-2518,Unit,2,695000,10,0,18,535,4.0,637750,821500
East Corrimal,NSW,2518,east-corrimal-nsw-2518,Unit,3,0,0,0,4,0,,0,0
Enfield,NSW,2136,enfield-nsw-2136,House,2,0,0,0,4,0,,0,0
Enfield,NSW,2136,enfield-nsw-2136,House,3,1767500,0,0.6,11,935,2.75,1403350,2210750
Enfield,NSW,2136,enfield-nsw-2136,House,4,0,0,0,6,0,,0,0
Enfield,NSW,2136,enfield-nsw-2136,House,5,0,0,0,2,0,,0,0
Enfield,NSW,2136,enfield-nsw-2136,Unit,1,0,0,0,3,535,,0,0
Enfield,NSW,2136,enfield-nsw-2136,Unit,2,757500,39,0,22,725,4.98,635750,1178158
Enfield,NSW,2136,enfield-nsw-2136,Unit,3,0,0,0,3,800,,0,0
Gilead,NSW,2560,gilead-nsw-2560,House,2,0,0,0,0,0,,0,0
Gilead,NSW,2560,gilead-nsw-2560,House,3,0,0,0,4,0,,0,0
Gilead,NSW,2560,gilead-nsw-2560,House,4,1169500,71,0,30,795,3.53,876545,1334250
Gilead,NSW,2560,gilead-nsw-2560,House,5,0,0,0,8,950,,0,0
Gilead,NSW,2560,gilead-nsw-2560,Unit,1,0,0,0,0,0,,0,0
Gilead,NSW,2560,gilead-nsw-2560,Unit,2,0,0,0,1,0,,0,0
Gilead,NSW,2560,gilead-nsw-2560,Unit,3,0,0,0,2,0,,0,0
Glenning Valley,NSW,2261,glenning-valley-nsw-2261,House,2,0,0,0,0,0,,0,0
Glenning Valley,NSW,2261,glenning-valley-nsw-2261,House,3,0,0,0,5,0,,0,0
Glenning Valley,NSW,2261,glenning-valley-nsw-2261,House,4,1200000,23,0,21,888,3.85,970000,1440000
Glenning Valley,NSW,2261,glenning-valley-nsw-2261,House,5,0,0,0,3,0,,0,0
Glenning Valley,NSW,2261,glenning-valley-nsw-2261,Unit,1,0,0,0,0,0,,0,0
Glenning Valley,NSW,2261,glenning-valley-nsw-2261,Unit,2,0,0,0,1,0,,0,0
Glenning Valley,NSW,2261,glenning-valley-nsw-2261,Unit,3,0,0,0,3,0,,0,0
Grays Point,NSW,2232,grays-point-nsw-2232,House,2,0,0,0,0,0,,0,0
Grays Point,NSW,2232,grays-point-nsw-2232,House,3,0,0,0,8,0,,0,0
Grays Point,NSW,2232,grays-point-nsw-2232,House,4,1775000,33,0.18181818181818182,20,0,,1394550,2652500
Grays Point,NSW,2232,grays-point-nsw-2232,House,5,2520000,0,0.4,15,0,,1920000,4447200
Halekulani,NSW,2262,halekulani-nsw-2262,House,2,420000,112,0,14,470,5.82,292950,812500
Halekulani,NSW,2262,halekulani-nsw-2262,House,3,830000,30,0,33,620,3.88,461800,1082000
Halekulani,NSW,2262,halekulani-nsw-2262,House,4,0,0,0,5,0,,0,0
Halekulani,NSW,2262,halekulani-nsw-2262,House,5,0,0,0,6,0,,0,0
Halekulani,NSW,2262,halekulani-nsw-2262,Unit,1,0,0,0,1,0,,0,0
Halekulani,NSW,2262,halekulani-nsw-2262,Unit,2,0,0,0,5,0,,0,0
Halekulani,NSW,2262,halekulani-nsw-2262,Unit,3,0,0,0,4,0,,0,0
Harden,NSW,2587,harden-nsw-2587,House,2,0,0,0,9,0,,0,0
Harden,NSW,2587,harden-nsw-2587,House,3,410000,50,0,29,0,,218000,639000
Harden,NSW,2587,harden-nsw-2587,House,4,0,0,0,6,0,,0,0
Harden,NSW,2587,harden-nsw-2587,House,5,0,0,0,2,0,,0,0
Harden,NSW,2587,harden-nsw-2587,Unit,1,0,0,0,0,0,,0,0
Harden,NSW,2587,harden-nsw-2587,Unit,2,0,0,0,0,0,,0,0
Harden,NSW,2587,harden-nsw-2587,Unit,3,0,0,0,1,0,,0,0
Highfields,NSW,2289,highfields-nsw-2289,House,2,0,0,0,4,0,,0,0
Highfields,NSW,2289,highfields-nsw-2289,House,3,0,0,0,8,0,,0,0
Highfields,NSW,2289,highfields-nsw-2289,House,4,0,0,0,3,0,,0,0
Highfields,NSW,2289,highfields-nsw-2289,House,5,0,0,0,2,0,,0,0
Holsworthy,NSW,2173,holsworthy-nsw-2173,House,2,0,0,0,0,620,,0,0
Holsworthy,NSW,2173,holsworthy-nsw-2173,House,3,1245000,21,0,22,740,3.09,1020500,1496513
Holsworthy,NSW,2173,holsworthy-nsw-2173,House,4,1330000,0,0,12,898,3.51,1099000,1778500
Holsworthy,NSW,2173,holsworthy-nsw-2173,House,5,0,0,0,6,1023,,0,0
Holsworthy,NSW,2173,holsworthy-nsw-2173,Unit,1,0,0,0,0,0,,0,0
Holsworthy,NSW,2173,holsworthy-nsw-2173,Unit,2,0,0,0,0,0,,0,0
Holsworthy,NSW,2173,holsworthy-nsw-2173,Unit,3,0,0,0,1,0,,0,0
Huskisson,NSW,2540,huskisson-nsw-2540,House,2,0,0,0,5,0,,0,0
Huskisson,NSW,2540,huskisson-nsw-2540,House,3,1450000,0,0,13,0,,1205000,1889250
Huskisson,NSW,2540,huskisson-nsw-2540,House,4,0,0,0,4,0,,0,0
Huskisson,NSW,2540,huskisson-nsw-2540,House,5,0,0,0,1,0,,0,0
Huskisson,NSW,2540,huskisson-nsw-2540,Unit,1,0,0,0,0,0,,0,0
Huskisson,NSW,2540,huskisson-nsw-2540,Unit,2,0,0,0,5,550,,0,0
Huskisson,NSW,2540,huskisson-nsw-2540,Unit,3,0,0,0,9,0,,0,0
Long Beach,NSW,2536,long-beach-nsw-2536,House,2,0,0,0,2,0,,0,0
Long Beach,NSW,2536,long-beach-nsw-2536,House,3,885000,106,0,14,635,3.73,662000,1535000
Long Beach,NSW,2536,long-beach-nsw-2536,House,4,1089000,54,0,21,700,3.34,830000,1350000
Long Beach,NSW,2536,long-beach-nsw-2536,House,5,0,0,0,4,0,,0,0
Maclean,NSW,2463,maclean-nsw-2463,House,2,0,0,0,9,0,,0,0
Maclean,NSW,2463,maclean-nsw-2463,House,3,687500,59,0,50,580,4.39,509580,877750
Maclean,NSW,2463,maclean-nsw-2463,House,4,780000,112,0,14,0,,627250,1152750
Maclean,NSW,2463,maclean-nsw-2463,House,5,0,0,0,3,0,,0,0
Merewether Heights,NSW,2291,merewether-heights-nsw-2291,House,2,0,0,0,0,0,,0,0
Merewether Heights,NSW,2291,merewether-heights-nsw-2291,House,3,0,0,0,6,0,,0,0
Merewether Heights,NSW,2291,merewether-heights-nsw-2291,House,4,1752500,0,0,10,1150,3.41,1446750,1983000
Merewether Heights,NSW,2291,merewether-heights-nsw-2291,House,5,0,0,0,4,0,,0,0
Morisset Park,NSW,2264,morisset-park-nsw-2264,House,2,0,0,0,2,0,,0,0
Morisset Park,NSW,2264,morisset-park-nsw-2264,House,3,0,0,0,3,0,,0,0
Morisset Park,NSW,2264,morisset-park-nsw-2264,House,4,1140000,46,0,12,768,3.5,946500,1375000
Morisset Park,NSW,2264,morisset-park-nsw-2264,House,5,0,0,0,2,0,,0,0
Morisset Park,NSW,2264,morisset-park-nsw-2264,Unit,1,0,0,0,0,0,,0,0
Morisset Park,NSW,2264,morisset-park-nsw-2264,Unit,2,0,0,0,0,0,,0,0
Morisset Park,NSW,2264,morisset-park-nsw-2264,Unit,3,0,0,0,0,0,,0,0
Murrurundi,NSW,2338,murrurundi-nsw-2338,House,2,0,0,0,1,0,,0,0
Murrurundi,NSW,2338,murrurundi-nsw-2338,House,3,450000,35,0,19,0,,346100,600000
Murrurundi,NSW,2338,murrurundi-nsw-2338,House,4,0,0,0,8,0,,0,0
Murrurundi,NSW,2338,murrurundi-nsw-2338,House,5,0,0,0,1,0,,0,0
Narooma,NSW,2546,narooma-nsw-2546,House,2,0,0,0,8,0,,0,0
Narooma,NSW,2546,narooma-nsw-2546,House,3,872250,84,0,16,0,,643750,1351250
Narooma,NSW,2546,narooma-nsw-2546,House,4,917500,123,0,12,0,,773700,1224500
Narooma,NSW,2546,narooma-nsw-2546,House,5,0,0,0,1,0,,0,0
Narooma,NSW,2546,narooma-nsw-2546,Unit,1,0,0,0,8,0,,0,0
Narooma,NSW,2546,narooma-nsw-2546,Unit,2,439000,88,0,16,420,4.97,272500,770000
Narooma,NSW,2546,narooma-nsw-2546,Unit,3,0,0,0,8,0,,0,0
Narrabri,NSW,2390,narrabri-nsw-2390,House,2,0,0,0,8,450,,0,0
Narrabri,NSW,2390,narrabri-nsw-2390,House,3,450000,62,0,74,550,6.36,265000,793500
Narrabri,NSW,2390,narrabri-nsw-2390,House,4,599000,90,0,34,600,5.21,316250,983500
Narrabri,NSW,2390,narrabri-nsw-2390,House,5,0,0,0,6,0,,0,0
Narrabri,NSW,2390,narrabri-nsw-2390,Unit,1,0,0,0,1,280,,0,0
Narrabri,NSW,2390,narrabri-nsw-2390,Unit,2,0,0,0,3,350,,0,0
Narrabri,NSW,2390,narrabri-nsw-2390,Unit,3,0,0,0,0,0,,0,0
Norah Head,NSW,2263,norah-head-nsw-2263,House,2,0,0,0,3,0,,0,0
Norah Head,NSW,2263,norah-head-nsw-2263,House,3,0,0,0,4,0,,0,0
Norah Head,NSW,2263,norah-head-nsw-2263,House,4,0,0,0,6,0,,0,0
Norah Head,NSW,2263,norah-head-nsw-2263,House,5,0,0,0,8,0,,0,0
Oberon,NSW,2787,oberon-nsw-2787,House,2,0,0,0,5,0,,0,0
Oberon,NSW,2787,oberon-nsw-2787,House,3,515000,39,0,32,470,4.75,427750,816000
Oberon,NSW,2787,oberon-nsw-2787,House,4,730000,49,0,20,590,4.2,470300,934000
Oberon,NSW,2787,oberon-nsw-2787,House,5,0,0,0,0,0,,0,0
Oberon,NSW,2787,oberon-nsw-2787,Unit,1,0,0,0,0,0,,0,0
Oberon,NSW,2787,oberon-nsw-2787,Unit,2,0,0,0,4,320,,0,0
Oberon,NSW,2787,oberon-nsw-2787,Unit,3,0,0,0,1,0,,0,0
Picton,NSW,2571,picton-nsw-2571,House,2,0,0,0,4,488,,0,0
Picton,NSW,2571,picton-nsw-2571,House,3,937000,17,0,17,615,3.41,858000,1353000
Picton,NSW,2571,picton-nsw-2571,House,4,1290000,38,0,31,780,3.14,892500,2087500
Picton,NSW,2571,picton-nsw-2571,House,5,1955000,62,0,22,0,,1305000,2897500
Picton,NSW,2571,picton-nsw-2571,Unit,1,0,0,0,3,0,,0,0
Picton,NSW,2571,picton-nsw-2571,Unit,2,0,0,0,6,0,,0,0
Picton,NSW,2571,picton-nsw-2571,Unit,3,0,0,0,1,0,,0,0
Sefton,NSW,2162,sefton-nsw-2162,House,2,0,0,0,6,585,,0,0
Sefton,NSW,2162,sefton-nsw-2162,House,3,1385000,0,0.9090909090909091,16,700,2.63,1275000,1552000
Sefton,NSW,2162,sefton-nsw-2162,House,4,1420000,0,0.5882352941176471,18,900,3.3,1227500,1654000
Sefton,NSW,2162,sefton-nsw-2162,House,5,0,0,0,2,1100,,0,0
Sefton,NSW,2162,sefton-nsw-2162,Unit,1,0,0,0,3,380,,0,0
Sefton,NSW,2162,sefton-nsw-2162,Unit,2,550000,0,0,12,580,5.48,386000,660250
Sefton,NSW,2162,sefton-nsw-2162,Unit,3,0,0,0,2,0,,0,0
Shelly Beach,NSW,2261,shelly-beach-nsw-2261,House,2,0,0,0,2,0,,0,0
Shelly Beach,NSW,2261,shelly-beach-nsw-2261,House,3,0,0,0,7,0,,0,0
Shelly Beach,NSW,2261,shelly-beach-nsw-2261,House,4,1850000,78,0.3,10,0,,1608750,2277500
Shelly Beach,NSW,2261,shelly-beach-nsw-2261,House,5,0,0,0,3,0,,0,0
South Golden Beach,NSW,2483,south-golden-beach-nsw-2483,House,2,0,0,0,4,0,,0,0
South Golden Beach,NSW,2483,south-golden-beach-nsw-2483,House,3,1337500,43,0,16,960,3.73,950000,1506250
South Golden Beach,NSW,2483,south-golden-beach-nsw-2483,House,4,0,0,0,8,0,,0,0
South Golden Beach,NSW,2483,south-golden-beach-nsw-2483,House,5,0,0,0,0,0,,0,0
South Granville,NSW,2142,south-granville-nsw-2142,House,2,0,0,0,4,580,,0,0
South Granville,NSW,2142,south-granville-nsw-2142,House,3,1225000,0,0.6875,22,770,3.27,774250,1815900
South Granville,NSW,2142,south-granville-nsw-2142,House,4,0,0,0.5454545454545454,9,0,,0,0
South Granville,NSW,2142,south-granville-nsw-2142,House,5,1767500,0,0.5,10,0,,1112488,2373000
South Granville,NSW,2142,south-granville-nsw-2142,Unit,1,0,0,0,0,380,,0,0
South Granville,NSW,2142,south-granville-nsw-2142,Unit,2,0,0,0,1,0,,0,0
South Granville,NSW,2142,south-granville-nsw-2142,Unit,3,0,0,0,3,0,,0,0
South Hurstville,NSW,2221,south-hurstville-nsw-2221,House,2,0,0,0,8,0,,0,0
South Hurstville,NSW,2221,south-hurstville-nsw-2221,House,3,1325000,46,0.8,25,850,3.34,1110000,2256000
South Hurstville,NSW,2221,south-hurstville-nsw-2221,House,4,1625000,0,0,10,1100,3.52,1230500,3018000
South Hurstville,NSW,2221,south-hurstville-nsw-2221,House,5,0,0,0,8,0,,0,0
South Hurstville,NSW,2221,south-hurstville-nsw-2221,Unit,1,0,0,0,5,495,,0,0
South Hurstville,NSW,2221,south-hurstville-nsw-2221,Unit,2,805000,25,0,23,660,4.26,595000,909100
South Hurstville,NSW,2221,south-hurstville-nsw-2221,Unit,3,0,0,0,4,0,,0,0
South Kempsey,NSW,2440,south-kempsey-nsw-2440,House,2,0,0,0,6,0,,0,0
South Kempsey,NSW,2440,south-kempsey-nsw-2440,House,3,400000,66,0,27,480,6.24,263000,731000
South Kempsey,NSW,2440,south-kempsey-nsw-2440,House,4,0,0,0,8,0,,0,0
South Kempsey,NSW,2440,south-kempsey-nsw-2440,House,5,0,0,0,3,0,,0,0
South Kempsey,NSW,2440,south-kempsey-nsw-2440,Unit,1,0,0,0,0,0,,0,0
South Kempsey,NSW,2440,south-kempsey-nsw-2440,Unit,2,0,0,0,0,405,,0,0
South Kempsey,NSW,2440,south-kempsey-nsw-2440,Unit,3,0,0,0,0,0,,0,0
Taren Point,NSW,2229,taren-point-nsw-2229,House,2,0,0,0,1,0,,0,0
Taren Point,NSW,2229,taren-point-nsw-2229,House,3,0,0,0,8,0,,0,0
Taren Point,NSW,2229,taren-point-nsw-2229,House,4,2485000,0,0.6,13,0,,1842000,5510600
Taren Point,NSW,2229,taren-point-nsw-2229,House,5,0,0,0,3,0,,0,0
The Junction,NSW,2291,the-junction-nsw-2291,House,2,0,0,0,5,673,,0,0
The Junction,NSW,2291,the-junction-nsw-2291,House,3,0,0,0,8,800,,0,0
The Junction,NSW,2291,the-junction-nsw-2291,House,4,0,0,0,3,0,,0,0
The Junction,NSW,2291,the-junction-nsw-2291,House,5,0,0,0,0,0,,0,0
The Junction,NSW,2291,the-junction-nsw-2291,Unit,1,0,0,0,1,0,,0,0
The Junction,NSW,2291,the-junction-nsw-2291,Unit,2,0,0,0,4,610,,0,0
The Junction,NSW,2291,the-junction-nsw-2291,Unit,3,0,0,0,2,0,,0,0
Towradgi,NSW,2518,towradgi-nsw-2518,House,2,0,0,0,2,0,,0,0
Towradgi,NSW,2518,towradgi-nsw-2518,House,3,1300000,23,0,25,810,3.24,980000,1643400
Towradgi,NSW,2518,towradgi-nsw-2518,House,4,1600000,59,0,17,1000,3.25,1140000,1924000
Towradgi,NSW,2518,towradgi-nsw-2518,House,5,0,0,0,3,0,,0,0
Towradgi,NSW,2518,towradgi-nsw-2518,Unit,1,0,0,0,0,0,,0,0
Towradgi,NSW,2518,towradgi-nsw-2518,Unit,2,0,0,0,4,570,,0,0
Towradgi,NSW,2518,towradgi-nsw-2518,Unit,3,0,0,0,0,0,,0,0
Tumbulgum,NSW,2490,tumbulgum-nsw-2490,House,2,0,0,0,3,0,,0,0
Tumbulgum,NSW,2490,tumbulgum-nsw-2490,House,3,0,0,0,5,0,,0,0
Tumbulgum,NSW,2490,tumbulgum-nsw-2490,House,4,0,0,0,6,0,,0,0
Tumbulgum,NSW,2490,tumbulgum-nsw-2490,House,5,0,0,0,0,0,,0,0
Wareemba,NSW,2046,wareemba-nsw-2046,House,2,0,0,0,8,0,,0,0
Wareemba,NSW,2046,wareemba-nsw-2046,House,3,0,0,0,3,1050,,0,0
Wareemba,NSW,2046,wareemba-nsw-2046,House,4,0,0,0,6,0,,0,0
Wareemba,NSW,2046,wareemba-nsw-2046,House,5,0,0,0,4,0,,0,0
Wareemba,NSW,2046,wareemba-nsw-2046,Unit,1,0,0,0,0,0,,0,0
Wareemba,NSW,2046,wareemba-nsw-2046,Unit,2,0,0,0,6,760,,0,0
Wareemba,NSW,2046,wareemba-nsw-2046,Unit,3,0,0,0,0,0,,0,0
Werrington Downs,NSW,2747,werrington-downs-nsw-2747,House,2,0,0,0,1,0,,0,0
Werrington Downs,NSW,2747,werrington-downs-nsw-2747,House,3,1125000,14,0,14,650,3.0,910000,1342000
Werrington Downs,NSW,2747,werrington-downs-nsw-2747,House,4,1185000,18,0,13,0,,1075000,1286600
Werrington Downs,NSW,2747,werrington-downs-nsw-2747,House,5,0,0,0,3,0,,0,0
Wollstonecraft,NSW,2065,wollstonecraft-nsw-2065,House,2,0,0,0,6,0,,0,0
Wollstonecraft,NSW,2065,wollstonecraft-nsw-2065,House,3,2233500,0,0.7619047619047619,24,1250,2.91,1775000,2996250
Wollstonecraft,NSW,2065,wollstonecraft-nsw-2065,House,4,0,0,0.6363636363636364,9,0,,0,0
Wollstonecraft,NSW,2065,wollstonecraft-nsw-2065,House,5,0,0,0,4,0,,0,0
Wollstonecraft,NSW,2065,wollstonecraft-nsw-2065,Unit,1,828500,19,0.8695652173913043,44,650,4.08,735450,935000
Wollstonecraft,NSW,2065,wollstonecraft-nsw-2065,Unit,2,1280000,34,0.7384615384615385,82,825,3.35,991750,2061500
Wollstonecraft,NSW,2065,wollstonecraft-nsw-2065,Unit,3,1817500,42,0.6785714285714286,44,1200,3.43,1407500,2934000
Alfords Point,NSW,2234,alfords-point-nsw-2234,House,2,0,0,0,0,0,,0,0
Alfords Point,NSW,2234,alfords-point-nsw-2234,House,3,0,0,0,4,0,,0,0
Alfords Point,NSW,2234,alfords-point-nsw-2234,House,4,0,0,0.45454545454545453,10,0,,0,0
Alfords Point,NSW,2234,alfords-point-nsw-2234,House,5,2267500,0,0.42857142857142855,12,0,,1879750,3676500
Balmoral,NSW,2283,balmoral-nsw-2283,House,2,0,0,0,3,0,,0,0
Balmoral,NSW,2283,balmoral-nsw-2283,House,3,0,0,0,2,0,,0,0
Balmoral,NSW,2283,balmoral-nsw-2283,House,4,0,0,0,3,0,,0,0
Balmoral,NSW,2283,balmoral-nsw-2283,House,5,0,0,0,1,0,,0,0
Bargo,NSW,2574,bargo-nsw-2574,House,2,0,0,0,3,0,,0,0
Bargo,NSW,2574,bargo-nsw-2574,House,3,925000,20,0,20,630,3.54,844250,1452500
Bargo,NSW,2574,bargo-nsw-2574,House,4,1224750,36,0,32,750,3.18,872750,2107500
Bargo,NSW,2574,bargo-nsw-2574,House,5,0,0,0,6,0,,0,0
Batemans Bay,NSW,2536,batemans-bay-nsw-2536,House,2,575000,66,0,15,490,4.43,367700,750000
Batemans Bay,NSW,2536,batemans-bay-nsw-2536,House,3,635000,0,0,10,580,4.75,555000,960750
Batemans Bay,NSW,2536,batemans-bay-nsw-2536,House,4,0,0,0,6,0,,0,0
Batemans Bay,NSW,2536,batemans-bay-nsw-2536,House,5,0,0,0,2,0,,0,0
Batemans Bay,NSW,2536,batemans-bay-nsw-2536,Unit,1,0,0,0,1,0,,0,0
Batemans Bay,NSW,2536,batemans-bay-nsw-2536,Unit,2,520000,136,0,25,425,4.25,408000,823800
Batemans Bay,NSW,2536,batemans-bay-nsw-2536,Unit,3,0,0,0,6,0,,0,0
Blackett,NSW,2770,blackett-nsw-2770,House,2,0,0,0,0,460,,0,0
Blackett,NSW,2770,blackett-nsw-2770,House,3,867500,18,0,27,520,3.12,743500,1075319
Blackett,NSW,2770,blackett-nsw-2770,House,4,0,0,0,4,620,,0,0
Blackett,NSW,2770,blackett-nsw-2770,House,5,0,0,0,1,0,,0,0
Blackett,NSW,2770,blackett-nsw-2770,Unit,1,0,0,0,0,0,,0,0
Blackett,NSW,2770,blackett-nsw-2770,Unit,2,0,0,0,0,0,,0,0
Blackett,NSW,2770,blackett-nsw-2770,Unit,3,0,0,0,1,0,,0,0
Blacksmiths,NSW,2281,blacksmiths-nsw-2281,House,2,0,0,0,2,0,,0,0
Blacksmiths,NSW,2281,blacksmiths-nsw-2281,House,3,0,0,0,8,750,,0,0
Blacksmiths,NSW,2281,blacksmiths-nsw-2281,House,4,0,0,0,2,0,,0,0
Blacksmiths,NSW,2281,blacksmiths-nsw-2281,House,5,0,0,0,0,0,,0,0
Blacksmiths,NSW,2281,blacksmiths-nsw-2281,Unit,1,0,0,0,1,0,,0,0
Blacksmiths,NSW,2281,blacksmiths-nsw-2281,Unit,2,0,0,0,0,0,,0,0
Blacksmiths,NSW,2281,blacksmiths-nsw-2281,Unit,3,0,0,0,0,0,,0,0
Blue Bay,NSW,2261,blue-bay-nsw-2261,House,2,0,0,0,2,0,,0,0
Blue Bay,NSW,2261,blue-bay-nsw-2261,House,3,0,0,0,8,838,,0,0
Blue Bay,NSW,2261,blue-bay-nsw-2261,House,4,0,0,0,3,0,,0,0
Blue Bay,NSW,2261,blue-bay-nsw-2261,House,5,0,0,0,2,0,,0,0
Blue Bay,NSW,2261,blue-bay-nsw-2261,Unit,1,0,0,0,1,0,,0,0
Blue Bay,NSW,2261,blue-bay-nsw-2261,Unit,2,0,0,0,5,520,,0,0
Blue Bay,NSW,2261,blue-bay-nsw-2261,Unit,3,0,0,0,1,0,,0,0
Canada Bay,NSW,2046,canada-bay-nsw-2046,House,2,0,0,0,0,0,,0,0
Canada Bay,NSW,2046,canada-bay-nsw-2046,House,3,0,0,0,6,1125,,0,0
Canada Bay,NSW,2046,canada-bay-nsw-2046,House,4,0,0,0,2,0,,0,0
Canada Bay,NSW,2046,canada-bay-nsw-2046,House,5,0,0,0,4,0,,0,0
Canada Bay,NSW,2046,canada-bay-nsw-2046,Unit,1,0,0,0,0,0,,0,0
Canada Bay,NSW,2046,canada-bay-nsw-2046,Unit,2,0,0,0,5,0,,0,0
Canada Bay,NSW,2046,canada-bay-nsw-2046,Unit,3,0,0,0,0,0,,0,0
Condobolin,NSW,2877,condobolin-nsw-2877,House,2,280000,0,0,11,0,,125000,330000
Condobolin,NSW,2877,condobolin-nsw-2877,House,3,300000,55,0,32,0,,148500,525750
Condobolin,NSW,2877,condobolin-nsw-2877,House,4,442000,80,0,15,0,,271500,679000
Condobolin,NSW,2877,condobolin-nsw-2877,House,5,0,0,0,2,0,,0,0
Condobolin,NSW,2877,condobolin-nsw-2877,Unit,1,0,0,0,0,0,,0,0
Condobolin,NSW,2877,condobolin-nsw-2877,Unit,2,0,0,0,2,0,,0,0
Condobolin,NSW,2877,condobolin-nsw-2877,Unit,3,0,0,0,0,0,,0,0
Cremorne Point,NSW,2090,cremorne-point-nsw-2090,House,2,0,0,0,1,0,,0,0
Cremorne Point,NSW,2090,cremorne-point-nsw-2090,House,3,0,0,0,2,0,,0,0
Cremorne Point,NSW,2090,cremorne-point-nsw-2090,House,4,0,0,0,5,0,,0,0
Cremorne Point,NSW,2090,cremorne-point-nsw-2090,House,5,0,0,0,5,0,,0,0
Cremorne Point,NSW,2090,cremorne-point-nsw-2090,Unit,1,0,0,0,7,650,,0,0
Cremorne Point,NSW,2090,cremorne-point-nsw-2090,Unit,2,2100000,0,0.4666666666666667,15,975,2.41,1511600,3323000
Cremorne Point,NSW,2090,cremorne-point-nsw-2090,Unit,3,2742000,44,0,19,1400,2.65,1343500,5800250
Croudace Bay,NSW,2280,croudace-bay-nsw-2280,House,2,0,0,0,1,0,,0,0
Croudace Bay,NSW,2280,croudace-bay-nsw-2280,House,3,0,0,0,6,0,,0,0
Croudace Bay,NSW,2280,croudace-bay-nsw-2280,House,4,0,0,0,3,0,,0,0
Croudace Bay,NSW,2280,croudace-bay-nsw-2280,House,5,0,0,0,2,0,,0,0
Dharruk,NSW,2770,dharruk-nsw-2770,House,2,0,0,0,1,0,,0,0
Dharruk,NSW,2770,dharruk-nsw-2770,House,3,960000,26,0,12,580,3.14,849500,1031389
Dharruk,NSW,2770,dharruk-nsw-2770,House,4,0,0,0,4,0,,0,0
Dharruk,NSW,2770,dharruk-nsw-2770,House,5,0,0,0,7,0,,0,0
Emerton,NSW,2770,emerton-nsw-2770,House,2,0,0,0,1,490,,0,0
Emerton,NSW,2770,emerton-nsw-2770,House,3,900500,20,0,22,525,3.03,651025,1078900
Emerton,NSW,2770,emerton-nsw-2770,House,4,0,0,0,3,0,,0,0
Emerton,NSW,2770,emerton-nsw-2770,House,5,0,0,0,1,0,,0,0
Fennell Bay,NSW,2283,fennell-bay-nsw-2283,House,2,0,0,0,6,0,,0,0
Fennell Bay,NSW,2283,fennell-bay-nsw-2283,House,3,864500,21,0,14,620,3.73,729325,1198450
Fennell Bay,NSW,2283,fennell-bay-nsw-2283,House,4,995000,0,0,10,0,,773500,1514500
Fennell Bay,NSW,2283,fennell-bay-nsw-2283,House,5,0,0,0,0,0,,0,0
Fullerton Cove,NSW,2318,fullerton-cove-nsw-2318,House,2,0,0,0,7,0,,0,0
Fullerton Cove,NSW,2318,fullerton-cove-nsw-2318,House,3,0,0,0,6,0,,0,0
Fullerton Cove,NSW,2318,fullerton-cove-nsw-2318,House,4,0,0,0,0,0,,0,0
Fullerton Cove,NSW,2318,fullerton-cove-nsw-2318,House,5,0,0,0,1,0,,0,0
Greenwich,NSW,2065,greenwich-nsw-2065,House,2,0,0,0,3,0,,0,0
Greenwich,NSW,2065,greenwich-nsw-2065,House,3,3035500,0,0.6153846153846154,10,0,,2400500,4175500
Greenwich,NSW,2065,greenwich-nsw-2065,House,4,3362500,0,0.6428571428571429,13,1500,2.32,2771000,4882000
Greenwich,NSW,2065,greenwich-nsw-2065,House,5,0,0,0,7,1900,,0,0
Greenwich,NSW,2065,greenwich-nsw-2065,Unit,1,772500,0,0.7333333333333333,18,670,4.51,669250,890150
Greenwich,NSW,2065,greenwich-nsw-2065,Unit,2,941000,0,0.7333333333333333,31,725,4.01,774000,1370000
Greenwich,NSW,2065,greenwich-nsw-2065,Unit,3,1755000,0,0.6363636363636364,12,950,2.81,1105500,3225000
Hamilton Valley,NSW,2641,hamilton-valley-nsw-2641,House,2,0,0,0,0,0,,0,0
Hamilton Valley,NSW,2641,hamilton-valley-nsw-2641,House,3,0,0,0,5,0,,0,0
Hamilton Valley,NSW,2641,hamilton-valley-nsw-2641,House,4,0,0,0,8,560,,0,0
Hamilton Valley,NSW,2641,hamilton-valley-nsw-2641,House,5,0,0,0,0,0,,0,0
Haywards Bay,NSW,2530,haywards-bay-nsw-2530,House,2,0,0,0,0,0,,0,0
Haywards Bay,NSW,2530,haywards-bay-nsw-2530,House,3,0,0,0,2,0,,0,0
Haywards Bay,NSW,2530,haywards-bay-nsw-2530,House,4,0,0,0,6,0,,0,0
Haywards Bay,NSW,2530,haywards-bay-nsw-2530,House,5,0,0,0,3,0,,0,0
Hebersham,NSW,2770,hebersham-nsw-2770,House,2,0,0,0,1,480,,0,0
Hebersham,NSW,2770,hebersham-nsw-2770,House,3,950000,11,0,38,580,3.17,752000,1032000
Hebersham,NSW,2770,hebersham-nsw-2770,House,4,1000500,0,0,13,613,3.19,888200,1223000
Hebersham,NSW,2770,hebersham-nsw-2770,House,5,0,0,0,9,0,,0,0
Howlong,NSW,2643,howlong-nsw-2643,House,2,0,0,0,8,0,,0,0
Howlong,NSW,2643,howlong-nsw-2643,House,3,569000,45,0,33,490,4.48,408000,715400
Howlong,NSW,2643,howlong-nsw-2643,House,4,727000,64,0,12,0,,477850,900700
Howlong,NSW,2643,howlong-nsw-2643,House,5,0,0,0,3,0,,0,0
Howlong,NSW,2643,howlong-nsw-2643,Unit,1,0,0,0,0,0,,0,0
Howlong,NSW,2643,howlong-nsw-2643,Unit,2,0,0,0,4,0,,0,0
Howlong,NSW,2643,howlong-nsw-2643,Unit,3,0,0,0,0,0,,0,0
Kembla Grange,NSW,2526,kembla-grange-nsw-2526,House,2,0,0,0,0,0,,0,0
Kembla Grange,NSW,2526,kembla-grange-nsw-2526,House,3,0,0,0,1,0,,0,0
Kembla Grange,NSW,2526,kembla-grange-nsw-2526,House,4,0,0,0,0,0,,0,0
Kembla Grange,NSW,2526,kembla-grange-nsw-2526,House,5,0,0,0,0,0,,0,0
Kyeemagh,NSW,2216,kyeemagh-nsw-2216,House,2,0,0,0,0,0,,0,0
Kyeemagh,NSW,2216,kyeemagh-nsw-2216,House,3,0,0,0,6,0,,0,0
Kyeemagh,NSW,2216,kyeemagh-nsw-2216,House,4,0,0,0,4,0,,0,0
Kyeemagh,NSW,2216,kyeemagh-nsw-2216,House,5,0,0,0,0,0,,0,0
Mount Pleasant,NSW,2519,mount-pleasant-nsw-2519,House,2,0,0,0,1,0,,0,0
Mount Pleasant,NSW,2519,mount-pleasant-nsw-2519,House,3,1303050,0,0,10,0,,1097250,1564950
Mount Pleasant,NSW,2519,mount-pleasant-nsw-2519,House,4,0,0,0,9,0,,0,0
Mount Pleasant,NSW,2519,mount-pleasant-nsw-2519,House,5,0,0,0,4,0,,0,0
Mount Pleasant,NSW,2519,mount-pleasant-nsw-2519,Unit,1,0,0,0,0,0,,0,0
Mount Pleasant,NSW,2519,mount-pleasant-nsw-2519,Unit,2,0,0,0,0,0,,0,0
Mount Pleasant,NSW,2519,mount-pleasant-nsw-2519,Unit,3,0,0,0,0,0,,0,0
Mount Saint Thomas,NSW,2500,mount-saint-thomas-nsw-2500,House,2,0,0,0,0,0,,0,0
Mount Saint Thomas,NSW,2500,mount-saint-thomas-nsw-2500,House,3,947500,0,0,12,0,,854875,1306300
Mount Saint Thomas,NSW,2500,mount-saint-thomas-nsw-2500,House,4,0,0,0,2,0,,0,0
Mount Saint Thomas,NSW,2500,mount-saint-thomas-nsw-2500,House,5,0,0,0,1,0,,0,0
Mount Saint Thomas,NSW,2500,mount-saint-thomas-nsw-2500,Unit,1,0,0,0,0,0,,0,0
Mount Saint Thomas,NSW,2500,mount-saint-thomas-nsw-2500,Unit,2,0,0,0,0,0,,0,0
Mount Saint Thomas,NSW,2500,mount-saint-thomas-nsw-2500,Unit,3,0,0,0,0,0,,0,0
Mount Victoria,NSW,2786,mount-victoria-nsw-2786,House,2,0,0,0,7,0,,0,0
Mount Victoria,NSW,2786,mount-victoria-nsw-2786,House,3,0,0,0,9,0,,0,0
Mount Victoria,NSW,2786,mount-victoria-nsw-2786,House,4,0,0,0,9,0,,0,0
Mount Victoria,NSW,2786,mount-victoria-nsw-2786,House,5,0,0,0,1,0,,0,0
Mount Warrigal,NSW,2528,mount-warrigal-nsw-2528,House,2,0,0,0,0,0,,0,0
Mount Warrigal,NSW,2528,mount-warrigal-nsw-2528,House,3,912500,22,0.5833333333333334,57,725,4.13,779750,1094000
Mount Warrigal,NSW,2528,mount-warrigal-nsw-2528,House,4,1080000,32,0,17,790,3.8,882000,1370000
Mount Warrigal,NSW,2528,mount-warrigal-nsw-2528,House,5,0,0,0,5,0,,0,0
Orient Point,NSW,2540,orient-point-nsw-2540,House,2,0,0,0,3,0,,0,0
Orient Point,NSW,2540,orient-point-nsw-2540,House,3,0,0,0,8,0,,0,0
Orient Point,NSW,2540,orient-point-nsw-2540,House,4,0,0,0,3,0,,0,0
Orient Point,NSW,2540,orient-point-nsw-2540,House,5,0,0,0,0,0,,0,0
Parklea,NSW,2768,parklea-nsw-2768,House,2,0,0,0,6,0,,0,0
Parklea,NSW,2768,parklea-nsw-2768,House,3,0,0,0,6,0,,0,0
Parklea,NSW,2768,parklea-nsw-2768,House,4,1510000,29,0.8333333333333334,23,860,2.96,1279100,1738000
Parklea,NSW,2768,parklea-nsw-2768,House,5,0,0,0,2,0,,0,0
Parklea,NSW,2768,parklea-nsw-2768,Unit,1,0,0,0,0,0,,0,0
Parklea,NSW,2768,parklea-nsw-2768,Unit,2,0,0,0,2,0,,0,0
Parklea,NSW,2768,parklea-nsw-2768,Unit,3,0,0,0,3,0,,0,0
Paxton,NSW,2325,paxton-nsw-2325,House,2,0,0,0,1,0,,0,0
Paxton,NSW,2325,paxton-nsw-2325,House,3,670000,14,0,12,0,,512900,791750
Paxton,NSW,2325,paxton-nsw-2325,House,4,0,0,0,7,583,,0,0
Paxton,NSW,2325,paxton-nsw-2325,House,5,0,0,0,2,0,,0,0
Primbee,NSW,2502,primbee-nsw-2502,House,2,0,0,0,3,0,,0,0
Primbee,NSW,2502,primbee-nsw-2502,House,3,1040000,0,0,12,740,3.7,885000,1237500
Primbee,NSW,2502,primbee-nsw-2502,House,4,1300000,44,0,13,0,,905000,1910000
Primbee,NSW,2502,primbee-nsw-2502,House,5,0,0,0,2,0,,0,0
Queenscliff,NSW,2096,queenscliff-nsw-2096,House,2,0,0,0,0,0,,0,0
Queenscliff,NSW,2096,queenscliff-nsw-2096,House,3,0,0,0,6,0,,0,0
Queenscliff,NSW,2096,queenscliff-nsw-2096,House,4,0,0,0,5,0,,0,0
Queenscliff,NSW,2096,queenscliff-nsw-2096,House,5,0,0,0,1,0,,0,0
Queenscliff,NSW,2096,queenscliff-nsw-2096,Unit,1,955000,43,0,21,750,4.08,754738,1391250
Queenscliff,NSW,2096,queenscliff-nsw-2096,Unit,2,1375000,19,0.8,55,975,3.69,1198500,1941000
Queenscliff,NSW,2096,queenscliff-nsw-2096,Unit,3,2352500,0,0.5,14,1675,3.7,1792500,3035000
Riverview,NSW,2066,riverview-nsw-2066,House,2,0,0,0,1,0,,0,0
Riverview,NSW,2066,riverview-nsw-2066,House,3,0,0,0,7,0,,0,0
Riverview,NSW,2066,riverview-nsw-2066,House,4,3650000,0,0.6470588235294118,17,1850,2.64,3096000,4440000
Riverview,NSW,2066,riverview-nsw-2066,House,5,4775000,0,0.6666666666666666,16,0,,3526000,6225000
Russell Vale,NSW,2517,russell-vale-nsw-2517,House,2,0,0,0,1,0,,0,0
Russell Vale,NSW,2517,russell-vale-nsw-2517,House,3,1250000,0,0,11,0,,975000,1575000
Russell Vale,NSW,2517,russell-vale-nsw-2517,House,4,0,0,0,7,0,,0,0
Russell Vale,NSW,2517,russell-vale-nsw-2517,House,5,0,0,0,3,0,,0,0
South Lismore,NSW,2480,south-lismore-nsw-2480,House,2,400000,0,0,18,0,,40200,467800
South Lismore,NSW,2480,south-lismore-nsw-2480,House,3,406000,89,0,55,0,,46500,500000
South Lismore,NSW,2480,south-lismore-nsw-2480,House,4,420000,0,0,12,0,,242500,512500
South Lismore,NSW,2480,south-lismore-nsw-2480,House,5,0,0,0,0,0,,0,0
St Andrews,NSW,2566,st-andrews-nsw-2566,House,2,0,0,0,2,493,,0,0
St Andrews,NSW,2566,st-andrews-nsw-2566,House,3,975000,12,0,41,620,3.31,809000,1115900
St Andrews,NSW,2566,st-andrews-nsw-2566,House,4,1037500,17,0,24,750,3.76,903000,1283500
St Andrews,NSW,2566,st-andrews-nsw-2566,House,5,0,0,0,7,0,,0,0
Stanwell Park,NSW,2508,stanwell-park-nsw-2508,House,2,0,0,0,0,0,,0,0
Stanwell Park,NSW,2508,stanwell-park-nsw-2508,House,3,0,0,0,7,1100,,0,0
Stanwell Park,NSW,2508,stanwell-park-nsw-2508,House,4,0,0,0,9,0,,0,0
Stanwell Park,NSW,2508,stanwell-park-nsw-2508,House,5,0,0,0,2,0,,0,0
Stanwell Park,NSW,2508,stanwell-park-nsw-2508,Unit,1,0,0,0,0,0,,0,0
Stanwell Park,NSW,2508,stanwell-park-nsw-2508,Unit,2,0,0,0,0,0,,0,0
Stanwell Park,NSW,2508,stanwell-park-nsw-2508,Unit,3,0,0,0,0,0,,0,0
Tarrawanna,NSW,2518,tarrawanna-nsw-2518,House,2,0,0,0,2,0,,0,0
Tarrawanna,NSW,2518,tarrawanna-nsw-2518,House,3,1225000,27,0,18,0,,933875,1703000
Tarrawanna,NSW,2518,tarrawanna-nsw-2518,House,4,0,0,0,5,0,,0,0
Tarrawanna,NSW,2518,tarrawanna-nsw-2518,House,5,0,0,0,5,0,,0,0
Terranora,NSW,2486,terranora-nsw-2486,House,2,0,0,0,1,0,,0,0
Terranora,NSW,2486,terranora-nsw-2486,House,3,1165000,0,0,12,0,,976000,1425000
Terranora,NSW,2486,terranora-nsw-2486,House,4,1475000,30,0.46153846153846156,37,1250,4.41,1039750,2100000
Terranora,NSW,2486,terranora-nsw-2486,House,5,1962500,70,0,20,0,,1237750,3532500
Tuggerawong,NSW,2259,tuggerawong-nsw-2259,House,2,0,0,0,2,0,,0,0
Tuggerawong,NSW,2259,tuggerawong-nsw-2259,House,3,811000,49,0,13,630,4.04,451000,1098000
Tuggerawong,NSW,2259,tuggerawong-nsw-2259,House,4,0,0,0,8,0,,0,0
Tuggerawong,NSW,2259,tuggerawong-nsw-2259,House,5,0,0,0,1,0,,0,0
Warrawong,NSW,2502,warrawong-nsw-2502,House,2,0,0,0,1,570,,0,0
Warrawong,NSW,2502,warrawong-nsw-2502,House,3,865000,23,0,29,650,3.91,638000,975000
Warrawong,NSW,2502,warrawong-nsw-2502,House,4,985000,27,0,12,775,4.09,850000,1179750
Warrawong,NSW,2502,warrawong-nsw-2502,House,5,0,0,0,3,0,,0,0
Wetherill Park,NSW,2164,wetherill-park-nsw-2164,House,2,0,0,0,2,560,,0,0
Wetherill Park,NSW,2164,wetherill-park-nsw-2164,House,3,1255000,29,0.4090909090909091,28,735,3.05,925000,1502650
Wetherill Park,NSW,2164,wetherill-park-nsw-2164,House,4,1510250,0,0.7333333333333333,20,830,2.86,1195000,1826750
Wetherill Park,NSW,2164,wetherill-park-nsw-2164,House,5,1707500,0,0.5625,16,0,,1432500,2345000
Wetherill Park,NSW,2164,wetherill-park-nsw-2164,Unit,1,0,0,0,0,0,,0,0
Wetherill Park,NSW,2164,wetherill-park-nsw-2164,Unit,2,0,0,0,0,0,,0,0
Wetherill Park,NSW,2164,wetherill-park-nsw-2164,Unit,3,0,0,0,3,0,,0,0
Woodbine,NSW,2560,woodbine-nsw-2560,House,2,0,0,0,0,0,,0,0
Woodbine,NSW,2560,woodbine-nsw-2560,House,3,970000,14,0,25,620,3.32,920600,1333600
Woodbine,NSW,2560,woodbine-nsw-2560,House,4,1175000,0,0,10,0,,908000,1250000
Woodbine,NSW,2560,woodbine-nsw-2560,House,5,0,0,0,5,0,,0,0
Woolgoolga,NSW,2456,woolgoolga-nsw-2456,House,2,660000,88,0,16,568,4.48,315000,967500
Woolgoolga,NSW,2456,woolgoolga-nsw-2456,House,3,835500,32,0,28,630,3.92,741750,1398750
Woolgoolga,NSW,2456,woolgoolga-nsw-2456,House,4,995000,53,0,27,750,3.92,793000,2395500
Woolgoolga,NSW,2456,woolgoolga-nsw-2456,House,5,0,0,0,9,0,,0,0
Woolgoolga,NSW,2456,woolgoolga-nsw-2456,Unit,1,0,0,0,0,0,,0,0
Woolgoolga,NSW,2456,woolgoolga-nsw-2456,Unit,2,0,0,0,6,550,,0,0
Woolgoolga,NSW,2456,woolgoolga-nsw-2456,Unit,3,0,0,0,5,0,,0,0
Woolooware,NSW,2230,woolooware-nsw-2230,House,2,0,0,0,4,0,,0,0
Woolooware,NSW,2230,woolooware-nsw-2230,House,3,2045000,37,0.5263157894736842,27,1150,2.92,1432400,2689500
Woolooware,NSW,2230,woolooware-nsw-2230,House,4,2580000,57,0.46153846153846156,29,1700,3.43,2170000,4106000
Woolooware,NSW,2230,woolooware-nsw-2230,House,5,0,0,0,9,1900,,0,0
Woolooware,NSW,2230,woolooware-nsw-2230,Unit,1,797500,19,0,48,720,4.69,591750,994750
Woolooware,NSW,2230,woolooware-nsw-2230,Unit,2,1112500,63,0,32,920,4.3,828750,1480000
Woolooware,NSW,2230,woolooware-nsw-2230,Unit,3,1775000,0,0,13,1250,3.66,1542000,2182000
Zetland,NSW,2017,zetland-nsw-2017,House,2,0,0,0,4,1050,,0,0
Zetland,NSW,2017,zetland-nsw-2017,House,3,0,0,0,8,1500,,0,0
Zetland,NSW,2017,zetland-nsw-2017,House,4,0,0,0,5,1840,,0,0
Zetland,NSW,2017,zetland-nsw-2017,House,5,0,0,0,0,0,,0,0
Zetland,NSW,2017,zetland-nsw-2017,Unit,1,730000,58,0.5454545454545454,123,850,6.05,600000,900000
Zetland,NSW,2017,zetland-nsw-2017,Unit,2,1076250,42,0.6153846153846154,179,1180,5.7,848250,1435000
Zetland,NSW,2017,zetland-nsw-2017,Unit,3,1500000,75,0.3333333333333333,47,1580,5.48,1120500,2157000
Argenton,NSW,2284,argenton-nsw-2284,House,2,0,0,0,4,0,,0,0
Argenton,NSW,2284,argenton-nsw-2284,House,3,832500,20,0,14,625,3.9,715675,965625
Argenton,NSW,2284,argenton-nsw-2284,House,4,0,0,0,4,0,,0,0
Argenton,NSW,2284,argenton-nsw-2284,House,5,0,0,0,3,0,,0,0
Argenton,NSW,2284,argenton-nsw-2284,Unit,1,0,0,0,0,0,,0,0
Argenton,NSW,2284,argenton-nsw-2284,Unit,2,0,0,0,2,0,,0,0
Argenton,NSW,2284,argenton-nsw-2284,Unit,3,0,0,0,0,0,,0,0
Balaclava,NSW,2575,balaclava-nsw-2575,House,2,0,0,0,1,0,,0,0
Balaclava,NSW,2575,balaclava-nsw-2575,House,3,0,0,0,2,0,,0,0
Balaclava,NSW,2575,balaclava-nsw-2575,House,4,1275000,0,0,10,0,,822000,1609000
Balaclava,NSW,2575,balaclava-nsw-2575,House,5,0,0,0,0,0,,0,0
Barooga,NSW,3644,barooga-nsw-3644,House,2,0,0,0,6,0,,0,0
Barooga,NSW,3644,barooga-nsw-3644,House,3,470000,73,0,19,465,5.14,353000,659500
Barooga,NSW,3644,barooga-nsw-3644,House,4,605000,118,0,23,0,,480750,1079000
Barooga,NSW,3644,barooga-nsw-3644,House,5,0,0,0,2,0,,0,0
Barooga,NSW,3644,barooga-nsw-3644,Unit,1,0,0,0,1,0,,0,0
Barooga,NSW,3644,barooga-nsw-3644,Unit,2,0,0,0,2,0,,0,0
Barooga,NSW,3644,barooga-nsw-3644,Unit,3,0,0,0,4,0,,0,0
Batlow,NSW,2730,batlow-nsw-2730,House,2,0,0,0,4,0,,0,0
Batlow,NSW,2730,batlow-nsw-2730,House,3,365000,103,0,15,0,,279000,601500
Batlow,NSW,2730,batlow-nsw-2730,House,4,0,0,0,8,0,,0,0
Batlow,NSW,2730,batlow-nsw-2730,House,5,0,0,0,0,0,,0,0
Bensville,NSW,2251,bensville-nsw-2251,House,2,0,0,0,0,0,,0,0
Bensville,NSW,2251,bensville-nsw-2251,House,3,0,0,0,9,0,,0,0
Bensville,NSW,2251,bensville-nsw-2251,House,4,1260000,28,0,19,0,,977450,1950000
Bensville,NSW,2251,bensville-nsw-2251,House,5,1475000,0,0,11,0,,1285000,4700000
Brooklyn,NSW,2083,brooklyn-nsw-2083,House,2,0,0,0,0,0,,0,0
Brooklyn,NSW,2083,brooklyn-nsw-2083,House,3,0,0,0,3,0,,0,0
Brooklyn,NSW,2083,brooklyn-nsw-2083,House,4,0,0,0,2,0,,0,0
Brooklyn,NSW,2083,brooklyn-nsw-2083,House,5,0,0,0,1,0,,0,0
Brooklyn,NSW,2083,brooklyn-nsw-2083,Unit,1,0,0,0,0,0,,0,0
Brooklyn,NSW,2083,brooklyn-nsw-2083,Unit,2,0,0,0,0,0,,0,0
Brooklyn,NSW,2083,brooklyn-nsw-2083,Unit,3,0,0,0,0,0,,0,0
Camden,NSW,2570,camden-nsw-2570,House,2,0,0,0,4,550,,0,0
Camden,NSW,2570,camden-nsw-2570,House,3,1130000,42,0,20,610,2.81,893500,2045000
Camden,NSW,2570,camden-nsw-2570,House,4,1375000,30,0,17,775,2.93,984000,1790000
Camden,NSW,2570,camden-nsw-2570,House,5,0,0,0,3,0,,0,0
Camden,NSW,2570,camden-nsw-2570,Unit,1,0,0,0,0,0,,0,0
Camden,NSW,2570,camden-nsw-2570,Unit,2,670000,21,0,16,500,3.88,444000,780000
Camden,NSW,2570,camden-nsw-2570,Unit,3,0,0,0,1,0,,0,0
Cheltenham,NSW,2119,cheltenham-nsw-2119,House,2,0,0,0,0,0,,0,0
Cheltenham,NSW,2119,cheltenham-nsw-2119,House,3,0,0,0,5,0,,0,0
Cheltenham,NSW,2119,cheltenham-nsw-2119,House,4,0,0,0.6,9,0,,0,0
Cheltenham,NSW,2119,cheltenham-nsw-2119,House,5,0,0,0,6,0,,0,0
Cheltenham,NSW,2119,cheltenham-nsw-2119,Unit,1,0,0,0,0,0,,0,0
Cheltenham,NSW,2119,cheltenham-nsw-2119,Unit,2,0,0,0,1,0,,0,0
Cheltenham,NSW,2119,cheltenham-nsw-2119,Unit,3,0,0,0,2,0,,0,0
Chiswick,NSW,2046,chiswick-nsw-2046,House,2,0,0,0,0,0,,0,0
Chiswick,NSW,2046,chiswick-nsw-2046,House,3,0,0,0,6,0,,0,0
Chiswick,NSW,2046,chiswick-nsw-2046,House,4,0,0,0.16666666666666666,5,0,,0,0
Chiswick,NSW,2046,chiswick-nsw-2046,House,5,0,0,0,3,0,,0,0
Chiswick,NSW,2046,chiswick-nsw-2046,Unit,1,800000,77,0,17,740,4.81,759500,951000
Chiswick,NSW,2046,chiswick-nsw-2046,Unit,2,1200000,44,0.5,57,860,3.73,1016000,1535000
Chiswick,NSW,2046,chiswick-nsw-2046,Unit,3,0,0,0,4,1315,,0,0
Church Point,NSW,2105,church-point-nsw-2105,House,2,0,0,0,1,0,,0,0
Church Point,NSW,2105,church-point-nsw-2105,House,3,0,0,0,3,0,,0,0
Church Point,NSW,2105,church-point-nsw-2105,House,4,0,0,0.36363636363636365,8,0,,0,0
Church Point,NSW,2105,church-point-nsw-2105,House,5,0,0,0,4,0,,0,0
Church Point,NSW,2105,church-point-nsw-2105,Unit,1,0,0,0,0,0,,0,0
Church Point,NSW,2105,church-point-nsw-2105,Unit,2,0,0,0,1,0,,0,0
Church Point,NSW,2105,church-point-nsw-2105,Unit,3,0,0,0,1,0,,0,0
Claymore,NSW,2559,claymore-nsw-2559,House,2,0,0,0,1,510,,0,0
Claymore,NSW,2559,claymore-nsw-2559,House,3,0,0,0,1,0,,0,0
Claymore,NSW,2559,claymore-nsw-2559,House,4,1095000,30,0,14,760,3.61,827250,1307000
Claymore,NSW,2559,claymore-nsw-2559,House,5,0,0,0,2,0,,0,0
Claymore,NSW,2559,claymore-nsw-2559,Unit,1,0,0,0,0,0,,0,0
Claymore,NSW,2559,claymore-nsw-2559,Unit,2,0,0,0,0,500,,0,0
Claymore,NSW,2559,claymore-nsw-2559,Unit,3,0,0,0,0,0,,0,0
Colo Vale,NSW,2575,colo-vale-nsw-2575,House,2,0,0,0,0,0,,0,0
Colo Vale,NSW,2575,colo-vale-nsw-2575,House,3,890000,0,0,13,0,,853000,1285000
Colo Vale,NSW,2575,colo-vale-nsw-2575,House,4,1192700,52,0,15,0,,857000,1531000
Colo Vale,NSW,2575,colo-vale-nsw-2575,House,5,0,0,0,3,0,,0,0
Colo Vale,NSW,2575,colo-vale-nsw-2575,Unit,1,0,0,0,0,0,,0,0
Colo Vale,NSW,2575,colo-vale-nsw-2575,Unit,2,0,0,0,0,0,,0,0
Colo Vale,NSW,2575,colo-vale-nsw-2575,Unit,3,0,0,0,0,0,,0,0
Constitution Hill,NSW,2145,constitution-hill-nsw-2145,House,2,0,0,0,1,630,,0,0
Constitution Hill,NSW,2145,constitution-hill-nsw-2145,House,3,1322500,0,0.6666666666666666,16,703,2.76,1090500,1660750
Constitution Hill,NSW,2145,constitution-hill-nsw-2145,House,4,1513000,0,0.7368421052631579,16,800,2.75,1387500,1936250
Constitution Hill,NSW,2145,constitution-hill-nsw-2145,House,5,1745000,0,0.7,11,0,,1470000,2352500
Coonamble,NSW,2829,coonamble-nsw-2829,House,2,0,0,0,9,0,,0,0
Coonamble,NSW,2829,coonamble-nsw-2829,House,3,200000,51,0,32,325,8.45,125000,395000
Coonamble,NSW,2829,coonamble-nsw-2829,House,4,0,0,0,2,0,,0,0
Coonamble,NSW,2829,coonamble-nsw-2829,House,5,0,0,0,2,0,,0,0
Coonamble,NSW,2829,coonamble-nsw-2829,Unit,1,0,0,0,0,0,,0,0
Coonamble,NSW,2829,coonamble-nsw-2829,Unit,2,0,0,0,0,0,,0,0
Coonamble,NSW,2829,coonamble-nsw-2829,Unit,3,0,0,0,0,0,,0,0
Coutts Crossing,NSW,2460,coutts-crossing-nsw-2460,House,2,0,0,0,1,0,,0,0
Coutts Crossing,NSW,2460,coutts-crossing-nsw-2460,House,3,538500,0,0,11,0,,452500,720000
Coutts Crossing,NSW,2460,coutts-crossing-nsw-2460,House,4,0,0,0,8,0,,0,0
Coutts Crossing,NSW,2460,coutts-crossing-nsw-2460,House,5,0,0,0,1,0,,0,0
Crestwood,NSW,2620,crestwood-nsw-2620,House,2,590000,47,0,16,555,4.89,491875,783125
Crestwood,NSW,2620,crestwood-nsw-2620,House,3,787500,42,0.7692307692307693,30,673,4.44,596500,903700
Crestwood,NSW,2620,crestwood-nsw-2620,House,4,902500,84,0.15,16,740,4.26,803750,1167500
Crestwood,NSW,2620,crestwood-nsw-2620,House,5,0,0,0,5,0,,0,0
Crestwood,NSW,2620,crestwood-nsw-2620,Unit,1,274000,55,0,18,373,7.08,232750,341500
Crestwood,NSW,2620,crestwood-nsw-2620,Unit,2,355000,43,0,47,450,6.59,306500,473500
Crestwood,NSW,2620,crestwood-nsw-2620,Unit,3,0,0,0,0,0,,0,0
Curl Curl,NSW,2096,curl-curl-nsw-2096,House,2,0,0,0,4,0,,0,0
Curl Curl,NSW,2096,curl-curl-nsw-2096,House,3,0,0,0,6,0,,0,0
Curl Curl,NSW,2096,curl-curl-nsw-2096,House,4,0,0,0,8,0,,0,0
Curl Curl,NSW,2096,curl-curl-nsw-2096,House,5,4687500,0,0,12,0,,3482500,9295000
Currarong,NSW,2540,currarong-nsw-2540,House,2,0,0,0,2,0,,0,0
Currarong,NSW,2540,currarong-nsw-2540,House,3,0,0,0,3,0,,0,0
Currarong,NSW,2540,currarong-nsw-2540,House,4,0,0,0,4,0,,0,0
Currarong,NSW,2540,currarong-nsw-2540,House,5,0,0,0,2,0,,0,0
Darlington Point,NSW,2706,darlington-point-nsw-2706,House,2,0,0,0,2,0,,0,0
Darlington Point,NSW,2706,darlington-point-nsw-2706,House,3,387500,36,0,20,0,,171150,546190
Darlington Point,NSW,2706,darlington-point-nsw-2706,House,4,0,0,0,5,0,,0,0
Darlington Point,NSW,2706,darlington-point-nsw-2706,House,5,0,0,0,0,0,,0,0
Darlington Point,NSW,2706,darlington-point-nsw-2706,Unit,1,0,0,0,0,0,,0,0
Darlington Point,NSW,2706,darlington-point-nsw-2706,Unit,2,0,0,0,0,0,,0,0
Darlington Point,NSW,2706,darlington-point-nsw-2706,Unit,3,0,0,0,0,0,,0,0
Dundas,NSW,2117,dundas-nsw-2117,House,2,0,0,0,6,620,,0,0
Dundas,NSW,2117,dundas-nsw-2117,House,3,1212500,35,0.6,20,750,3.22,977400,1818000
Dundas,NSW,2117,dundas-nsw-2117,House,4,1692963,0,0,15,1075,3.3,1344000,2263500
Dundas,NSW,2117,dundas-nsw-2117,House,5,1970000,0,0,11,0,,1780000,2853500
Dundas,NSW,2117,dundas-nsw-2117,Unit,1,0,0,0,3,0,,0,0
Dundas,NSW,2117,dundas-nsw-2117,Unit,2,585000,16,0,20,618,5.49,519000,819550
Dundas,NSW,2117,dundas-nsw-2117,Unit,3,0,0,0,3,0,,0,0
East Killara,NSW,2071,east-killara-nsw-2071,House,2,0,0,0,0,0,,0,0
East Killara,NSW,2071,east-killara-nsw-2071,House,3,0,0,0,2,0,,0,0
East Killara,NSW,2071,east-killara-nsw-2071,House,4,0,0,0,7,1600,,0,0
East Killara,NSW,2071,east-killara-nsw-2071,House,5,3680000,0,0.29411764705882354,14,1800,2.54,1390000,6404000
Erskineville,NSW,2043,erskineville-nsw-2043,House,2,1720000,0,0.7272727272727273,37,900,2.72,1348000,2120000
Erskineville,NSW,2043,erskineville-nsw-2043,House,3,2180000,35,0.6363636363636364,49,1200,2.86,1682000,2750000
Erskineville,NSW,2043,erskineville-nsw-2043,House,4,2479500,0,0.5,12,1800,3.77,2403500,3904500
Erskineville,NSW,2043,erskineville-nsw-2043,House,5,0,0,0,1,0,,0,0
Erskineville,NSW,2043,erskineville-nsw-2043,Unit,1,777500,48,0.6285714285714286,69,750,5.02,615000,930000
Erskineville,NSW,2043,erskineville-nsw-2043,Unit,2,1238000,40,0.5396825396825397,85,1100,4.62,955750,1639000
Erskineville,NSW,2043,erskineville-nsw-2043,Unit,3,1730000,0,0,16,1400,4.21,1267500,2543750
Gormans Hill,NSW,2795,gormans-hill-nsw-2795,House,2,0,0,0,3,0,,0,0
Gormans Hill,NSW,2795,gormans-hill-nsw-2795,House,3,575000,29,0,12,0,,520000,677000
Gormans Hill,NSW,2795,gormans-hill-nsw-2795,House,4,0,0,0,5,0,,0,0
Gormans Hill,NSW,2795,gormans-hill-nsw-2795,House,5,0,0,0,0,0,,0,0
Harris Park,NSW,2150,harris-park-nsw-2150,House,2,0,0,0,1,0,,0,0
Harris Park,NSW,2150,harris-park-nsw-2150,House,3,0,0,0,3,850,,0,0
Harris Park,NSW,2150,harris-park-nsw-2150,House,4,0,0,0,3,0,,0,0
Harris Park,NSW,2150,harris-park-nsw-2150,House,5,0,0,0,0,0,,0,0
Harris Park,NSW,2150,harris-park-nsw-2150,Unit,1,0,0,0,8,650,,0,0
Harris Park,NSW,2150,harris-park-nsw-2150,Unit,2,505000,30,0.4,97,600,6.18,419000,800000
Harris Park,NSW,2150,harris-park-nsw-2150,Unit,3,0,0,0,6,1088,,0,0
Hay,NSW,2711,hay-nsw-2711,House,2,0,0,0,5,0,,0,0
Hay,NSW,2711,hay-nsw-2711,House,3,340000,51,0,16,0,,156000,399900
Hay,NSW,2711,hay-nsw-2711,House,4,330000,0,0,14,0,,184000,560000
Hay,NSW,2711,hay-nsw-2711,House,5,0,0,0,2,0,,0,0
Hillvue,NSW,2340,hillvue-nsw-2340,House,2,0,0,0,1,430,,0,0
Hillvue,NSW,2340,hillvue-nsw-2340,House,3,615000,31,0,41,510,4.31,500000,765000
Hillvue,NSW,2340,hillvue-nsw-2340,House,4,772750,40,0.6666666666666666,78,625,4.21,599250,1080000
Hillvue,NSW,2340,hillvue-nsw-2340,House,5,0,0,0,7,0,,0,0
Horseshoe Bend,NSW,2320,horseshoe-bend-nsw-2320,House,2,0,0,0,1,0,,0,0
Horseshoe Bend,NSW,2320,horseshoe-bend-nsw-2320,House,3,0,0,0,9,0,,0,0
Horseshoe Bend,NSW,2320,horseshoe-bend-nsw-2320,House,4,0,0,0,0,0,,0,0
Horseshoe Bend,NSW,2320,horseshoe-bend-nsw-2320,House,5,0,0,0,1,0,,0,0
Horseshoe Bend,NSW,2320,horseshoe-bend-nsw-2320,Unit,1,0,0,0,0,0,,0,0
Horseshoe Bend,NSW,2320,horseshoe-bend-nsw-2320,Unit,2,0,0,0,0,0,,0,0
Horseshoe Bend,NSW,2320,horseshoe-bend-nsw-2320,Unit,3,0,0,0,1,0,,0,0
Jindera,NSW,2642,jindera-nsw-2642,House,2,0,0,0,0,0,,0,0
Jindera,NSW,2642,jindera-nsw-2642,House,3,0,0,0,9,0,,0,0
Jindera,NSW,2642,jindera-nsw-2642,House,4,750000,49,0,15,650,4.51,659750,1130000
Jindera,NSW,2642,jindera-nsw-2642,House,5,0,0,0,4,0,,0,0
Jindera,NSW,2642,jindera-nsw-2642,Unit,1,0,0,0,0,0,,0,0
Jindera,NSW,2642,jindera-nsw-2642,Unit,2,0,0,0,1,0,,0,0
Jindera,NSW,2642,jindera-nsw-2642,Unit,3,0,0,0,0,0,,0,0
Killcare,NSW,2257,killcare-nsw-2257,House,2,0,0,0,2,0,,0,0
Killcare,NSW,2257,killcare-nsw-2257,House,3,0,0,0,4,0,,0,0
Killcare,NSW,2257,killcare-nsw-2257,House,4,0,0,0,5,0,,0,0
Killcare,NSW,2257,killcare-nsw-2257,House,5,0,0,0,3,0,,0,0
Kurnell,NSW,2231,kurnell-nsw-2231,House,2,0,0,0,3,0,,0,0
Kurnell,NSW,2231,kurnell-nsw-2231,House,3,1825000,0,0,14,960,2.74,1490000,3190000
Kurnell,NSW,2231,kurnell-nsw-2231,House,4,0,0,0,8,0,,0,0
Kurnell,NSW,2231,kurnell-nsw-2231,House,5,0,0,0,5,0,,0,0
Kurnell,NSW,2231,kurnell-nsw-2231,Unit,1,0,0,0,0,0,,0,0
Kurnell,NSW,2231,kurnell-nsw-2231,Unit,2,0,0,0,0,0,,0,0
Kurnell,NSW,2231,kurnell-nsw-2231,Unit,3,0,0,0,0,0,,0,0
Kurrajong Heights,NSW,2758,kurrajong-heights-nsw-2758,House,2,0,0,0,1,0,,0,0
Kurrajong Heights,NSW,2758,kurrajong-heights-nsw-2758,House,3,0,0,0,9,0,,0,0
Kurrajong Heights,NSW,2758,kurrajong-heights-nsw-2758,House,4,1220000,54,0,15,0,,1031700,1747500
Kurrajong Heights,NSW,2758,kurrajong-heights-nsw-2758,House,5,0,0,0,9,0,,0,0
Kyle Bay,NSW,2221,kyle-bay-nsw-2221,House,2,0,0,0,1,0,,0,0
Kyle Bay,NSW,2221,kyle-bay-nsw-2221,House,3,0,0,0,3,0,,0,0
Kyle Bay,NSW,2221,kyle-bay-nsw-2221,House,4,0,0,0,5,0,,0,0
Kyle Bay,NSW,2221,kyle-bay-nsw-2221,House,5,0,0,0,9,0,,0,0
Lansvale,NSW,2166,lansvale-nsw-2166,House,2,0,0,0,1,0,,0,0
Lansvale,NSW,2166,lansvale-nsw-2166,House,3,1140000,45,0,17,700,3.19,1000000,1730000
Lansvale,NSW,2166,lansvale-nsw-2166,House,4,1210000,0,0,11,0,,890000,1350000
Lansvale,NSW,2166,lansvale-nsw-2166,House,5,0,0,0,7,0,,0,0
Lansvale,NSW,2166,lansvale-nsw-2166,Unit,1,0,0,0,0,0,,0,0
Lansvale,NSW,2166,lansvale-nsw-2166,Unit,2,0,0,0,0,0,,0,0
Lansvale,NSW,2166,lansvale-nsw-2166,Unit,3,0,0,0,0,0,,0,0
Merrylands West,NSW,2160,merrylands-west-nsw-2160,House,2,0,0,0,4,0,,0,0
Merrylands West,NSW,2160,merrylands-west-nsw-2160,House,3,1274000,0,0.9333333333333333,24,700,2.86,785750,1677500
Merrylands West,NSW,2160,merrylands-west-nsw-2160,House,4,1345001,0,0,14,990,3.83,1141200,1905575
Merrylands West,NSW,2160,merrylands-west-nsw-2160,House,5,1365000,27,0.3333333333333333,22,1200,4.57,1275500,1798100
Merrylands West,NSW,2160,merrylands-west-nsw-2160,Unit,1,0,0,0,1,463,,0,0
Merrylands West,NSW,2160,merrylands-west-nsw-2160,Unit,2,480000,34,0,39,535,5.8,394500,526400
Merrylands West,NSW,2160,merrylands-west-nsw-2160,Unit,3,0,0,0,5,0,,0,0
Millthorpe,NSW,2798,millthorpe-nsw-2798,House,2,0,0,0,3,0,,0,0
Millthorpe,NSW,2798,millthorpe-nsw-2798,House,3,0,0,0,8,523,,0,0
Millthorpe,NSW,2798,millthorpe-nsw-2798,House,4,0,0,0,5,750,,0,0
Millthorpe,NSW,2798,millthorpe-nsw-2798,House,5,0,0,0,4,0,,0,0
Milton,NSW,2538,milton-nsw-2538,House,2,0,0,0,2,0,,0,0
Milton,NSW,2538,milton-nsw-2538,House,3,1100000,143,0,17,0,,843000,1518000
Milton,NSW,2538,milton-nsw-2538,House,4,1440000,97,0,17,0,,785000,2235000
Milton,NSW,2538,milton-nsw-2538,House,5,0,0,0,1,0,,0,0
Milton,NSW,2538,milton-nsw-2538,Unit,1,0,0,0,0,0,,0,0
Milton,NSW,2538,milton-nsw-2538,Unit,2,0,0,0,1,0,,0,0
Milton,NSW,2538,milton-nsw-2538,Unit,3,0,0,0,0,0,,0,0
North Tamworth,NSW,2340,north-tamworth-nsw-2340,House,2,570000,0,0,14,405,3.69,432000,740000
North Tamworth,NSW,2340,north-tamworth-nsw-2340,House,3,660000,29,0.75,61,520,4.1,480000,915000
North Tamworth,NSW,2340,north-tamworth-nsw-2340,House,4,830000,45,0,45,680,4.26,611500,1251000
North Tamworth,NSW,2340,north-tamworth-nsw-2340,House,5,0,0,0,9,0,,0,0
North Tamworth,NSW,2340,north-tamworth-nsw-2340,Unit,1,0,0,0,0,0,,0,0
North Tamworth,NSW,2340,north-tamworth-nsw-2340,Unit,2,0,0,0,1,430,,0,0
North Tamworth,NSW,2340,north-tamworth-nsw-2340,Unit,3,0,0,0,4,500,,0,0
Padstow Heights,NSW,2211,padstow-heights-nsw-2211,House,2,0,0,0,1,0,,0,0
Padstow Heights,NSW,2211,padstow-heights-nsw-2211,House,3,1400000,0,0,16,780,2.9,1148000,1901500
Padstow Heights,NSW,2211,padstow-heights-nsw-2211,House,4,1590000,35,0.6666666666666666,23,1088,3.56,1405000,2240900
Padstow Heights,NSW,2211,padstow-heights-nsw-2211,House,5,1811500,0,0.38461538461538464,16,0,,1490750,2747500
Padstow Heights,NSW,2211,padstow-heights-nsw-2211,Unit,1,0,0,0,0,0,,0,0
Padstow Heights,NSW,2211,padstow-heights-nsw-2211,Unit,2,0,0,0,0,0,,0,0
Padstow Heights,NSW,2211,padstow-heights-nsw-2211,Unit,3,0,0,0,1,0,,0,0
Pendle Hill,NSW,2145,pendle-hill-nsw-2145,House,2,0,0,0,6,615,,0,0
Pendle Hill,NSW,2145,pendle-hill-nsw-2145,House,3,1250000,0,0,15,693,2.88,942000,1575000
Pendle Hill,NSW,2145,pendle-hill-nsw-2145,House,4,1400000,0,0.6363636363636364,14,850,3.16,1135500,1882500
Pendle Hill,NSW,2145,pendle-hill-nsw-2145,House,5,0,0,0,8,1075,,0,0
Pendle Hill,NSW,2145,pendle-hill-nsw-2145,Unit,1,0,0,0,1,435,,0,0
Pendle Hill,NSW,2145,pendle-hill-nsw-2145,Unit,2,500000,26,0,63,600,6.24,445150,770000
Pendle Hill,NSW,2145,pendle-hill-nsw-2145,Unit,3,0,0,0,3,700,,0,0
Potts Hill,NSW,2143,potts-hill-nsw-2143,House,2,0,0,0,3,0,,0,0
Potts Hill,NSW,2143,potts-hill-nsw-2143,House,3,0,0,0,2,0,,0,0
Potts Hill,NSW,2143,potts-hill-nsw-2143,House,4,0,0,0,1,0,,0,0
Potts Hill,NSW,2143,potts-hill-nsw-2143,House,5,0,0,0,1,0,,0,0
Potts Hill,NSW,2143,potts-hill-nsw-2143,Unit,1,0,0,0,0,0,,0,0
Potts Hill,NSW,2143,potts-hill-nsw-2143,Unit,2,707475,27,0,14,660,4.85,649750,775250
Potts Hill,NSW,2143,potts-hill-nsw-2143,Unit,3,0,0,0,8,0,,0,0
Queanbeyan East,NSW,2620,queanbeyan-east-nsw-2620,House,2,593000,42,0,33,570,5.0,415000,665000
Queanbeyan East,NSW,2620,queanbeyan-east-nsw-2620,House,3,759750,69,0,22,670,4.59,605750,929900
Queanbeyan East,NSW,2620,queanbeyan-east-nsw-2620,House,4,969000,0,0,11,770,4.13,879500,1398750
Queanbeyan East,NSW,2620,queanbeyan-east-nsw-2620,House,5,0,0,0,3,0,,0,0
Queanbeyan East,NSW,2620,queanbeyan-east-nsw-2620,Unit,1,267500,35,0,16,360,7.0,218750,322500
Queanbeyan East,NSW,2620,queanbeyan-east-nsw-2620,Unit,2,375000,43,0,45,450,6.24,327000,555000
Queanbeyan East,NSW,2620,queanbeyan-east-nsw-2620,Unit,3,0,0,0,3,0,,0,0
Raglan,NSW,2795,raglan-nsw-2795,House,2,0,0,0,2,0,,0,0
Raglan,NSW,2795,raglan-nsw-2795,House,3,0,0,0,7,0,,0,0
Raglan,NSW,2795,raglan-nsw-2795,House,4,695000,0,0,10,0,,581500,832250
Raglan,NSW,2795,raglan-nsw-2795,House,5,0,0,0,2,0,,0,0
Rhodes,NSW,2138,rhodes-nsw-2138,House,2,0,0,0,5,0,,0,0
Rhodes,NSW,2138,rhodes-nsw-2138,House,3,0,0,0,8,945,,0,0
Rhodes,NSW,2138,rhodes-nsw-2138,House,4,0,0,0,3,0,,0,0
Rhodes,NSW,2138,rhodes-nsw-2138,House,5,0,0,0,4,0,,0,0
Rhodes,NSW,2138,rhodes-nsw-2138,Unit,1,732500,42,0,98,750,5.32,580600,856200
Rhodes,NSW,2138,rhodes-nsw-2138,Unit,2,1000000,51,0.13333333333333333,232,950,4.94,795000,1391000
Rhodes,NSW,2138,rhodes-nsw-2138,Unit,3,1557500,86,0,67,1400,4.67,1165000,2037500
Silverdale,NSW,2752,silverdale-nsw-2752,House,2,0,0,0,0,0,,0,0
Silverdale,NSW,2752,silverdale-nsw-2752,House,3,1131250,0,0,12,725,3.33,952250,2345000
Silverdale,NSW,2752,silverdale-nsw-2752,House,4,1446000,21,0,40,820,2.95,1097500,2608750
Silverdale,NSW,2752,silverdale-nsw-2752,House,5,1545000,41,0,18,0,,1272000,2230000
Surry Hills,NSW,2010,surry-hills-nsw-2010,House,2,1950000,0,0.7931034482758621,33,995,2.65,1482000,2605000
Surry Hills,NSW,2010,surry-hills-nsw-2010,House,3,2600000,45,0.6727272727272727,57,1450,2.9,1890000,3910000
Surry Hills,NSW,2010,surry-hills-nsw-2010,House,4,3008000,0,0.76,31,1650,2.85,2100000,5600000
Surry Hills,NSW,2010,surry-hills-nsw-2010,House,5,0,0,0,3,0,,0,0
Surry Hills,NSW,2010,surry-hills-nsw-2010,Unit,1,800000,33,0.7236842105263158,156,750,4.88,502500,1167500
Surry Hills,NSW,2010,surry-hills-nsw-2010,Unit,2,1450000,42,0.5411764705882353,75,1050,3.77,916500,2159050
Surry Hills,NSW,2010,surry-hills-nsw-2010,Unit,3,0,0,0.25,6,1375,,0,0
Tamarama,NSW,2026,tamarama-nsw-2026,House,2,0,0,0,1,0,,0,0
Tamarama,NSW,2026,tamarama-nsw-2026,House,3,0,0,0,4,0,,0,0
Tamarama,NSW,2026,tamarama-nsw-2026,House,4,0,0,0,4,0,,0,0
Tamarama,NSW,2026,tamarama-nsw-2026,House,5,0,0,0,7,0,,0,0
Tamarama,NSW,2026,tamarama-nsw-2026,Unit,1,1500000,0,0,11,1250,4.33,1185000,2065000
Tamarama,NSW,2026,tamarama-nsw-2026,Unit,2,0,0,0.45454545454545453,8,1372,,0,0
Tamarama,NSW,2026,tamarama-nsw-2026,Unit,3,0,0,0,4,2000,,0,0
Tathra,NSW,2550,tathra-nsw-2550,House,2,0,0,0,1,0,,0,0
Tathra,NSW,2550,tathra-nsw-2550,House,3,0,0,0,7,600,,0,0
Tathra,NSW,2550,tathra-nsw-2550,House,4,1330000,98,0,11,0,,875000,1960000
Tathra,NSW,2550,tathra-nsw-2550,House,5,0,0,0,2,0,,0,0
Tathra,NSW,2550,tathra-nsw-2550,Unit,1,0,0,0,0,0,,0,0
Tathra,NSW,2550,tathra-nsw-2550,Unit,2,0,0,0,3,400,,0,0
Tathra,NSW,2550,tathra-nsw-2550,Unit,3,0,0,0,0,0,,0,0
The Oaks,NSW,2570,the-oaks-nsw-2570,House,2,0,0,0,2,0,,0,0
The Oaks,NSW,2570,the-oaks-nsw-2570,House,3,0,0,0,7,700,,0,0
The Oaks,NSW,2570,the-oaks-nsw-2570,House,4,1554000,28,0,21,0,,895000,1875000
The Oaks,NSW,2570,the-oaks-nsw-2570,House,5,0,0,0,3,0,,0,0
Uralla,NSW,2358,uralla-nsw-2358,House,2,0,0,0,6,0,,0,0
Uralla,NSW,2358,uralla-nsw-2358,House,3,535000,57,0,32,510,4.96,418250,730750
Uralla,NSW,2358,uralla-nsw-2358,House,4,605000,85,0,22,540,4.64,388050,974000
Uralla,NSW,2358,uralla-nsw-2358,House,5,0,0,0,4,0,,0,0
Voyager Point,NSW,2172,voyager-point-nsw-2172,House,2,0,0,0,0,0,,0,0
Voyager Point,NSW,2172,voyager-point-nsw-2172,House,3,0,0,0,4,0,,0,0
Voyager Point,NSW,2172,voyager-point-nsw-2172,House,4,0,0,0,6,0,,0,0
Voyager Point,NSW,2172,voyager-point-nsw-2172,House,5,0,0,0,8,0,,0,0
Warialda,NSW,2402,warialda-nsw-2402,House,2,0,0,0,3,0,,0,0
Warialda,NSW,2402,warialda-nsw-2402,House,3,330000,112,0,21,0,,200000,430000
Warialda,NSW,2402,warialda-nsw-2402,House,4,0,0,0,8,0,,0,0
Warialda,NSW,2402,warialda-nsw-2402,House,5,0,0,0,0,0,,0,0
Wickham,NSW,2293,wickham-nsw-2293,House,2,0,0,0,4,700,,0,0
Wickham,NSW,2293,wickham-nsw-2293,House,3,0,0,0,9,830,,0,0
Wickham,NSW,2293,wickham-nsw-2293,House,4,0,0,0,0,0,,0,0
Wickham,NSW,2293,wickham-nsw-2293,House,5,0,0,0,1,0,,0,0
Wickham,NSW,2293,wickham-nsw-2293,Unit,1,670000,44,0,28,640,4.97,540500,755750
Wickham,NSW,2293,wickham-nsw-2293,Unit,2,890000,45,0,43,750,4.38,730000,1250000
Wickham,NSW,2293,wickham-nsw-2293,Unit,3,1250000,85,0,19,0,,1042500,1850000
Willmot,NSW,2770,willmot-nsw-2770,House,2,0,0,0,0,435,,0,0
Willmot,NSW,2770,willmot-nsw-2770,House,3,845000,14,0,12,500,3.08,817750,894500
Willmot,NSW,2770,willmot-nsw-2770,House,4,0,0,0,7,615,,0,0
Willmot,NSW,2770,willmot-nsw-2770,House,5,0,0,0,2,0,,0,0
Windang,NSW,2528,windang-nsw-2528,House,2,0,0,0,5,0,,0,0
Windang,NSW,2528,windang-nsw-2528,House,3,968750,28,0,14,0,,846000,1408750
Windang,NSW,2528,windang-nsw-2528,House,4,1450000,0,0,10,0,,1109500,1942000
Windang,NSW,2528,windang-nsw-2528,House,5,0,0,0,1,0,,0,0
Windang,NSW,2528,windang-nsw-2528,Unit,1,0,0,0,8,0,,0,0
Windang,NSW,2528,windang-nsw-2528,Unit,2,590000,52,0,15,450,3.97,229000,893750
Windang,NSW,2528,windang-nsw-2528,Unit,3,0,0,0,2,0,,0,0
Abercrombie,NSW,2795,abercrombie-nsw-2795,House,2,0,0,0,0,0,,0,0
Abercrombie,NSW,2795,abercrombie-nsw-2795,House,3,0,0,0,8,0,,0,0
Abercrombie,NSW,2795,abercrombie-nsw-2795,House,4,872500,0,0,10,0,,747250,980000
Abercrombie,NSW,2795,abercrombie-nsw-2795,House,5,0,0,0,6,0,,0,0
Asquith,NSW,2077,asquith-nsw-2077,House,2,0,0,0,3,675,,0,0
Asquith,NSW,2077,asquith-nsw-2077,House,3,1470000,0,0.75,17,850,3.01,993600,1988000
Asquith,NSW,2077,asquith-nsw-2077,House,4,1775000,44,0.7,25,1000,2.93,1462000,2351600
Asquith,NSW,2077,asquith-nsw-2077,House,5,0,0,0.36363636363636365,5,0,,0,0
Asquith,NSW,2077,asquith-nsw-2077,Unit,1,555278,56,0,20,600,5.62,508300,653000
Asquith,NSW,2077,asquith-nsw-2077,Unit,2,712000,41,0,95,700,5.11,644750,835250
Asquith,NSW,2077,asquith-nsw-2077,Unit,3,936500,36,0,22,878,4.88,700000,1071375
Belmont South,NSW,2280,belmont-south-nsw-2280,House,2,0,0,0,3,0,,0,0
Belmont South,NSW,2280,belmont-south-nsw-2280,House,3,0,0,0,5,0,,0,0
Belmont South,NSW,2280,belmont-south-nsw-2280,House,4,0,0,0,6,0,,0,0
Belmont South,NSW,2280,belmont-south-nsw-2280,House,5,0,0,0,1,0,,0,0
Boorowa,NSW,2586,boorowa-nsw-2586,House,2,0,0,0,5,0,,0,0
Boorowa,NSW,2586,boorowa-nsw-2586,House,3,490000,152,0,23,0,,357500,671000
Boorowa,NSW,2586,boorowa-nsw-2586,House,4,0,0,0,8,0,,0,0
Boorowa,NSW,2586,boorowa-nsw-2586,House,5,0,0,0,1,0,,0,0
Bourke,NSW,2840,bourke-nsw-2840,House,2,0,0,0,8,0,,0,0
Bourke,NSW,2840,bourke-nsw-2840,House,3,180000,100,0,21,0,,82500,450000
Bourke,NSW,2840,bourke-nsw-2840,House,4,255000,0,0,10,0,,160000,390000
Bourke,NSW,2840,bourke-nsw-2840,House,5,0,0,0,1,0,,0,0
Branxton,NSW,2335,branxton-nsw-2335,House,2,0,0,0,0,0,,0,0
Branxton,NSW,2335,branxton-nsw-2335,House,3,760000,25,0,14,588,4.02,673250,962250
Branxton,NSW,2335,branxton-nsw-2335,House,4,0,0,0,9,0,,0,0
Branxton,NSW,2335,branxton-nsw-2335,House,5,1550000,43,0,13,0,,1300000,1974600
Branxton,NSW,2335,branxton-nsw-2335,Unit,1,0,0,0,0,0,,0,0
Branxton,NSW,2335,branxton-nsw-2335,Unit,2,0,0,0,1,0,,0,0
Branxton,NSW,2335,branxton-nsw-2335,Unit,3,0,0,0,0,0,,0,0
Captains Flat,NSW,2623,captains-flat-nsw-2623,House,2,0,0,0,1,0,,0,0
Captains Flat,NSW,2623,captains-flat-nsw-2623,House,3,546500,0,0,10,0,,387000,710000
Captains Flat,NSW,2623,captains-flat-nsw-2623,House,4,0,0,0,1,0,,0,0
Captains Flat,NSW,2623,captains-flat-nsw-2623,House,5,0,0,0,1,0,,0,0
Carey Bay,NSW,2283,carey-bay-nsw-2283,House,2,0,0,0,0,0,,0,0
Carey Bay,NSW,2283,carey-bay-nsw-2283,House,3,1045000,0,0,10,0,,799450,2619500
Carey Bay,NSW,2283,carey-bay-nsw-2283,House,4,0,0,0,5,0,,0,0
Carey Bay,NSW,2283,carey-bay-nsw-2283,House,5,0,0,0,3,0,,0,0
Carey Bay,NSW,2283,carey-bay-nsw-2283,Unit,1,0,0,0,0,0,,0,0
Carey Bay,NSW,2283,carey-bay-nsw-2283,Unit,2,0,0,0,1,0,,0,0
Carey Bay,NSW,2283,carey-bay-nsw-2283,Unit,3,0,0,0,2,0,,0,0
Centennial Park,NSW,2021,centennial-park-nsw-2021,House,2,0,0,0,0,0,,0,0
Centennial Park,NSW,2021,centennial-park-nsw-2021,House,3,0,0,0,1,0,,0,0
Centennial Park,NSW,2021,centennial-park-nsw-2021,House,4,0,0,0,0,0,,0,0
Centennial Park,NSW,2021,centennial-park-nsw-2021,House,5,0,0,0,1,0,,0,0
Centennial Park,NSW,2021,centennial-park-nsw-2021,Unit,1,757500,0,0.8,22,675,4.63,461600,997500
Centennial Park,NSW,2021,centennial-park-nsw-2021,Unit,2,1110000,32,0.56,25,850,3.98,925700,1766000
Centennial Park,NSW,2021,centennial-park-nsw-2021,Unit,3,0,0,0,0,0,,0,0
Coniston,NSW,2500,coniston-nsw-2500,House,2,0,0,0,3,0,,0,0
Coniston,NSW,2500,coniston-nsw-2500,House,3,1022500,0,0,14,720,3.66,846250,2035000
Coniston,NSW,2500,coniston-nsw-2500,House,4,0,0,0,6,920,,0,0
Coniston,NSW,2500,coniston-nsw-2500,House,5,0,0,0,2,0,,0,0
Coniston,NSW,2500,coniston-nsw-2500,Unit,1,0,0,0,1,408,,0,0
Coniston,NSW,2500,coniston-nsw-2500,Unit,2,0,0,0,6,520,,0,0
Coniston,NSW,2500,coniston-nsw-2500,Unit,3,0,0,0,2,0,,0,0
Coolamon,NSW,2701,coolamon-nsw-2701,House,2,0,0,0,3,0,,0,0
Coolamon,NSW,2701,coolamon-nsw-2701,House,3,540000,0,0,15,480,4.62,275500,726000
Coolamon,NSW,2701,coolamon-nsw-2701,House,4,647500,50,0,15,0,,461250,928000
Coolamon,NSW,2701,coolamon-nsw-2701,House,5,0,0,0,3,0,,0,0
East Jindabyne,NSW,2627,east-jindabyne-nsw-2627,House,2,0,0,0,1,0,,0,0
East Jindabyne,NSW,2627,east-jindabyne-nsw-2627,House,3,0,0,0,4,0,,0,0
East Jindabyne,NSW,2627,east-jindabyne-nsw-2627,House,4,0,0,0,3,0,,0,0
East Jindabyne,NSW,2627,east-jindabyne-nsw-2627,House,5,0,0,0,2,0,,0,0
Eastgardens,NSW,2036,eastgardens-nsw-2036,House,2,0,0,0,0,0,,0,0
Eastgardens,NSW,2036,eastgardens-nsw-2036,House,3,0,0,0,5,0,,0,0
Eastgardens,NSW,2036,eastgardens-nsw-2036,House,4,0,0,0,2,0,,0,0
Eastgardens,NSW,2036,eastgardens-nsw-2036,House,5,0,0,0,1,0,,0,0
Eastgardens,NSW,2036,eastgardens-nsw-2036,Unit,1,825000,0,0,17,880,5.55,768400,860000
Eastgardens,NSW,2036,eastgardens-nsw-2036,Unit,2,955000,58,0,39,1100,5.99,827500,1192500
Eastgardens,NSW,2036,eastgardens-nsw-2036,Unit,3,1319800,44,0,28,1450,5.71,785000,1576000
Edgecliff,NSW,2027,edgecliff-nsw-2027,House,2,0,0,0,7,0,,0,0
Edgecliff,NSW,2027,edgecliff-nsw-2027,House,3,0,0,0,1,1725,,0,0
Edgecliff,NSW,2027,edgecliff-nsw-2027,House,4,0,0,0,4,0,,0,0
Edgecliff,NSW,2027,edgecliff-nsw-2027,House,5,0,0,0,1,0,,0,0
Edgecliff,NSW,2027,edgecliff-nsw-2027,Unit,1,815000,0,0,13,670,4.27,633000,1280431
Edgecliff,NSW,2027,edgecliff-nsw-2027,Unit,2,1635000,0,0.6875,17,1073,3.41,1040000,3530000
Edgecliff,NSW,2027,edgecliff-nsw-2027,Unit,3,2977500,0,0.5384615384615384,14,1550,2.71,1276750,5637500
Gateshead,NSW,2290,gateshead-nsw-2290,House,2,0,0,0,1,550,,0,0
Gateshead,NSW,2290,gateshead-nsw-2290,House,3,820000,13,0,26,660,4.19,678625,970750
Gateshead,NSW,2290,gateshead-nsw-2290,House,4,0,0,0,2,0,,0,0
Gateshead,NSW,2290,gateshead-nsw-2290,House,5,0,0,0,1,0,,0,0
Glenreagh,NSW,2450,glenreagh-nsw-2450,House,2,0,0,0,0,0,,0,0
Glenreagh,NSW,2450,glenreagh-nsw-2450,House,3,665000,0,0,10,0,,531500,909750
Glenreagh,NSW,2450,glenreagh-nsw-2450,House,4,0,0,0,6,0,,0,0
Glenreagh,NSW,2450,glenreagh-nsw-2450,House,5,0,0,0,0,0,,0,0
Greenfield Park,NSW,2176,greenfield-park-nsw-2176,House,2,0,0,0,3,560,,0,0
Greenfield Park,NSW,2176,greenfield-park-nsw-2176,House,3,1390000,0,0,16,680,2.54,890000,1694000
Greenfield Park,NSW,2176,greenfield-park-nsw-2176,House,4,0,0,0.45454545454545453,9,900,,0,0
Greenfield Park,NSW,2176,greenfield-park-nsw-2176,House,5,1542500,0,0.6363636363636364,12,0,,1339600,1886550
Greenfield Park,NSW,2176,greenfield-park-nsw-2176,Unit,1,0,0,0,0,0,,0,0
Greenfield Park,NSW,2176,greenfield-park-nsw-2176,Unit,2,0,0,0,1,0,,0,0
Greenfield Park,NSW,2176,greenfield-park-nsw-2176,Unit,3,0,0,0,4,0,,0,0
Grenfell,NSW,2810,grenfell-nsw-2810,House,2,0,0,0,9,0,,0,0
Grenfell,NSW,2810,grenfell-nsw-2810,House,3,372500,73,0,18,0,,185650,556500
Grenfell,NSW,2810,grenfell-nsw-2810,House,4,730000,56,0,15,0,,359500,1132500
Grenfell,NSW,2810,grenfell-nsw-2810,House,5,0,0,0,4,0,,0,0
Guyra,NSW,2365,guyra-nsw-2365,House,2,0,0,0,4,0,,0,0
Guyra,NSW,2365,guyra-nsw-2365,House,3,452500,78,0,14,423,4.86,315000,521750
Guyra,NSW,2365,guyra-nsw-2365,House,4,590000,0,0,11,0,,437500,857500
Guyra,NSW,2365,guyra-nsw-2365,House,5,0,0,0,2,0,,0,0
Guyra,NSW,2365,guyra-nsw-2365,Unit,1,0,0,0,1,0,,0,0
Guyra,NSW,2365,guyra-nsw-2365,Unit,2,0,0,0,1,0,,0,0
Guyra,NSW,2365,guyra-nsw-2365,Unit,3,0,0,0,1,0,,0,0
Kings Point,NSW,2539,kings-point-nsw-2539,House,2,0,0,0,0,0,,0,0
Kings Point,NSW,2539,kings-point-nsw-2539,House,3,0,0,0,8,0,,0,0
Kings Point,NSW,2539,kings-point-nsw-2539,House,4,0,0,0,2,0,,0,0
Kings Point,NSW,2539,kings-point-nsw-2539,House,5,0,0,0,1,0,,0,0
Lawrence,NSW,2460,lawrence-nsw-2460,House,2,0,0,0,3,0,,0,0
Lawrence,NSW,2460,lawrence-nsw-2460,House,3,0,0,0,8,0,,0,0
Lawrence,NSW,2460,lawrence-nsw-2460,House,4,737500,0,0,12,0,,466000,1109750
Lawrence,NSW,2460,lawrence-nsw-2460,House,5,0,0,0,2,0,,0,0
Mangerton,NSW,2500,mangerton-nsw-2500,House,2,0,0,0,2,0,,0,0
Mangerton,NSW,2500,mangerton-nsw-2500,House,3,1066500,0,0,10,780,3.8,812250,1365000
Mangerton,NSW,2500,mangerton-nsw-2500,House,4,1372500,0,0.6428571428571429,17,1100,4.17,1040000,2360000
Mangerton,NSW,2500,mangerton-nsw-2500,House,5,0,0,0,4,0,,0,0
Mangerton,NSW,2500,mangerton-nsw-2500,Unit,1,0,0,0,0,0,,0,0
Mangerton,NSW,2500,mangerton-nsw-2500,Unit,2,0,0,0,9,510,,0,0
Mangerton,NSW,2500,mangerton-nsw-2500,Unit,3,0,0,0,1,0,,0,0
Marulan,NSW,2579,marulan-nsw-2579,House,2,0,0,0,1,0,,0,0
Marulan,NSW,2579,marulan-nsw-2579,House,3,0,0,0,9,550,,0,0
Marulan,NSW,2579,marulan-nsw-2579,House,4,0,0,0,8,700,,0,0
Marulan,NSW,2579,marulan-nsw-2579,House,5,0,0,0,2,0,,0,0
Mount Kembla,NSW,2526,mount-kembla-nsw-2526,House,2,0,0,0,1,0,,0,0
Mount Kembla,NSW,2526,mount-kembla-nsw-2526,House,3,0,0,0,3,0,,0,0
Mount Kembla,NSW,2526,mount-kembla-nsw-2526,House,4,0,0,0,7,0,,0,0
Mount Kembla,NSW,2526,mount-kembla-nsw-2526,House,5,0,0,0,3,0,,0,0
Mount Kuring-Gai,NSW,2080,mount-kuring-gai-nsw-2080,House,2,0,0,0,1,0,,0,0
Mount Kuring-Gai,NSW,2080,mount-kuring-gai-nsw-2080,House,3,0,0,0,8,0,,0,0
Mount Kuring-Gai,NSW,2080,mount-kuring-gai-nsw-2080,House,4,1660000,0,0.4166666666666667,12,1050,3.29,1449000,2192500
Mount Kuring-Gai,NSW,2080,mount-kuring-gai-nsw-2080,House,5,0,0,0,3,0,,0,0
Narrabeen,NSW,2101,narrabeen-nsw-2101,House,2,0,0,0,4,0,,0,0
Narrabeen,NSW,2101,narrabeen-nsw-2101,House,3,2275000,0,0.42857142857142855,14,1335,3.05,1723250,4414500
Narrabeen,NSW,2101,narrabeen-nsw-2101,House,4,0,0,0,8,0,,0,0
Narrabeen,NSW,2101,narrabeen-nsw-2101,House,5,0,0,0,5,0,,0,0
Narrabeen,NSW,2101,narrabeen-nsw-2101,Unit,1,900000,0,0.9,27,673,3.89,669950,1268000
Narrabeen,NSW,2101,narrabeen-nsw-2101,Unit,2,1237500,28,0.6842105263157895,93,895,3.76,900000,1823000
Narrabeen,NSW,2101,narrabeen-nsw-2101,Unit,3,2295000,42,0.45454545454545453,21,1375,3.12,1282500,5057500
Nulkaba,NSW,2325,nulkaba-nsw-2325,House,2,0,0,0,0,0,,0,0
Nulkaba,NSW,2325,nulkaba-nsw-2325,House,3,0,0,0,1,0,,0,0
Nulkaba,NSW,2325,nulkaba-nsw-2325,House,4,0,0,0,8,0,,0,0
Nulkaba,NSW,2325,nulkaba-nsw-2325,House,5,0,0,0,8,0,,0,0
Prairiewood,NSW,2176,prairiewood-nsw-2176,House,2,0,0,0,0,0,,0,0
Prairiewood,NSW,2176,prairiewood-nsw-2176,House,3,1225000,0,0,11,750,3.18,979444,1460000
Prairiewood,NSW,2176,prairiewood-nsw-2176,House,4,0,0,0,8,0,,0,0
Prairiewood,NSW,2176,prairiewood-nsw-2176,House,5,0,0,0,2,0,,0,0
Roseville Chase,NSW,2069,roseville-chase-nsw-2069,House,2,0,0,0,0,0,,0,0
Roseville Chase,NSW,2069,roseville-chase-nsw-2069,House,3,0,0,0,6,0,,0,0
Roseville Chase,NSW,2069,roseville-chase-nsw-2069,House,4,0,0,0,7,0,,0,0
Roseville Chase,NSW,2069,roseville-chase-nsw-2069,House,5,5170000,0,0.6363636363636364,13,0,,2660000,6514800
Sandringham,NSW,2219,sandringham-nsw-2219,House,2,0,0,0,0,0,,0,0
Sandringham,NSW,2219,sandringham-nsw-2219,House,3,0,0,0,5,0,,0,0
Sandringham,NSW,2219,sandringham-nsw-2219,House,4,0,0,0,3,0,,0,0
Sandringham,NSW,2219,sandringham-nsw-2219,House,5,0,0,0,1,0,,0,0
Sandringham,NSW,2219,sandringham-nsw-2219,Unit,1,0,0,0,0,0,,0,0
Sandringham,NSW,2219,sandringham-nsw-2219,Unit,2,0,0,0,8,670,,0,0
Sandringham,NSW,2219,sandringham-nsw-2219,Unit,3,0,0,0,0,0,,0,0
Shalvey,NSW,2770,shalvey-nsw-2770,House,2,0,0,0,2,0,,0,0
Shalvey,NSW,2770,shalvey-nsw-2770,House,3,897500,14,0,18,573,3.32,821850,997200
Shalvey,NSW,2770,shalvey-nsw-2770,House,4,0,0,0,4,0,,0,0
Shalvey,NSW,2770,shalvey-nsw-2770,House,5,0,0,0,1,0,,0,0
St Johns Park,NSW,2176,st-johns-park-nsw-2176,House,2,0,0,0,1,550,,0,0
St Johns Park,NSW,2176,st-johns-park-nsw-2176,House,3,1360000,0,0,11,710,2.71,1160000,1689250
St Johns Park,NSW,2176,st-johns-park-nsw-2176,House,4,1540000,0,0.7222222222222222,25,850,2.87,1300000,2490000
St Johns Park,NSW,2176,st-johns-park-nsw-2176,House,5,0,0,0,4,0,,0,0
Tennyson Point,NSW,2111,tennyson-point-nsw-2111,House,2,0,0,0,1,0,,0,0
Tennyson Point,NSW,2111,tennyson-point-nsw-2111,House,3,0,0,0,2,0,,0,0
Tennyson Point,NSW,2111,tennyson-point-nsw-2111,House,4,0,0,0,5,0,,0,0
Tennyson Point,NSW,2111,tennyson-point-nsw-2111,House,5,0,0,0.4166666666666667,9,0,,0,0
Tenterfield,NSW,2372,tenterfield-nsw-2372,House,2,455000,66,0,14,0,,336700,538750
Tenterfield,NSW,2372,tenterfield-nsw-2372,House,3,547500,68,0,50,450,4.27,385495,920000
Tenterfield,NSW,2372,tenterfield-nsw-2372,House,4,670000,83,0,19,500,3.88,450000,1895000
Tenterfield,NSW,2372,tenterfield-nsw-2372,House,5,0,0,0,7,0,,0,0
Tuggerah,NSW,2259,tuggerah-nsw-2259,House,2,0,0,0,2,0,,0,0
Tuggerah,NSW,2259,tuggerah-nsw-2259,House,3,815000,18,0,15,650,4.15,724100,947500
Tuggerah,NSW,2259,tuggerah-nsw-2259,House,4,0,0,0,1,0,,0,0
Tuggerah,NSW,2259,tuggerah-nsw-2259,House,5,0,0,0,1,0,,0,0
Turrella,NSW,2205,turrella-nsw-2205,House,2,0,0,0,2,0,,0,0
Turrella,NSW,2205,turrella-nsw-2205,House,3,0,0,0,7,0,,0,0
Turrella,NSW,2205,turrella-nsw-2205,House,4,0,0,0,5,0,,0,0
Turrella,NSW,2205,turrella-nsw-2205,House,5,0,0,0,0,0,,0,0
Turrella,NSW,2205,turrella-nsw-2205,Unit,1,0,0,0,5,685,,0,0
Turrella,NSW,2205,turrella-nsw-2205,Unit,2,820000,27,0,20,825,5.23,734150,921250
Turrella,NSW,2205,turrella-nsw-2205,Unit,3,0,0,0,1,1000,,0,0
Uranquinty,NSW,2652,uranquinty-nsw-2652,House,2,0,0,0,2,0,,0,0
Uranquinty,NSW,2652,uranquinty-nsw-2652,House,3,0,0,0,5,0,,0,0
Uranquinty,NSW,2652,uranquinty-nsw-2652,House,4,0,0,0,5,0,,0,0
Uranquinty,NSW,2652,uranquinty-nsw-2652,House,5,0,0,0,0,0,,0,0
Vineyard,NSW,2765,vineyard-nsw-2765,House,2,0,0,0,2,0,,0,0
Vineyard,NSW,2765,vineyard-nsw-2765,House,3,0,0,0,0,0,,0,0
Vineyard,NSW,2765,vineyard-nsw-2765,House,4,1190000,85,0,21,813,3.55,1025000,2025000
Vineyard,NSW,2765,vineyard-nsw-2765,House,5,1482000,0,0,10,900,3.16,1181250,1565950
Waitara,NSW,2077,waitara-nsw-2077,House,2,0,0,0,2,730,,0,0
Waitara,NSW,2077,waitara-nsw-2077,House,3,0,0,0,3,0,,0,0
Waitara,NSW,2077,waitara-nsw-2077,House,4,0,0,0,7,0,,0,0
Waitara,NSW,2077,waitara-nsw-2077,House,5,0,0,0,2,0,,0,0
Waitara,NSW,2077,waitara-nsw-2077,Unit,1,585000,18,0,33,600,5.33,492800,686000
Waitara,NSW,2077,waitara-nsw-2077,Unit,2,790000,25,0.5,135,740,4.87,594500,887000
Waitara,NSW,2077,waitara-nsw-2077,Unit,3,1178750,27,0,30,900,3.97,978778,1427750
Warwick Farm,NSW,2170,warwick-farm-nsw-2170,House,2,0,0,0,4,460,,0,0
Warwick Farm,NSW,2170,warwick-farm-nsw-2170,House,3,0,0,0,6,650,,0,0
Warwick Farm,NSW,2170,warwick-farm-nsw-2170,House,4,0,0,0,3,0,,0,0
Warwick Farm,NSW,2170,warwick-farm-nsw-2170,House,5,0,0,0,0,0,,0,0
Warwick Farm,NSW,2170,warwick-farm-nsw-2170,Unit,1,395000,66,0,13,500,6.58,318000,438000
Warwick Farm,NSW,2170,warwick-farm-nsw-2170,Unit,2,475000,32,0,109,560,6.13,357000,558000
Warwick Farm,NSW,2170,warwick-farm-nsw-2170,Unit,3,631675,26,0,20,700,5.76,497250,727750
Waverton,NSW,2060,waverton-nsw-2060,House,2,0,0,0,0,0,,0,0
Waverton,NSW,2060,waverton-nsw-2060,House,3,0,0,0,6,0,,0,0
Waverton,NSW,2060,waverton-nsw-2060,House,4,0,0,0,5,0,,0,0
Waverton,NSW,2060,waverton-nsw-2060,House,5,0,0,0,2,0,,0,0
Waverton,NSW,2060,waverton-nsw-2060,Unit,1,0,0,0,6,650,,0,0
Waverton,NSW,2060,waverton-nsw-2060,Unit,2,1350000,0,0.65,25,850,3.27,1084000,1720000
Waverton,NSW,2060,waverton-nsw-2060,Unit,3,0,0,0.5454545454545454,7,1250,,0,0
Wolli Creek,NSW,2205,wolli-creek-nsw-2205,House,2,0,0,0,2,0,,0,0
Wolli Creek,NSW,2205,wolli-creek-nsw-2205,House,3,0,0,0,2,0,,0,0
Wolli Creek,NSW,2205,wolli-creek-nsw-2205,House,4,0,0,0,1,0,,0,0
Wolli Creek,NSW,2205,wolli-creek-nsw-2205,House,5,0,0,0,1,0,,0,0
Wolli Creek,NSW,2205,wolli-creek-nsw-2205,Unit,1,623750,36,0,94,730,6.09,556500,760000
Wolli Creek,NSW,2205,wolli-creek-nsw-2205,Unit,2,866944,40,0.6363636363636364,224,900,5.4,731100,1124700
Wolli Creek,NSW,2205,wolli-creek-nsw-2205,Unit,3,1095000,56,0,32,1250,5.94,825300,1498350
Woronora,NSW,2232,woronora-nsw-2232,House,2,0,0,0,3,0,,0,0
Woronora,NSW,2232,woronora-nsw-2232,House,3,0,0,0,5,0,,0,0
Woronora,NSW,2232,woronora-nsw-2232,House,4,1710000,0,0,12,0,,1519125,3141250
Woronora,NSW,2232,woronora-nsw-2232,House,5,0,0,0,7,0,,0,0
Basin View,NSW,2540,basin-view-nsw-2540,House,2,0,0,0,2,0,,0,0
Basin View,NSW,2540,basin-view-nsw-2540,House,3,690000,0,0,10,550,4.14,410750,1259250
Basin View,NSW,2540,basin-view-nsw-2540,House,4,880000,56,0,13,0,,768000,1680000
Basin View,NSW,2540,basin-view-nsw-2540,House,5,0,0,0,0,0,,0,0
Bawley Point,NSW,2539,bawley-point-nsw-2539,House,2,480000,179,0,15,0,,140500,1175000
Bawley Point,NSW,2539,bawley-point-nsw-2539,House,3,0,0,0,6,0,,0,0
Bawley Point,NSW,2539,bawley-point-nsw-2539,House,4,0,0,0,9,0,,0,0
Bawley Point,NSW,2539,bawley-point-nsw-2539,House,5,0,0,0,0,0,,0,0
Bellambi,NSW,2518,bellambi-nsw-2518,House,2,0,0,0,5,0,,0,0
Bellambi,NSW,2518,bellambi-nsw-2518,House,3,1270000,31,0,18,750,3.07,871500,1794750
Bellambi,NSW,2518,bellambi-nsw-2518,House,4,0,0,0,7,0,,0,0
Bellambi,NSW,2518,bellambi-nsw-2518,House,5,0,0,0,0,0,,0,0
Bellambi,NSW,2518,bellambi-nsw-2518,Unit,1,0,0,0,0,0,,0,0
Bellambi,NSW,2518,bellambi-nsw-2518,Unit,2,620000,14,0,21,550,4.61,510000,790000
Bellambi,NSW,2518,bellambi-nsw-2518,Unit,3,0,0,0,4,0,,0,0
Boat Harbour,NSW,2316,boat-harbour-nsw-2316,House,2,0,0,0,1,0,,0,0
Boat Harbour,NSW,2316,boat-harbour-nsw-2316,House,3,1105000,0,0,10,0,,843000,1772000
Boat Harbour,NSW,2316,boat-harbour-nsw-2316,House,4,0,0,0,5,0,,0,0
Boat Harbour,NSW,2316,boat-harbour-nsw-2316,House,5,0,0,0,2,0,,0,0
Booker Bay,NSW,2257,booker-bay-nsw-2257,House,2,0,0,0,1,0,,0,0
Booker Bay,NSW,2257,booker-bay-nsw-2257,House,3,1275000,135,0,17,760,3.1,955000,2880000
Booker Bay,NSW,2257,booker-bay-nsw-2257,House,4,0,0,0,7,0,,0,0
Booker Bay,NSW,2257,booker-bay-nsw-2257,House,5,0,0,0,2,0,,0,0
Booker Bay,NSW,2257,booker-bay-nsw-2257,Unit,1,0,0,0,0,0,,0,0
Booker Bay,NSW,2257,booker-bay-nsw-2257,Unit,2,0,0,0,6,590,,0,0
Booker Bay,NSW,2257,booker-bay-nsw-2257,Unit,3,0,0,0,7,0,,0,0
Breakfast Point,NSW,2137,breakfast-point-nsw-2137,House,2,0,0,0,0,0,,0,0
Breakfast Point,NSW,2137,breakfast-point-nsw-2137,House,3,0,0,0,4,0,,0,0
Breakfast Point,NSW,2137,breakfast-point-nsw-2137,House,4,0,0,0,1,0,,0,0
Breakfast Point,NSW,2137,breakfast-point-nsw-2137,House,5,0,0,0,1,0,,0,0
Breakfast Point,NSW,2137,breakfast-point-nsw-2137,Unit,1,975000,23,0,47,750,4.0,845000,1129250
Breakfast Point,NSW,2137,breakfast-point-nsw-2137,Unit,2,1650000,35,0,58,993,3.13,1308000,2275000
Breakfast Point,NSW,2137,breakfast-point-nsw-2137,Unit,3,2730000,43,0,25,1400,2.67,2112000,4410000
Bullaburra,NSW,2784,bullaburra-nsw-2784,House,2,0,0,0,5,0,,0,0
Bullaburra,NSW,2784,bullaburra-nsw-2784,House,3,880000,39,0,11,0,,625000,1000000
Bullaburra,NSW,2784,bullaburra-nsw-2784,House,4,0,0,0,8,0,,0,0
Bullaburra,NSW,2784,bullaburra-nsw-2784,House,5,0,0,0,2,0,,0,0
Bundeena,NSW,2230,bundeena-nsw-2230,House,2,0,0,0,6,0,,0,0
Bundeena,NSW,2230,bundeena-nsw-2230,House,3,0,0,0,4,930,,0,0
Bundeena,NSW,2230,bundeena-nsw-2230,House,4,1400000,0,0,10,0,,1090000,1818550
Bundeena,NSW,2230,bundeena-nsw-2230,House,5,0,0,0,2,0,,0,0
Bundeena,NSW,2230,bundeena-nsw-2230,Unit,1,0,0,0,2,0,,0,0
Bundeena,NSW,2230,bundeena-nsw-2230,Unit,2,0,0,0,0,0,,0,0
Bundeena,NSW,2230,bundeena-nsw-2230,Unit,3,0,0,0,1,0,,0,0
Buxton,NSW,2571,buxton-nsw-2571,House,2,0,0,0,0,0,,0,0
Buxton,NSW,2571,buxton-nsw-2571,House,3,887500,10,0,14,600,3.52,758004,1201500
Buxton,NSW,2571,buxton-nsw-2571,House,4,980000,39,0,11,0,,880000,1171650
Buxton,NSW,2571,buxton-nsw-2571,House,5,0,0,0,1,0,,0,0
Cardiff Heights,NSW,2285,cardiff-heights-nsw-2285,House,2,0,0,0,0,0,,0,0
Cardiff Heights,NSW,2285,cardiff-heights-nsw-2285,House,3,0,0,0,8,0,,0,0
Cardiff Heights,NSW,2285,cardiff-heights-nsw-2285,House,4,0,0,0,3,0,,0,0
Cardiff Heights,NSW,2285,cardiff-heights-nsw-2285,House,5,0,0,0,1,0,,0,0
Carramar,NSW,2163,carramar-nsw-2163,House,2,660000,0,0,10,500,3.94,565300,2074250
Carramar,NSW,2163,carramar-nsw-2163,House,3,0,0,0,8,650,,0,0
Carramar,NSW,2163,carramar-nsw-2163,House,4,0,0,0,4,0,,0,0
Carramar,NSW,2163,carramar-nsw-2163,House,5,0,0,0,1,0,,0,0
Carramar,NSW,2163,carramar-nsw-2163,Unit,1,357500,0,0,10,375,5.45,300750,389550
Carramar,NSW,2163,carramar-nsw-2163,Unit,2,415000,32,0,22,450,5.64,330000,585000
Carramar,NSW,2163,carramar-nsw-2163,Unit,3,0,0,0,5,0,,0,0
Clemton Park,NSW,2206,clemton-park-nsw-2206,House,2,0,0,0,0,0,,0,0
Clemton Park,NSW,2206,clemton-park-nsw-2206,House,3,0,0,0,4,0,,0,0
Clemton Park,NSW,2206,clemton-park-nsw-2206,House,4,0,0,0,2,0,,0,0
Clemton Park,NSW,2206,clemton-park-nsw-2206,House,5,0,0,0,3,0,,0,0
Clemton Park,NSW,2206,clemton-park-nsw-2206,Unit,1,0,0,0,0,0,,0,0
Clemton Park,NSW,2206,clemton-park-nsw-2206,Unit,2,0,0,0,0,0,,0,0
Clemton Park,NSW,2206,clemton-park-nsw-2206,Unit,3,0,0,0,0,0,,0,0
Clunes,NSW,2480,clunes-nsw-2480,House,2,0,0,0,0,0,,0,0
Clunes,NSW,2480,clunes-nsw-2480,House,3,0,0,0,8,0,,0,0
Clunes,NSW,2480,clunes-nsw-2480,House,4,0,0,0,8,0,,0,0
Clunes,NSW,2480,clunes-nsw-2480,House,5,0,0,0,1,0,,0,0
Clunes,NSW,2480,clunes-nsw-2480,Unit,1,0,0,0,0,0,,0,0
Clunes,NSW,2480,clunes-nsw-2480,Unit,2,0,0,0,0,0,,0,0
Clunes,NSW,2480,clunes-nsw-2480,Unit,3,0,0,0,0,0,,0,0
Culcairn,NSW,2660,culcairn-nsw-2660,House,2,0,0,0,2,0,,0,0
Culcairn,NSW,2660,culcairn-nsw-2660,House,3,0,0,0,9,425,,0,0
Culcairn,NSW,2660,culcairn-nsw-2660,House,4,0,0,0,5,0,,0,0
Culcairn,NSW,2660,culcairn-nsw-2660,House,5,0,0,0,1,0,,0,0
Denhams Beach,NSW,2536,denhams-beach-nsw-2536,House,2,0,0,0,1,0,,0,0
Denhams Beach,NSW,2536,denhams-beach-nsw-2536,House,3,0,0,0,7,0,,0,0
Denhams Beach,NSW,2536,denhams-beach-nsw-2536,House,4,0,0,0,5,0,,0,0
Denhams Beach,NSW,2536,denhams-beach-nsw-2536,House,5,0,0,0,1,0,,0,0
Denhams Beach,NSW,2536,denhams-beach-nsw-2536,Unit,1,0,0,0,0,0,,0,0
Denhams Beach,NSW,2536,denhams-beach-nsw-2536,Unit,2,0,0,0,0,0,,0,0
Denhams Beach,NSW,2536,denhams-beach-nsw-2536,Unit,3,0,0,0,1,0,,0,0
Dolls Point,NSW,2219,dolls-point-nsw-2219,House,2,0,0,0,0,0,,0,0
Dolls Point,NSW,2219,dolls-point-nsw-2219,House,3,0,0,0,4,0,,0,0
Dolls Point,NSW,2219,dolls-point-nsw-2219,House,4,0,0,0,1,0,,0,0
Dolls Point,NSW,2219,dolls-point-nsw-2219,House,5,0,0,0,1,0,,0,0
Dolls Point,NSW,2219,dolls-point-nsw-2219,Unit,1,0,0,0,5,0,,0,0
Dolls Point,NSW,2219,dolls-point-nsw-2219,Unit,2,945000,0,0,13,680,3.74,829000,2020000
Dolls Point,NSW,2219,dolls-point-nsw-2219,Unit,3,0,0,0,4,0,,0,0
Ellalong,NSW,2325,ellalong-nsw-2325,House,2,0,0,0,1,0,,0,0
Ellalong,NSW,2325,ellalong-nsw-2325,House,3,0,0,0,5,580,,0,0
Ellalong,NSW,2325,ellalong-nsw-2325,House,4,825000,30,0,14,630,3.97,712350,1321125
Ellalong,NSW,2325,ellalong-nsw-2325,House,5,0,0,0,3,0,,0,0
Ellalong,NSW,2325,ellalong-nsw-2325,Unit,1,0,0,0,0,0,,0,0
Ellalong,NSW,2325,ellalong-nsw-2325,Unit,2,0,0,0,0,0,,0,0
Ellalong,NSW,2325,ellalong-nsw-2325,Unit,3,0,0,0,0,0,,0,0
Eschol Park,NSW,2558,eschol-park-nsw-2558,House,2,0,0,0,0,0,,0,0
Eschol Park,NSW,2558,eschol-park-nsw-2558,House,3,930500,9,0,24,600,3.35,767350,1146250
Eschol Park,NSW,2558,eschol-park-nsw-2558,House,4,0,0,0,7,0,,0,0
Eschol Park,NSW,2558,eschol-park-nsw-2558,House,5,0,0,0,3,0,,0,0
Fassifern,NSW,2283,fassifern-nsw-2283,House,2,0,0,0,1,0,,0,0
Fassifern,NSW,2283,fassifern-nsw-2283,House,3,0,0,0,2,0,,0,0
Fassifern,NSW,2283,fassifern-nsw-2283,House,4,0,0,0,2,0,,0,0
Fassifern,NSW,2283,fassifern-nsw-2283,House,5,0,0,0,1,0,,0,0
Fassifern,NSW,2283,fassifern-nsw-2283,Unit,1,0,0,0,0,0,,0,0
Fassifern,NSW,2283,fassifern-nsw-2283,Unit,2,0,0,0,1,0,,0,0
Fassifern,NSW,2283,fassifern-nsw-2283,Unit,3,0,0,0,0,0,,0,0
Gol Gol,NSW,2738,gol-gol-nsw-2738,House,2,0,0,0,0,0,,0,0
Gol Gol,NSW,2738,gol-gol-nsw-2738,House,3,572500,24,0,12,500,4.54,452250,1633750
Gol Gol,NSW,2738,gol-gol-nsw-2738,House,4,770000,43,0,21,0,,170000,1550000
Gol Gol,NSW,2738,gol-gol-nsw-2738,House,5,0,0,0,3,0,,0,0
Gol Gol,NSW,2738,gol-gol-nsw-2738,Unit,1,0,0,0,0,0,,0,0
Gol Gol,NSW,2738,gol-gol-nsw-2738,Unit,2,0,0,0,0,0,,0,0
Gol Gol,NSW,2738,gol-gol-nsw-2738,Unit,3,0,0,0,0,0,,0,0
Greenwell Point,NSW,2540,greenwell-point-nsw-2540,House,2,0,0,0,8,0,,0,0
Greenwell Point,NSW,2540,greenwell-point-nsw-2540,House,3,800000,77,0,15,605,3.93,676000,1220500
Greenwell Point,NSW,2540,greenwell-point-nsw-2540,House,4,955000,0,0,10,0,,670700,1521250
Greenwell Point,NSW,2540,greenwell-point-nsw-2540,House,5,0,0,0,1,0,,0,0
Guildford West,NSW,2161,guildford-west-nsw-2161,House,2,0,0,0,5,0,,0,0
Guildford West,NSW,2161,guildford-west-nsw-2161,House,3,1265000,37,0.6666666666666666,42,725,2.98,931950,1499500
Guildford West,NSW,2161,guildford-west-nsw-2161,House,4,1272500,0,0.5384615384615384,16,950,3.88,1172250,1720250
Guildford West,NSW,2161,guildford-west-nsw-2161,House,5,1300000,31,0.6,17,1150,4.6,1182000,1634000
Hardys Bay,NSW,2257,hardys-bay-nsw-2257,House,2,0,0,0,1,0,,0,0
Hardys Bay,NSW,2257,hardys-bay-nsw-2257,House,3,0,0,0,2,0,,0,0
Hardys Bay,NSW,2257,hardys-bay-nsw-2257,House,4,0,0,0,4,0,,0,0
Hardys Bay,NSW,2257,hardys-bay-nsw-2257,House,5,0,0,0,1,0,,0,0
Hassall Grove,NSW,2761,hassall-grove-nsw-2761,House,2,0,0,0,1,500,,0,0
Hassall Grove,NSW,2761,hassall-grove-nsw-2761,House,3,1110000,21,0,19,630,2.95,827000,1311500
Hassall Grove,NSW,2761,hassall-grove-nsw-2761,House,4,1150000,32,0,17,0,,972000,1236000
Hassall Grove,NSW,2761,hassall-grove-nsw-2761,House,5,0,0,0,4,0,,0,0
Heckenberg,NSW,2168,heckenberg-nsw-2168,House,2,0,0,0,0,0,,0,0
Heckenberg,NSW,2168,heckenberg-nsw-2168,House,3,1030000,0,0.9,16,648,3.27,775000,1340000
Heckenberg,NSW,2168,heckenberg-nsw-2168,House,4,0,0,0,5,700,,0,0
Heckenberg,NSW,2168,heckenberg-nsw-2168,House,5,0,0,0,1,0,,0,0
Heckenberg,NSW,2168,heckenberg-nsw-2168,Unit,1,0,0,0,0,0,,0,0
Heckenberg,NSW,2168,heckenberg-nsw-2168,Unit,2,0,0,0,0,0,,0,0
Heckenberg,NSW,2168,heckenberg-nsw-2168,Unit,3,0,0,0,0,0,,0,0
Henty,NSW,2658,henty-nsw-2658,House,2,0,0,0,2,0,,0,0
Henty,NSW,2658,henty-nsw-2658,House,3,380000,86,0,12,0,,281000,500850
Henty,NSW,2658,henty-nsw-2658,House,4,426500,0,0,10,0,,309500,513250
Henty,NSW,2658,henty-nsw-2658,House,5,0,0,0,1,0,,0,0
Jamberoo,NSW,2533,jamberoo-nsw-2533,House,2,0,0,0,1,0,,0,0
Jamberoo,NSW,2533,jamberoo-nsw-2533,House,3,0,0,0,7,0,,0,0
Jamberoo,NSW,2533,jamberoo-nsw-2533,House,4,0,0,0,6,0,,0,0
Jamberoo,NSW,2533,jamberoo-nsw-2533,House,5,0,0,0,1,0,,0,0
Jamisontown,NSW,2750,jamisontown-nsw-2750,House,2,0,0,0,4,490,,0,0
Jamisontown,NSW,2750,jamisontown-nsw-2750,House,3,1025500,11,0,26,650,3.3,821250,1282000
Jamisontown,NSW,2750,jamisontown-nsw-2750,House,4,1147500,21,0,14,780,3.53,970250,1303500
Jamisontown,NSW,2750,jamisontown-nsw-2750,House,5,0,0,0,9,0,,0,0
Jamisontown,NSW,2750,jamisontown-nsw-2750,Unit,1,0,0,0,3,0,,0,0
Jamisontown,NSW,2750,jamisontown-nsw-2750,Unit,2,537500,9,0,39,500,4.84,412450,735750
Jamisontown,NSW,2750,jamisontown-nsw-2750,Unit,3,0,0,0,8,0,,0,0
Kilaben Bay,NSW,2283,kilaben-bay-nsw-2283,House,2,0,0,0,0,0,,0,0
Kilaben Bay,NSW,2283,kilaben-bay-nsw-2283,House,3,0,0,0,7,0,,0,0
Kilaben Bay,NSW,2283,kilaben-bay-nsw-2283,House,4,1052500,38,0,11,0,,922500,1635000
Kilaben Bay,NSW,2283,kilaben-bay-nsw-2283,House,5,0,0,0,6,0,,0,0
Killcare Heights,NSW,2257,killcare-heights-nsw-2257,House,2,0,0,0,0,0,,0,0
Killcare Heights,NSW,2257,killcare-heights-nsw-2257,House,3,0,0,0,3,0,,0,0
Killcare Heights,NSW,2257,killcare-heights-nsw-2257,House,4,0,0,0,6,0,,0,0
Killcare Heights,NSW,2257,killcare-heights-nsw-2257,House,5,0,0,0,4,0,,0,0
Kirribilli,NSW,2061,kirribilli-nsw-2061,House,2,0,0,0,3,0,,0,0
Kirribilli,NSW,2061,kirribilli-nsw-2061,House,3,0,0,0,3,1823,,0,0
Kirribilli,NSW,2061,kirribilli-nsw-2061,House,4,0,0,0,1,0,,0,0
Kirribilli,NSW,2061,kirribilli-nsw-2061,House,5,0,0,0,1,0,,0,0
Kirribilli,NSW,2061,kirribilli-nsw-2061,Unit,1,965000,39,0.5882352941176471,31,690,3.72,605000,1232500
Kirribilli,NSW,2061,kirribilli-nsw-2061,Unit,2,1650000,0,0.5483870967741935,28,950,2.99,1175500,4175000
Kirribilli,NSW,2061,kirribilli-nsw-2061,Unit,3,2855000,0,0.5833333333333334,14,1495,2.72,1947500,12634000
Kotara South,NSW,2289,kotara-south-nsw-2289,House,2,0,0,0,0,0,,0,0
Kotara South,NSW,2289,kotara-south-nsw-2289,House,3,0,0,0,8,0,,0,0
Kotara South,NSW,2289,kotara-south-nsw-2289,House,4,0,0,0,4,0,,0,0
Kotara South,NSW,2289,kotara-south-nsw-2289,House,5,0,0,0,4,0,,0,0
Kurrajong,NSW,2758,kurrajong-nsw-2758,House,2,0,0,0,0,0,,0,0
Kurrajong,NSW,2758,kurrajong-nsw-2758,House,3,0,0,0,9,670,,0,0
Kurrajong,NSW,2758,kurrajong-nsw-2758,House,4,0,0,0,8,0,,0,0
Kurrajong,NSW,2758,kurrajong-nsw-2758,House,5,0,0,0,5,0,,0,0
Lake Conjola,NSW,2539,lake-conjola-nsw-2539,House,2,0,0,0,6,0,,0,0
Lake Conjola,NSW,2539,lake-conjola-nsw-2539,House,3,0,0,0,5,0,,0,0
Lake Conjola,NSW,2539,lake-conjola-nsw-2539,House,4,0,0,0,3,0,,0,0
Lake Conjola,NSW,2539,lake-conjola-nsw-2539,House,5,0,0,0,3,0,,0,0
Lapstone,NSW,2773,lapstone-nsw-2773,House,2,0,0,0,2,0,,0,0
Lapstone,NSW,2773,lapstone-nsw-2773,House,3,0,0,0,3,0,,0,0
Lapstone,NSW,2773,lapstone-nsw-2773,House,4,0,0,0,7,0,,0,0
Lapstone,NSW,2773,lapstone-nsw-2773,House,5,0,0,0,2,0,,0,0
Longueville,NSW,2066,longueville-nsw-2066,House,2,0,0,0,1,0,,0,0
Longueville,NSW,2066,longueville-nsw-2066,House,3,0,0,0,4,0,,0,0
Longueville,NSW,2066,longueville-nsw-2066,House,4,0,0,0,9,0,,0,0
Longueville,NSW,2066,longueville-nsw-2066,House,5,5790000,0,0.35294117647058826,12,2950,2.65,3699250,8450000
Minchinbury,NSW,2770,minchinbury-nsw-2770,House,2,0,0,0,0,0,,0,0
Minchinbury,NSW,2770,minchinbury-nsw-2770,House,3,1100000,20,0,15,660,3.12,800000,1317400
Minchinbury,NSW,2770,minchinbury-nsw-2770,House,4,1280000,17,0,23,850,3.45,1105000,1454500
Minchinbury,NSW,2770,minchinbury-nsw-2770,House,5,1170000,0,0,11,0,,1135000,1550000
Minchinbury,NSW,2770,minchinbury-nsw-2770,Unit,1,0,0,0,1,0,,0,0
Minchinbury,NSW,2770,minchinbury-nsw-2770,Unit,2,0,0,0,1,0,,0,0
Minchinbury,NSW,2770,minchinbury-nsw-2770,Unit,3,0,0,0,3,0,,0,0
Mooney Mooney,NSW,2083,mooney-mooney-nsw-2083,House,2,0,0,0,0,0,,0,0
Mooney Mooney,NSW,2083,mooney-mooney-nsw-2083,House,3,0,0,0,1,0,,0,0
Mooney Mooney,NSW,2083,mooney-mooney-nsw-2083,House,4,0,0,0,6,0,,0,0
Mooney Mooney,NSW,2083,mooney-mooney-nsw-2083,House,5,0,0,0,0,0,,0,0
Mount Ousley,NSW,2519,mount-ousley-nsw-2519,House,2,0,0,0,1,0,,0,0
Mount Ousley,NSW,2519,mount-ousley-nsw-2519,House,3,0,0,0,8,0,,0,0
Mount Ousley,NSW,2519,mount-ousley-nsw-2519,House,4,0,0,0,9,0,,0,0
Mount Ousley,NSW,2519,mount-ousley-nsw-2519,House,5,0,0,0,5,0,,0,0
Mylestom,NSW,2454,mylestom-nsw-2454,House,2,0,0,0,1,0,,0,0
Mylestom,NSW,2454,mylestom-nsw-2454,House,3,0,0,0,4,0,,0,0
Mylestom,NSW,2454,mylestom-nsw-2454,House,4,0,0,0,1,0,,0,0
Mylestom,NSW,2454,mylestom-nsw-2454,House,5,0,0,0,1,0,,0,0
Newcastle East,NSW,2300,newcastle-east-nsw-2300,House,2,0,0,0,1,0,,0,0
Newcastle East,NSW,2300,newcastle-east-nsw-2300,House,3,0,0,0,5,0,,0,0
Newcastle East,NSW,2300,newcastle-east-nsw-2300,House,4,0,0,0,2,0,,0,0
Newcastle East,NSW,2300,newcastle-east-nsw-2300,House,5,0,0,0,1,0,,0,0
Newcastle East,NSW,2300,newcastle-east-nsw-2300,Unit,1,0,0,0,0,0,,0,0
Newcastle East,NSW,2300,newcastle-east-nsw-2300,Unit,2,0,0,0,3,0,,0,0
Newcastle East,NSW,2300,newcastle-east-nsw-2300,Unit,3,0,0,0,9,940,,0,0
North Arm Cove,NSW,2324,north-arm-cove-nsw-2324,House,2,0,0,0,3,0,,0,0
North Arm Cove,NSW,2324,north-arm-cove-nsw-2324,House,3,0,0,0,7,0,,0,0
North Arm Cove,NSW,2324,north-arm-cove-nsw-2324,House,4,0,0,0,8,0,,0,0
North Arm Cove,NSW,2324,north-arm-cove-nsw-2324,House,5,0,0,0,1,0,,0,0
North St Marys,NSW,2760,north-st-marys-nsw-2760,House,2,0,0,0,6,475,,0,0
North St Marys,NSW,2760,north-st-marys-nsw-2760,House,3,1040000,14,0,21,550,2.75,850000,1300000
North St Marys,NSW,2760,north-st-marys-nsw-2760,House,4,1040000,0,0,11,655,3.28,960000,1146500
North St Marys,NSW,2760,north-st-marys-nsw-2760,House,5,1215000,0,0,12,0,,1010150,1340750
North St Marys,NSW,2760,north-st-marys-nsw-2760,Unit,1,0,0,0,0,330,,0,0
North St Marys,NSW,2760,north-st-marys-nsw-2760,Unit,2,0,0,0,0,480,,0,0
North St Marys,NSW,2760,north-st-marys-nsw-2760,Unit,3,0,0,0,0,0,,0,0
Northwood,NSW,2066,northwood-nsw-2066,House,2,0,0,0,0,0,,0,0
Northwood,NSW,2066,northwood-nsw-2066,House,3,0,0,0,1,0,,0,0
Northwood,NSW,2066,northwood-nsw-2066,House,4,0,0,0,8,0,,0,0
Northwood,NSW,2066,northwood-nsw-2066,House,5,0,0,0,5,0,,0,0
Old Toongabbie,NSW,2146,old-toongabbie-nsw-2146,House,2,0,0,0,1,0,,0,0
Old Toongabbie,NSW,2146,old-toongabbie-nsw-2146,House,3,1500000,0,0,19,700,2.43,1052995,1694500
Old Toongabbie,NSW,2146,old-toongabbie-nsw-2146,House,4,1515000,0,0.6363636363636364,14,875,3.0,1276000,1873750
Old Toongabbie,NSW,2146,old-toongabbie-nsw-2146,House,5,0,0,0,9,0,,0,0
Old Toongabbie,NSW,2146,old-toongabbie-nsw-2146,Unit,1,0,0,0,0,0,,0,0
Old Toongabbie,NSW,2146,old-toongabbie-nsw-2146,Unit,2,0,0,0,7,0,,0,0
Old Toongabbie,NSW,2146,old-toongabbie-nsw-2146,Unit,3,0,0,0,1,0,,0,0
Pleasure Point,NSW,2172,pleasure-point-nsw-2172,House,2,0,0,0,0,0,,0,0
Pleasure Point,NSW,2172,pleasure-point-nsw-2172,House,3,0,0,0,0,0,,0,0
Pleasure Point,NSW,2172,pleasure-point-nsw-2172,House,4,0,0,0,2,0,,0,0
Pleasure Point,NSW,2172,pleasure-point-nsw-2172,House,5,0,0,0,2,0,,0,0
Pretty Beach,NSW,2257,pretty-beach-nsw-2257,House,2,0,0,0,3,0,,0,0
Pretty Beach,NSW,2257,pretty-beach-nsw-2257,House,3,0,0,0,3,0,,0,0
Pretty Beach,NSW,2257,pretty-beach-nsw-2257,House,4,0,0,0,2,0,,0,0
Pretty Beach,NSW,2257,pretty-beach-nsw-2257,House,5,0,0,0,2,0,,0,0
Robertson,NSW,2577,robertson-nsw-2577,House,2,0,0,0,1,0,,0,0
Robertson,NSW,2577,robertson-nsw-2577,House,3,930000,163,0,17,680,3.8,806000,2080000
Robertson,NSW,2577,robertson-nsw-2577,House,4,1225000,117,0,15,0,,945500,2116000
Robertson,NSW,2577,robertson-nsw-2577,House,5,0,0,0,2,0,,0,0
Rosedale,NSW,2536,rosedale-nsw-2536,House,2,0,0,0,2,0,,0,0
Rosedale,NSW,2536,rosedale-nsw-2536,House,3,0,0,0,3,0,,0,0
Rosedale,NSW,2536,rosedale-nsw-2536,House,4,0,0,0,9,0,,0,0
Rosedale,NSW,2536,rosedale-nsw-2536,House,5,0,0,0,0,0,,0,0
Sadleir,NSW,2168,sadleir-nsw-2168,House,2,0,0,0,1,0,,0,0
Sadleir,NSW,2168,sadleir-nsw-2168,House,3,1050000,0,0.7272727272727273,17,628,3.11,924400,1344200
Sadleir,NSW,2168,sadleir-nsw-2168,House,4,0,0,0,9,0,,0,0
Sadleir,NSW,2168,sadleir-nsw-2168,House,5,0,0,0,2,0,,0,0
Sadleir,NSW,2168,sadleir-nsw-2168,Unit,1,0,0,0,0,0,,0,0
Sadleir,NSW,2168,sadleir-nsw-2168,Unit,2,0,0,0,0,0,,0,0
Sadleir,NSW,2168,sadleir-nsw-2168,Unit,3,0,0,0,0,0,,0,0
South Murwillumbah,NSW,2484,south-murwillumbah-nsw-2484,House,2,0,0,0,12,0,,0,0
South Murwillumbah,NSW,2484,south-murwillumbah-nsw-2484,House,3,800000,39,0,23,0,,42000,986000
South Murwillumbah,NSW,2484,south-murwillumbah-nsw-2484,House,4,0,0,0,9,0,,0,0
South Murwillumbah,NSW,2484,south-murwillumbah-nsw-2484,House,5,0,0,0,0,0,,0,0
Talbingo,NSW,2720,talbingo-nsw-2720,House,2,0,0,0,3,0,,0,0
Talbingo,NSW,2720,talbingo-nsw-2720,House,3,410000,183,0,12,0,,348000,460000
Talbingo,NSW,2720,talbingo-nsw-2720,House,4,0,0,0,3,0,,0,0
Talbingo,NSW,2720,talbingo-nsw-2720,House,5,0,0,0,0,0,,0,0
Terrey Hills,NSW,2084,terrey-hills-nsw-2084,House,2,0,0,0,3,0,,0,0
Terrey Hills,NSW,2084,terrey-hills-nsw-2084,House,3,0,0,0,8,0,,0,0
Terrey Hills,NSW,2084,terrey-hills-nsw-2084,House,4,2310000,0,0,10,0,,2227250,2632500
Terrey Hills,NSW,2084,terrey-hills-nsw-2084,House,5,0,0,0,2,0,,0,0
Tingira Heights,NSW,2290,tingira-heights-nsw-2290,House,2,0,0,0,1,0,,0,0
Tingira Heights,NSW,2290,tingira-heights-nsw-2290,House,3,890000,0,0,11,0,,801000,992333
Tingira Heights,NSW,2290,tingira-heights-nsw-2290,House,4,0,0,0,3,0,,0,0
Tingira Heights,NSW,2290,tingira-heights-nsw-2290,House,5,0,0,0,0,0,,0,0
Windale,NSW,2306,windale-nsw-2306,House,2,0,0,0,3,0,,0,0
Windale,NSW,2306,windale-nsw-2306,House,3,765000,0,0,18,595,4.04,458500,854167
Windale,NSW,2306,windale-nsw-2306,House,4,0,0,0,2,0,,0,0
Windale,NSW,2306,windale-nsw-2306,House,5,0,0,0,0,0,,0,0
Windsor,NSW,2756,windsor-nsw-2756,House,2,0,0,0,5,0,,0,0
Windsor,NSW,2756,windsor-nsw-2756,House,3,875000,44,0,18,650,3.86,723800,1161250
Windsor,NSW,2756,windsor-nsw-2756,House,4,1350000,0,0,11,0,,955000,1737500
Windsor,NSW,2756,windsor-nsw-2756,House,5,0,0,0,3,0,,0,0
Woodrising,NSW,2284,woodrising-nsw-2284,House,2,0,0,0,1,0,,0,0
Woodrising,NSW,2284,woodrising-nsw-2284,House,3,805000,10,0,15,0,,708750,997000
Woodrising,NSW,2284,woodrising-nsw-2284,House,4,0,0,0,7,0,,0,0
Woodrising,NSW,2284,woodrising-nsw-2284,House,5,0,0,0,0,0,,0,0
Adelong,NSW,2729,adelong-nsw-2729,House,2,0,0,0,0,0,,0,0
Adelong,NSW,2729,adelong-nsw-2729,House,3,0,0,0,8,0,,0,0
Adelong,NSW,2729,adelong-nsw-2729,House,4,0,0,0,6,0,,0,0
Adelong,NSW,2729,adelong-nsw-2729,House,5,0,0,0,2,0,,0,0
Allawah,NSW,2218,allawah-nsw-2218,House,2,0,0,0,3,0,,0,0
Allawah,NSW,2218,allawah-nsw-2218,House,3,0,0,0,6,870,,0,0
Allawah,NSW,2218,allawah-nsw-2218,House,4,0,0,0,2,0,,0,0
Allawah,NSW,2218,allawah-nsw-2218,House,5,0,0,0,1,0,,0,0
Allawah,NSW,2218,allawah-nsw-2218,Unit,1,0,0,0,2,400,,0,0
Allawah,NSW,2218,allawah-nsw-2218,Unit,2,830500,21,0.7692307692307693,52,655,4.1,653635,950000
Allawah,NSW,2218,allawah-nsw-2218,Unit,3,915000,23,0,19,785,4.46,797000,1117000
Balranald,NSW,2715,balranald-nsw-2715,House,2,0,0,0,2,0,,0,0
Balranald,NSW,2715,balranald-nsw-2715,House,3,0,0,0,5,0,,0,0
Balranald,NSW,2715,balranald-nsw-2715,House,4,0,0,0,3,0,,0,0
Balranald,NSW,2715,balranald-nsw-2715,House,5,0,0,0,1,0,,0,0
Bar Beach,NSW,2300,bar-beach-nsw-2300,House,2,0,0,0,0,0,,0,0
Bar Beach,NSW,2300,bar-beach-nsw-2300,House,3,0,0,0,5,0,,0,0
Bar Beach,NSW,2300,bar-beach-nsw-2300,House,4,0,0,0,5,0,,0,0
Bar Beach,NSW,2300,bar-beach-nsw-2300,House,5,0,0,0,4,0,,0,0
Bar Beach,NSW,2300,bar-beach-nsw-2300,Unit,1,0,0,0,1,0,,0,0
Bar Beach,NSW,2300,bar-beach-nsw-2300,Unit,2,0,0,0,3,698,,0,0
Bar Beach,NSW,2300,bar-beach-nsw-2300,Unit,3,0,0,0,1,0,,0,0
Berrara,NSW,2540,berrara-nsw-2540,House,2,0,0,0,2,0,,0,0
Berrara,NSW,2540,berrara-nsw-2540,House,3,0,0,0,5,0,,0,0
Berrara,NSW,2540,berrara-nsw-2540,House,4,0,0,0,2,0,,0,0
Berrara,NSW,2540,berrara-nsw-2540,House,5,0,0,0,0,0,,0,0
Bowraville,NSW,2449,bowraville-nsw-2449,House,2,0,0,0,4,0,,0,0
Bowraville,NSW,2449,bowraville-nsw-2449,House,3,0,0,0,5,0,,0,0
Bowraville,NSW,2449,bowraville-nsw-2449,House,4,0,0,0,2,0,,0,0
Bowraville,NSW,2449,bowraville-nsw-2449,House,5,0,0,0,2,0,,0,0
Brookvale,NSW,2100,brookvale-nsw-2100,House,2,0,0,0,0,0,,0,0
Brookvale,NSW,2100,brookvale-nsw-2100,House,3,0,0,0,5,1250,,0,0
Brookvale,NSW,2100,brookvale-nsw-2100,House,4,0,0,0,6,0,,0,0
Brookvale,NSW,2100,brookvale-nsw-2100,House,5,0,0,0,1,0,,0,0
Brookvale,NSW,2100,brookvale-nsw-2100,Unit,1,806385,14,0,34,700,4.51,714100,906750
Brookvale,NSW,2100,brookvale-nsw-2100,Unit,2,1197500,22,0.9230769230769231,42,895,3.89,1050000,1558375
Brookvale,NSW,2100,brookvale-nsw-2100,Unit,3,0,0,0,5,0,,0,0
Buronga,NSW,2739,buronga-nsw-2739,House,2,0,0,0,2,0,,0,0
Buronga,NSW,2739,buronga-nsw-2739,House,3,0,0,0,2,0,,0,0
Buronga,NSW,2739,buronga-nsw-2739,House,4,792500,0,0,12,0,,415200,964000
Buronga,NSW,2739,buronga-nsw-2739,House,5,0,0,0,1,0,,0,0
Buronga,NSW,2739,buronga-nsw-2739,Unit,1,0,0,0,0,0,,0,0
Buronga,NSW,2739,buronga-nsw-2739,Unit,2,0,0,0,3,0,,0,0
Buronga,NSW,2739,buronga-nsw-2739,Unit,3,0,0,0,0,0,,0,0
Chain Valley Bay,NSW,2259,chain-valley-bay-nsw-2259,House,2,0,0,0,5,0,,0,0
Chain Valley Bay,NSW,2259,chain-valley-bay-nsw-2259,House,3,800000,26,0,14,0,,513250,1020000
Chain Valley Bay,NSW,2259,chain-valley-bay-nsw-2259,House,4,0,0,0,8,0,,0,0
Chain Valley Bay,NSW,2259,chain-valley-bay-nsw-2259,House,5,0,0,0,1,0,,0,0
Chain Valley Bay,NSW,2259,chain-valley-bay-nsw-2259,Unit,1,0,0,0,0,0,,0,0
Chain Valley Bay,NSW,2259,chain-valley-bay-nsw-2259,Unit,2,0,0,0,1,0,,0,0
Chain Valley Bay,NSW,2259,chain-valley-bay-nsw-2259,Unit,3,0,0,0,3,0,,0,0
Conjola Park,NSW,2539,conjola-park-nsw-2539,House,2,0,0,0,1,0,,0,0
Conjola Park,NSW,2539,conjola-park-nsw-2539,House,3,0,0,0,5,0,,0,0
Conjola Park,NSW,2539,conjola-park-nsw-2539,House,4,0,0,0,5,0,,0,0
Conjola Park,NSW,2539,conjola-park-nsw-2539,House,5,0,0,0,0,0,,0,0
Diamond Beach,NSW,2430,diamond-beach-nsw-2430,House,2,0,0,0,3,0,,0,0
Diamond Beach,NSW,2430,diamond-beach-nsw-2430,House,3,0,0,0,8,590,,0,0
Diamond Beach,NSW,2430,diamond-beach-nsw-2430,House,4,1050000,53,0,15,650,3.22,733700,1403000
Diamond Beach,NSW,2430,diamond-beach-nsw-2430,House,5,0,0,0,1,0,,0,0
Dunedoo,NSW,2844,dunedoo-nsw-2844,House,2,0,0,0,3,0,,0,0
Dunedoo,NSW,2844,dunedoo-nsw-2844,House,3,422500,0,0,10,0,,313250,453750
Dunedoo,NSW,2844,dunedoo-nsw-2844,House,4,0,0,0,7,0,,0,0
Dunedoo,NSW,2844,dunedoo-nsw-2844,House,5,0,0,0,1,0,,0,0
Englorie Park,NSW,2560,englorie-park-nsw-2560,House,2,0,0,0,0,0,,0,0
Englorie Park,NSW,2560,englorie-park-nsw-2560,House,3,0,0,0,5,0,,0,0
Englorie Park,NSW,2560,englorie-park-nsw-2560,House,4,0,0,0,3,0,,0,0
Englorie Park,NSW,2560,englorie-park-nsw-2560,House,5,0,0,0,0,0,,0,0
Freemans Reach,NSW,2756,freemans-reach-nsw-2756,House,2,0,0,0,0,0,,0,0
Freemans Reach,NSW,2756,freemans-reach-nsw-2756,House,3,0,0,0,6,0,,0,0
Freemans Reach,NSW,2756,freemans-reach-nsw-2756,House,4,1225000,0,0,13,775,3.29,981000,1418000
Freemans Reach,NSW,2756,freemans-reach-nsw-2756,House,5,0,0,0,1,0,,0,0
Freemans Reach,NSW,2756,freemans-reach-nsw-2756,Unit,1,0,0,0,0,0,,0,0
Freemans Reach,NSW,2756,freemans-reach-nsw-2756,Unit,2,0,0,0,0,0,,0,0
Freemans Reach,NSW,2756,freemans-reach-nsw-2756,Unit,3,0,0,0,0,0,,0,0
Gosford,NSW,2250,gosford-nsw-2250,House,2,635000,20,0,11,588,4.82,477500,743500
Gosford,NSW,2250,gosford-nsw-2250,House,3,0,0,0,7,750,,0,0
Gosford,NSW,2250,gosford-nsw-2250,House,4,0,0,0,3,0,,0,0
Gosford,NSW,2250,gosford-nsw-2250,House,5,0,0,0,0,0,,0,0
Gosford,NSW,2250,gosford-nsw-2250,Unit,1,525000,25,0,27,540,5.35,296000,673500
Gosford,NSW,2250,gosford-nsw-2250,Unit,2,592500,32,0,146,650,5.7,483675,874250
Gosford,NSW,2250,gosford-nsw-2250,Unit,3,661000,56,0,38,693,5.45,565000,1016000
Hillsdale,NSW,2036,hillsdale-nsw-2036,Unit,1,650000,0,0,13,725,5.8,566000,756400
Hillsdale,NSW,2036,hillsdale-nsw-2036,Unit,2,768500,28,0.65625,75,700,4.74,675200,1216000
Hillsdale,NSW,2036,hillsdale-nsw-2036,Unit,3,865000,64,0,27,845,5.08,683400,1024000
Homebush West,NSW,2140,homebush-west-nsw-2140,House,2,0,0,0,0,0,,0,0
Homebush West,NSW,2140,homebush-west-nsw-2140,House,3,0,0,0,2,800,,0,0
Homebush West,NSW,2140,homebush-west-nsw-2140,House,4,0,0,0,5,0,,0,0
Homebush West,NSW,2140,homebush-west-nsw-2140,House,5,0,0,0,3,0,,0,0
Homebush West,NSW,2140,homebush-west-nsw-2140,Unit,1,500000,61,0,17,550,5.72,404375,793750
Homebush West,NSW,2140,homebush-west-nsw-2140,Unit,2,620000,34,0,149,690,5.79,495000,755000
Homebush West,NSW,2140,homebush-west-nsw-2140,Unit,3,792500,31,0,40,840,5.51,622750,940000
Kandos,NSW,2848,kandos-nsw-2848,House,2,0,0,0,7,340,,0,0
Kandos,NSW,2848,kandos-nsw-2848,House,3,430000,48,0,17,420,5.08,290000,618400
Kandos,NSW,2848,kandos-nsw-2848,House,4,555000,45,0,11,0,,400000,760000
Kandos,NSW,2848,kandos-nsw-2848,House,5,0,0,0,1,0,,0,0
Kandos,NSW,2848,kandos-nsw-2848,Unit,1,0,0,0,0,0,,0,0
Kandos,NSW,2848,kandos-nsw-2848,Unit,2,0,0,0,0,0,,0,0
Kandos,NSW,2848,kandos-nsw-2848,Unit,3,0,0,0,0,0,,0,0
Kew,NSW,2439,kew-nsw-2439,House,2,0,0,0,0,0,,0,0
Kew,NSW,2439,kew-nsw-2439,House,3,0,0,0,2,0,,0,0
Kew,NSW,2439,kew-nsw-2439,House,4,929000,0,0,11,0,,715000,1525000
Kew,NSW,2439,kew-nsw-2439,House,5,0,0,0,2,0,,0,0
Kiama Heights,NSW,2533,kiama-heights-nsw-2533,House,2,0,0,0,0,0,,0,0
Kiama Heights,NSW,2533,kiama-heights-nsw-2533,House,3,0,0,0,4,0,,0,0
Kiama Heights,NSW,2533,kiama-heights-nsw-2533,House,4,0,0,0,7,0,,0,0
Kiama Heights,NSW,2533,kiama-heights-nsw-2533,House,5,0,0,0,0,0,,0,0
Koolewong,NSW,2256,koolewong-nsw-2256,House,2,0,0,0,3,0,,0,0
Koolewong,NSW,2256,koolewong-nsw-2256,House,3,0,0,0,4,680,,0,0
Koolewong,NSW,2256,koolewong-nsw-2256,House,4,0,0,0,6,0,,0,0
Koolewong,NSW,2256,koolewong-nsw-2256,House,5,0,0,0,2,0,,0,0
Kurraba Point,NSW,2089,kurraba-point-nsw-2089,House,2,0,0,0,0,0,,0,0
Kurraba Point,NSW,2089,kurraba-point-nsw-2089,House,3,0,0,0,1,0,,0,0
Kurraba Point,NSW,2089,kurraba-point-nsw-2089,House,4,0,0,0,2,0,,0,0
Kurraba Point,NSW,2089,kurraba-point-nsw-2089,House,5,0,0,0,2,0,,0,0
Kurraba Point,NSW,2089,kurraba-point-nsw-2089,Unit,1,0,0,0,7,700,,0,0
Kurraba Point,NSW,2089,kurraba-point-nsw-2089,Unit,2,1722500,0,0.5625,16,885,2.67,996250,3572500
Kurraba Point,NSW,2089,kurraba-point-nsw-2089,Unit,3,3435000,0,0.3888888888888889,13,1975,2.99,1566000,9850000
Kyogle,NSW,2474,kyogle-nsw-2474,House,2,477500,64,0,12,0,,308250,619000
Kyogle,NSW,2474,kyogle-nsw-2474,House,3,572500,71,0,24,505,4.59,401500,758500
Kyogle,NSW,2474,kyogle-nsw-2474,House,4,705000,0,0,12,0,,550000,970000
Kyogle,NSW,2474,kyogle-nsw-2474,House,5,0,0,0,0,0,,0,0
Lake Tabourie,NSW,2539,lake-tabourie-nsw-2539,House,2,0,0,0,3,0,,0,0
Lake Tabourie,NSW,2539,lake-tabourie-nsw-2539,House,3,0,0,0,8,0,,0,0
Lake Tabourie,NSW,2539,lake-tabourie-nsw-2539,House,4,0,0,0,2,0,,0,0
Lake Tabourie,NSW,2539,lake-tabourie-nsw-2539,House,5,0,0,0,1,0,,0,0
Lockhart,NSW,2656,lockhart-nsw-2656,House,2,0,0,0,2,0,,0,0
Lockhart,NSW,2656,lockhart-nsw-2656,House,3,380000,0,0,11,420,5.75,337500,625000
Lockhart,NSW,2656,lockhart-nsw-2656,House,4,0,0,0,6,0,,0,0
Lockhart,NSW,2656,lockhart-nsw-2656,House,5,0,0,0,0,0,,0,0
Magenta,NSW,2261,magenta-nsw-2261,House,2,0,0,0,0,0,,0,0
Magenta,NSW,2261,magenta-nsw-2261,House,3,0,0,0,8,850,,0,0
Magenta,NSW,2261,magenta-nsw-2261,House,4,0,0,0,5,0,,0,0
Magenta,NSW,2261,magenta-nsw-2261,House,5,0,0,0,0,0,,0,0
Magenta,NSW,2261,magenta-nsw-2261,Unit,1,0,0,0,0,0,,0,0
Magenta,NSW,2261,magenta-nsw-2261,Unit,2,0,0,0,1,0,,0,0
Magenta,NSW,2261,magenta-nsw-2261,Unit,3,0,0,0,3,0,,0,0
Maloneys Beach,NSW,2536,maloneys-beach-nsw-2536,House,2,0,0,0,0,0,,0,0
Maloneys Beach,NSW,2536,maloneys-beach-nsw-2536,House,3,805000,64,0,11,0,,652000,1545000
Maloneys Beach,NSW,2536,maloneys-beach-nsw-2536,House,4,0,0,0,3,0,,0,0
Maloneys Beach,NSW,2536,maloneys-beach-nsw-2536,House,5,0,0,0,1,0,,0,0
Manning Point,NSW,2430,manning-point-nsw-2430,House,2,0,0,0,0,0,,0,0
Manning Point,NSW,2430,manning-point-nsw-2430,House,3,0,0,0,2,0,,0,0
Manning Point,NSW,2430,manning-point-nsw-2430,House,4,0,0,0,2,0,,0,0
Manning Point,NSW,2430,manning-point-nsw-2430,House,5,0,0,0,1,0,,0,0
Manning Point,NSW,2430,manning-point-nsw-2430,Unit,1,0,0,0,1,0,,0,0
Manning Point,NSW,2430,manning-point-nsw-2430,Unit,2,0,0,0,0,0,,0,0
Manning Point,NSW,2430,manning-point-nsw-2430,Unit,3,0,0,0,0,0,,0,0
Medlow Bath,NSW,2780,medlow-bath-nsw-2780,House,2,0,0,0,4,0,,0,0
Medlow Bath,NSW,2780,medlow-bath-nsw-2780,House,3,0,0,0,5,0,,0,0
Medlow Bath,NSW,2780,medlow-bath-nsw-2780,House,4,0,0,0,2,0,,0,0
Medlow Bath,NSW,2780,medlow-bath-nsw-2780,House,5,0,0,0,0,0,,0,0
Minmi,NSW,2287,minmi-nsw-2287,House,2,0,0,0,1,0,,0,0
Minmi,NSW,2287,minmi-nsw-2287,House,3,0,0,0,3,0,,0,0
Minmi,NSW,2287,minmi-nsw-2287,House,4,0,0,0,3,0,,0,0
Minmi,NSW,2287,minmi-nsw-2287,House,5,0,0,0,1,0,,0,0
Moruya Heads,NSW,2537,moruya-heads-nsw-2537,House,2,0,0,0,1,0,,0,0
Moruya Heads,NSW,2537,moruya-heads-nsw-2537,House,3,751250,84,0,22,610,4.22,491750,1127250
Moruya Heads,NSW,2537,moruya-heads-nsw-2537,House,4,0,0,0,6,0,,0,0
Moruya Heads,NSW,2537,moruya-heads-nsw-2537,House,5,0,0,0,1,0,,0,0
Moruya Heads,NSW,2537,moruya-heads-nsw-2537,Unit,1,0,0,0,0,0,,0,0
Moruya Heads,NSW,2537,moruya-heads-nsw-2537,Unit,2,0,0,0,0,0,,0,0
Moruya Heads,NSW,2537,moruya-heads-nsw-2537,Unit,3,0,0,0,2,0,,0,0
Nords Wharf,NSW,2281,nords-wharf-nsw-2281,House,2,0,0,0,0,0,,0,0
Nords Wharf,NSW,2281,nords-wharf-nsw-2281,House,3,0,0,0,4,0,,0,0
Nords Wharf,NSW,2281,nords-wharf-nsw-2281,House,4,0,0,0,7,0,,0,0
Nords Wharf,NSW,2281,nords-wharf-nsw-2281,House,5,0,0,0,1,0,,0,0
North Shore,NSW,2444,north-shore-nsw-2444,House,2,0,0,0,1,0,,0,0
North Shore,NSW,2444,north-shore-nsw-2444,House,3,0,0,0,6,0,,0,0
North Shore,NSW,2444,north-shore-nsw-2444,House,4,0,0,0,3,0,,0,0
North Shore,NSW,2444,north-shore-nsw-2444,House,5,0,0,0,1,0,,0,0
North Willoughby,NSW,2068,north-willoughby-nsw-2068,House,2,0,0,0,2,0,,0,0
North Willoughby,NSW,2068,north-willoughby-nsw-2068,House,3,3382567,0,1,17,1495,2.3,2144000,4718000
North Willoughby,NSW,2068,north-willoughby-nsw-2068,House,4,3960000,0,0.4,10,1750,2.3,3080000,5965750
North Willoughby,NSW,2068,north-willoughby-nsw-2068,House,5,5400000,0,0.4,11,0,,3775000,7224000
North Willoughby,NSW,2068,north-willoughby-nsw-2068,Unit,1,0,0,0,4,710,,0,0
North Willoughby,NSW,2068,north-willoughby-nsw-2068,Unit,2,1075000,0,0.7142857142857143,14,745,3.6,839750,1485750
North Willoughby,NSW,2068,north-willoughby-nsw-2068,Unit,3,0,0,0,2,0,,0,0
Patonga,NSW,2256,patonga-nsw-2256,House,2,0,0,0,3,0,,0,0
Patonga,NSW,2256,patonga-nsw-2256,House,3,0,0,0,4,0,,0,0
Patonga,NSW,2256,patonga-nsw-2256,House,4,0,0,0,2,0,,0,0
Patonga,NSW,2256,patonga-nsw-2256,House,5,0,0,0,3,0,,0,0
Patonga,NSW,2256,patonga-nsw-2256,Unit,1,0,0,0,0,0,,0,0
Patonga,NSW,2256,patonga-nsw-2256,Unit,2,0,0,0,0,0,,0,0
Patonga,NSW,2256,patonga-nsw-2256,Unit,3,0,0,0,0,0,,0,0
Peakhurst Heights,NSW,2210,peakhurst-heights-nsw-2210,House,2,0,0,0,0,0,,0,0
Peakhurst Heights,NSW,2210,peakhurst-heights-nsw-2210,House,3,1700000,0,0,13,900,2.75,1430000,2018000
Peakhurst Heights,NSW,2210,peakhurst-heights-nsw-2210,House,4,1825000,0,0,11,0,,1447750,1941250
Peakhurst Heights,NSW,2210,peakhurst-heights-nsw-2210,House,5,0,0,0,7,0,,0,0
Pelaw Main,NSW,2327,pelaw-main-nsw-2327,House,2,0,0,0,3,0,,0,0
Pelaw Main,NSW,2327,pelaw-main-nsw-2327,House,3,0,0,0,5,0,,0,0
Pelaw Main,NSW,2327,pelaw-main-nsw-2327,House,4,0,0,0,3,0,,0,0
Pelaw Main,NSW,2327,pelaw-main-nsw-2327,House,5,0,0,0,0,0,,0,0
Revesby Heights,NSW,2212,revesby-heights-nsw-2212,House,2,0,0,0,1,0,,0,0
Revesby Heights,NSW,2212,revesby-heights-nsw-2212,House,3,0,0,0,2,0,,0,0
Revesby Heights,NSW,2212,revesby-heights-nsw-2212,House,4,0,0,0,9,1100,,0,0
Revesby Heights,NSW,2212,revesby-heights-nsw-2212,House,5,0,0,0,8,0,,0,0
Rosehill,NSW,2142,rosehill-nsw-2142,House,2,0,0,0,1,0,,0,0
Rosehill,NSW,2142,rosehill-nsw-2142,House,3,0,0,0,5,755,,0,0
Rosehill,NSW,2142,rosehill-nsw-2142,House,4,0,0,0,2,0,,0,0
Rosehill,NSW,2142,rosehill-nsw-2142,House,5,0,0,0,1,0,,0,0
Rosehill,NSW,2142,rosehill-nsw-2142,Unit,1,428000,35,0,13,480,5.83,245400,460000
Rosehill,NSW,2142,rosehill-nsw-2142,Unit,2,547500,30,0,58,630,5.98,438050,606500
Rosehill,NSW,2142,rosehill-nsw-2142,Unit,3,0,0,0,4,690,,0,0
Safety Beach,NSW,2456,safety-beach-nsw-2456,House,2,0,0,0,1,0,,0,0
Safety Beach,NSW,2456,safety-beach-nsw-2456,House,3,0,0,0,4,0,,0,0
Safety Beach,NSW,2456,safety-beach-nsw-2456,House,4,0,0,0,8,0,,0,0
Safety Beach,NSW,2456,safety-beach-nsw-2456,House,5,0,0,0,0,0,,0,0
South Albury,NSW,2640,south-albury-nsw-2640,House,2,0,0,0,8,430,,0,0
South Albury,NSW,2640,south-albury-nsw-2640,House,3,0,0,0,9,498,,0,0
South Albury,NSW,2640,south-albury-nsw-2640,House,4,0,0,0,6,0,,0,0
South Albury,NSW,2640,south-albury-nsw-2640,House,5,0,0,0,2,0,,0,0
South Albury,NSW,2640,south-albury-nsw-2640,Unit,1,0,0,0,4,330,,0,0
South Albury,NSW,2640,south-albury-nsw-2640,Unit,2,0,0,0,4,370,,0,0
South Albury,NSW,2640,south-albury-nsw-2640,Unit,3,0,0,0,0,0,,0,0
South Bowenfels,NSW,2790,south-bowenfels-nsw-2790,Unit,1,0,0,0,0,0,,0,0
South Bowenfels,NSW,2790,south-bowenfels-nsw-2790,Unit,2,0,0,0,0,0,,0,0
South Bowenfels,NSW,2790,south-bowenfels-nsw-2790,Unit,3,0,0,0,0,0,,0,0
Stuarts Point,NSW,2441,stuarts-point-nsw-2441,House,2,0,0,0,5,0,,0,0
Stuarts Point,NSW,2441,stuarts-point-nsw-2441,House,3,0,0,0,5,0,,0,0
Stuarts Point,NSW,2441,stuarts-point-nsw-2441,House,4,0,0,0,4,0,,0,0
Stuarts Point,NSW,2441,stuarts-point-nsw-2441,House,5,0,0,0,0,0,,0,0
Sunshine,NSW,2264,sunshine-nsw-2264,House,2,0,0,0,1,0,,0,0
Sunshine,NSW,2264,sunshine-nsw-2264,House,3,0,0,0,9,0,,0,0
Sunshine,NSW,2264,sunshine-nsw-2264,House,4,0,0,0,4,0,,0,0
Sunshine,NSW,2264,sunshine-nsw-2264,House,5,0,0,0,1,0,,0,0
Swansea Heads,NSW,2281,swansea-heads-nsw-2281,House,2,0,0,0,1,0,,0,0
Swansea Heads,NSW,2281,swansea-heads-nsw-2281,House,3,0,0,0,1,0,,0,0
Swansea Heads,NSW,2281,swansea-heads-nsw-2281,House,4,0,0,0,3,0,,0,0
Swansea Heads,NSW,2281,swansea-heads-nsw-2281,House,5,0,0,0,1,0,,0,0
Tomakin,NSW,2537,tomakin-nsw-2537,House,2,0,0,0,4,0,,0,0
Tomakin,NSW,2537,tomakin-nsw-2537,House,3,902500,0,0,12,0,,654550,1419000
Tomakin,NSW,2537,tomakin-nsw-2537,House,4,1271000,39,0,12,0,,899250,1548000
Tomakin,NSW,2537,tomakin-nsw-2537,House,5,0,0,0,0,0,,0,0
Tomakin,NSW,2537,tomakin-nsw-2537,Unit,1,0,0,0,1,0,,0,0
Tomakin,NSW,2537,tomakin-nsw-2537,Unit,2,0,0,0,2,0,,0,0
Tomakin,NSW,2537,tomakin-nsw-2537,Unit,3,0,0,0,2,0,,0,0
Tumbarumba,NSW,2653,tumbarumba-nsw-2653,House,2,0,0,0,5,0,,0,0
Tumbarumba,NSW,2653,tumbarumba-nsw-2653,House,3,420000,109,0,17,430,5.32,296600,627000
Tumbarumba,NSW,2653,tumbarumba-nsw-2653,House,4,0,0,0,5,0,,0,0
Tumbarumba,NSW,2653,tumbarumba-nsw-2653,House,5,0,0,0,2,0,,0,0
Valla Beach,NSW,2448,valla-beach-nsw-2448,House,2,0,0,0,4,0,,0,0
Valla Beach,NSW,2448,valla-beach-nsw-2448,House,3,665000,64,0,19,0,,451700,1313000
Valla Beach,NSW,2448,valla-beach-nsw-2448,House,4,0,0,0,7,0,,0,0
Valla Beach,NSW,2448,valla-beach-nsw-2448,House,5,0,0,0,2,0,,0,0
Warnervale,NSW,2259,warnervale-nsw-2259,House,2,0,0,0,0,0,,0,0
Warnervale,NSW,2259,warnervale-nsw-2259,House,3,820000,0,0,20,700,4.44,800000,1360750
Warnervale,NSW,2259,warnervale-nsw-2259,House,4,1075000,113,0,15,800,3.87,746000,1650403
Warnervale,NSW,2259,warnervale-nsw-2259,House,5,0,0,0,9,950,,0,0
Werri Beach,NSW,2534,werri-beach-nsw-2534,House,2,0,0,0,4,0,,0,0
Werri Beach,NSW,2534,werri-beach-nsw-2534,House,3,0,0,0,6,0,,0,0
Werri Beach,NSW,2534,werri-beach-nsw-2534,House,4,0,0,0,2,0,,0,0
Werri Beach,NSW,2534,werri-beach-nsw-2534,House,5,0,0,0,0,0,,0,0
Windermere Park,NSW,2264,windermere-park-nsw-2264,House,2,0,0,0,2,0,,0,0
Windermere Park,NSW,2264,windermere-park-nsw-2264,House,3,815250,16,0,12,650,4.15,729200,949500
Windermere Park,NSW,2264,windermere-park-nsw-2264,House,4,0,0,0,3,0,,0,0
Windermere Park,NSW,2264,windermere-park-nsw-2264,House,5,0,0,0,1,0,,0,0
Wombarra,NSW,2515,wombarra-nsw-2515,House,2,0,0,0,1,0,,0,0
Wombarra,NSW,2515,wombarra-nsw-2515,House,3,0,0,0,2,0,,0,0
Wombarra,NSW,2515,wombarra-nsw-2515,House,4,0,0,0,3,0,,0,0
Wombarra,NSW,2515,wombarra-nsw-2515,House,5,0,0,0,3,0,,0,0
Woollamia,NSW,2540,woollamia-nsw-2540,House,2,0,0,0,1,0,,0,0
Woollamia,NSW,2540,woollamia-nsw-2540,House,3,0,0,0,0,0,,0,0
Woollamia,NSW,2540,woollamia-nsw-2540,House,4,0,0,0,5,0,,0,0
Woollamia,NSW,2540,woollamia-nsw-2540,House,5,0,0,0,1,0,,0,0
Woronora Heights,NSW,2233,woronora-heights-nsw-2233,House,2,0,0,0,0,0,,0,0
Woronora Heights,NSW,2233,woronora-heights-nsw-2233,House,3,0,0,0,3,0,,0,0
Woronora Heights,NSW,2233,woronora-heights-nsw-2233,House,4,1640000,0,0,11,0,,1540000,1910000
Woronora Heights,NSW,2233,woronora-heights-nsw-2233,House,5,0,0,0,7,0,,0,0
Yerrinbool,NSW,2575,yerrinbool-nsw-2575,House,2,0,0,0,2,0,,0,0
Yerrinbool,NSW,2575,yerrinbool-nsw-2575,House,3,875000,0,0,12,0,,755000,942500
Yerrinbool,NSW,2575,yerrinbool-nsw-2575,House,4,1000000,34,0,11,0,,824500,1982500
Yerrinbool,NSW,2575,yerrinbool-nsw-2575,House,5,0,0,0,0,0,,0,0
Ardlethan,NSW,2665,ardlethan-nsw-2665,House,2,0,0,0,4,0,,0,0
Ardlethan,NSW,2665,ardlethan-nsw-2665,House,3,0,0,0,3,0,,0,0
Ardlethan,NSW,2665,ardlethan-nsw-2665,House,4,0,0,0,0,0,,0,0
Ardlethan,NSW,2665,ardlethan-nsw-2665,House,5,0,0,0,0,0,,0,0
Arrawarra Headland,NSW,2456,arrawarra-headland-nsw-2456,House,2,0,0,0,0,0,,0,0
Arrawarra Headland,NSW,2456,arrawarra-headland-nsw-2456,House,3,0,0,0,2,0,,0,0
Arrawarra Headland,NSW,2456,arrawarra-headland-nsw-2456,House,4,0,0,0,1,0,,0,0
Arrawarra Headland,NSW,2456,arrawarra-headland-nsw-2456,House,5,0,0,0,2,0,,0,0
Beechwood,NSW,2446,beechwood-nsw-2446,House,2,0,0,0,1,0,,0,0
Beechwood,NSW,2446,beechwood-nsw-2446,House,3,0,0,0,3,0,,0,0
Beechwood,NSW,2446,beechwood-nsw-2446,House,4,0,0,0,3,0,,0,0
Beechwood,NSW,2446,beechwood-nsw-2446,House,5,0,0,0,0,0,,0,0
Bellbird Heights,NSW,2325,bellbird-heights-nsw-2325,House,2,0,0,0,1,0,,0,0
Bellbird Heights,NSW,2325,bellbird-heights-nsw-2325,House,3,0,0,0,5,0,,0,0
Bellbird Heights,NSW,2325,bellbird-heights-nsw-2325,House,4,0,0,0,7,0,,0,0
Bellbird Heights,NSW,2325,bellbird-heights-nsw-2325,House,5,0,0,0,0,0,,0,0
Berrigan,NSW,2712,berrigan-nsw-2712,House,2,0,0,0,3,0,,0,0
Berrigan,NSW,2712,berrigan-nsw-2712,House,3,281000,0,0,13,0,,225000,535800
Berrigan,NSW,2712,berrigan-nsw-2712,House,4,0,0,0,7,0,,0,0
Berrigan,NSW,2712,berrigan-nsw-2712,House,5,0,0,0,0,0,,0,0
Berrigan,NSW,2712,berrigan-nsw-2712,Unit,1,0,0,0,0,0,,0,0
Berrigan,NSW,2712,berrigan-nsw-2712,Unit,2,0,0,0,1,0,,0,0
Berrigan,NSW,2712,berrigan-nsw-2712,Unit,3,0,0,0,0,0,,0,0
Bidwill,NSW,2770,bidwill-nsw-2770,House,2,0,0,0,2,485,,0,0
Bidwill,NSW,2770,bidwill-nsw-2770,House,3,895250,18,0,14,540,3.14,644500,1071200
Bidwill,NSW,2770,bidwill-nsw-2770,House,4,0,0,0,1,0,,0,0
Bidwill,NSW,2770,bidwill-nsw-2770,House,5,0,0,0,2,0,,0,0
Bilgola Beach,NSW,2107,bilgola-beach-nsw-2107,House,2,0,0,0,0,0,,0,0
Bilgola Beach,NSW,2107,bilgola-beach-nsw-2107,House,3,0,0,0,4,0,,0,0
Bilgola Beach,NSW,2107,bilgola-beach-nsw-2107,House,4,0,0,0,0,0,,0,0
Bilgola Beach,NSW,2107,bilgola-beach-nsw-2107,House,5,0,0,0,0,0,,0,0
Broadwater,NSW,2472,broadwater-nsw-2472,House,2,0,0,0,4,0,,0,0
Broadwater,NSW,2472,broadwater-nsw-2472,House,3,672500,0,0,10,0,,349000,1041250
Broadwater,NSW,2472,broadwater-nsw-2472,House,4,0,0,0,1,0,,0,0
Broadwater,NSW,2472,broadwater-nsw-2472,House,5,0,0,0,1,0,,0,0
Brooms Head,NSW,2463,brooms-head-nsw-2463,House,2,0,0,0,0,0,,0,0
Brooms Head,NSW,2463,brooms-head-nsw-2463,House,3,0,0,0,4,0,,0,0
Brooms Head,NSW,2463,brooms-head-nsw-2463,House,4,0,0,0,1,0,,0,0
Brooms Head,NSW,2463,brooms-head-nsw-2463,House,5,0,0,0,2,0,,0,0
Brooms Head,NSW,2463,brooms-head-nsw-2463,Unit,1,0,0,0,0,0,,0,0
Brooms Head,NSW,2463,brooms-head-nsw-2463,Unit,2,0,0,0,0,0,,0,0
Brooms Head,NSW,2463,brooms-head-nsw-2463,Unit,3,0,0,0,0,0,,0,0
Cambewarra Village,NSW,2540,cambewarra-village-nsw-2540,House,2,0,0,0,0,0,,0,0
Cambewarra Village,NSW,2540,cambewarra-village-nsw-2540,House,3,0,0,0,8,0,,0,0
Cambewarra Village,NSW,2540,cambewarra-village-nsw-2540,House,4,1210000,61,0,16,0,,1064000,1423250
Cambewarra Village,NSW,2540,cambewarra-village-nsw-2540,House,5,0,0,0,2,0,,0,0
Cambridge Gardens,NSW,2747,cambridge-gardens-nsw-2747,House,2,0,0,0,0,0,,0,0
Cambridge Gardens,NSW,2747,cambridge-gardens-nsw-2747,House,3,979500,8,0,16,670,3.56,915000,1069375
Cambridge Gardens,NSW,2747,cambridge-gardens-nsw-2747,House,4,0,0,0,9,0,,0,0
Cambridge Gardens,NSW,2747,cambridge-gardens-nsw-2747,House,5,0,0,0,1,0,,0,0
Canton Beach,NSW,2263,canton-beach-nsw-2263,House,2,0,0,0,9,0,,0,0
Canton Beach,NSW,2263,canton-beach-nsw-2263,House,3,0,0,0,9,0,,0,0
Canton Beach,NSW,2263,canton-beach-nsw-2263,House,4,0,0,0,3,0,,0,0
Canton Beach,NSW,2263,canton-beach-nsw-2263,House,5,0,0,0,1,0,,0,0
Canton Beach,NSW,2263,canton-beach-nsw-2263,Unit,1,0,0,0,0,0,,0,0
Canton Beach,NSW,2263,canton-beach-nsw-2263,Unit,2,0,0,0,3,0,,0,0
Canton Beach,NSW,2263,canton-beach-nsw-2263,Unit,3,0,0,0,0,0,,0,0
Cartwright,NSW,2168,cartwright-nsw-2168,House,2,0,0,0,0,0,,0,0
Cartwright,NSW,2168,cartwright-nsw-2168,House,3,945000,0,0,29,620,3.41,824000,1050000
Cartwright,NSW,2168,cartwright-nsw-2168,House,4,0,0,0,4,700,,0,0
Cartwright,NSW,2168,cartwright-nsw-2168,House,5,0,0,0,7,0,,0,0
Cartwright,NSW,2168,cartwright-nsw-2168,Unit,1,0,0,0,0,0,,0,0
Cartwright,NSW,2168,cartwright-nsw-2168,Unit,2,0,0,0,3,0,,0,0
Cartwright,NSW,2168,cartwright-nsw-2168,Unit,3,0,0,0,0,0,,0,0
Charmhaven,NSW,2263,charmhaven-nsw-2263,House,2,0,0,0,5,485,,0,0
Charmhaven,NSW,2263,charmhaven-nsw-2263,House,3,800000,12,0,22,610,3.96,670000,900000
Charmhaven,NSW,2263,charmhaven-nsw-2263,House,4,930000,35,0,13,750,4.19,818600,1306600
Charmhaven,NSW,2263,charmhaven-nsw-2263,House,5,0,0,0,7,780,,0,0
Charmhaven,NSW,2263,charmhaven-nsw-2263,Unit,1,0,0,0,0,0,,0,0
Charmhaven,NSW,2263,charmhaven-nsw-2263,Unit,2,0,0,0,0,0,,0,0
Charmhaven,NSW,2263,charmhaven-nsw-2263,Unit,3,0,0,0,1,0,,0,0
Chinderah,NSW,2487,chinderah-nsw-2487,House,2,0,107,0,16,540,,0,0
Chinderah,NSW,2487,chinderah-nsw-2487,House,3,0,0,0,6,0,,0,0
Chinderah,NSW,2487,chinderah-nsw-2487,House,4,0,0,0,2,0,,0,0
Chinderah,NSW,2487,chinderah-nsw-2487,House,5,0,0,0,1,0,,0,0
Chinderah,NSW,2487,chinderah-nsw-2487,Unit,1,0,0,0,2,0,,0,0
Chinderah,NSW,2487,chinderah-nsw-2487,Unit,2,0,0,0,1,0,,0,0
Chinderah,NSW,2487,chinderah-nsw-2487,Unit,3,0,0,0,0,0,,0,0
Cobargo,NSW,2550,cobargo-nsw-2550,House,2,0,0,0,0,0,,0,0
Cobargo,NSW,2550,cobargo-nsw-2550,House,3,0,0,0,4,0,,0,0
Cobargo,NSW,2550,cobargo-nsw-2550,House,4,0,0,0,1,0,,0,0
Cobargo,NSW,2550,cobargo-nsw-2550,House,5,0,0,0,0,0,,0,0
Cobargo,NSW,2550,cobargo-nsw-2550,Unit,1,0,0,0,1,0,,0,0
Cobargo,NSW,2550,cobargo-nsw-2550,Unit,2,0,0,0,0,0,,0,0
Cobargo,NSW,2550,cobargo-nsw-2550,Unit,3,0,0,0,0,0,,0,0
Coraki,NSW,2471,coraki-nsw-2471,House,2,0,0,0,1,0,,0,0
Coraki,NSW,2471,coraki-nsw-2471,House,3,475000,66,0,13,0,,333200,597000
Coraki,NSW,2471,coraki-nsw-2471,House,4,547500,0,0,10,0,,306550,690000
Coraki,NSW,2471,coraki-nsw-2471,House,5,0,0,0,1,0,,0,0
Cottage Point,NSW,2084,cottage-point-nsw-2084,House,2,0,0,0,1,0,,0,0
Cottage Point,NSW,2084,cottage-point-nsw-2084,House,3,0,0,0,0,0,,0,0
Cottage Point,NSW,2084,cottage-point-nsw-2084,House,4,0,0,0,0,0,,0,0
Cottage Point,NSW,2084,cottage-point-nsw-2084,House,5,0,0,0,0,0,,0,0
Cudgen,NSW,2487,cudgen-nsw-2487,House,2,0,0,0,1,0,,0,0
Cudgen,NSW,2487,cudgen-nsw-2487,House,3,0,0,0,5,0,,0,0
Cudgen,NSW,2487,cudgen-nsw-2487,House,4,0,0,0,8,1375,,0,0
Cudgen,NSW,2487,cudgen-nsw-2487,House,5,0,0,0,0,0,,0,0
Cumnock,NSW,2867,cumnock-nsw-2867,House,2,0,0,0,2,0,,0,0
Cumnock,NSW,2867,cumnock-nsw-2867,House,3,0,0,0,4,0,,0,0
Cumnock,NSW,2867,cumnock-nsw-2867,House,4,0,0,0,1,0,,0,0
Cumnock,NSW,2867,cumnock-nsw-2867,House,5,0,0,0,0,0,,0,0
Emu Heights,NSW,2750,emu-heights-nsw-2750,House,2,0,0,0,1,0,,0,0
Emu Heights,NSW,2750,emu-heights-nsw-2750,House,3,1105000,10,0,19,713,3.36,912800,1384275
Emu Heights,NSW,2750,emu-heights-nsw-2750,House,4,1280000,16,0,13,0,,978228,1603000
Emu Heights,NSW,2750,emu-heights-nsw-2750,House,5,0,0,0,5,0,,0,0
Erowal Bay,NSW,2540,erowal-bay-nsw-2540,House,2,0,0,0,2,0,,0,0
Erowal Bay,NSW,2540,erowal-bay-nsw-2540,House,3,0,0,0,7,0,,0,0
Erowal Bay,NSW,2540,erowal-bay-nsw-2540,House,4,0,0,0,4,0,,0,0
Erowal Bay,NSW,2540,erowal-bay-nsw-2540,House,5,0,0,0,1,0,,0,0
Eugowra,NSW,2806,eugowra-nsw-2806,House,2,0,0,0,1,0,,0,0
Eugowra,NSW,2806,eugowra-nsw-2806,House,3,0,0,0,4,0,,0,0
Eugowra,NSW,2806,eugowra-nsw-2806,House,4,0,0,0,4,0,,0,0
Eugowra,NSW,2806,eugowra-nsw-2806,House,5,0,0,0,2,0,,0,0
Fingal Head,NSW,2487,fingal-head-nsw-2487,House,2,0,0,0,1,0,,0,0
Fingal Head,NSW,2487,fingal-head-nsw-2487,House,3,0,0,0,5,0,,0,0
Fingal Head,NSW,2487,fingal-head-nsw-2487,House,4,0,0,0,2,0,,0,0
Fingal Head,NSW,2487,fingal-head-nsw-2487,House,5,0,0,0,0,0,,0,0
Finley,NSW,2713,finley-nsw-2713,House,2,0,0,0,4,0,,0,0
Finley,NSW,2713,finley-nsw-2713,House,3,369000,35,0,24,418,5.89,267250,484000
Finley,NSW,2713,finley-nsw-2713,House,4,367500,0,0,10,0,,319500,482750
Finley,NSW,2713,finley-nsw-2713,House,5,0,0,0,2,0,,0,0
Finley,NSW,2713,finley-nsw-2713,Unit,1,0,0,0,1,0,,0,0
Finley,NSW,2713,finley-nsw-2713,Unit,2,0,0,0,1,0,,0,0
Finley,NSW,2713,finley-nsw-2713,Unit,3,0,0,0,0,0,,0,0
Frederickton,NSW,2440,frederickton-nsw-2440,House,2,0,0,0,3,0,,0,0
Frederickton,NSW,2440,frederickton-nsw-2440,House,3,530000,0,0,11,0,,460000,577500
Frederickton,NSW,2440,frederickton-nsw-2440,House,4,0,0,0,4,0,,0,0
Frederickton,NSW,2440,frederickton-nsw-2440,House,5,0,0,0,1,0,,0,0
Frederickton,NSW,2440,frederickton-nsw-2440,Unit,1,0,0,0,0,0,,0,0
Frederickton,NSW,2440,frederickton-nsw-2440,Unit,2,0,0,0,2,0,,0,0
Frederickton,NSW,2440,frederickton-nsw-2440,Unit,3,0,0,0,0,0,,0,0
Gerroa,NSW,2534,gerroa-nsw-2534,House,2,0,0,0,2,0,,0,0
Gerroa,NSW,2534,gerroa-nsw-2534,House,3,0,0,0,7,0,,0,0
Gerroa,NSW,2534,gerroa-nsw-2534,House,4,0,0,0,5,0,,0,0
Gerroa,NSW,2534,gerroa-nsw-2534,House,5,0,0,0,2,0,,0,0
Gilgandra,NSW,2827,gilgandra-nsw-2827,House,2,0,0,0,8,0,,0,0
Gilgandra,NSW,2827,gilgandra-nsw-2827,House,3,340000,59,0,27,0,,202875,570000
Gilgandra,NSW,2827,gilgandra-nsw-2827,House,4,470000,0,0,14,0,,217250,856750
Gilgandra,NSW,2827,gilgandra-nsw-2827,House,5,0,0,0,0,0,,0,0
Gulargambone,NSW,2828,gulargambone-nsw-2828,House,2,0,0,0,4,0,,0,0
Gulargambone,NSW,2828,gulargambone-nsw-2828,House,3,0,0,0,4,0,,0,0
Gulargambone,NSW,2828,gulargambone-nsw-2828,House,4,0,0,0,0,0,,0,0
Gulargambone,NSW,2828,gulargambone-nsw-2828,House,5,0,0,0,1,0,,0,0
Gunning,NSW,2581,gunning-nsw-2581,House,2,0,0,0,3,0,,0,0
Gunning,NSW,2581,gunning-nsw-2581,House,3,660000,0,0,10,0,,594500,937500
Gunning,NSW,2581,gunning-nsw-2581,House,4,0,0,0,5,0,,0,0
Gunning,NSW,2581,gunning-nsw-2581,House,5,0,0,0,0,0,,0,0
Gunning,NSW,2581,gunning-nsw-2581,Unit,1,0,0,0,0,0,,0,0
Gunning,NSW,2581,gunning-nsw-2581,Unit,2,0,0,0,1,0,,0,0
Gunning,NSW,2581,gunning-nsw-2581,Unit,3,0,0,0,0,0,,0,0
Hastings Point,NSW,2489,hastings-point-nsw-2489,Unit,1,0,0,0,0,0,,0,0
Hastings Point,NSW,2489,hastings-point-nsw-2489,Unit,2,0,0,0,2,0,,0,0
Hastings Point,NSW,2489,hastings-point-nsw-2489,Unit,3,0,0,0,2,0,,0,0
Hawks Nest,NSW,2324,hawks-nest-nsw-2324,House,2,0,0,0,6,0,,0,0
Hawks Nest,NSW,2324,hawks-nest-nsw-2324,House,3,1130000,92,0,21,550,2.53,775000,2025000
Hawks Nest,NSW,2324,hawks-nest-nsw-2324,House,4,1275000,0,0,13,0,,900000,2580000
Hawks Nest,NSW,2324,hawks-nest-nsw-2324,House,5,0,0,0,3,0,,0,0
Hawks Nest,NSW,2324,hawks-nest-nsw-2324,Unit,1,0,0,0,0,0,,0,0
Hawks Nest,NSW,2324,hawks-nest-nsw-2324,Unit,2,0,0,0,8,0,,0,0
Hawks Nest,NSW,2324,hawks-nest-nsw-2324,Unit,3,0,0,0,0,0,,0,0
Huntleys Point,NSW,2111,huntleys-point-nsw-2111,House,2,0,0,0,0,0,,0,0
Huntleys Point,NSW,2111,huntleys-point-nsw-2111,House,3,0,0,0,0,0,,0,0
Huntleys Point,NSW,2111,huntleys-point-nsw-2111,House,4,0,0,0,1,0,,0,0
Huntleys Point,NSW,2111,huntleys-point-nsw-2111,House,5,0,0,0,1,0,,0,0
Hyland Park,NSW,2448,hyland-park-nsw-2448,House,2,0,0,0,0,0,,0,0
Hyland Park,NSW,2448,hyland-park-nsw-2448,House,3,0,0,0,7,0,,0,0
Hyland Park,NSW,2448,hyland-park-nsw-2448,House,4,0,0,0,3,0,,0,0
Hyland Park,NSW,2448,hyland-park-nsw-2448,House,5,0,0,0,0,0,,0,0
Kangaroo Point,NSW,2224,kangaroo-point-nsw-2224,House,2,0,0,0,0,0,,0,0
Kangaroo Point,NSW,2224,kangaroo-point-nsw-2224,House,3,0,0,0,2,0,,0,0
Kangaroo Point,NSW,2224,kangaroo-point-nsw-2224,House,4,0,0,0,3,0,,0,0
Kangaroo Point,NSW,2224,kangaroo-point-nsw-2224,House,5,0,0,0,0,0,,0,0
La Perouse,NSW,2036,la-perouse-nsw-2036,House,2,0,0,0,2,0,,0,0
La Perouse,NSW,2036,la-perouse-nsw-2036,House,3,0,0,0,0,0,,0,0
La Perouse,NSW,2036,la-perouse-nsw-2036,House,4,0,0,0,1,0,,0,0
La Perouse,NSW,2036,la-perouse-nsw-2036,House,5,0,0,0,2,0,,0,0
La Perouse,NSW,2036,la-perouse-nsw-2036,Unit,1,0,0,0,0,0,,0,0
La Perouse,NSW,2036,la-perouse-nsw-2036,Unit,2,0,0,0,0,0,,0,0
La Perouse,NSW,2036,la-perouse-nsw-2036,Unit,3,0,0,0,0,0,,0,0
Macquarie Links,NSW,2565,macquarie-links-nsw-2565,House,2,0,0,0,0,0,,0,0
Macquarie Links,NSW,2565,macquarie-links-nsw-2565,House,3,0,0,0,6,0,,0,0
Macquarie Links,NSW,2565,macquarie-links-nsw-2565,House,4,0,0,0,2,0,,0,0
Macquarie Links,NSW,2565,macquarie-links-nsw-2565,House,5,0,0,0,4,0,,0,0
Manilla,NSW,2346,manilla-nsw-2346,House,2,332500,0,0,10,0,,233750,413350
Manilla,NSW,2346,manilla-nsw-2346,House,3,462500,68,0,35,480,5.4,284500,600250
Manilla,NSW,2346,manilla-nsw-2346,House,4,436500,0,0,11,0,,322500,712500
Manilla,NSW,2346,manilla-nsw-2346,House,5,0,0,0,2,0,,0,0
Mays Hill,NSW,2145,mays-hill-nsw-2145,House,2,0,0,0,0,0,,0,0
Mays Hill,NSW,2145,mays-hill-nsw-2145,House,3,0,0,0,3,0,,0,0
Mays Hill,NSW,2145,mays-hill-nsw-2145,House,4,0,0,0,3,0,,0,0
Mays Hill,NSW,2145,mays-hill-nsw-2145,House,5,0,0,0,0,0,,0,0
Mays Hill,NSW,2145,mays-hill-nsw-2145,Unit,1,472000,0,0,11,550,6.06,462500,490000
Mays Hill,NSW,2145,mays-hill-nsw-2145,Unit,2,600000,57,0,57,670,5.81,534000,716000
Mays Hill,NSW,2145,mays-hill-nsw-2145,Unit,3,0,0,0,4,0,,0,0
Melrose Park,NSW,2114,melrose-park-nsw-2114,House,2,0,0,0,1,0,,0,0
Melrose Park,NSW,2114,melrose-park-nsw-2114,House,3,0,0,0,6,0,,0,0
Melrose Park,NSW,2114,melrose-park-nsw-2114,House,4,0,0,0,2,0,,0,0
Melrose Park,NSW,2114,melrose-park-nsw-2114,House,5,0,0,0,3,0,,0,0
Melrose Park,NSW,2114,melrose-park-nsw-2114,Unit,1,632500,34,0,20,660,5.43,589050,726000
Melrose Park,NSW,2114,melrose-park-nsw-2114,Unit,2,820000,44,0,37,790,5.01,777000,905000
Melrose Park,NSW,2114,melrose-park-nsw-2114,Unit,3,1300000,0,0,13,1025,4.1,1146800,1479000
Merriwa,NSW,2329,merriwa-nsw-2329,House,2,0,0,0,4,0,,0,0
Merriwa,NSW,2329,merriwa-nsw-2329,House,3,387500,75,0,18,0,,245500,767500
Merriwa,NSW,2329,merriwa-nsw-2329,House,4,0,0,0,3,0,,0,0
Merriwa,NSW,2329,merriwa-nsw-2329,House,5,0,0,0,2,0,,0,0
Merriwa,NSW,2329,merriwa-nsw-2329,Unit,1,0,0,0,0,0,,0,0
Merriwa,NSW,2329,merriwa-nsw-2329,Unit,2,0,0,0,0,0,,0,0
Merriwa,NSW,2329,merriwa-nsw-2329,Unit,3,0,0,0,0,0,,0,0
Mortlake,NSW,2137,mortlake-nsw-2137,Unit,1,582500,61,0,14,668,5.96,529750,635250
Mortlake,NSW,2137,mortlake-nsw-2137,Unit,2,820000,81,0,54,850,5.39,718000,1092200
Mortlake,NSW,2137,mortlake-nsw-2137,Unit,3,0,0,0,9,1150,,0,0
Mossy Point,NSW,2537,mossy-point-nsw-2537,House,2,0,0,0,1,0,,0,0
Mossy Point,NSW,2537,mossy-point-nsw-2537,House,3,0,0,0,3,0,,0,0
Mossy Point,NSW,2537,mossy-point-nsw-2537,House,4,0,0,0,2,0,,0,0
Mossy Point,NSW,2537,mossy-point-nsw-2537,House,5,0,0,0,1,0,,0,0
Mossy Point,NSW,2537,mossy-point-nsw-2537,Unit,1,0,0,0,0,0,,0,0
Mossy Point,NSW,2537,mossy-point-nsw-2537,Unit,2,0,0,0,0,0,,0,0
Mossy Point,NSW,2537,mossy-point-nsw-2537,Unit,3,0,0,0,1,0,,0,0
Mount Keira,NSW,2500,mount-keira-nsw-2500,House,2,0,0,0,2,0,,0,0
Mount Keira,NSW,2500,mount-keira-nsw-2500,House,3,1180000,16,0,11,0,,955000,1640000
Mount Keira,NSW,2500,mount-keira-nsw-2500,House,4,0,0,0,8,0,,0,0
Mount Keira,NSW,2500,mount-keira-nsw-2500,House,5,0,0,0,2,0,,0,0
Mount Keira,NSW,2500,mount-keira-nsw-2500,Unit,1,0,0,0,2,0,,0,0
Mount Keira,NSW,2500,mount-keira-nsw-2500,Unit,2,0,0,0,0,0,,0,0
Mount Keira,NSW,2500,mount-keira-nsw-2500,Unit,3,0,0,0,0,0,,0,0
Newcastle West,NSW,2302,newcastle-west-nsw-2302,Unit,1,660000,26,0,22,680,5.36,455990,749500
Newcastle West,NSW,2302,newcastle-west-nsw-2302,Unit,2,832500,64,0,52,770,4.81,517750,1360000
Newcastle West,NSW,2302,newcastle-west-nsw-2302,Unit,3,1307500,52,0,19,900,3.58,891250,1862500
North Batemans Bay,NSW,2536,north-batemans-bay-nsw-2536,House,2,0,0,0,2,0,,0,0
North Batemans Bay,NSW,2536,north-batemans-bay-nsw-2536,House,3,0,0,0,6,0,,0,0
North Batemans Bay,NSW,2536,north-batemans-bay-nsw-2536,House,4,0,0,0,6,0,,0,0
North Batemans Bay,NSW,2536,north-batemans-bay-nsw-2536,House,5,0,0,0,0,0,,0,0
North Batemans Bay,NSW,2536,north-batemans-bay-nsw-2536,Unit,1,0,0,0,0,0,,0,0
North Batemans Bay,NSW,2536,north-batemans-bay-nsw-2536,Unit,2,0,0,0,6,435,,0,0
North Batemans Bay,NSW,2536,north-batemans-bay-nsw-2536,Unit,3,0,0,0,3,0,,0,0
Old Erowal Bay,NSW,2540,old-erowal-bay-nsw-2540,House,2,0,0,0,3,0,,0,0
Old Erowal Bay,NSW,2540,old-erowal-bay-nsw-2540,House,3,800000,0,0,12,0,,622750,1000000
Old Erowal Bay,NSW,2540,old-erowal-bay-nsw-2540,House,4,0,0,0,2,0,,0,0
Old Erowal Bay,NSW,2540,old-erowal-bay-nsw-2540,House,5,0,0,0,1,0,,0,0
Pambula,NSW,2549,pambula-nsw-2549,House,2,0,0,0,5,0,,0,0
Pambula,NSW,2549,pambula-nsw-2549,House,3,0,0,0,9,0,,0,0
Pambula,NSW,2549,pambula-nsw-2549,House,4,0,0,0,5,0,,0,0
Pambula,NSW,2549,pambula-nsw-2549,House,5,0,0,0,1,0,,0,0
Pambula,NSW,2549,pambula-nsw-2549,Unit,1,0,0,0,0,0,,0,0
Pambula,NSW,2549,pambula-nsw-2549,Unit,2,0,0,0,7,0,,0,0
Pambula,NSW,2549,pambula-nsw-2549,Unit,3,0,0,0,1,0,,0,0
Pearl Beach,NSW,2256,pearl-beach-nsw-2256,House,2,0,0,0,1,0,,0,0
Pearl Beach,NSW,2256,pearl-beach-nsw-2256,House,3,1650000,0,0,11,0,,1500000,2987500
Pearl Beach,NSW,2256,pearl-beach-nsw-2256,House,4,0,0,0,6,0,,0,0
Pearl Beach,NSW,2256,pearl-beach-nsw-2256,House,5,0,0,0,2,0,,0,0
Pearl Beach,NSW,2256,pearl-beach-nsw-2256,Unit,1,0,0,0,0,0,,0,0
Pearl Beach,NSW,2256,pearl-beach-nsw-2256,Unit,2,0,0,0,0,0,,0,0
Pearl Beach,NSW,2256,pearl-beach-nsw-2256,Unit,3,0,0,0,0,0,,0,0
Pelican,NSW,2281,pelican-nsw-2281,House,2,0,0,0,3,0,,0,0
Pelican,NSW,2281,pelican-nsw-2281,House,3,1062500,0,0,10,0,,938500,1529500
Pelican,NSW,2281,pelican-nsw-2281,House,4,0,0,0,2,0,,0,0
Pelican,NSW,2281,pelican-nsw-2281,House,5,0,0,0,4,0,,0,0
Phegans Bay,NSW,2256,phegans-bay-nsw-2256,House,2,0,0,0,1,0,,0,0
Phegans Bay,NSW,2256,phegans-bay-nsw-2256,House,3,0,0,0,2,0,,0,0
Phegans Bay,NSW,2256,phegans-bay-nsw-2256,House,4,0,0,0,3,0,,0,0
Phegans Bay,NSW,2256,phegans-bay-nsw-2256,House,5,0,0,0,1,0,,0,0
Phillip Bay,NSW,2036,phillip-bay-nsw-2036,House,2,0,0,0,2,0,,0,0
Phillip Bay,NSW,2036,phillip-bay-nsw-2036,House,3,0,0,0,3,0,,0,0
Phillip Bay,NSW,2036,phillip-bay-nsw-2036,House,4,0,0,0,7,0,,0,0
Phillip Bay,NSW,2036,phillip-bay-nsw-2036,House,5,0,0,0,1,0,,0,0
Pitt Town,NSW,2756,pitt-town-nsw-2756,House,2,0,0,0,0,0,,0,0
Pitt Town,NSW,2756,pitt-town-nsw-2756,House,3,0,0,0,4,0,,0,0
Pitt Town,NSW,2756,pitt-town-nsw-2756,House,4,1790000,80,0,23,875,2.54,933850,2660000
Pitt Town,NSW,2756,pitt-town-nsw-2756,House,5,0,0,0,7,0,,0,0
Ramsgate,NSW,2217,ramsgate-nsw-2217,House,2,0,0,0,0,0,,0,0
Ramsgate,NSW,2217,ramsgate-nsw-2217,House,3,0,0,0,1,0,,0,0
Ramsgate,NSW,2217,ramsgate-nsw-2217,House,4,0,0,0,2,0,,0,0
Ramsgate,NSW,2217,ramsgate-nsw-2217,House,5,0,0,0,2,0,,0,0
Ramsgate,NSW,2217,ramsgate-nsw-2217,Unit,1,0,0,0,8,640,,0,0
Ramsgate,NSW,2217,ramsgate-nsw-2217,Unit,2,849000,0,0,18,800,4.9,719700,1210750
Ramsgate,NSW,2217,ramsgate-nsw-2217,Unit,3,0,0,0,5,0,,0,0
Richmond,VIC,3121,richmond-vic-3121,House,2,1150000,41,0.7341772151898734,172,800,3.62,814200,1528000
Richmond,VIC,3121,richmond-vic-3121,House,3,1552500,49,0.5962732919254659,188,1100,3.68,1018250,2525625
Richmond,VIC,3121,richmond-vic-3121,House,4,2210000,49,0.4,33,1390,3.27,1216250,3705000
Richmond,VIC,3121,richmond-vic-3121,House,5,0,0,0,5,0,,0,0
Richmond,VIC,3121,richmond-vic-3121,Unit,1,413500,26,0.7142857142857143,211,525,6.6,313050,553250
Richmond,VIC,3121,richmond-vic-3121,Unit,2,650751,29,0.6739130434782609,208,700,5.59,478750,975750
Richmond,VIC,3121,richmond-vic-3121,Unit,3,955000,44,0,20,1098,5.98,552500,1688250
Stanwell Tops,NSW,2508,stanwell-tops-nsw-2508,House,2,0,0,0,1,0,,0,0
Stanwell Tops,NSW,2508,stanwell-tops-nsw-2508,House,3,0,0,0,2,0,,0,0
Stanwell Tops,NSW,2508,stanwell-tops-nsw-2508,House,4,0,0,0,5,0,,0,0
Stanwell Tops,NSW,2508,stanwell-tops-nsw-2508,House,5,0,0,0,1,0,,0,0
Stroud,NSW,2425,stroud-nsw-2425,House,2,0,0,0,2,0,,0,0
Stroud,NSW,2425,stroud-nsw-2425,House,3,0,0,0,8,0,,0,0
Stroud,NSW,2425,stroud-nsw-2425,House,4,0,0,0,4,0,,0,0
Stroud,NSW,2425,stroud-nsw-2425,House,5,0,0,0,2,0,,0,0
Tacoma,NSW,2259,tacoma-nsw-2259,House,2,0,0,0,1,0,,0,0
Tacoma,NSW,2259,tacoma-nsw-2259,House,3,0,0,0,2,0,,0,0
Tacoma,NSW,2259,tacoma-nsw-2259,House,4,0,0,0,5,0,,0,0
Tacoma,NSW,2259,tacoma-nsw-2259,House,5,0,0,0,0,0,,0,0
Taylors Beach,NSW,2316,taylors-beach-nsw-2316,House,2,0,0,0,1,0,,0,0
Taylors Beach,NSW,2316,taylors-beach-nsw-2316,House,3,0,0,0,3,0,,0,0
Taylors Beach,NSW,2316,taylors-beach-nsw-2316,House,4,0,0,0,1,0,,0,0
Taylors Beach,NSW,2316,taylors-beach-nsw-2316,House,5,0,0,0,1,0,,0,0
Valley Heights,NSW,2777,valley-heights-nsw-2777,House,2,0,0,0,1,0,,0,0
Valley Heights,NSW,2777,valley-heights-nsw-2777,House,3,988000,0,0,10,0,,880000,1070500
Valley Heights,NSW,2777,valley-heights-nsw-2777,House,4,0,0,0,6,0,,0,0
Valley Heights,NSW,2777,valley-heights-nsw-2777,House,5,0,0,0,2,0,,0,0
Wallabi Point,NSW,2430,wallabi-point-nsw-2430,House,2,0,0,0,0,0,,0,0
Wallabi Point,NSW,2430,wallabi-point-nsw-2430,House,3,0,0,0,2,0,,0,0
Wallabi Point,NSW,2430,wallabi-point-nsw-2430,House,4,985000,0,0,10,0,,659750,1306000
Wallabi Point,NSW,2430,wallabi-point-nsw-2430,House,5,0,0,0,2,0,,0,0
Wallabi Point,NSW,2430,wallabi-point-nsw-2430,Unit,1,0,0,0,0,0,,0,0
Wallabi Point,NSW,2430,wallabi-point-nsw-2430,Unit,2,0,0,0,0,0,,0,0
Wallabi Point,NSW,2430,wallabi-point-nsw-2430,Unit,3,0,0,0,1,0,,0,0
Wardell,NSW,2477,wardell-nsw-2477,House,2,0,0,0,1,0,,0,0
Wardell,NSW,2477,wardell-nsw-2477,House,3,0,0,0,3,0,,0,0
Wardell,NSW,2477,wardell-nsw-2477,House,4,0,0,0,4,0,,0,0
Wardell,NSW,2477,wardell-nsw-2477,House,5,0,0,0,1,0,,0,0
Wardell,NSW,2477,wardell-nsw-2477,Unit,1,0,0,0,0,0,,0,0
Wardell,NSW,2477,wardell-nsw-2477,Unit,2,0,0,0,0,0,,0,0
Wardell,NSW,2477,wardell-nsw-2477,Unit,3,0,0,0,1,0,,0,0
Wee Waa,NSW,2388,wee-waa-nsw-2388,House,2,0,0,0,8,0,,0,0
Wee Waa,NSW,2388,wee-waa-nsw-2388,House,3,318500,111,0,15,0,,189500,432500
Wee Waa,NSW,2388,wee-waa-nsw-2388,House,4,0,0,0,6,0,,0,0
Wee Waa,NSW,2388,wee-waa-nsw-2388,House,5,0,0,0,0,0,,0,0
Wee Waa,NSW,2388,wee-waa-nsw-2388,Unit,1,0,0,0,0,0,,0,0
Wee Waa,NSW,2388,wee-waa-nsw-2388,Unit,2,0,0,0,0,0,,0,0
Wee Waa,NSW,2388,wee-waa-nsw-2388,Unit,3,0,0,0,0,0,,0,0
West Haven,NSW,2443,west-haven-nsw-2443,House,2,0,0,0,0,0,,0,0
West Haven,NSW,2443,west-haven-nsw-2443,House,3,0,0,0,9,0,,0,0
West Haven,NSW,2443,west-haven-nsw-2443,House,4,0,0,0,1,0,,0,0
West Haven,NSW,2443,west-haven-nsw-2443,House,5,0,0,0,1,0,,0,0
West Haven,NSW,2443,west-haven-nsw-2443,Unit,1,0,0,0,0,0,,0,0
West Haven,NSW,2443,west-haven-nsw-2443,Unit,2,0,0,0,0,0,,0,0
West Haven,NSW,2443,west-haven-nsw-2443,Unit,3,0,0,0,1,0,,0,0
Whale Beach,NSW,2107,whale-beach-nsw-2107,House,2,0,0,0,0,0,,0,0
Whale Beach,NSW,2107,whale-beach-nsw-2107,House,3,0,0,0,2,0,,0,0
Whale Beach,NSW,2107,whale-beach-nsw-2107,House,4,0,0,0,3,0,,0,0
Whale Beach,NSW,2107,whale-beach-nsw-2107,House,5,0,0,0,5,0,,0,0
Woodburn,NSW,2472,woodburn-nsw-2472,House,2,0,0,0,4,0,,0,0
Woodburn,NSW,2472,woodburn-nsw-2472,House,3,560000,103,0,17,0,,345000,840000
Woodburn,NSW,2472,woodburn-nsw-2472,House,4,0,0,0,4,0,,0,0
Woodburn,NSW,2472,woodburn-nsw-2472,House,5,0,0,0,0,0,,0,0
Woodburn,NSW,2472,woodburn-nsw-2472,Unit,1,0,0,0,0,0,,0,0
Woodburn,NSW,2472,woodburn-nsw-2472,Unit,2,0,0,0,1,0,,0,0
Woodburn,NSW,2472,woodburn-nsw-2472,Unit,3,0,0,0,1,0,,0,0
Woodpark,NSW,2164,woodpark-nsw-2164,House,2,0,0,0,1,0,,0,0
Woodpark,NSW,2164,woodpark-nsw-2164,House,3,0,0,0,7,0,,0,0
Woodpark,NSW,2164,woodpark-nsw-2164,House,4,0,0,0,3,0,,0,0
Woodpark,NSW,2164,woodpark-nsw-2164,House,5,0,0,0,3,0,,0,0
Yarramalong,NSW,2259,yarramalong-nsw-2259,House,2,0,0,0,1,0,,0,0
Yarramalong,NSW,2259,yarramalong-nsw-2259,House,3,0,0,0,2,0,,0,0
Yarramalong,NSW,2259,yarramalong-nsw-2259,House,4,0,0,0,1,0,,0,0
Yarramalong,NSW,2259,yarramalong-nsw-2259,House,5,0,0,0,0,0,,0,0
Yennora,NSW,2161,yennora-nsw-2161,House,2,0,0,0,0,0,,0,0
Yennora,NSW,2161,yennora-nsw-2161,House,3,0,0,0,2,0,,0,0
Yennora,NSW,2161,yennora-nsw-2161,House,4,0,0,0,4,0,,0,0
Yennora,NSW,2161,yennora-nsw-2161,House,5,0,0,0,1,0,,0,0
Yennora,NSW,2161,yennora-nsw-2161,Unit,1,0,0,0,0,0,,0,0
Yennora,NSW,2161,yennora-nsw-2161,Unit,2,0,0,0,1,0,,0,0
Yennora,NSW,2161,yennora-nsw-2161,Unit,3,0,0,0,0,0,,0,0
Agnes Banks,NSW,2753,agnes-banks-nsw-2753,House,2,0,0,0,1,0,,0,0
Agnes Banks,NSW,2753,agnes-banks-nsw-2753,House,3,0,0,0,1,0,,0,0
Agnes Banks,NSW,2753,agnes-banks-nsw-2753,House,4,0,0,0,5,0,,0,0
Agnes Banks,NSW,2753,agnes-banks-nsw-2753,House,5,0,0,0,2,0,,0,0
Anambah,NSW,2320,anambah-nsw-2320,House,2,0,0,0,0,0,,0,0
Anambah,NSW,2320,anambah-nsw-2320,House,3,0,0,0,0,0,,0,0
Anambah,NSW,2320,anambah-nsw-2320,House,4,844000,0,0,10,713,4.39,578750,1057250
Anambah,NSW,2320,anambah-nsw-2320,House,5,0,0,0,1,0,,0,0
Arakoon,NSW,2431,arakoon-nsw-2431,House,2,0,0,0,1,0,,0,0
Arakoon,NSW,2431,arakoon-nsw-2431,House,3,0,0,0,2,0,,0,0
Arakoon,NSW,2431,arakoon-nsw-2431,House,4,0,0,0,2,0,,0,0
Arakoon,NSW,2431,arakoon-nsw-2431,House,5,0,0,0,1,0,,0,0
Baradine,NSW,2396,baradine-nsw-2396,House,2,0,0,0,1,0,,0,0
Baradine,NSW,2396,baradine-nsw-2396,House,3,0,0,0,4,0,,0,0
Baradine,NSW,2396,baradine-nsw-2396,House,4,0,0,0,5,0,,0,0
Baradine,NSW,2396,baradine-nsw-2396,House,5,0,0,0,1,0,,0,0
Barangaroo,NSW,2000,barangaroo-nsw-2000,Unit,1,1999100,133,0,14,1500,3.9,1526250,2521750
Barangaroo,NSW,2000,barangaroo-nsw-2000,Unit,2,3831500,0,0,13,2600,3.53,3336000,5448000
Barangaroo,NSW,2000,barangaroo-nsw-2000,Unit,3,7650000,0,0,10,4225,2.87,5103750,16671000
Barraba,NSW,2347,barraba-nsw-2347,House,2,0,0,0,6,0,,0,0
Barraba,NSW,2347,barraba-nsw-2347,House,3,300000,79,0,15,330,5.72,170300,400000
Barraba,NSW,2347,barraba-nsw-2347,House,4,0,0,0,3,0,,0,0
Barraba,NSW,2347,barraba-nsw-2347,House,5,0,0,0,1,0,,0,0
Beaconsfield,NSW,2015,beaconsfield-nsw-2015,House,2,0,0,0,9,983,,0,0
Beaconsfield,NSW,2015,beaconsfield-nsw-2015,House,3,0,0,0,8,1225,,0,0
Beaconsfield,NSW,2015,beaconsfield-nsw-2015,House,4,0,0,0,7,1800,,0,0
Beaconsfield,NSW,2015,beaconsfield-nsw-2015,House,5,0,0,0,0,0,,0,0
Beaconsfield,NSW,2015,beaconsfield-nsw-2015,Unit,1,0,0,0,2,0,,0,0
Beaconsfield,NSW,2015,beaconsfield-nsw-2015,Unit,2,0,0,0,4,900,,0,0
Beaconsfield,NSW,2015,beaconsfield-nsw-2015,Unit,3,0,0,0,3,0,,0,0
Binnaway,NSW,2395,binnaway-nsw-2395,House,2,0,0,0,1,0,,0,0
Binnaway,NSW,2395,binnaway-nsw-2395,House,3,0,0,0,6,0,,0,0
Binnaway,NSW,2395,binnaway-nsw-2395,House,4,0,0,0,0,0,,0,0
Binnaway,NSW,2395,binnaway-nsw-2395,House,5,0,0,0,0,0,,0,0
Blueys Beach,NSW,2428,blueys-beach-nsw-2428,House,2,0,0,0,3,0,,0,0
Blueys Beach,NSW,2428,blueys-beach-nsw-2428,House,3,0,0,0,6,0,,0,0
Blueys Beach,NSW,2428,blueys-beach-nsw-2428,House,4,0,0,0,1,0,,0,0
Blueys Beach,NSW,2428,blueys-beach-nsw-2428,House,5,0,0,0,0,0,,0,0
Bombala,NSW,2632,bombala-nsw-2632,House,2,0,0,0,7,0,,0,0
Bombala,NSW,2632,bombala-nsw-2632,House,3,410000,104,0,18,390,4.95,101250,560600
Bombala,NSW,2632,bombala-nsw-2632,House,4,0,0,0,7,0,,0,0
Bombala,NSW,2632,bombala-nsw-2632,House,5,0,0,0,4,0,,0,0
Broken Hill,NSW,2880,broken-hill-nsw-2880,House,2,180000,41,1,97,320,9.24,76200,336000
Broken Hill,NSW,2880,broken-hill-nsw-2880,House,3,251100,49,0.95,311,380,7.87,96750,463250
Broken Hill,NSW,2880,broken-hill-nsw-2880,House,4,350000,78,1,104,460,6.83,150750,603375
Broken Hill,NSW,2880,broken-hill-nsw-2880,House,5,442500,0,0,10,0,,228000,1056500
Broken Hill,NSW,2880,broken-hill-nsw-2880,Unit,1,0,0,0,0,210,,0,0
Broken Hill,NSW,2880,broken-hill-nsw-2880,Unit,2,0,0,0,2,280,,0,0
Broken Hill,NSW,2880,broken-hill-nsw-2880,Unit,3,0,0,0,1,0,,0,0
Bulahdelah,NSW,2423,bulahdelah-nsw-2423,House,2,437500,0,0,10,0,,135000,528750
Bulahdelah,NSW,2423,bulahdelah-nsw-2423,House,3,565000,124,0,18,520,4.79,453250,690500
Bulahdelah,NSW,2423,bulahdelah-nsw-2423,House,4,0,0,0,9,0,,0,0
Bulahdelah,NSW,2423,bulahdelah-nsw-2423,House,5,0,0,0,0,0,,0,0
Cams Wharf,NSW,2281,cams-wharf-nsw-2281,House,2,0,0,0,7,0,,0,0
Cams Wharf,NSW,2281,cams-wharf-nsw-2281,House,3,0,0,0,3,0,,0,0
Cams Wharf,NSW,2281,cams-wharf-nsw-2281,House,4,0,0,0,1,0,,0,0
Cams Wharf,NSW,2281,cams-wharf-nsw-2281,House,5,0,0,0,0,0,,0,0
Canowindra,NSW,2804,canowindra-nsw-2804,House,2,0,0,0,4,0,,0,0
Canowindra,NSW,2804,canowindra-nsw-2804,House,3,412500,0,0,10,0,,203500,649500
Canowindra,NSW,2804,canowindra-nsw-2804,House,4,0,0,0,5,0,,0,0
Canowindra,NSW,2804,canowindra-nsw-2804,House,5,0,0,0,2,0,,0,0
Canowindra,NSW,2804,canowindra-nsw-2804,Unit,1,0,0,0,0,0,,0,0
Canowindra,NSW,2804,canowindra-nsw-2804,Unit,2,0,0,0,0,0,,0,0
Canowindra,NSW,2804,canowindra-nsw-2804,Unit,3,0,0,0,0,0,,0,0
Catherine Hill Bay,NSW,2281,catherine-hill-bay-nsw-2281,House,2,0,0,0,0,0,,0,0
Catherine Hill Bay,NSW,2281,catherine-hill-bay-nsw-2281,House,3,0,0,0,2,0,,0,0
Catherine Hill Bay,NSW,2281,catherine-hill-bay-nsw-2281,House,4,0,0,0,6,1000,,0,0
Catherine Hill Bay,NSW,2281,catherine-hill-bay-nsw-2281,House,5,0,0,0,7,0,,0,0
Cattai,NSW,2756,cattai-nsw-2756,House,2,0,0,0,0,0,,0,0
Cattai,NSW,2756,cattai-nsw-2756,House,3,0,0,0,1,0,,0,0
Cattai,NSW,2756,cattai-nsw-2756,House,4,0,0,0,3,0,,0,0
Cattai,NSW,2756,cattai-nsw-2756,House,5,0,0,0,3,0,,0,0
Chatswood West,NSW,2067,chatswood-west-nsw-2067,House,2,0,0,0,0,0,,0,0
Chatswood West,NSW,2067,chatswood-west-nsw-2067,House,3,0,0,0,8,0,,0,0
Chatswood West,NSW,2067,chatswood-west-nsw-2067,House,4,2787500,0,0,10,1460,2.72,2172500,3791000
Chatswood West,NSW,2067,chatswood-west-nsw-2067,House,5,0,0,0,5,0,,0,0
Clareville,NSW,2107,clareville-nsw-2107,House,2,0,0,0,0,0,,0,0
Clareville,NSW,2107,clareville-nsw-2107,House,3,0,0,0,5,0,,0,0
Clareville,NSW,2107,clareville-nsw-2107,House,4,0,0,0,5,0,,0,0
Clareville,NSW,2107,clareville-nsw-2107,House,5,0,0,0,7,0,,0,0
Coalcliff,NSW,2508,coalcliff-nsw-2508,House,2,0,0,0,1,0,,0,0
Coalcliff,NSW,2508,coalcliff-nsw-2508,House,3,0,0,0,1,0,,0,0
Coalcliff,NSW,2508,coalcliff-nsw-2508,House,4,0,0,0,0,0,,0,0
Coalcliff,NSW,2508,coalcliff-nsw-2508,House,5,0,0,0,0,0,,0,0
Coleambally,NSW,2707,coleambally-nsw-2707,House,2,0,0,0,0,0,,0,0
Coleambally,NSW,2707,coleambally-nsw-2707,House,3,0,0,0,6,0,,0,0
Coleambally,NSW,2707,coleambally-nsw-2707,House,4,0,0,0,3,0,,0,0
Coleambally,NSW,2707,coleambally-nsw-2707,House,5,0,0,0,1,0,,0,0
Coopernook,NSW,2426,coopernook-nsw-2426,House,2,0,0,0,1,0,,0,0
Coopernook,NSW,2426,coopernook-nsw-2426,House,3,0,0,0,5,0,,0,0
Coopernook,NSW,2426,coopernook-nsw-2426,House,4,0,0,0,0,0,,0,0
Coopernook,NSW,2426,coopernook-nsw-2426,House,5,0,0,0,1,0,,0,0
Cringila,NSW,2502,cringila-nsw-2502,House,2,0,0,0,5,0,,0,0
Cringila,NSW,2502,cringila-nsw-2502,House,3,780000,0,0,13,615,4.1,666000,904000
Cringila,NSW,2502,cringila-nsw-2502,House,4,0,0,0,4,0,,0,0
Cringila,NSW,2502,cringila-nsw-2502,House,5,0,0,0,1,0,,0,0
Cringila,NSW,2502,cringila-nsw-2502,Unit,1,0,0,0,0,0,,0,0
Cringila,NSW,2502,cringila-nsw-2502,Unit,2,0,0,0,0,0,,0,0
Cringila,NSW,2502,cringila-nsw-2502,Unit,3,0,0,0,0,0,,0,0
Cundletown,NSW,2430,cundletown-nsw-2430,House,2,0,0,0,3,0,,0,0
Cundletown,NSW,2430,cundletown-nsw-2430,House,3,563750,34,0,14,495,4.57,454875,745000
Cundletown,NSW,2430,cundletown-nsw-2430,House,4,707500,50,0,13,0,,582750,983000
Cundletown,NSW,2430,cundletown-nsw-2430,House,5,0,0,0,1,0,,0,0
Cunjurong Point,NSW,2539,cunjurong-point-nsw-2539,House,2,0,0,0,2,0,,0,0
Cunjurong Point,NSW,2539,cunjurong-point-nsw-2539,House,3,0,0,0,2,0,,0,0
Cunjurong Point,NSW,2539,cunjurong-point-nsw-2539,House,4,0,0,0,1,0,,0,0
Cunjurong Point,NSW,2539,cunjurong-point-nsw-2539,House,5,0,0,0,0,0,,0,0
Dolans Bay,NSW,2229,dolans-bay-nsw-2229,House,2,0,0,0,1,0,,0,0
Dolans Bay,NSW,2229,dolans-bay-nsw-2229,House,3,0,0,0,4,0,,0,0
Dolans Bay,NSW,2229,dolans-bay-nsw-2229,House,4,0,0,0,3,0,,0,0
Dolans Bay,NSW,2229,dolans-bay-nsw-2229,House,5,0,0,0,3,0,,0,0
Dunoon,NSW,2480,dunoon-nsw-2480,House,2,0,0,0,0,0,,0,0
Dunoon,NSW,2480,dunoon-nsw-2480,House,3,0,0,0,7,0,,0,0
Dunoon,NSW,2480,dunoon-nsw-2480,House,4,0,0,0,6,0,,0,0
Dunoon,NSW,2480,dunoon-nsw-2480,House,5,0,0,0,0,0,,0,0
Dunoon,NSW,2480,dunoon-nsw-2480,Unit,1,0,0,0,0,0,,0,0
Dunoon,NSW,2480,dunoon-nsw-2480,Unit,2,0,0,0,1,0,,0,0
Dunoon,NSW,2480,dunoon-nsw-2480,Unit,3,0,0,0,0,0,,0,0
East Gresford,NSW,2311,east-gresford-nsw-2311,House,2,0,0,0,1,0,,0,0
East Gresford,NSW,2311,east-gresford-nsw-2311,House,3,0,0,0,4,0,,0,0
East Gresford,NSW,2311,east-gresford-nsw-2311,House,4,0,0,0,0,0,,0,0
East Gresford,NSW,2311,east-gresford-nsw-2311,House,5,0,0,0,0,0,,0,0
East Wagga Wagga,NSW,2650,east-wagga-wagga-nsw-2650,House,2,0,0,0,0,0,,0,0
East Wagga Wagga,NSW,2650,east-wagga-wagga-nsw-2650,House,3,0,0,0,4,0,,0,0
East Wagga Wagga,NSW,2650,east-wagga-wagga-nsw-2650,House,4,0,0,0,1,0,,0,0
East Wagga Wagga,NSW,2650,east-wagga-wagga-nsw-2650,House,5,0,0,0,0,0,,0,0
Elizabeth Bay,NSW,2011,elizabeth-bay-nsw-2011,House,2,0,0,0,1,0,,0,0
Elizabeth Bay,NSW,2011,elizabeth-bay-nsw-2011,House,3,0,0,0,1,0,,0,0
Elizabeth Bay,NSW,2011,elizabeth-bay-nsw-2011,House,4,0,0,0,0,0,,0,0
Elizabeth Bay,NSW,2011,elizabeth-bay-nsw-2011,House,5,0,0,0,0,0,,0,0
Elizabeth Bay,NSW,2011,elizabeth-bay-nsw-2011,Unit,1,897500,50,0.574468085106383,74,695,4.03,441000,1560000
Elizabeth Bay,NSW,2011,elizabeth-bay-nsw-2011,Unit,2,1965000,59,0.4,43,1200,3.18,1045000,3350000
Elizabeth Bay,NSW,2011,elizabeth-bay-nsw-2011,Unit,3,5237500,0,0.4,12,2150,2.13,2883250,11102500
Fishermans Paradise,NSW,2539,fishermans-paradise-nsw-2539,House,2,0,0,0,5,0,,0,0
Fishermans Paradise,NSW,2539,fishermans-paradise-nsw-2539,House,3,0,0,0,5,0,,0,0
Fishermans Paradise,NSW,2539,fishermans-paradise-nsw-2539,House,4,0,0,0,1,0,,0,0
Fishermans Paradise,NSW,2539,fishermans-paradise-nsw-2539,House,5,0,0,0,0,0,,0,0
Fishermans Reach,NSW,2441,fishermans-reach-nsw-2441,House,2,0,0,0,2,0,,0,0
Fishermans Reach,NSW,2441,fishermans-reach-nsw-2441,House,3,0,0,0,3,0,,0,0
Fishermans Reach,NSW,2441,fishermans-reach-nsw-2441,House,4,0,0,0,2,0,,0,0
Fishermans Reach,NSW,2441,fishermans-reach-nsw-2441,House,5,0,0,0,2,0,,0,0
Glossodia,NSW,2756,glossodia-nsw-2756,House,2,0,0,0,0,0,,0,0
Glossodia,NSW,2756,glossodia-nsw-2756,House,3,992500,23,0,22,650,3.41,921500,1588500
Glossodia,NSW,2756,glossodia-nsw-2756,House,4,1090000,0,0,13,0,,912000,1768600
Glossodia,NSW,2756,glossodia-nsw-2756,House,5,0,0,0,2,0,,0,0
Greenhill,NSW,2440,greenhill-nsw-2440,House,2,0,0,0,1,0,,0,0
Greenhill,NSW,2440,greenhill-nsw-2440,House,3,0,0,0,4,0,,0,0
Greenhill,NSW,2440,greenhill-nsw-2440,House,4,0,0,0,8,0,,0,0
Greenhill,NSW,2440,greenhill-nsw-2440,House,5,0,0,0,0,0,,0,0
Greenhills Beach,NSW,2230,greenhills-beach-nsw-2230,House,2,0,0,0,1,0,,0,0
Greenhills Beach,NSW,2230,greenhills-beach-nsw-2230,House,3,0,0,0,1,0,,0,0
Greenhills Beach,NSW,2230,greenhills-beach-nsw-2230,House,4,0,0,0,3,0,,0,0
Greenhills Beach,NSW,2230,greenhills-beach-nsw-2230,House,5,3860000,0,0.13333333333333333,11,0,,3340000,7850000
Greenleigh,NSW,2620,greenleigh-nsw-2620,House,2,0,0,0,0,0,,0,0
Greenleigh,NSW,2620,greenleigh-nsw-2620,House,3,0,0,0,0,0,,0,0
Greenleigh,NSW,2620,greenleigh-nsw-2620,House,4,0,0,0,6,0,,0,0
Greenleigh,NSW,2620,greenleigh-nsw-2620,House,5,0,0,0,4,0,,0,0
Hobartville,NSW,2753,hobartville-nsw-2753,House,2,0,0,0,1,0,,0,0
Hobartville,NSW,2753,hobartville-nsw-2753,House,3,968000,14,0,47,650,3.49,880000,1084100
Hobartville,NSW,2753,hobartville-nsw-2753,House,4,0,0,0,10,0,,0,0
Hobartville,NSW,2753,hobartville-nsw-2753,House,5,0,0,0,3,0,,0,0
Huntleys Cove,NSW,2111,huntleys-cove-nsw-2111,Unit,1,0,0,0,1,0,,0,0
Huntleys Cove,NSW,2111,huntleys-cove-nsw-2111,Unit,2,0,0,0,11,0,,0,0
Huntleys Cove,NSW,2111,huntleys-cove-nsw-2111,Unit,3,0,0,0,3,0,,0,0
Jerseyville,NSW,2431,jerseyville-nsw-2431,House,2,0,0,0,0,0,,0,0
Jerseyville,NSW,2431,jerseyville-nsw-2431,House,3,0,0,0,3,0,,0,0
Jerseyville,NSW,2431,jerseyville-nsw-2431,House,4,0,0,0,0,0,,0,0
Jerseyville,NSW,2431,jerseyville-nsw-2431,House,5,0,0,0,0,0,,0,0
Kalaru,NSW,2550,kalaru-nsw-2550,House,2,0,0,0,1,0,,0,0
Kalaru,NSW,2550,kalaru-nsw-2550,House,3,0,0,0,6,0,,0,0
Kalaru,NSW,2550,kalaru-nsw-2550,House,4,0,0,0,7,0,,0,0
Kalaru,NSW,2550,kalaru-nsw-2550,House,5,0,0,0,1,0,,0,0
Lavender Bay,NSW,2060,lavender-bay-nsw-2060,House,2,0,0,0,1,0,,0,0
Lavender Bay,NSW,2060,lavender-bay-nsw-2060,House,3,0,0,0,3,0,,0,0
Lavender Bay,NSW,2060,lavender-bay-nsw-2060,House,4,0,0,0,1,0,,0,0
Lavender Bay,NSW,2060,lavender-bay-nsw-2060,House,5,0,0,0,1,0,,0,0
Lavender Bay,NSW,2060,lavender-bay-nsw-2060,Unit,1,0,0,0,5,675,,0,0
Lavender Bay,NSW,2060,lavender-bay-nsw-2060,Unit,2,0,0,0,9,833,,0,0
Lavender Bay,NSW,2060,lavender-bay-nsw-2060,Unit,3,0,0,0,2,0,,0,0
Lower Macdonald,NSW,2775,lower-macdonald-nsw-2775,House,2,0,0,0,3,0,,0,0
Lower Macdonald,NSW,2775,lower-macdonald-nsw-2775,House,3,0,0,0,7,0,,0,0
Lower Macdonald,NSW,2775,lower-macdonald-nsw-2775,House,4,0,0,0,1,0,,0,0
Lower Macdonald,NSW,2775,lower-macdonald-nsw-2775,House,5,0,0,0,1,0,,0,0
Luddenham,NSW,2745,luddenham-nsw-2745,House,2,0,0,0,0,0,,0,0
Luddenham,NSW,2745,luddenham-nsw-2745,House,3,0,0,0,3,0,,0,0
Luddenham,NSW,2745,luddenham-nsw-2745,House,4,0,0,0,7,0,,0,0
Luddenham,NSW,2745,luddenham-nsw-2745,House,5,0,0,0,6,0,,0,0
Luddenham,NSW,2745,luddenham-nsw-2745,Unit,1,0,0,0,0,0,,0,0
Luddenham,NSW,2745,luddenham-nsw-2745,Unit,2,0,0,0,0,0,,0,0
Luddenham,NSW,2745,luddenham-nsw-2745,Unit,3,0,0,0,0,0,,0,0
Macquarie Park,NSW,2113,macquarie-park-nsw-2113,House,2,0,0,0,5,750,,0,0
Macquarie Park,NSW,2113,macquarie-park-nsw-2113,House,3,0,0,0,7,900,,0,0
Macquarie Park,NSW,2113,macquarie-park-nsw-2113,House,4,0,0,0,0,0,,0,0
Macquarie Park,NSW,2113,macquarie-park-nsw-2113,House,5,0,0,0,0,0,,0,0
Macquarie Park,NSW,2113,macquarie-park-nsw-2113,Unit,1,649500,57,0.6956521739130435,154,750,6.0,496500,795350
Macquarie Park,NSW,2113,macquarie-park-nsw-2113,Unit,2,940000,64,0.6417910447761194,245,930,5.14,700550,1170000
Macquarie Park,NSW,2113,macquarie-park-nsw-2113,Unit,3,1320000,101,0.5,36,1280,5.04,1039000,1740000
Maianbar,NSW,2230,maianbar-nsw-2230,House,2,0,0,0,1,0,,0,0
Maianbar,NSW,2230,maianbar-nsw-2230,House,3,0,0,0,3,0,,0,0
Maianbar,NSW,2230,maianbar-nsw-2230,House,4,0,0,0,3,0,,0,0
Maianbar,NSW,2230,maianbar-nsw-2230,House,5,0,0,0,2,0,,0,0
Manyana,NSW,2539,manyana-nsw-2539,House,2,0,0,0,5,0,,0,0
Manyana,NSW,2539,manyana-nsw-2539,House,3,0,0,0,8,0,,0,0
Manyana,NSW,2539,manyana-nsw-2539,House,4,0,0,0,6,0,,0,0
Manyana,NSW,2539,manyana-nsw-2539,House,5,0,0,0,1,0,,0,0
McMahons Point,NSW,2060,mcmahons-point-nsw-2060,House,2,0,0,0,3,0,,0,0
McMahons Point,NSW,2060,mcmahons-point-nsw-2060,House,3,4725000,0,0.7142857142857143,12,0,,3322000,7731250
McMahons Point,NSW,2060,mcmahons-point-nsw-2060,House,4,0,0,0,6,0,,0,0
McMahons Point,NSW,2060,mcmahons-point-nsw-2060,House,5,0,0,0,1,0,,0,0
McMahons Point,NSW,2060,mcmahons-point-nsw-2060,Unit,1,945000,42,0.47368421052631576,22,720,3.96,751000,1797500
McMahons Point,NSW,2060,mcmahons-point-nsw-2060,Unit,2,0,0,0.38461538461538464,9,950,,0,0
McMahons Point,NSW,2060,mcmahons-point-nsw-2060,Unit,3,0,0,0.3333333333333333,7,1450,,0,0
Meadowbank,NSW,2114,meadowbank-nsw-2114,Unit,1,580000,45,0,54,650,5.83,483250,696750
Meadowbank,NSW,2114,meadowbank-nsw-2114,Unit,2,780000,33,0.8461538461538461,124,818,5.45,585750,966800
Meadowbank,NSW,2114,meadowbank-nsw-2114,Unit,3,1017500,57,0,20,1150,5.88,832750,1790000
Mirador,NSW,2548,mirador-nsw-2548,House,2,0,0,0,0,0,,0,0
Mirador,NSW,2548,mirador-nsw-2548,House,3,0,0,0,7,0,,0,0
Mirador,NSW,2548,mirador-nsw-2548,House,4,0,0,0,7,0,,0,0
Mirador,NSW,2548,mirador-nsw-2548,House,5,0,0,0,0,0,,0,0
Mirrabooka,NSW,2264,mirrabooka-nsw-2264,House,2,0,0,0,1,0,,0,0
Mirrabooka,NSW,2264,mirrabooka-nsw-2264,House,3,0,0,0,6,0,,0,0
Mirrabooka,NSW,2264,mirrabooka-nsw-2264,House,4,0,0,0,4,0,,0,0
Mirrabooka,NSW,2264,mirrabooka-nsw-2264,House,5,0,0,0,3,0,,0,0
Mogo,NSW,2536,mogo-nsw-2536,House,2,0,0,0,1,0,,0,0
Mogo,NSW,2536,mogo-nsw-2536,House,3,0,0,0,1,0,,0,0
Mogo,NSW,2536,mogo-nsw-2536,House,4,0,0,0,3,0,,0,0
Mogo,NSW,2536,mogo-nsw-2536,House,5,0,0,0,0,0,,0,0
Moorland,NSW,2443,moorland-nsw-2443,House,2,0,0,0,2,0,,0,0
Moorland,NSW,2443,moorland-nsw-2443,House,3,0,0,0,6,0,,0,0
Moorland,NSW,2443,moorland-nsw-2443,House,4,0,0,0,2,0,,0,0
Moorland,NSW,2443,moorland-nsw-2443,House,5,0,0,0,1,0,,0,0
Moree,NSW,2400,moree-nsw-2400,House,2,230000,83,0,20,350,7.91,102300,372875
Moree,NSW,2400,moree-nsw-2400,House,3,318750,82,0,94,433,7.06,148250,558550
Moree,NSW,2400,moree-nsw-2400,House,4,472500,105,0,46,480,5.28,275750,1056500
Moree,NSW,2400,moree-nsw-2400,House,5,0,0,0,8,0,,0,0
Moree,NSW,2400,moree-nsw-2400,Unit,1,0,0,0,0,240,,0,0
Moree,NSW,2400,moree-nsw-2400,Unit,2,0,0,0,8,300,,0,0
Moree,NSW,2400,moree-nsw-2400,Unit,3,0,0,0,2,0,,0,0
Mulgoa,NSW,2745,mulgoa-nsw-2745,House,2,0,0,0,2,0,,0,0
Mulgoa,NSW,2745,mulgoa-nsw-2745,House,3,0,0,0,5,0,,0,0
Mulgoa,NSW,2745,mulgoa-nsw-2745,House,4,0,0,0,3,0,,0,0
Mulgoa,NSW,2745,mulgoa-nsw-2745,House,5,0,0,0,4,0,,0,0
Nabiac,NSW,2312,nabiac-nsw-2312,House,2,0,0,0,1,0,,0,0
Nabiac,NSW,2312,nabiac-nsw-2312,House,3,0,0,0,8,0,,0,0
Nabiac,NSW,2312,nabiac-nsw-2312,House,4,0,0,0,2,0,,0,0
Nabiac,NSW,2312,nabiac-nsw-2312,House,5,0,0,0,2,0,,0,0
New Berrima,NSW,2577,new-berrima-nsw-2577,House,2,0,0,0,2,0,,0,0
New Berrima,NSW,2577,new-berrima-nsw-2577,House,3,830000,0,0,11,0,,705000,962500
New Berrima,NSW,2577,new-berrima-nsw-2577,House,4,0,0,0,4,0,,0,0
New Berrima,NSW,2577,new-berrima-nsw-2577,House,5,0,0,0,0,0,,0,0
New Brighton,NSW,2483,new-brighton-nsw-2483,House,2,0,0,0,1,0,,0,0
New Brighton,NSW,2483,new-brighton-nsw-2483,House,3,0,0,0,3,0,,0,0
New Brighton,NSW,2483,new-brighton-nsw-2483,House,4,0,0,0,1,0,,0,0
New Brighton,NSW,2483,new-brighton-nsw-2483,House,5,0,0,0,2,0,,0,0
New Brighton,NSW,2483,new-brighton-nsw-2483,Unit,1,0,0,0,0,0,,0,0
New Brighton,NSW,2483,new-brighton-nsw-2483,Unit,2,0,0,0,1,0,,0,0
New Brighton,NSW,2483,new-brighton-nsw-2483,Unit,3,0,0,0,0,0,,0,0
North Narooma,NSW,2546,north-narooma-nsw-2546,House,2,0,0,0,2,0,,0,0
North Narooma,NSW,2546,north-narooma-nsw-2546,House,3,0,0,0,7,0,,0,0
North Narooma,NSW,2546,north-narooma-nsw-2546,House,4,0,0,0,7,0,,0,0
North Narooma,NSW,2546,north-narooma-nsw-2546,House,5,0,0,0,0,0,,0,0
North Narooma,NSW,2546,north-narooma-nsw-2546,Unit,1,0,0,0,0,0,,0,0
North Narooma,NSW,2546,north-narooma-nsw-2546,Unit,2,0,0,0,1,0,,0,0
North Narooma,NSW,2546,north-narooma-nsw-2546,Unit,3,0,0,0,1,0,,0,0
North Wollongong,NSW,2500,north-wollongong-nsw-2500,House,2,0,0,0,1,0,,0,0
North Wollongong,NSW,2500,north-wollongong-nsw-2500,House,3,0,0,0,2,0,,0,0
North Wollongong,NSW,2500,north-wollongong-nsw-2500,House,4,0,0,0,2,0,,0,0
North Wollongong,NSW,2500,north-wollongong-nsw-2500,House,5,0,0,0,0,0,,0,0
North Wollongong,NSW,2500,north-wollongong-nsw-2500,Unit,1,0,0,0,6,530,,0,0
North Wollongong,NSW,2500,north-wollongong-nsw-2500,Unit,2,772000,20,0,25,600,4.04,581000,1144000
North Wollongong,NSW,2500,north-wollongong-nsw-2500,Unit,3,0,0,0,8,920,,0,0
Nundle,NSW,2340,nundle-nsw-2340,House,2,0,0,0,2,0,,0,0
Nundle,NSW,2340,nundle-nsw-2340,House,3,0,0,0,3,0,,0,0
Nundle,NSW,2340,nundle-nsw-2340,House,4,0,0,0,1,0,,0,0
Nundle,NSW,2340,nundle-nsw-2340,House,5,0,0,0,1,0,,0,0
Pambula Beach,NSW,2549,pambula-beach-nsw-2549,House,2,0,0,0,1,0,,0,0
Pambula Beach,NSW,2549,pambula-beach-nsw-2549,House,3,0,0,0,3,0,,0,0
Pambula Beach,NSW,2549,pambula-beach-nsw-2549,House,4,0,0,0,7,0,,0,0
Pambula Beach,NSW,2549,pambula-beach-nsw-2549,House,5,0,0,0,0,0,,0,0
Pambula Beach,NSW,2549,pambula-beach-nsw-2549,Unit,1,0,0,0,0,0,,0,0
Pambula Beach,NSW,2549,pambula-beach-nsw-2549,Unit,2,0,0,0,0,0,,0,0
Pambula Beach,NSW,2549,pambula-beach-nsw-2549,Unit,3,0,0,0,0,0,,0,0
Perthville,NSW,2795,perthville-nsw-2795,House,2,0,0,0,0,0,,0,0
Perthville,NSW,2795,perthville-nsw-2795,House,3,0,0,0,3,0,,0,0
Perthville,NSW,2795,perthville-nsw-2795,House,4,0,0,0,2,0,,0,0
Perthville,NSW,2795,perthville-nsw-2795,House,5,0,0,0,1,0,,0,0
Pindimar,NSW,2324,pindimar-nsw-2324,House,2,0,0,0,0,0,,0,0
Pindimar,NSW,2324,pindimar-nsw-2324,House,3,0,0,0,6,0,,0,0
Pindimar,NSW,2324,pindimar-nsw-2324,House,4,0,0,0,4,0,,0,0
Pindimar,NSW,2324,pindimar-nsw-2324,House,5,0,0,0,0,0,,0,0
Port Hacking,NSW,2229,port-hacking-nsw-2229,House,2,0,0,0,1,0,,0,0
Port Hacking,NSW,2229,port-hacking-nsw-2229,House,3,0,0,0,1,0,,0,0
Port Hacking,NSW,2229,port-hacking-nsw-2229,House,4,0,0,0,4,0,,0,0
Port Hacking,NSW,2229,port-hacking-nsw-2229,House,5,0,0,0,6,0,,0,0
Red Head,NSW,2430,red-head-nsw-2430,House,2,0,0,0,1,0,,0,0
Red Head,NSW,2430,red-head-nsw-2430,House,3,0,0,0,8,0,,0,0
Red Head,NSW,2430,red-head-nsw-2430,House,4,0,0,0,5,0,,0,0
Red Head,NSW,2430,red-head-nsw-2430,House,5,0,0,0,2,0,,0,0
Red Rock,NSW,2456,red-rock-nsw-2456,House,2,0,0,0,1,0,,0,0
Red Rock,NSW,2456,red-rock-nsw-2456,House,3,0,0,0,4,0,,0,0
Red Rock,NSW,2456,red-rock-nsw-2456,House,4,0,0,0,1,0,,0,0
Red Rock,NSW,2456,red-rock-nsw-2456,House,5,0,0,0,1,0,,0,0
Repton,NSW,2454,repton-nsw-2454,House,2,0,0,0,0,0,,0,0
Repton,NSW,2454,repton-nsw-2454,House,3,0,0,0,6,0,,0,0
Repton,NSW,2454,repton-nsw-2454,House,4,0,0,0,5,0,,0,0
Repton,NSW,2454,repton-nsw-2454,House,5,0,0,0,2,0,,0,0
Sandy Point,NSW,2172,sandy-point-nsw-2172,House,2,0,0,0,2,0,,0,0
Sandy Point,NSW,2172,sandy-point-nsw-2172,House,3,0,0,0,0,0,,0,0
Sandy Point,NSW,2172,sandy-point-nsw-2172,House,4,0,0,0,3,0,,0,0
Sandy Point,NSW,2172,sandy-point-nsw-2172,House,5,0,0,0,1,0,,0,0
Singleton Heights,NSW,2330,singleton-heights-nsw-2330,House,2,0,0,0,3,475,,0,0
Singleton Heights,NSW,2330,singleton-heights-nsw-2330,House,3,682500,20,0,40,610,4.65,518720,813950
Singleton Heights,NSW,2330,singleton-heights-nsw-2330,House,4,798000,31,0,43,715,4.66,676500,1010000
Singleton Heights,NSW,2330,singleton-heights-nsw-2330,House,5,820000,45,0,11,0,,595000,877500
South Durras,NSW,2536,south-durras-nsw-2536,House,2,0,0,0,1,0,,0,0
South Durras,NSW,2536,south-durras-nsw-2536,House,3,0,0,0,4,0,,0,0
South Durras,NSW,2536,south-durras-nsw-2536,House,4,0,0,0,0,0,,0,0
South Durras,NSW,2536,south-durras-nsw-2536,House,5,0,0,0,0,0,,0,0
South Pambula,NSW,2549,south-pambula-nsw-2549,House,2,0,0,0,1,0,,0,0
South Pambula,NSW,2549,south-pambula-nsw-2549,House,3,0,0,0,6,0,,0,0
South Pambula,NSW,2549,south-pambula-nsw-2549,House,4,0,0,0,1,0,,0,0
South Pambula,NSW,2549,south-pambula-nsw-2549,House,5,0,0,0,1,0,,0,0
Stanford Merthyr,NSW,2327,stanford-merthyr-nsw-2327,House,2,0,0,0,3,0,,0,0
Stanford Merthyr,NSW,2327,stanford-merthyr-nsw-2327,House,3,0,0,0,5,0,,0,0
Stanford Merthyr,NSW,2327,stanford-merthyr-nsw-2327,House,4,0,0,0,1,0,,0,0
Stanford Merthyr,NSW,2327,stanford-merthyr-nsw-2327,House,5,0,0,0,2,0,,0,0
Tacoma South,NSW,2259,tacoma-south-nsw-2259,House,2,0,0,0,1,0,,0,0
Tacoma South,NSW,2259,tacoma-south-nsw-2259,House,3,0,0,0,0,0,,0,0
Tacoma South,NSW,2259,tacoma-south-nsw-2259,House,4,0,0,0,2,0,,0,0
Tacoma South,NSW,2259,tacoma-south-nsw-2259,House,5,0,0,0,1,0,,0,0
Tinonee,NSW,2430,tinonee-nsw-2430,House,2,0,0,0,1,0,,0,0
Tinonee,NSW,2430,tinonee-nsw-2430,House,3,577500,0,0,10,0,,463000,696750
Tinonee,NSW,2430,tinonee-nsw-2430,House,4,0,0,0,8,0,,0,0
Tinonee,NSW,2430,tinonee-nsw-2430,House,5,0,0,0,2,0,,0,0
Toowoon Bay,NSW,2261,toowoon-bay-nsw-2261,House,2,0,0,0,3,0,,0,0
Toowoon Bay,NSW,2261,toowoon-bay-nsw-2261,House,3,0,0,0,8,0,,0,0
Toowoon Bay,NSW,2261,toowoon-bay-nsw-2261,House,4,0,0,0,1,0,,0,0
Toowoon Bay,NSW,2261,toowoon-bay-nsw-2261,House,5,0,0,0,1,0,,0,0
Toowoon Bay,NSW,2261,toowoon-bay-nsw-2261,Unit,1,0,0,0,0,0,,0,0
Toowoon Bay,NSW,2261,toowoon-bay-nsw-2261,Unit,2,0,0,0,0,0,,0,0
Toowoon Bay,NSW,2261,toowoon-bay-nsw-2261,Unit,3,0,0,0,1,0,,0,0
Tottenham,NSW,2873,tottenham-nsw-2873,House,2,0,0,0,3,0,,0,0
Tottenham,NSW,2873,tottenham-nsw-2873,House,3,0,0,0,6,0,,0,0
Tottenham,NSW,2873,tottenham-nsw-2873,House,4,0,0,0,1,0,,0,0
Tottenham,NSW,2873,tottenham-nsw-2873,House,5,0,0,0,1,0,,0,0
Tregear,NSW,2770,tregear-nsw-2770,House,2,0,0,0,0,445,,0,0
Tregear,NSW,2770,tregear-nsw-2770,House,3,880000,14,0,21,520,3.07,787500,960000
Tregear,NSW,2770,tregear-nsw-2770,House,4,0,0,0,6,620,,0,0
Tregear,NSW,2770,tregear-nsw-2770,House,5,0,0,0,4,0,,0,0
Ultimo,NSW,2007,ultimo-nsw-2007,House,2,0,0,0,7,1000,,0,0
Ultimo,NSW,2007,ultimo-nsw-2007,House,3,0,0,0,7,1200,,0,0
Ultimo,NSW,2007,ultimo-nsw-2007,House,4,0,0,0,4,0,,0,0
Ultimo,NSW,2007,ultimo-nsw-2007,House,5,0,0,0,1,0,,0,0
Ultimo,NSW,2007,ultimo-nsw-2007,Unit,1,605000,58,0.5,91,720,6.19,140000,870000
Ultimo,NSW,2007,ultimo-nsw-2007,Unit,2,1046000,56,0.5909090909090909,61,1100,5.47,208750,1671250
Ultimo,NSW,2007,ultimo-nsw-2007,Unit,3,1510000,0,0,10,1600,5.51,1079950,2766000
Walcha,NSW,2354,walcha-nsw-2354,House,2,0,0,0,6,0,,0,0
Walcha,NSW,2354,walcha-nsw-2354,House,3,510000,66,0,18,0,,312850,631500
Walcha,NSW,2354,walcha-nsw-2354,House,4,0,0,0,6,0,,0,0
Walcha,NSW,2354,walcha-nsw-2354,House,5,0,0,0,1,0,,0,0
Warragamba,NSW,2752,warragamba-nsw-2752,House,2,0,0,0,4,0,,0,0
Warragamba,NSW,2752,warragamba-nsw-2752,House,3,862500,19,0,14,625,3.77,786250,998750
Warragamba,NSW,2752,warragamba-nsw-2752,House,4,0,0,0,8,0,,0,0
Warragamba,NSW,2752,warragamba-nsw-2752,House,5,0,0,0,1,0,,0,0
Werris Creek,NSW,2341,werris-creek-nsw-2341,House,2,0,0,0,5,0,,0,0
Werris Creek,NSW,2341,werris-creek-nsw-2341,House,3,353000,59,0,22,400,5.89,177500,471900
Werris Creek,NSW,2341,werris-creek-nsw-2341,House,4,0,0,0,6,0,,0,0
Werris Creek,NSW,2341,werris-creek-nsw-2341,House,5,0,0,0,1,0,,0,0
Westdale,NSW,2340,westdale-nsw-2340,House,2,0,0,0,1,0,,0,0
Westdale,NSW,2340,westdale-nsw-2340,House,3,577250,31,0,18,500,4.5,461050,767250
Westdale,NSW,2340,westdale-nsw-2340,House,4,680000,73,0,39,630,4.82,220000,719500
Westdale,NSW,2340,westdale-nsw-2340,House,5,0,0,0,2,0,,0,0
Westdale,NSW,2340,westdale-nsw-2340,Unit,1,0,0,0,0,0,,0,0
Westdale,NSW,2340,westdale-nsw-2340,Unit,2,0,0,0,0,0,,0,0
Westdale,NSW,2340,westdale-nsw-2340,Unit,3,0,0,0,1,0,,0,0
Wolumla,NSW,2550,wolumla-nsw-2550,House,2,0,0,0,0,0,,0,0
Wolumla,NSW,2550,wolumla-nsw-2550,House,3,0,0,0,4,0,,0,0
Wolumla,NSW,2550,wolumla-nsw-2550,House,4,0,0,0,1,0,,0,0
Wolumla,NSW,2550,wolumla-nsw-2550,House,5,0,0,0,1,0,,0,0
Wooli,NSW,2462,wooli-nsw-2462,House,2,0,0,0,1,0,,0,0
Wooli,NSW,2462,wooli-nsw-2462,House,3,0,0,0,8,0,,0,0
Wooli,NSW,2462,wooli-nsw-2462,House,4,0,0,0,1,0,,0,0
Wooli,NSW,2462,wooli-nsw-2462,House,5,0,0,0,2,0,,0,0
Wooli,NSW,2462,wooli-nsw-2462,Unit,1,0,0,0,2,0,,0,0
Wooli,NSW,2462,wooli-nsw-2462,Unit,2,0,0,0,3,0,,0,0
Wooli,NSW,2462,wooli-nsw-2462,Unit,3,0,0,0,0,0,,0,0
Wyee Point,NSW,2259,wyee-point-nsw-2259,House,2,0,0,0,1,0,,0,0
Wyee Point,NSW,2259,wyee-point-nsw-2259,House,3,0,0,0,2,0,,0,0
Wyee Point,NSW,2259,wyee-point-nsw-2259,House,4,1135000,42,0,14,0,,851000,1842000
Wyee Point,NSW,2259,wyee-point-nsw-2259,House,5,0,0,0,3,0,,0,0
Yattalunga,NSW,2251,yattalunga-nsw-2251,House,2,0,0,0,2,0,,0,0
Yattalunga,NSW,2251,yattalunga-nsw-2251,House,3,0,0,0,4,0,,0,0
Yattalunga,NSW,2251,yattalunga-nsw-2251,House,4,0,0,0,2,0,,0,0
Yattalunga,NSW,2251,yattalunga-nsw-2251,House,5,0,0,0,1,0,,0,0
Yenda,NSW,2681,yenda-nsw-2681,House,2,0,0,0,3,0,,0,0
Yenda,NSW,2681,yenda-nsw-2681,House,3,490000,0,0,15,455,4.83,423000,741500
Yenda,NSW,2681,yenda-nsw-2681,House,4,0,0,0,6,0,,0,0
Yenda,NSW,2681,yenda-nsw-2681,House,5,0,0,0,2,0,,0,0
Yoogali,NSW,2680,yoogali-nsw-2680,House,2,0,0,0,1,0,,0,0
Yoogali,NSW,2680,yoogali-nsw-2680,House,3,0,0,0,3,0,,0,0
Yoogali,NSW,2680,yoogali-nsw-2680,House,4,0,0,0,8,0,,0,0
Yoogali,NSW,2680,yoogali-nsw-2680,House,5,0,0,0,2,0,,0,0
Angourie,NSW,2464,angourie-nsw-2464,Unit,1,0,0,0,1,0,,0,0
Angourie,NSW,2464,angourie-nsw-2464,Unit,2,0,0,0,2,0,,0,0
Angourie,NSW,2464,angourie-nsw-2464,Unit,3,0,0,0,0,0,,0,0
Arcadia,NSW,2159,arcadia-nsw-2159,House,2,0,0,0,1,0,,0,0
Arcadia,NSW,2159,arcadia-nsw-2159,House,3,0,0,0,1,0,,0,0
Arcadia,NSW,2159,arcadia-nsw-2159,House,4,0,0,0,1,0,,0,0
Arcadia,NSW,2159,arcadia-nsw-2159,House,5,0,0,0,1,0,,0,0
Attunga,NSW,2345,attunga-nsw-2345,House,2,0,0,0,1,0,,0,0
Attunga,NSW,2345,attunga-nsw-2345,House,3,0,0,0,2,0,,0,0
Attunga,NSW,2345,attunga-nsw-2345,House,4,0,0,0,2,0,,0,0
Attunga,NSW,2345,attunga-nsw-2345,House,5,0,0,0,1,0,,0,0
Banksmeadow,NSW,2019,banksmeadow-nsw-2019,Unit,1,0,0,0,3,0,,0,0
Banksmeadow,NSW,2019,banksmeadow-nsw-2019,Unit,2,0,0,0,8,0,,0,0
Banksmeadow,NSW,2019,banksmeadow-nsw-2019,Unit,3,0,0,0,0,0,,0,0
Barham,NSW,2732,barham-nsw-2732,House,2,0,0,0,3,0,,0,0
Barham,NSW,2732,barham-nsw-2732,House,3,440000,133,0,17,0,,342000,1095000
Barham,NSW,2732,barham-nsw-2732,House,4,0,0,0,7,0,,0,0
Barham,NSW,2732,barham-nsw-2732,House,5,0,0,0,2,0,,0,0
Barham,NSW,2732,barham-nsw-2732,Unit,1,0,0,0,0,0,,0,0
Barham,NSW,2732,barham-nsw-2732,Unit,2,0,0,0,2,0,,0,0
Barham,NSW,2732,barham-nsw-2732,Unit,3,0,0,0,1,0,,0,0
Bethungra,NSW,2590,bethungra-nsw-2590,House,2,0,0,0,2,0,,0,0
Bethungra,NSW,2590,bethungra-nsw-2590,House,3,0,0,0,1,0,,0,0
Bethungra,NSW,2590,bethungra-nsw-2590,House,4,0,0,0,1,0,,0,0
Bethungra,NSW,2590,bethungra-nsw-2590,House,5,0,0,0,0,0,,0,0
Binalong,NSW,2584,binalong-nsw-2584,House,2,0,0,0,2,0,,0,0
Binalong,NSW,2584,binalong-nsw-2584,House,3,0,0,0,6,0,,0,0
Binalong,NSW,2584,binalong-nsw-2584,House,4,0,0,0,2,0,,0,0
Binalong,NSW,2584,binalong-nsw-2584,House,5,0,0,0,1,0,,0,0
Bingara,NSW,2404,bingara-nsw-2404,House,2,0,0,0,9,0,,0,0
Bingara,NSW,2404,bingara-nsw-2404,House,3,420000,61,0,13,0,,296200,656000
Bingara,NSW,2404,bingara-nsw-2404,House,4,480000,99,0,13,0,,298000,703000
Bingara,NSW,2404,bingara-nsw-2404,House,5,0,0,0,1,0,,0,0
Bobs Farm,NSW,2316,bobs-farm-nsw-2316,House,2,0,0,0,1,0,,0,0
Bobs Farm,NSW,2316,bobs-farm-nsw-2316,House,3,0,0,0,2,0,,0,0
Bobs Farm,NSW,2316,bobs-farm-nsw-2316,House,4,0,0,0,0,0,,0,0
Bobs Farm,NSW,2316,bobs-farm-nsw-2316,House,5,0,0,0,1,0,,0,0
Bowenfels,NSW,2790,bowenfels-nsw-2790,House,2,0,0,0,4,0,,0,0
Bowenfels,NSW,2790,bowenfels-nsw-2790,House,3,480000,37,0,13,450,4.88,413000,627000
Bowenfels,NSW,2790,bowenfels-nsw-2790,House,4,587500,65,0,13,0,,456000,1011000
Bowenfels,NSW,2790,bowenfels-nsw-2790,House,5,0,0,0,1,0,,0,0
Bray Park,NSW,2484,bray-park-nsw-2484,House,2,0,0,0,2,0,,0,0
Bray Park,NSW,2484,bray-park-nsw-2484,House,3,820000,0,0,11,0,,15250,923750
Bray Park,NSW,2484,bray-park-nsw-2484,House,4,0,0,0,2,0,,0,0
Bray Park,NSW,2484,bray-park-nsw-2484,House,5,0,0,0,0,0,,0,0
Brewarrina,NSW,2839,brewarrina-nsw-2839,House,2,0,0,0,4,0,,0,0
Brewarrina,NSW,2839,brewarrina-nsw-2839,House,3,0,0,0,6,0,,0,0
Brewarrina,NSW,2839,brewarrina-nsw-2839,House,4,0,0,0,3,0,,0,0
Brewarrina,NSW,2839,brewarrina-nsw-2839,House,5,0,0,0,0,0,,0,0
Broken Head,NSW,2481,broken-head-nsw-2481,House,2,0,0,0,0,0,,0,0
Broken Head,NSW,2481,broken-head-nsw-2481,House,3,0,0,0,3,0,,0,0
Broken Head,NSW,2481,broken-head-nsw-2481,House,4,0,0,0,0,0,,0,0
Broken Head,NSW,2481,broken-head-nsw-2481,House,5,0,0,0,1,0,,0,0
Buchanan,NSW,2323,buchanan-nsw-2323,House,2,0,0,0,1,0,,0,0
Buchanan,NSW,2323,buchanan-nsw-2323,House,3,0,0,0,0,0,,0,0
Buchanan,NSW,2323,buchanan-nsw-2323,House,4,0,0,0,7,655,,0,0
Buchanan,NSW,2323,buchanan-nsw-2323,House,5,0,0,0,2,0,,0,0
Buchanan,NSW,2323,buchanan-nsw-2323,Unit,1,0,0,0,0,0,,0,0
Buchanan,NSW,2323,buchanan-nsw-2323,Unit,2,0,0,0,0,0,,0,0
Buchanan,NSW,2323,buchanan-nsw-2323,Unit,3,0,0,0,0,0,,0,0
Bundabah,NSW,2324,bundabah-nsw-2324,House,2,0,0,0,0,0,,0,0
Bundabah,NSW,2324,bundabah-nsw-2324,House,3,0,0,0,2,0,,0,0
Bundabah,NSW,2324,bundabah-nsw-2324,House,4,0,0,0,2,0,,0,0
Bundabah,NSW,2324,bundabah-nsw-2324,House,5,0,0,0,0,0,,0,0
Burradoo,NSW,2576,burradoo-nsw-2576,House,2,0,0,0,0,0,,0,0
Burradoo,NSW,2576,burradoo-nsw-2576,House,3,0,0,0,6,0,,0,0
Burradoo,NSW,2576,burradoo-nsw-2576,House,4,2340000,102,0.23076923076923078,33,1375,3.06,1571000,4440000
Burradoo,NSW,2576,burradoo-nsw-2576,House,5,3137500,83,0,12,0,,2136500,5837500
Burradoo,NSW,2576,burradoo-nsw-2576,Unit,1,0,0,0,0,0,,0,0
Burradoo,NSW,2576,burradoo-nsw-2576,Unit,2,0,0,0,0,0,,0,0
Burradoo,NSW,2576,burradoo-nsw-2576,Unit,3,0,0,0,3,0,,0,0
Burringbar,NSW,2483,burringbar-nsw-2483,House,2,0,0,0,3,0,,0,0
Burringbar,NSW,2483,burringbar-nsw-2483,House,3,0,0,0,8,0,,0,0
Burringbar,NSW,2483,burringbar-nsw-2483,House,4,0,0,0,7,0,,0,0
Burringbar,NSW,2483,burringbar-nsw-2483,House,5,0,0,0,1,0,,0,0
Candelo,NSW,2550,candelo-nsw-2550,House,2,0,0,0,5,0,,0,0
Candelo,NSW,2550,candelo-nsw-2550,House,3,0,0,0,2,0,,0,0
Candelo,NSW,2550,candelo-nsw-2550,House,4,0,0,0,5,0,,0,0
Candelo,NSW,2550,candelo-nsw-2550,House,5,0,0,0,2,0,,0,0
Collingullie,NSW,2650,collingullie-nsw-2650,House,2,0,0,0,0,0,,0,0
Collingullie,NSW,2650,collingullie-nsw-2650,House,3,0,0,0,2,0,,0,0
Collingullie,NSW,2650,collingullie-nsw-2650,House,4,0,0,0,2,0,,0,0
Collingullie,NSW,2650,collingullie-nsw-2650,House,5,0,0,0,0,0,,0,0
Coolah,NSW,2843,coolah-nsw-2843,House,2,0,0,0,5,0,,0,0
Coolah,NSW,2843,coolah-nsw-2843,House,3,0,0,0,9,0,,0,0
Coolah,NSW,2843,coolah-nsw-2843,House,4,0,0,0,7,0,,0,0
Coolah,NSW,2843,coolah-nsw-2843,House,5,0,0,0,2,0,,0,0
Cudmirrah,NSW,2540,cudmirrah-nsw-2540,House,2,0,0,0,4,0,,0,0
Cudmirrah,NSW,2540,cudmirrah-nsw-2540,House,3,0,0,0,5,0,,0,0
Cudmirrah,NSW,2540,cudmirrah-nsw-2540,House,4,0,0,0,1,0,,0,0
Cudmirrah,NSW,2540,cudmirrah-nsw-2540,House,5,0,0,0,0,0,,0,0
Daleys Point,NSW,2257,daleys-point-nsw-2257,House,2,0,0,0,1,0,,0,0
Daleys Point,NSW,2257,daleys-point-nsw-2257,House,3,0,0,0,5,0,,0,0
Daleys Point,NSW,2257,daleys-point-nsw-2257,House,4,0,0,0,6,0,,0,0
Daleys Point,NSW,2257,daleys-point-nsw-2257,House,5,0,0,0,3,0,,0,0
Darling Point,NSW,2027,darling-point-nsw-2027,House,2,0,0,0,0,0,,0,0
Darling Point,NSW,2027,darling-point-nsw-2027,House,3,0,0,0,2,0,,0,0
Darling Point,NSW,2027,darling-point-nsw-2027,House,4,0,0,0,4,0,,0,0
Darling Point,NSW,2027,darling-point-nsw-2027,House,5,0,0,0,3,0,,0,0
Darling Point,NSW,2027,darling-point-nsw-2027,Unit,1,0,0,0,8,850,,0,0
Darling Point,NSW,2027,darling-point-nsw-2027,Unit,2,1840000,35,0.4722222222222222,32,1200,3.39,1236500,3845000
Darling Point,NSW,2027,darling-point-nsw-2027,Unit,3,4135000,86,0.39215686274509803,52,2300,2.89,1612500,13705000
Dolphin Point,NSW,2539,dolphin-point-nsw-2539,House,2,0,0,0,0,0,,0,0
Dolphin Point,NSW,2539,dolphin-point-nsw-2539,House,3,0,0,0,1,0,,0,0
Dolphin Point,NSW,2539,dolphin-point-nsw-2539,House,4,0,0,0,5,0,,0,0
Dolphin Point,NSW,2539,dolphin-point-nsw-2539,House,5,0,0,0,0,0,,0,0
Duri,NSW,2344,duri-nsw-2344,House,2,0,0,0,0,0,,0,0
Duri,NSW,2344,duri-nsw-2344,House,3,0,0,0,1,0,,0,0
Duri,NSW,2344,duri-nsw-2344,House,4,0,0,0,0,0,,0,0
Duri,NSW,2344,duri-nsw-2344,House,5,0,0,0,1,0,,0,0
Eastern Creek,NSW,2766,eastern-creek-nsw-2766,House,2,0,0,0,0,0,,0,0
Eastern Creek,NSW,2766,eastern-creek-nsw-2766,House,3,0,0,0,5,600,,0,0
Eastern Creek,NSW,2766,eastern-creek-nsw-2766,House,4,0,0,0,1,0,,0,0
Eastern Creek,NSW,2766,eastern-creek-nsw-2766,House,5,0,0,0,1,0,,0,0
Ebenezer,NSW,2756,ebenezer-nsw-2756,House,2,0,0,0,1,0,,0,0
Ebenezer,NSW,2756,ebenezer-nsw-2756,House,3,0,0,0,5,0,,0,0
Ebenezer,NSW,2756,ebenezer-nsw-2756,House,4,0,0,0,2,0,,0,0
Ebenezer,NSW,2756,ebenezer-nsw-2756,House,5,0,0,0,0,0,,0,0
Elizabeth Beach,NSW,2428,elizabeth-beach-nsw-2428,House,2,0,0,0,0,0,,0,0
Elizabeth Beach,NSW,2428,elizabeth-beach-nsw-2428,House,3,0,0,0,2,0,,0,0
Elizabeth Beach,NSW,2428,elizabeth-beach-nsw-2428,House,4,0,0,0,1,0,,0,0
Elizabeth Beach,NSW,2428,elizabeth-beach-nsw-2428,House,5,0,0,0,1,0,,0,0
Euston,NSW,2737,euston-nsw-2737,House,2,0,0,0,0,0,,0,0
Euston,NSW,2737,euston-nsw-2737,House,3,0,0,0,7,0,,0,0
Euston,NSW,2737,euston-nsw-2737,House,4,0,0,0,3,0,,0,0
Euston,NSW,2737,euston-nsw-2737,House,5,0,0,0,1,0,,0,0
Exeter,NSW,2579,exeter-nsw-2579,House,2,0,0,0,0,0,,0,0
Exeter,NSW,2579,exeter-nsw-2579,House,3,0,0,0,3,0,,0,0
Exeter,NSW,2579,exeter-nsw-2579,House,4,0,0,0,6,0,,0,0
Exeter,NSW,2579,exeter-nsw-2579,House,5,0,0,0,3,0,,0,0
Fitzroy Falls,NSW,2577,fitzroy-falls-nsw-2577,House,2,0,0,0,1,0,,0,0
Fitzroy Falls,NSW,2577,fitzroy-falls-nsw-2577,House,3,0,0,0,2,0,,0,0
Fitzroy Falls,NSW,2577,fitzroy-falls-nsw-2577,House,4,0,0,0,0,0,,0,0
Fitzroy Falls,NSW,2577,fitzroy-falls-nsw-2577,House,5,0,0,0,0,0,,0,0
Galong,NSW,2585,galong-nsw-2585,House,2,0,0,0,3,0,,0,0
Galong,NSW,2585,galong-nsw-2585,House,3,0,0,0,4,0,,0,0
Galong,NSW,2585,galong-nsw-2585,House,4,0,0,0,0,0,,0,0
Galong,NSW,2585,galong-nsw-2585,House,5,0,0,0,0,0,,0,0
Galston,NSW,2159,galston-nsw-2159,House,2,0,0,0,1,0,,0,0
Galston,NSW,2159,galston-nsw-2159,House,3,0,0,0,0,0,,0,0
Galston,NSW,2159,galston-nsw-2159,House,4,0,0,0,8,0,,0,0
Galston,NSW,2159,galston-nsw-2159,House,5,0,0,0,5,0,,0,0
Galston,NSW,2159,galston-nsw-2159,Unit,1,0,0,0,0,0,,0,0
Galston,NSW,2159,galston-nsw-2159,Unit,2,0,0,0,0,0,,0,0
Galston,NSW,2159,galston-nsw-2159,Unit,3,0,0,0,2,0,,0,0
Geurie,NSW,2818,geurie-nsw-2818,House,2,0,0,0,3,0,,0,0
Geurie,NSW,2818,geurie-nsw-2818,House,3,0,0,0,1,0,,0,0
Geurie,NSW,2818,geurie-nsw-2818,House,4,0,0,0,5,0,,0,0
Geurie,NSW,2818,geurie-nsw-2818,House,5,0,0,0,1,0,,0,0
Gladstone,NSW,2440,gladstone-nsw-2440,House,2,0,0,0,3,0,,0,0
Gladstone,NSW,2440,gladstone-nsw-2440,House,3,0,0,0,3,0,,0,0
Gladstone,NSW,2440,gladstone-nsw-2440,House,4,0,0,0,0,0,,0,0
Gladstone,NSW,2440,gladstone-nsw-2440,House,5,0,0,0,1,0,,0,0
Goodwood Island,NSW,2469,goodwood-island-nsw-2469,House,2,0,0,0,0,0,,0,0
Goodwood Island,NSW,2469,goodwood-island-nsw-2469,House,3,0,0,0,0,0,,0,0
Goodwood Island,NSW,2469,goodwood-island-nsw-2469,House,4,0,0,0,1,0,,0,0
Goodwood Island,NSW,2469,goodwood-island-nsw-2469,House,5,0,0,0,0,0,,0,0
Grose Vale,NSW,2753,grose-vale-nsw-2753,House,2,0,0,0,1,0,,0,0
Grose Vale,NSW,2753,grose-vale-nsw-2753,House,3,0,0,0,3,0,,0,0
Grose Vale,NSW,2753,grose-vale-nsw-2753,House,4,0,0,0,5,0,,0,0
Grose Vale,NSW,2753,grose-vale-nsw-2753,House,5,0,0,0,3,0,,0,0
Guerilla Bay,NSW,2536,guerilla-bay-nsw-2536,House,2,0,0,0,1,0,,0,0
Guerilla Bay,NSW,2536,guerilla-bay-nsw-2536,House,3,0,0,0,1,0,,0,0
Guerilla Bay,NSW,2536,guerilla-bay-nsw-2536,House,4,0,0,0,0,0,,0,0
Guerilla Bay,NSW,2536,guerilla-bay-nsw-2536,House,5,0,0,0,0,0,,0,0
Gunderman,NSW,2775,gunderman-nsw-2775,House,2,0,0,0,3,0,,0,0
Gunderman,NSW,2775,gunderman-nsw-2775,House,3,0,0,0,2,0,,0,0
Gunderman,NSW,2775,gunderman-nsw-2775,House,4,0,0,0,1,0,,0,0
Gunderman,NSW,2775,gunderman-nsw-2775,House,5,0,0,0,0,0,,0,0
Hanwood,NSW,2680,hanwood-nsw-2680,House,2,0,0,0,1,0,,0,0
Hanwood,NSW,2680,hanwood-nsw-2680,House,3,0,0,0,5,0,,0,0
Hanwood,NSW,2680,hanwood-nsw-2680,House,4,0,0,0,3,0,,0,0
Hanwood,NSW,2680,hanwood-nsw-2680,House,5,0,0,0,2,0,,0,0
Hat Head,NSW,2440,hat-head-nsw-2440,House,2,0,0,0,1,0,,0,0
Hat Head,NSW,2440,hat-head-nsw-2440,House,3,0,0,0,1,0,,0,0
Hat Head,NSW,2440,hat-head-nsw-2440,House,4,0,0,0,0,0,,0,0
Hat Head,NSW,2440,hat-head-nsw-2440,House,5,0,0,0,1,0,,0,0
Heatherbrae,NSW,2324,heatherbrae-nsw-2324,House,2,0,0,0,0,0,,0,0
Heatherbrae,NSW,2324,heatherbrae-nsw-2324,House,3,0,0,0,0,0,,0,0
Heatherbrae,NSW,2324,heatherbrae-nsw-2324,House,4,0,0,0,3,0,,0,0
Heatherbrae,NSW,2324,heatherbrae-nsw-2324,House,5,0,0,0,0,0,,0,0
Heatherbrae,NSW,2324,heatherbrae-nsw-2324,Unit,1,0,0,0,0,0,,0,0
Heatherbrae,NSW,2324,heatherbrae-nsw-2324,Unit,2,0,0,0,3,0,,0,0
Heatherbrae,NSW,2324,heatherbrae-nsw-2324,Unit,3,0,0,0,1,0,,0,0
Hexham,NSW,2322,hexham-nsw-2322,House,2,0,0,0,1,0,,0,0
Hexham,NSW,2322,hexham-nsw-2322,House,3,0,0,0,2,0,,0,0
Hexham,NSW,2322,hexham-nsw-2322,House,4,0,0,0,0,0,,0,0
Hexham,NSW,2322,hexham-nsw-2322,House,5,0,0,0,0,0,,0,0
Hillston,NSW,2675,hillston-nsw-2675,House,2,0,0,0,1,0,,0,0
Hillston,NSW,2675,hillston-nsw-2675,House,3,0,0,0,8,0,,0,0
Hillston,NSW,2675,hillston-nsw-2675,House,4,0,0,0,3,0,,0,0
Hillston,NSW,2675,hillston-nsw-2675,House,5,0,0,0,1,0,,0,0
Hunterview,NSW,2330,hunterview-nsw-2330,House,2,0,0,0,0,0,,0,0
Hunterview,NSW,2330,hunterview-nsw-2330,House,3,640000,25,0,24,625,5.08,590675,765850
Hunterview,NSW,2330,hunterview-nsw-2330,House,4,845000,44,0,34,750,4.62,708575,994800
Hunterview,NSW,2330,hunterview-nsw-2330,House,5,1030000,0,0,10,0,,777900,1341250
Hyams Beach,NSW,2540,hyams-beach-nsw-2540,House,2,0,0,0,1,0,,0,0
Hyams Beach,NSW,2540,hyams-beach-nsw-2540,House,3,0,0,0,1,0,,0,0
Hyams Beach,NSW,2540,hyams-beach-nsw-2540,House,4,0,0,0,0,0,,0,0
Hyams Beach,NSW,2540,hyams-beach-nsw-2540,House,5,0,0,0,0,0,,0,0
Ilarwill,NSW,2463,ilarwill-nsw-2463,House,2,0,0,0,1,0,,0,0
Ilarwill,NSW,2463,ilarwill-nsw-2463,House,3,0,0,0,3,0,,0,0
Ilarwill,NSW,2463,ilarwill-nsw-2463,House,4,0,0,0,0,0,,0,0
Ilarwill,NSW,2463,ilarwill-nsw-2463,House,5,0,0,0,1,0,,0,0
Iluka,NSW,2466,iluka-nsw-2466,House,2,700000,51,0,17,0,,493000,1850000
Iluka,NSW,2466,iluka-nsw-2466,House,3,757500,51,0,23,590,4.05,606000,1141250
Iluka,NSW,2466,iluka-nsw-2466,House,4,985000,53,0,13,0,,658000,1354000
Iluka,NSW,2466,iluka-nsw-2466,House,5,0,0,0,5,0,,0,0
Iluka,NSW,2466,iluka-nsw-2466,Unit,1,0,0,0,4,0,,0,0
Iluka,NSW,2466,iluka-nsw-2466,Unit,2,545000,0,0,12,0,,328150,1136250
Iluka,NSW,2466,iluka-nsw-2466,Unit,3,0,0,0,3,0,,0,0
Jerilderie,NSW,2716,jerilderie-nsw-2716,House,2,0,0,0,4,0,,0,0
Jerilderie,NSW,2716,jerilderie-nsw-2716,House,3,262500,0,0,12,0,,168400,468100
Jerilderie,NSW,2716,jerilderie-nsw-2716,House,4,0,0,0,3,0,,0,0
Jerilderie,NSW,2716,jerilderie-nsw-2716,House,5,0,0,0,3,0,,0,0
Kearsley,NSW,2325,kearsley-nsw-2325,House,2,0,0,0,1,0,,0,0
Kearsley,NSW,2325,kearsley-nsw-2325,House,3,780000,0,0,11,0,,412500,935000
Kearsley,NSW,2325,kearsley-nsw-2325,House,4,0,0,0,0,0,,0,0
Kearsley,NSW,2325,kearsley-nsw-2325,House,5,0,0,0,1,0,,0,0
Kempsey,NSW,2440,kempsey-nsw-2440,House,2,0,0,0,3,0,,0,0
Kempsey,NSW,2440,kempsey-nsw-2440,House,3,0,0,0,6,0,,0,0
Kempsey,NSW,2440,kempsey-nsw-2440,House,4,0,0,0,1,0,,0,0
Kempsey,NSW,2440,kempsey-nsw-2440,House,5,0,0,0,1,0,,0,0
Kendall,NSW,2439,kendall-nsw-2439,House,2,0,0,0,1,0,,0,0
Kendall,NSW,2439,kendall-nsw-2439,House,3,0,77,0,11,0,,0,0
Kendall,NSW,2439,kendall-nsw-2439,House,4,0,0,0,6,0,,0,0
Kendall,NSW,2439,kendall-nsw-2439,House,5,0,0,0,2,0,,0,0
Kendall,NSW,2439,kendall-nsw-2439,Unit,1,0,0,0,0,0,,0,0
Kendall,NSW,2439,kendall-nsw-2439,Unit,2,0,0,0,0,0,,0,0
Kendall,NSW,2439,kendall-nsw-2439,Unit,3,0,0,0,2,0,,0,0
Kenthurst,NSW,2156,kenthurst-nsw-2156,House,2,0,0,0,0,0,,0,0
Kenthurst,NSW,2156,kenthurst-nsw-2156,House,3,0,0,0,0,0,,0,0
Kenthurst,NSW,2156,kenthurst-nsw-2156,House,4,0,0,0,5,950,,0,0
Kenthurst,NSW,2156,kenthurst-nsw-2156,House,5,0,0,0,4,0,,0,0
Khancoban,NSW,2642,khancoban-nsw-2642,House,2,0,0,0,0,0,,0,0
Khancoban,NSW,2642,khancoban-nsw-2642,House,3,0,0,0,4,0,,0,0
Khancoban,NSW,2642,khancoban-nsw-2642,House,4,0,0,0,1,0,,0,0
Khancoban,NSW,2642,khancoban-nsw-2642,House,5,0,0,0,0,0,,0,0
Kianga,NSW,2546,kianga-nsw-2546,House,2,0,0,0,0,0,,0,0
Kianga,NSW,2546,kianga-nsw-2546,House,3,0,0,0,9,0,,0,0
Kianga,NSW,2546,kianga-nsw-2546,House,4,0,0,0,6,0,,0,0
Kianga,NSW,2546,kianga-nsw-2546,House,5,0,0,0,1,0,,0,0
Kioloa,NSW,2539,kioloa-nsw-2539,House,2,0,0,0,3,0,,0,0
Kioloa,NSW,2539,kioloa-nsw-2539,House,3,0,0,0,6,0,,0,0
Kioloa,NSW,2539,kioloa-nsw-2539,House,4,0,0,0,3,0,,0,0
Kioloa,NSW,2539,kioloa-nsw-2539,House,5,0,0,0,1,0,,0,0
Kitchener,NSW,2325,kitchener-nsw-2325,House,2,0,0,0,1,0,,0,0
Kitchener,NSW,2325,kitchener-nsw-2325,House,3,0,0,0,5,0,,0,0
Kitchener,NSW,2325,kitchener-nsw-2325,House,4,0,0,0,5,0,,0,0
Kitchener,NSW,2325,kitchener-nsw-2325,House,5,0,0,0,1,0,,0,0
Koorawatha,NSW,2807,koorawatha-nsw-2807,House,2,0,0,0,4,0,,0,0
Koorawatha,NSW,2807,koorawatha-nsw-2807,House,3,0,0,0,3,0,,0,0
Koorawatha,NSW,2807,koorawatha-nsw-2807,House,4,0,0,0,1,0,,0,0
Koorawatha,NSW,2807,koorawatha-nsw-2807,House,5,0,0,0,1,0,,0,0
Kunghur,NSW,2484,kunghur-nsw-2484,House,2,0,0,0,1,0,,0,0
Kunghur,NSW,2484,kunghur-nsw-2484,House,3,0,0,0,0,0,,0,0
Kunghur,NSW,2484,kunghur-nsw-2484,House,4,0,0,0,1,0,,0,0
Kunghur,NSW,2484,kunghur-nsw-2484,House,5,0,0,0,0,0,,0,0
Lake Wyangan,NSW,2680,lake-wyangan-nsw-2680,House,2,0,0,0,0,0,,0,0
Lake Wyangan,NSW,2680,lake-wyangan-nsw-2680,House,3,0,0,0,1,0,,0,0
Lake Wyangan,NSW,2680,lake-wyangan-nsw-2680,House,4,0,0,0,4,0,,0,0
Lake Wyangan,NSW,2680,lake-wyangan-nsw-2680,House,5,0,0,0,1,0,,0,0
Lane Cove North,NSW,2066,lane-cove-north-nsw-2066,House,2,0,0,0,2,0,,0,0
Lane Cove North,NSW,2066,lane-cove-north-nsw-2066,House,3,2400000,0,0.92,30,1100,2.38,1718750,3060250
Lane Cove North,NSW,2066,lane-cove-north-nsw-2066,House,4,2900000,0,0.9230769230769231,15,1400,2.51,2116500,3774250
Lane Cove North,NSW,2066,lane-cove-north-nsw-2066,House,5,4010000,0,0.9166666666666666,13,0,,3455000,4855000
Lane Cove North,NSW,2066,lane-cove-north-nsw-2066,Unit,1,716250,34,0.6666666666666666,96,675,4.9,515000,825000
Lane Cove North,NSW,2066,lane-cove-north-nsw-2066,Unit,2,950000,38,0.8220338983050848,155,750,4.11,767638,1288750
Lane Cove North,NSW,2066,lane-cove-north-nsw-2066,Unit,3,1460000,74,0.7142857142857143,45,1050,3.74,957000,1830000
Leonay,NSW,2750,leonay-nsw-2750,House,2,0,0,0,0,0,,0,0
Leonay,NSW,2750,leonay-nsw-2750,House,3,1315000,0,0,11,0,,1113500,1444000
Leonay,NSW,2750,leonay-nsw-2750,House,4,1400000,37,0,19,900,3.34,1188500,2036000
Leonay,NSW,2750,leonay-nsw-2750,House,5,0,0,0,5,0,,0,0
Liberty Grove,NSW,2138,liberty-grove-nsw-2138,Unit,1,0,0,0,0,0,,0,0
Liberty Grove,NSW,2138,liberty-grove-nsw-2138,Unit,2,875000,112,0,12,750,4.46,775250,1100000
Liberty Grove,NSW,2138,liberty-grove-nsw-2138,Unit,3,0,86,0,10,935,,0,0
Linden,NSW,2778,linden-nsw-2778,House,2,0,0,0,2,0,,0,0
Linden,NSW,2778,linden-nsw-2778,House,3,0,0,0,7,0,,0,0
Linden,NSW,2778,linden-nsw-2778,House,4,0,0,0,4,0,,0,0
Linden,NSW,2778,linden-nsw-2778,House,5,0,0,0,0,0,,0,0
Linley Point,NSW,2066,linley-point-nsw-2066,House,2,0,0,0,1,0,,0,0
Linley Point,NSW,2066,linley-point-nsw-2066,House,3,0,0,0,1,0,,0,0
Linley Point,NSW,2066,linley-point-nsw-2066,House,4,0,0,0,3,0,,0,0
Linley Point,NSW,2066,linley-point-nsw-2066,House,5,0,0,0,3,0,,0,0
Londonderry,NSW,2753,londonderry-nsw-2753,House,2,0,0,0,0,0,,0,0
Londonderry,NSW,2753,londonderry-nsw-2753,House,3,0,0,0,7,688,,0,0
Londonderry,NSW,2753,londonderry-nsw-2753,House,4,0,0,0,8,825,,0,0
Londonderry,NSW,2753,londonderry-nsw-2753,House,5,0,0,0,2,0,,0,0
Lowanna,NSW,2450,lowanna-nsw-2450,House,2,0,0,0,2,0,,0,0
Lowanna,NSW,2450,lowanna-nsw-2450,House,3,0,0,0,1,0,,0,0
Lowanna,NSW,2450,lowanna-nsw-2450,House,4,0,0,0,1,0,,0,0
Lowanna,NSW,2450,lowanna-nsw-2450,House,5,0,0,0,0,0,,0,0
Manildra,NSW,2865,manildra-nsw-2865,House,2,0,0,0,0,0,,0,0
Manildra,NSW,2865,manildra-nsw-2865,House,3,0,0,0,3,0,,0,0
Manildra,NSW,2865,manildra-nsw-2865,House,4,0,0,0,3,0,,0,0
Manildra,NSW,2865,manildra-nsw-2865,House,5,0,0,0,0,0,,0,0
Maraylya,NSW,2765,maraylya-nsw-2765,House,2,0,0,0,0,0,,0,0
Maraylya,NSW,2765,maraylya-nsw-2765,House,3,0,0,0,1,0,,0,0
Maraylya,NSW,2765,maraylya-nsw-2765,House,4,0,0,0,0,0,,0,0
Maraylya,NSW,2765,maraylya-nsw-2765,House,5,0,0,0,2,0,,0,0
Marmong Point,NSW,2284,marmong-point-nsw-2284,House,2,0,0,0,1,0,,0,0
Marmong Point,NSW,2284,marmong-point-nsw-2284,House,3,0,0,0,1,0,,0,0
Marmong Point,NSW,2284,marmong-point-nsw-2284,House,4,0,0,0,6,0,,0,0
Marmong Point,NSW,2284,marmong-point-nsw-2284,House,5,0,0,0,1,0,,0,0
Meerschaum Vale,NSW,2477,meerschaum-vale-nsw-2477,House,2,0,0,0,1,0,,0,0
Meerschaum Vale,NSW,2477,meerschaum-vale-nsw-2477,House,3,0,0,0,0,0,,0,0
Meerschaum Vale,NSW,2477,meerschaum-vale-nsw-2477,House,4,0,0,0,2,0,,0,0
Meerschaum Vale,NSW,2477,meerschaum-vale-nsw-2477,House,5,0,0,0,1,0,,0,0
Meroo Meadow,NSW,2540,meroo-meadow-nsw-2540,House,2,0,0,0,0,0,,0,0
Meroo Meadow,NSW,2540,meroo-meadow-nsw-2540,House,3,0,0,0,3,0,,0,0
Meroo Meadow,NSW,2540,meroo-meadow-nsw-2540,House,4,0,0,0,7,0,,0,0
Meroo Meadow,NSW,2540,meroo-meadow-nsw-2540,House,5,0,0,0,0,0,,0,0
Middle Cove,NSW,2068,middle-cove-nsw-2068,House,2,0,0,0,0,0,,0,0
Middle Cove,NSW,2068,middle-cove-nsw-2068,House,3,0,0,0,3,0,,0,0
Middle Cove,NSW,2068,middle-cove-nsw-2068,House,4,0,0,0,3,0,,0,0
Middle Cove,NSW,2068,middle-cove-nsw-2068,House,5,0,0,0,5,0,,0,0
Miller,NSW,2168,miller-nsw-2168,House,2,0,0,0,0,500,,0,0
Miller,NSW,2168,miller-nsw-2168,House,3,956500,0,0.6363636363636364,15,600,3.26,821000,1139500
Miller,NSW,2168,miller-nsw-2168,House,4,0,0,0,4,0,,0,0
Miller,NSW,2168,miller-nsw-2168,House,5,0,0,0,5,0,,0,0
Miller,NSW,2168,miller-nsw-2168,Unit,1,0,0,0,0,0,,0,0
Miller,NSW,2168,miller-nsw-2168,Unit,2,0,0,0,0,0,,0,0
Miller,NSW,2168,miller-nsw-2168,Unit,3,0,0,0,0,0,,0,0
Millfield,NSW,2325,millfield-nsw-2325,House,2,0,0,0,0,0,,0,0
Millfield,NSW,2325,millfield-nsw-2325,House,3,0,0,0,7,0,,0,0
Millfield,NSW,2325,millfield-nsw-2325,House,4,0,0,0,7,0,,0,0
Millfield,NSW,2325,millfield-nsw-2325,House,5,0,0,0,5,0,,0,0
Minnamurra,NSW,2533,minnamurra-nsw-2533,House,2,0,0,0,1,0,,0,0
Minnamurra,NSW,2533,minnamurra-nsw-2533,House,3,0,0,0,5,0,,0,0
Minnamurra,NSW,2533,minnamurra-nsw-2533,House,4,0,0,0,1,0,,0,0
Minnamurra,NSW,2533,minnamurra-nsw-2533,House,5,0,0,0,2,0,,0,0
Modanville,NSW,2480,modanville-nsw-2480,House,2,0,0,0,2,0,,0,0
Modanville,NSW,2480,modanville-nsw-2480,House,3,0,0,0,1,0,,0,0
Modanville,NSW,2480,modanville-nsw-2480,House,4,0,0,0,9,0,,0,0
Modanville,NSW,2480,modanville-nsw-2480,House,5,0,0,0,3,0,,0,0
Moore Creek,NSW,2340,moore-creek-nsw-2340,House,2,0,0,0,0,0,,0,0
Moore Creek,NSW,2340,moore-creek-nsw-2340,House,3,0,0,0,3,0,,0,0
Moore Creek,NSW,2340,moore-creek-nsw-2340,House,4,1007500,43,0,20,690,3.56,809150,1307000
Moore Creek,NSW,2340,moore-creek-nsw-2340,House,5,1292500,75,0,12,0,,925750,1487250
Moore Creek,NSW,2340,moore-creek-nsw-2340,Unit,1,0,0,0,0,0,,0,0
Moore Creek,NSW,2340,moore-creek-nsw-2340,Unit,2,0,0,0,0,0,,0,0
Moore Creek,NSW,2340,moore-creek-nsw-2340,Unit,3,0,0,0,0,0,,0,0
Mullaway,NSW,2456,mullaway-nsw-2456,House,2,0,0,0,0,0,,0,0
Mullaway,NSW,2456,mullaway-nsw-2456,House,3,0,0,0,5,0,,0,0
Mullaway,NSW,2456,mullaway-nsw-2456,House,4,0,0,0,4,0,,0,0
Mullaway,NSW,2456,mullaway-nsw-2456,House,5,0,0,0,0,0,,0,0
Mungindi,NSW,2406,mungindi-nsw-2406,House,2,0,0,0,2,0,,0,0
Mungindi,NSW,2406,mungindi-nsw-2406,House,3,0,0,0,4,0,,0,0
Mungindi,NSW,2406,mungindi-nsw-2406,House,4,0,0,0,1,0,,0,0
Mungindi,NSW,2406,mungindi-nsw-2406,House,5,0,0,0,0,0,,0,0
Myola,NSW,2540,myola-nsw-2540,House,2,0,0,0,0,0,,0,0
Myola,NSW,2540,myola-nsw-2540,House,3,0,0,0,1,0,,0,0
Myola,NSW,2540,myola-nsw-2540,House,4,0,0,0,1,0,,0,0
Myola,NSW,2540,myola-nsw-2540,House,5,0,0,0,0,0,,0,0
Mystery Bay,NSW,2546,mystery-bay-nsw-2546,House,2,0,0,0,0,0,,0,0
Mystery Bay,NSW,2546,mystery-bay-nsw-2546,House,3,0,0,0,1,0,,0,0
Mystery Bay,NSW,2546,mystery-bay-nsw-2546,House,4,0,0,0,1,0,,0,0
Mystery Bay,NSW,2546,mystery-bay-nsw-2546,House,5,0,0,0,1,0,,0,0
Nelligen,NSW,2536,nelligen-nsw-2536,House,2,0,0,0,1,0,,0,0
Nelligen,NSW,2536,nelligen-nsw-2536,House,3,899500,0,0,10,0,,689250,1292900
Nelligen,NSW,2536,nelligen-nsw-2536,House,4,0,0,0,2,0,,0,0
Nelligen,NSW,2536,nelligen-nsw-2536,House,5,0,0,0,0,0,,0,0
Nimbin,NSW,2480,nimbin-nsw-2480,House,2,0,0,0,7,0,,0,0
Nimbin,NSW,2480,nimbin-nsw-2480,House,3,790000,68,0,19,0,,558500,960500
Nimbin,NSW,2480,nimbin-nsw-2480,House,4,0,0,0,0,0,,0,0
Nimbin,NSW,2480,nimbin-nsw-2480,House,5,0,0,0,0,0,,0,0
Nimbin,NSW,2480,nimbin-nsw-2480,Unit,1,0,0,0,0,0,,0,0
Nimbin,NSW,2480,nimbin-nsw-2480,Unit,2,0,0,0,2,0,,0,0
Nimbin,NSW,2480,nimbin-nsw-2480,Unit,3,0,0,0,0,0,,0,0
North Turramurra,NSW,2074,north-turramurra-nsw-2074,House,2,0,0,0,5,0,,0,0
North Turramurra,NSW,2074,north-turramurra-nsw-2074,House,3,2500000,0,0,11,0,,1843500,3052500
North Turramurra,NSW,2074,north-turramurra-nsw-2074,House,4,3050000,0,0.6428571428571429,14,1285,2.19,2427000,4212000
North Turramurra,NSW,2074,north-turramurra-nsw-2074,House,5,3965000,0,0.3235294117647059,16,0,,2648750,6095000
North Turramurra,NSW,2074,north-turramurra-nsw-2074,Unit,1,0,0,0,2,0,,0,0
North Turramurra,NSW,2074,north-turramurra-nsw-2074,Unit,2,0,0,0,5,0,,0,0
North Turramurra,NSW,2074,north-turramurra-nsw-2074,Unit,3,2240000,0,0,10,0,,1613250,2898750
Nunderi,NSW,2484,nunderi-nsw-2484,House,2,0,0,0,0,0,,0,0
Nunderi,NSW,2484,nunderi-nsw-2484,House,3,0,0,0,3,0,,0,0
Nunderi,NSW,2484,nunderi-nsw-2484,House,4,0,0,0,6,0,,0,0
Nunderi,NSW,2484,nunderi-nsw-2484,House,5,0,0,0,0,0,,0,0
Nyngan,NSW,2825,nyngan-nsw-2825,House,2,0,0,0,4,0,,0,0
Nyngan,NSW,2825,nyngan-nsw-2825,House,3,217500,0,0,12,0,,147750,464250
Nyngan,NSW,2825,nyngan-nsw-2825,House,4,0,0,0,8,0,,0,0
Nyngan,NSW,2825,nyngan-nsw-2825,House,5,0,0,0,1,0,,0,0
Old Adaminaby,NSW,2629,old-adaminaby-nsw-2629,House,2,0,0,0,0,0,,0,0
Old Adaminaby,NSW,2629,old-adaminaby-nsw-2629,House,3,0,0,0,0,0,,0,0
Old Adaminaby,NSW,2629,old-adaminaby-nsw-2629,House,4,0,0,0,0,0,,0,0
Old Adaminaby,NSW,2629,old-adaminaby-nsw-2629,House,5,0,0,0,0,0,,0,0
Otford,NSW,2508,otford-nsw-2508,House,2,0,0,0,0,0,,0,0
Otford,NSW,2508,otford-nsw-2508,House,3,0,0,0,1,0,,0,0
Otford,NSW,2508,otford-nsw-2508,House,4,0,0,0,1,0,,0,0
Otford,NSW,2508,otford-nsw-2508,House,5,0,0,0,0,0,,0,0
Palmers Island,NSW,2463,palmers-island-nsw-2463,House,2,0,0,0,2,0,,0,0
Palmers Island,NSW,2463,palmers-island-nsw-2463,House,3,0,0,0,2,0,,0,0
Palmers Island,NSW,2463,palmers-island-nsw-2463,House,4,0,0,0,1,0,,0,0
Palmers Island,NSW,2463,palmers-island-nsw-2463,House,5,0,0,0,3,0,,0,0
Ramsgate Beach,NSW,2217,ramsgate-beach-nsw-2217,House,2,0,0,0,0,0,,0,0
Ramsgate Beach,NSW,2217,ramsgate-beach-nsw-2217,House,3,0,0,0,4,0,,0,0
Ramsgate Beach,NSW,2217,ramsgate-beach-nsw-2217,House,4,0,0,0,4,0,,0,0
Ramsgate Beach,NSW,2217,ramsgate-beach-nsw-2217,House,5,0,0,0,0,0,,0,0
Ramsgate Beach,NSW,2217,ramsgate-beach-nsw-2217,Unit,1,0,0,0,3,0,,0,0
Ramsgate Beach,NSW,2217,ramsgate-beach-nsw-2217,Unit,2,915000,29,0.5333333333333333,22,695,3.95,780750,1433250
Ramsgate Beach,NSW,2217,ramsgate-beach-nsw-2217,Unit,3,0,0,0,7,895,,0,0
Robin Hill,NSW,2795,robin-hill-nsw-2795,House,2,0,0,0,0,0,,0,0
Robin Hill,NSW,2795,robin-hill-nsw-2795,House,3,0,0,0,1,0,,0,0
Robin Hill,NSW,2795,robin-hill-nsw-2795,House,4,0,0,0,4,0,,0,0
Robin Hill,NSW,2795,robin-hill-nsw-2795,House,5,0,0,0,2,0,,0,0
Rushcutters Bay,NSW,2011,rushcutters-bay-nsw-2011,House,2,0,0,0,0,0,,0,0
Rushcutters Bay,NSW,2011,rushcutters-bay-nsw-2011,House,3,0,0,0,0,0,,0,0
Rushcutters Bay,NSW,2011,rushcutters-bay-nsw-2011,House,4,0,0,0,1,0,,0,0
Rushcutters Bay,NSW,2011,rushcutters-bay-nsw-2011,House,5,0,0,0,0,0,,0,0
Rushcutters Bay,NSW,2011,rushcutters-bay-nsw-2011,Unit,1,815000,35,0.7407407407407407,41,725,4.63,475000,1102000
Rushcutters Bay,NSW,2011,rushcutters-bay-nsw-2011,Unit,2,1690000,0,0.7142857142857143,28,1150,3.54,1178550,2965000
Rushcutters Bay,NSW,2011,rushcutters-bay-nsw-2011,Unit,3,0,0,0,6,1498,,0,0
Sandy Hollow,NSW,2333,sandy-hollow-nsw-2333,House,2,0,0,0,1,0,,0,0
Sandy Hollow,NSW,2333,sandy-hollow-nsw-2333,House,3,0,0,0,0,0,,0,0
Sandy Hollow,NSW,2333,sandy-hollow-nsw-2333,House,4,0,0,0,0,0,,0,0
Sandy Hollow,NSW,2333,sandy-hollow-nsw-2333,House,5,0,0,0,0,0,,0,0
Scarborough,NSW,2515,scarborough-nsw-2515,House,2,0,0,0,1,0,,0,0
Scarborough,NSW,2515,scarborough-nsw-2515,House,3,0,0,0,2,0,,0,0
Scarborough,NSW,2515,scarborough-nsw-2515,House,4,0,0,0,2,0,,0,0
Scarborough,NSW,2515,scarborough-nsw-2515,House,5,0,0,0,1,0,,0,0
Scarborough,NSW,2515,scarborough-nsw-2515,Unit,1,0,0,0,0,0,,0,0
Scarborough,NSW,2515,scarborough-nsw-2515,Unit,2,0,0,0,0,0,,0,0
Scarborough,NSW,2515,scarborough-nsw-2515,Unit,3,0,0,0,0,0,,0,0
Scotts Head,NSW,2447,scotts-head-nsw-2447,House,2,0,0,0,0,0,,0,0
Scotts Head,NSW,2447,scotts-head-nsw-2447,House,3,0,0,0,6,0,,0,0
Scotts Head,NSW,2447,scotts-head-nsw-2447,House,4,0,0,0,3,0,,0,0
Scotts Head,NSW,2447,scotts-head-nsw-2447,House,5,0,0,0,4,0,,0,0
Scotts Head,NSW,2447,scotts-head-nsw-2447,Unit,1,0,0,0,2,0,,0,0
Scotts Head,NSW,2447,scotts-head-nsw-2447,Unit,2,0,0,0,0,0,,0,0
Scotts Head,NSW,2447,scotts-head-nsw-2447,Unit,3,0,0,0,1,0,,0,0
Seaham,NSW,2324,seaham-nsw-2324,House,2,0,0,0,0,0,,0,0
Seaham,NSW,2324,seaham-nsw-2324,House,3,0,0,0,0,0,,0,0
Seaham,NSW,2324,seaham-nsw-2324,House,4,0,0,0,5,0,,0,0
Seaham,NSW,2324,seaham-nsw-2324,House,5,0,0,0,1,0,,0,0
South Guyra,NSW,2365,south-guyra-nsw-2365,House,2,0,0,0,1,0,,0,0
South Guyra,NSW,2365,south-guyra-nsw-2365,House,3,0,0,0,6,0,,0,0
South Guyra,NSW,2365,south-guyra-nsw-2365,House,4,0,0,0,0,0,,0,0
South Guyra,NSW,2365,south-guyra-nsw-2365,House,5,0,0,0,2,0,,0,0
Southgate,NSW,2460,southgate-nsw-2460,House,2,0,0,0,0,0,,0,0
Southgate,NSW,2460,southgate-nsw-2460,House,3,0,0,0,1,0,,0,0
Southgate,NSW,2460,southgate-nsw-2460,House,4,0,0,0,0,0,,0,0
Southgate,NSW,2460,southgate-nsw-2460,House,5,0,0,0,0,0,,0,0
Spencer,NSW,2775,spencer-nsw-2775,House,2,0,0,0,7,0,,0,0
Spencer,NSW,2775,spencer-nsw-2775,House,3,0,0,0,3,0,,0,0
Spencer,NSW,2775,spencer-nsw-2775,House,4,0,0,0,0,0,,0,0
Spencer,NSW,2775,spencer-nsw-2775,House,5,0,0,0,0,0,,0,0
Stockinbingal,NSW,2725,stockinbingal-nsw-2725,House,2,0,0,0,1,0,,0,0
Stockinbingal,NSW,2725,stockinbingal-nsw-2725,House,3,0,0,0,2,0,,0,0
Stockinbingal,NSW,2725,stockinbingal-nsw-2725,House,4,0,0,0,1,0,,0,0
Stockinbingal,NSW,2725,stockinbingal-nsw-2725,House,5,0,0,0,0,0,,0,0
Stuart Town,NSW,2820,stuart-town-nsw-2820,House,2,0,0,0,1,0,,0,0
Stuart Town,NSW,2820,stuart-town-nsw-2820,House,3,0,0,0,1,0,,0,0
Stuart Town,NSW,2820,stuart-town-nsw-2820,House,4,0,0,0,1,0,,0,0
Stuart Town,NSW,2820,stuart-town-nsw-2820,House,5,0,0,0,0,0,,0,0
Sutton,NSW,2620,sutton-nsw-2620,House,2,0,0,0,0,0,,0,0
Sutton,NSW,2620,sutton-nsw-2620,House,3,0,0,0,3,0,,0,0
Sutton,NSW,2620,sutton-nsw-2620,House,4,0,0,0,3,0,,0,0
Sutton,NSW,2620,sutton-nsw-2620,House,5,0,0,0,0,0,,0,0
Swanhaven,NSW,2540,swanhaven-nsw-2540,House,2,0,0,0,1,0,,0,0
Swanhaven,NSW,2540,swanhaven-nsw-2540,House,3,0,0,0,1,0,,0,0
Swanhaven,NSW,2540,swanhaven-nsw-2540,House,4,0,0,0,1,0,,0,0
Swanhaven,NSW,2540,swanhaven-nsw-2540,House,5,0,0,0,0,0,,0,0
Sydney Olympic Park,NSW,2127,sydney-olympic-park-nsw-2127,Unit,1,568888,47,0,76,720,6.58,507000,650000
Sydney Olympic Park,NSW,2127,sydney-olympic-park-nsw-2127,Unit,2,770000,46,0,79,850,5.74,617250,970000
Sydney Olympic Park,NSW,2127,sydney-olympic-park-nsw-2127,Unit,3,1095000,69,0,22,1250,5.94,841350,1483000
Tarcutta,NSW,2652,tarcutta-nsw-2652,House,2,0,0,0,1,0,,0,0
Tarcutta,NSW,2652,tarcutta-nsw-2652,House,3,0,0,0,5,0,,0,0
Tarcutta,NSW,2652,tarcutta-nsw-2652,House,4,0,0,0,1,0,,0,0
Tarcutta,NSW,2652,tarcutta-nsw-2652,House,5,0,0,0,1,0,,0,0
The Channon,NSW,2480,the-channon-nsw-2480,House,2,0,0,0,1,0,,0,0
The Channon,NSW,2480,the-channon-nsw-2480,House,3,0,0,0,4,0,,0,0
The Channon,NSW,2480,the-channon-nsw-2480,House,4,0,0,0,1,0,,0,0
The Channon,NSW,2480,the-channon-nsw-2480,House,5,0,0,0,0,0,,0,0
Trangie,NSW,2823,trangie-nsw-2823,House,2,0,0,0,3,0,,0,0
Trangie,NSW,2823,trangie-nsw-2823,House,3,0,0,0,5,0,,0,0
Trangie,NSW,2823,trangie-nsw-2823,House,4,0,0,0,4,0,,0,0
Trangie,NSW,2823,trangie-nsw-2823,House,5,0,0,0,0,0,,0,0
Uki,NSW,2484,uki-nsw-2484,House,2,0,0,0,3,0,,0,0
Uki,NSW,2484,uki-nsw-2484,House,3,0,0,0,5,0,,0,0
Uki,NSW,2484,uki-nsw-2484,House,4,0,0,0,2,0,,0,0
Uki,NSW,2484,uki-nsw-2484,House,5,0,0,0,1,0,,0,0
Wagstaffe,NSW,2257,wagstaffe-nsw-2257,House,2,0,0,0,1,0,,0,0
Wagstaffe,NSW,2257,wagstaffe-nsw-2257,House,3,0,0,0,0,0,,0,0
Wagstaffe,NSW,2257,wagstaffe-nsw-2257,House,4,0,0,0,4,0,,0,0
Wagstaffe,NSW,2257,wagstaffe-nsw-2257,House,5,0,0,0,0,0,,0,0
Wallaga Lake,NSW,2546,wallaga-lake-nsw-2546,House,2,0,0,0,4,0,,0,0
Wallaga Lake,NSW,2546,wallaga-lake-nsw-2546,House,3,0,0,0,8,0,,0,0
Wallaga Lake,NSW,2546,wallaga-lake-nsw-2546,House,4,0,0,0,6,0,,0,0
Wallaga Lake,NSW,2546,wallaga-lake-nsw-2546,House,5,0,0,0,0,0,,0,0
Wallagoot,NSW,2550,wallagoot-nsw-2550,House,2,0,0,0,0,0,,0,0
Wallagoot,NSW,2550,wallagoot-nsw-2550,House,3,0,0,0,0,0,,0,0
Wallagoot,NSW,2550,wallagoot-nsw-2550,House,4,0,0,0,2,0,,0,0
Wallagoot,NSW,2550,wallagoot-nsw-2550,House,5,0,0,0,0,0,,0,0
Warren,NSW,2824,warren-nsw-2824,House,2,0,0,0,4,0,,0,0
Warren,NSW,2824,warren-nsw-2824,House,3,249000,55,0,15,0,,171200,390000
Warren,NSW,2824,warren-nsw-2824,House,4,0,0,0,9,0,,0,0
Warren,NSW,2824,warren-nsw-2824,House,5,0,0,0,1,0,,0,0
Welby,NSW,2575,welby-nsw-2575,House,2,0,0,0,4,0,,0,0
Welby,NSW,2575,welby-nsw-2575,House,3,0,0,0,4,0,,0,0
Welby,NSW,2575,welby-nsw-2575,House,4,0,0,0,5,0,,0,0
Welby,NSW,2575,welby-nsw-2575,House,5,0,0,0,1,0,,0,0
Willoughby East,NSW,2068,willoughby-east-nsw-2068,House,2,0,0,0,1,0,,0,0
Willoughby East,NSW,2068,willoughby-east-nsw-2068,House,3,0,0,0,6,0,,0,0
Willoughby East,NSW,2068,willoughby-east-nsw-2068,House,4,0,0,0,8,0,,0,0
Willoughby East,NSW,2068,willoughby-east-nsw-2068,House,5,0,0,0,5,0,,0,0
Woy Woy Bay,NSW,2256,woy-woy-bay-nsw-2256,House,2,0,0,0,0,0,,0,0
Woy Woy Bay,NSW,2256,woy-woy-bay-nsw-2256,House,3,0,0,0,6,0,,0,0
Woy Woy Bay,NSW,2256,woy-woy-bay-nsw-2256,House,4,0,0,0,2,0,,0,0
Woy Woy Bay,NSW,2256,woy-woy-bay-nsw-2256,House,5,0,0,0,1,0,,0,0
Yarrawonga Park,NSW,2264,yarrawonga-park-nsw-2264,House,2,0,0,0,0,0,,0,0
Yarrawonga Park,NSW,2264,yarrawonga-park-nsw-2264,House,3,0,0,0,4,0,,0,0
Yarrawonga Park,NSW,2264,yarrawonga-park-nsw-2264,House,4,0,0,0,2,0,,0,0
Yarrawonga Park,NSW,2264,yarrawonga-park-nsw-2264,House,5,0,0,0,1,0,,0,0
